,,,,,,,uk_UA,ru_RU,en_US
1,,,,,,,Тварини та зоотовари,Животные и товары для питомцев,Animals & Pet Supplies
1,2,,,,,,Товари для домашніх тварин,Товары для домашних животных,Pet Supplies
1,2,3,,,,,Товари для птахів,Товары для птиц,Bird Supplies
1,2,3,4989,,,,Пташині клітки та підставки,Клетки и подставки для птиц,Bird Cages & Stands
1,2,3,4990,,,,Корм для птахів,Корма для птиц,Bird Food
1,2,3,4991,,,,Драбинки та жердочки для птахів,Лесенки и жердочки для птиц,Bird Ladders & Perches
1,2,3,4992,,,,Іграшки для птахів,Игрушки для птиц,Bird Toys
1,2,3,4993,,,,Ласощі для птахів,Лакомства для птиц,Bird Treats
1,2,3,7385,,,,Аксесуари для пташиних кліток,Принадлежности для птичьих клеток,Bird Cage Accessories
1,2,3,7385,7386,,,Миски для їжі та води в пташиній клітці,Кормушки и поилки для птичьих клеток,Bird Cage Food & Water Dishes
1,2,3,7385,499954,,,Купання для птахів у клітці,Поилки для птичьих клеток,Bird Cage Bird Baths
1,2,3,7398,,,,Тренажери та гойдалки для птахів,Игровые площадки для птиц,Bird Gyms & Playstands
1,2,4,,,,,Товари для котів,Товары для кошек,Cat Supplies
1,2,4,3367,,,,Корм для котів,Корм для кошек,Cat Food
1,2,4,3367,543683,,,Дієтичний корм для котів,Ветеринарные корма для кошек,Prescription Cat Food
1,2,4,3367,543684,,,Корм для котів без рецепту,Обычные корма для кошек,Non-prescription Cat Food
1,2,4,4433,,,,Ліжка для котів,Лежаки для кошек,Cat Beds
1,2,4,4997,,,,Меблі для котів,Мебель для кошек,Cat Furniture
1,2,4,4999,,,,Наповнювач для котячого туалету,Наполнитель для кошачьих лотков,Cat Litter
1,2,4,5000,,,,Котячі туалети,Кошачьи лотки,Cat Litter Boxes
1,2,4,5001,,,,Іграшки для котів,Игрушки для кошек,Cat Toys
1,2,4,5002,,,,Ласощі для котів,Лакомства для кошек,Cat Treats
1,2,4,5082,,,,Одяг для котів,Костюмы для кошек,Cat Apparel
1,2,4,7142,,,,Килимки для котячого туалету,Коврики для кошачьих лотков,Cat Litter Box Mats
1,2,4,8069,,,,Пакети для котячого туалету,Подкладки для кошачьих лотков,Cat Litter Box Liners
1,2,4,500059,,,,Аксесуари для меблів для котів,Принадлежности для кошачьей мебели,Cat Furniture Accessories
1,2,5,,,,,Товари для собак,Товары для собак,Dog Supplies
1,2,5,3530,,,,Корм для собак,Корма для собак,Dog Food
1,2,5,3530,543681,,,Дієтичний корм для собак,Ветеринарные корма для собак,Prescription Dog Food
1,2,5,3530,543682,,,Корм для собак без рецепту,Обычные корма для собак,Non-prescription Dog Food
1,2,5,4434,,,,Ліжка для собак,Лежаки для собак,Dog Beds
1,2,5,5004,,,,Одяг для собак,Костюмы для собак,Dog Apparel
1,2,5,5010,,,,Іграшки для собак,Игрушки для собак,Dog Toys
1,2,5,5011,,,,Ласощі для собак,Лакомства для собак,Dog Treats
1,2,5,5094,,,,Будки для собак,Домики для собак,Dog Houses
1,2,5,7274,,,,Вольєри та загони для собак,Собачьи конуры и вольеры,Dog Kennels & Runs
1,2,5,7372,,,,Підкладки та пелюшки для собак,Пеленки и подгузники для собак,Dog Diaper Pads & Liners
1,2,5,7428,,,,Аксесуари для вольєрів та загонів для собак,Принадлежности для собачьих конур и вольеров,Dog Kennel & Run Accessories
1,2,5,8123,,,,Бігові доріжки для собак,Беговые дорожки для собак,Dog Treadmills
1,2,5,499900,,,,Підгузки для собак,Подгузники для собак,Dog Diapers
1,2,6,,,,,Товари для риб,Товары для рыб,Fish Supplies
1,2,6,3238,,,,Акваріуми,Аквариумы,Aquariums
1,2,6,5019,,,,Декор для акваріумів,Предметы декоративного оформления аквариума,Aquarium Decor
1,2,6,5020,,,,Фільтри для акваріумів,Фильтры для аквариумов,Aquarium Filters
1,2,6,5021,,,,Гравій та підкладка для акваріумів,Гравий и грунт для аквариумов,Aquarium Gravel & Substrates
1,2,6,5023,,,,Підставки для акваріумів,Подставки для аквариумов,Aquarium Stands
1,2,6,5024,,,,Корм для риб,Корм для рыб,Fish Food
1,2,6,5079,,,,Освітлення для акваріумів,Устройства для освещения аквариумов,Aquarium Lighting
1,2,6,5161,,,,Засоби для обробки води в акваріумі,Средства для обработки аквариумной воды,Aquarium Water Treatments
1,2,6,6085,,,,Добрива для водних рослин,Удобрения для водных растений,Aquatic Plant Fertilizers
1,2,6,6403,,,,Годівниці для риб,Кормушки для рыб,Fish Feeders
1,2,6,6951,,,,Бокси для переливу в акваріумі,Переливные коробки для аквариума,Aquarium Overflow Boxes
1,2,6,500038,,,,Засоби для чищення акваріумів,Средства и инструменты для чистки аквариумов,Aquarium Cleaning Supplies
1,2,6,500062,,,,Регулятори температури для акваріумів,Терморегуляторы для аквариума,Aquarium Temperature Controllers
1,2,6,505303,,,,Трубки для акваріумів та ставків,Трубки для аквариумов и прудов,Aquarium & Pond Tubing
1,2,6,505306,,,,Сітки для риби в акваріумі,Сети для аквариумных рыб,Aquarium Fish Nets
1,2,6,505307,,,,Аератори та дифузори для акваріумів,Распылители воздуха для аквариума,Aquarium Air Stones & Diffusers
1,2,7,,,,,Товари для рептилій та амфібій,Товары для рептилий и амфибий,Reptile & Amphibian Supplies
1,2,7,5026,,,,Корм для рептилій та амфібій,Корм для рептилий и амфибий,Reptile & Amphibian Food
1,2,7,5027,,,,Аксесуари для місць проживання рептилій та амфібій,Принадлежности для террариумов,Reptile & Amphibian Habitat Accessories
1,2,7,5028,,,,Обігрів та освітлення для місць проживання рептилій та амфібій,Устройства для обогрева и освещения террариумов,Reptile & Amphibian Habitat Heating & Lighting
1,2,7,5029,,,,Місця проживання рептилій та амфібій,Террариумы,Reptile & Amphibian Habitats
1,2,7,5030,,,,Субстрати для рептилій та амфібій,Грунт для террариумов,Reptile & Amphibian Substrates
1,2,4497,,,,,Дверцята для домашніх тварин,Дверцы для домашних животных,Pet Doors
1,2,5013,,,,,Товари для маленьких тварин,Товары для мелких животных,Small Animal Supplies
1,2,5013,5014,,,,Постіль для маленьких тварин,Подстилки для небольших животных,Small Animal Bedding
1,2,5013,5015,,,,Корм для маленьких тварин,Корм для небольших животных,Small Animal Food
1,2,5013,5016,,,,Аксесуари для місць проживання маленьких тварин,Принадлежности для сред обитания небольших животных,Small Animal Habitat Accessories
1,2,5013,5017,,,,Місця проживання та клітки для маленьких тварин,Террариумы и клетки для мелких животных,Small Animal Habitats & Cages
1,2,5013,7517,,,,Ласощі для маленьких тварин,Лакомства для небольших животных,Small Animal Treats
1,2,5081,,,,,Вітаміни та добавки для домашніх тварин,Витамины и пищевые добавки для домашних животных,Pet Vitamins & Supplements
1,2,5086,,,,,Ветеринарні ліки,Лекарственные средства для домашних животных,Pet Medicine
1,2,5087,,,,,Вигульні майданчики для домашніх тварин,Манежи для домашних животных,Pet Playpens
1,2,5092,,,,,Дзвіночки та брелоки для домашніх тварин,Бубенчики и талисманы для домашних животных,Pet Bells & Charms
1,2,5093,,,,,Ідентифікаційні бирки для домашніх тварин,Номерные жетоны и бирки для домашних животных,Pet ID Tags
1,2,5144,,,,,Намордники для домашніх тварин,Намордники для домашних животных,Pet Muzzles
1,2,5145,,,,,Медичні нашийники для домашніх тварин,Ветеринарные воротники для домашних животных,Pet Medical Collars
1,2,5162,,,,,Контейнери для корму домашніх тварин,Контейнеры для корма для домашних животных,Pet Food Containers
1,2,5163,,,,,Лопатки для корму домашніх тварин,Совки для корма для домашних животных,Pet Food Scoops
1,2,6248,,,,,Засоби від блох та кліщів для домашніх тварин,Средства для лечения педикулёза у домашних животных,Pet Flea & Tick Control
1,2,6249,,,,,Повідки для домашніх тварин,Поводки для домашних животных,Pet Leashes
1,2,6250,,,,,Ошийники та ремені для домашніх тварин,Ошейники и сбруи для домашних животных,Pet Collars & Harnesses
1,2,6251,,,,,Переноски та клітки для домашніх тварин,Переноски и ящики для животных,Pet Carriers & Crates
1,2,6252,,,,,"Миски, кормушки та поїлки для домашніх тварин","Миски, кормушки и поилки для домашних животных","Pet Bowls, Feeders & Waterers"
1,2,6253,,,,,Продовжувачі для повідків домашніх тварин,Удлинители поводков для домашних животных,Pet Leash Extensions
1,2,6276,,,,,Візки для домашніх тварин,Коляски для домашних животных,Pet Strollers
1,2,6321,,,,,Системи обмеження руху домашніх тварин,Системы дрессировки домашних животных,Pet Containment Systems
1,2,6383,,,,,Товари для грумінгу домашніх тварин,Средства для ухода за домашними животными,Pet Grooming Supplies
1,2,6383,6384,,,,Машинки та тримери для стрижки волосся домашніх тварин,Триммеры для домашних животных,Pet Hair Clippers & Trimmers
1,2,6383,6385,,,,Гребінці та щітки для домашніх тварин,Щетки и расчески для домашних животных,Pet Combs & Brushes
1,2,6383,6406,,,,Шампуні та кондиціонери для домашніх тварин,Шампуни и кондиционеры для домашних животных,Pet Shampoo & Conditioner
1,2,6383,7318,,,,Лак для нігтів домашніх тварин,Лак для когтей домашних животных,Pet Nail Polish
1,2,6383,7319,,,,Інструменти для догляду за нігтями домашніх тварин,Инструменты для ухода за когтями домашних животных,Pet Nail Tools
1,2,6383,8167,,,,Фени для сушіння волосся домашніх тварин,Фены для сушки домашних животных,Pet Hair Dryers
1,2,6383,499917,,,,Серветки для домашніх тварин,Влажные салфетки для домашних животных,Pet Wipes
1,2,6383,503733,,,,Парфуми та дезодоруючі спреї для домашніх тварин,Духи и дезодорирующие спреи для домашних животных,Pet Fragrances & Deodorizing Sprays
1,2,6811,,,,,Вішалки для одягу домашніх тварин,Вешалки для одежды для домашних животных,Pet Apparel Hangers
1,2,6861,,,,,Медичні стрічки та бинти для домашніх тварин,Медицинская лента и бинты для домашних животных,Pet Medical Tape & Bandages
1,2,6973,,,,,Сходи та пандуси для домашніх тварин,Лесенки и рампы для животных,Pet Steps & Ramps
1,2,6978,,,,,Біометричні монітори для домашніх тварин,Биометрические мониторы для домашних животных,Pet Biometric Monitors
1,2,6978,6980,,,,Глюкометри для домашніх тварин,Глюкометры для домашних животных,Pet Glucose Meters
1,2,6978,6981,,,,Термометри для домашніх тварин,Термометры для домашних животных,Pet Thermometers
1,2,6978,6982,,,,Педометри для домашніх тварин,Педометры для домашних животных,Pet Pedometers
1,2,6983,,,,,Обладнання для тренування спритності домашніх тварин,Снаряжение для тренировки домашних животных,Pet Agility Equipment
1,2,7143,,,,,Килимки для мисок домашніх тварин,Коврики под миску для домашних животных,Pet Bowl Mats
1,2,7144,,,,,Засоби для догляду за порожниною рота домашніх тварин,Средства для ухода за полостью рта домашних животных,Pet Oral Care Supplies
1,2,7396,,,,,Сонцезахисні засоби для домашніх тварин,Солнцезащитные средства для домашних животных,Pet Sunscreen
1,2,8050,,,,,Краплі та змащувальні засоби для очей домашніх тварин,Глазные капли и мази для домашних животных,Pet Eye Drops & Lubricants
1,2,8068,,,,,Аптечки першої допомоги та аварійні набори для домашніх тварин,Наборы первой помощи для домашних животных,Pet First Aid & Emergency Kits
1,2,8070,,,,,Пакети для відходів домашніх тварин,Пакеты для фекалий домашних животных,Pet Waste Bags
1,2,8474,,,,,Бар'єри для тварин у автомобілі,Автомобильные барьеры для домашних животных,Vehicle Pet Barriers
1,2,8513,,,,,Підставки для мисок домашніх тварин,Подставки для мисок для домашних животных,Pet Bowl Stands
1,2,499743,,,,,Підігрівальні килимки для домашніх тварин,Электрогрелки для домашних животных,Pet Heating Pads
1,2,500026,,,,,Аксесуари для переносок та кліток для домашніх тварин,Принадлежности для переносок и ящиков,Pet Carrier & Crate Accessories
1,2,500084,,,,,Аксесуари для ліжек домашніх тварин,Принадлежности для лежанок,Pet Bed Accessories
1,2,500110,,,,,Аксесуари до підігрівальних килимків для домашніх тварин,Принадлежности для подогреваемых лежанок для домашних животных,Pet Heating Pad Accessories
1,2,502982,,,,,Диспенсери та тримачі для пакетів для відходів домашніх тварин,Ёмкости для удобного хранения и извлечения пакетов для фекалий домашних животных,Pet Waste Bag Dispensers & Holders
1,2,505297,,,,,Системи та інструменти для утилізації відходів домашніх тварин,Принадлежности для уборки фекалий домашних животных,Pet Waste Disposal Systems & Tools
1,2,505314,,,,,Прилади для дресури домашніх тварин,Товары для дрессировки домашних животных,Pet Training Aids
1,2,505314,6846,,,,Підкладки для дресури домашніх тварин,Туалетные подстилки для домашних животных,Pet Training Pads
1,2,505314,505304,,,,Тримачі для підкладок для дресури домашніх тварин,Держатели коврика для дрессировки домашних животных,Pet Training Pad Holders
1,2,505314,505311,,,,Спреї та розчини для дресури домашніх тварин,Спреи для дрессировки домашних животных,Pet Training Sprays & Solutions
1,2,505314,505313,,,,Клікери та диспенсери для ласощів для дресури домашніх тварин,Кликеры для дрессировки домашних животных и контейнеры для лакомств,Pet Training Clickers & Treat Dispensers
1,2,505811,,,,,Аксесуари для дверцят для домашніх тварин,Принадлежности для дверей с окошком для домашних животных,Pet Door Accessories
1,3237,,,,,,Живі тварини,Живые животные,Live Animals
8,,,,,,,Мистецтво та розваги,Искусство и развлечения,Arts & Entertainment
8,5709,,,,,,Вечірки та святкування,Вечеринки и праздники,Party & Celebration
8,5709,96,,,,,Товари для вечірок,Товары для вечеринок,Party Supplies
8,5709,96,1371,,,,Запрошення,Приглашения,Invitations
8,5709,96,1484,,,,Печатки для конвертів,Наклейки для запечатывания конвертов,Envelope Seals
8,5709,96,1887,,,,Картки відповідей,Карточки для ответов на приглашения,Response Cards
8,5709,96,2104,,,,Картки розташування,Именные карточки для официальных приемов,Place Cards
8,5709,96,2531,,,,Банери,Праздничные транспаранты,Banners
8,5709,96,2587,,,,Повітряні кульки,Воздушные шарики,Balloons
8,5709,96,2781,,,,Конфеті,Конфетти,Confetti
8,5709,96,2783,,,,Шумові прилади та святкові гудзики,Трещотки и свистки,Noisemakers & Party Blowers
8,5709,96,3735,,,,Питні ігри,Игры с выпивкой,Drinking Games
8,5709,96,3735,3361,,,Пивний понг,Пивной понг,Beer Pong
8,5709,96,3735,3361,3440,,Столи для пивного понгу,Столы для игры в пивной понг,Beer Pong Tables
8,5709,96,3994,,,,Піньятас,Пиньяты,Piñatas
8,5709,96,4351,,,,Аерозоль-серпантин,Баллончики с серпантином,Spray String
8,5709,96,4730,,,,Свічки на день народження,Свечи для тортов,Birthday Candles
8,5709,96,4914,,,,Феєрверки та петарди,Фейерверки и петарды,Fireworks & Firecrackers
8,5709,96,4915,,,,Бенгальські вогники,Бенгальские огни,Sparklers
8,5709,96,5043,,,,Соломинки та мішалки для напоїв,Соломинки,Drinking Straws & Stirrers
8,5709,96,5452,,,,Сувеніри для гостей на вечірці,Сувениры для вечеринок,Party Favors
8,5709,96,5452,5453,,,Весільні подарунки,Свадебные сувениры,Wedding Favors
8,5709,96,5472,,,,Тримачі для розташування карток,Держатели для табличек,Place Card Holders
8,5709,96,6311,,,,Набори для повітряних кульок,Наборы воздушных шариков,Balloon Kits
8,5709,96,6906,,,,Капелюхи для вечірок,Шляпы для вечеринок,Party Hats
8,5709,96,7007,,,,Декорації для коктейлів,Украшения для коктейлей,Cocktail Decorations
8,5709,96,7097,,,,Картонні коробки та тримачі для особливих подій,Коробки и держатели для праздничных открыток,Special Occasion Card Boxes & Holders
8,5709,96,7160,,,,Ігри для вечірок,Игры для вечеринок,Party Games
8,5709,96,8038,,,,Програми подій,Программы мероприятий,Event Programs
8,5709,96,8110,,,,Надувні декорації для вечірок,Надувные украшения для вечеринок,Inflatable Party Decorations
8,5709,96,8216,,,,Декоративні помпони,Декоративные помпоны,Decorative Pom-Poms
8,5709,96,328061,,,,Карти з порадами,Открытки для советов,Advice Cards
8,5709,96,502972,,,,Набори товарів для вечірок,Наборы для вечеринок,Party Supply Kits
8,5709,96,502981,,,,Стрічки та завіси для вечірок,Серпантин и праздничные занавески,Party Streamers & Curtains
8,5709,96,505763,,,,Облямівки для стільців,Накидки на стулья,Chair Sashes
8,5709,408,,,,,Спецефекти,Товары для спецэффектов,Special Effects
8,5709,408,409,,,,Машини для створення туману,Дымовые машины,Fog Machines
8,5709,408,410,,,,Освітлення для спецефектів,Осветительные приборы для спецэффектов,Special Effects Lighting
8,5709,408,5711,,,,Диско-кулі,Шары для дискотек,Disco Balls
8,5709,408,5967,,,,Контролери спецефектів,Системы управления спецэффектами,Special Effects Controllers
8,5709,408,503028,,,,Стійки для освітлення спецефектів,Стойки для компонентов осветительной системы,Special Effects Light Stands
8,5709,2559,,,,,Дарування подарунків,Подарки,Gift Giving
8,5709,2559,53,,,,Подарункові картки та сертифікати,Подарочные сертификаты,Gift Cards & Certificates
8,5709,2559,94,,,,Упаковка подарунків,Упаковка подарков,Gift Wrapping
8,5709,2559,94,2816,,,Папір для пакування,Обёрточная бумага,Wrapping Paper
8,5709,2559,94,5091,,,Подарункові коробки та банки,Коробки для подарков,Gift Boxes & Tins
8,5709,2559,94,5838,,,Подарункові пакети,Подарочные сумки,Gift Bags
8,5709,2559,94,6712,,,Подарунковий серветочний папір,Шёлковая бумага,Tissue Paper
8,5709,2559,94,8213,,,Подарункові етикетки та мітки,Ярлыки и наклейки для подарков,Gift Tags & Labels
8,5709,2559,95,,,,Вітальні та записні картки,Поздравительные открытки,Greeting & Note Cards
8,5709,2559,2899,,,,Свіжі квіти,Свежие цветы,Fresh Cut Flowers
8,5709,2559,5916,,,,Букети та бутоньєрки,Цветки для петлиц и бутоньерки,Corsages & Boutonnières
8,5709,2559,6100,,,,Шпильки для букетів та бутоньєрок,Булавки для цветков и бутоньерок,Corsage & Boutonnière Pins
8,5709,5868,,,,,Трофеї та нагороди,Призы и награды,Trophies & Awards
8,5709,5868,543653,,,,Трофеї,Трофеи,Trophies
8,5709,5868,543654,,,,Нагородні стрічки,Наградные розетки,Award Ribbons
8,5709,5868,543655,,,,Нагородні значки та медалі,Значки и медали,Award Pins & Medals
8,5709,5868,543656,,,,Сертифікати нагород,Наградные сертификаты,Award Certificates
8,5709,5868,543657,,,,Нагородні плакетки,Наградные плакетки,Award Plaques
8,5710,,,,,,Хобі та творчі мистецтва,Хобби и творчество,Hobbies & Creative Arts
8,5710,16,,,,,Мистецтво та ремесла,Рукоделие и хобби,Arts & Crafts
8,5710,16,504639,,,,Інструменти для мистецтва та ремесел,Инструменты для рукоделия и хобби,Art & Crafting Tools
8,5710,16,504639,4073,,,Пістолети для клею,Пистолеты для склеивания,Glue Guns
8,5710,16,504639,5137,,,Килимики для різання,Коврики для резки,Cutting Mats
8,5710,16,504639,5921,,,Світлові коробки,Столы с подсветкой,Light Boxes
8,5710,16,504639,6101,,,Булавки,Английские булавки,Safety Pins
8,5710,16,504639,6133,,,Підкладки та килимики для валяння,Коврики для валяния,Felting Pads & Mats
8,5710,16,504639,6150,,,Манекени для одягу,Манекены для платьев,Dress Forms
8,5710,16,504639,6151,,,Дроти для блокування,Леска для вязания,Blocking Wires
8,5710,16,504639,6152,,,Мати для блокування,Коврики для вышивания,Blocking Mats
8,5710,16,504639,6156,,,Наперстки та швейні долоні,Напёрстки,Thimbles & Sewing Palms
8,5710,16,504639,6156,543638,,Наперстки,Защитные колпачки для пальцев,Thimbles
8,5710,16,504639,6156,543639,,Швейні напальчники,Защитные накладки на руку для шитья,Sewing Palms
8,5710,16,504639,6158,,,"Рамки, обручі та розтяжки","Рамки, обручи и распорки для текстильного искусства","Frames, Hoops & Stretchers"
8,5710,16,504639,6159,,,Прямі шпильки,Прямые булавки,Straight Pins
8,5710,16,504639,504640,,,Інструменти для різання та тиснення в рукоділлі,Инструменты для резки бумаги и тиснения,Craft Cutting & Embossing Tools
8,5710,16,504639,504640,5136,,Ножі для рукоділля,Отделочные ножи с выдвижным лезвием,Craft Knives
8,5710,16,504639,504640,6119,,Інструменти для надрізу в рукоділлі,Устройства для рилевки и гофрирования бумаги,Craft Scoring Tools
8,5710,16,504639,504640,6122,,Ручки та стилуси для тиснення,Ручки для тиснения,Embossing Pens & Styluses
8,5710,16,504639,504640,6161,,Розпаркувачі швів,Вспарыватели швов,Seam Rippers
8,5710,16,504639,504640,6447,,Ножиці для ниток та пряжі,Резаки для нитей и пряжи,Thread & Yarn Cutters
8,5710,16,504639,504640,7340,,Інструменти для термовидавлювання,Термоинструменты для тиснения,Embossing Heat Tools
8,5710,16,504639,504640,504641,,Ножиці для рукоділля та офісу,Канцелярские ножницы и ножницы для рукоделия,Craft & Office Scissors
8,5710,16,504639,504640,504642,,Різаки та тиснільні пристрої для рукоділля,Станки для раскроя ткани и тиснения,Craft Cutters & Embossers
8,5710,16,504639,505386,,,Пристрої для виготовлення декору в рукоділлі,Принадлежности для изготовления украшений,Craft Decoration Makers
8,5710,16,504639,505387,,,Інструменти для ниток та пряжі,Инструменты для работы с пряжей и нитями,Thread & Yarn Tools
8,5710,16,504639,505387,6138,,Ручні веретена,Веретена,Hand Spindles
8,5710,16,504639,505387,6153,,"Моталки для ниток, пряжі та бобін",Моталки для нитей и пряжи,"Thread, Yarn & Bobbin Winders"
8,5710,16,504639,505387,6154,,Бобіни для ниток та пряжі,Катушки для нитей и пряжи,Thread & Yarn Spools
8,5710,16,504639,505387,6155,,Направляючі для ниток та пряжі,Направляющие для нитей и пряжи,Thread & Yarn Guides
8,5710,16,504639,505387,6163,,Ниткопроводи,Нитевдеватели,Needle Threaders
8,5710,16,504639,505387,6164,,Щітки та карти для волокна,Чесальные инструменты и машины,Fiber Cards & Brushes
8,5710,16,504639,505387,6166,,Човники для ткацтва,Ткацкие челноки,Weaving Shuttles
8,5710,16,504639,505387,6167,,Бійки для ткацтва,Ткацкие трепала,Weaving Beaters
8,5710,16,504639,505388,,,Машини для текстильних ремесел,Устройства для работы с текстилем,Textile Craft Machines
8,5710,16,504639,505388,615,,Швейні машини,Швейные машины,Sewing Machines
8,5710,16,504639,505388,6134,,Голки та машини для валяння,Иглы для валяния,Felting Needles & Machines
8,5710,16,504639,505388,6137,,Прядильні веретена,Прялки,Spinning Wheels
8,5710,16,504639,505388,505421,,Механічні ткацькі верстати,Механические ткацкие станки,Mechanical Looms
8,5710,16,504639,505388,505422,,Ручні ткацькі верстати,Ручные ткацкие станки,Hand Looms
8,5710,16,504639,505391,,,Інструменти для змішування кольорів,Инструменты для смешивания красок,Color Mixing Tools
8,5710,16,504639,505391,1653,,Ножі для палітри,Мастихины,Palette Knives
8,5710,16,504639,505391,1719,,Палітри,Палитры,Palettes
8,5710,16,504639,505392,,,Інструменти для вимірювання та маркування в рукоділлі,Инструменты для измерения и разметки,Craft Measuring & Marking Tools
8,5710,16,504639,505392,18,,Художні пензлі,Художественные кисти,Art Brushes
8,5710,16,504639,505392,2671,,Трафарети та форми для вирізання,Трафареты,Stencils & Die Cuts
8,5710,16,504639,505392,3083,,Компаси для креслення,Циркули,Drafting Compasses
8,5710,16,504639,505392,4032,,Декоративні штампи,Декоративные резиновые штампы,Decorative Stamps
8,5710,16,504639,505392,5883,,Машини для трафаретів,Трафаретные машины,Stencil Machines
8,5710,16,504639,505392,6125,,Шпатель для шовкотрафаретного друку,Резиновые валики для нанесения краски,Screen Printing Squeegees
8,5710,16,504639,505392,6126,,Ролики Бреєра,Ролики для нанесения краски,Brayer Rollers
8,5710,16,504639,505392,6157,,Лінійки та мірні прилади для текстильного мистецтва,Линейки для текстильного искусства,Textile Art Gauges & Rulers
8,5710,16,504639,505392,6160,,Маркери та лічильники для швів,Маркеры и счетчики стежков,Stitch Markers & Counters
8,5710,16,504639,505392,505420,,Інструменти для пірографії,Приспособления для выжигания по дереву,Wood Burning Tools
8,5710,16,504639,505393,,,Голки та гачки,Иглы и крючки,Needles & Hooks
8,5710,16,504639,505393,4579,,Голки для швейних машин,Иглы для швейных машин,Sewing Machine Needles
8,5710,16,504639,505393,5992,,Голки для ручного шиття,Швейные иглы,Hand-Sewing Needles
8,5710,16,504639,505393,6127,,Гачки для в'язання,Вязальные крючки,Crochet Hooks
8,5710,16,504639,505393,6139,,Спиці для в'язання,Вязальные спицы,Knitting Needles
8,5710,16,504639,505393,6168,,Замки та гачки для шаф,Крючки для вязания ковров,Latch & Locker Hooks
8,5710,16,504643,,,,Аксесуари для художніх та ремісничих інструментів,Принадлежности для инструментов для рукоделия и хобби,Art & Crafting Tool Accessories
8,5710,16,504643,4580,,,Чохли та обкладинки для машин рукоділля,Футляры и чехлы для швейных машин,Craft Machine Cases & Covers
8,5710,16,504643,5120,,,Лапки для швейних машин,Лапки для швейных машин,Sewing Machine Feet
8,5710,16,504643,6136,,,Аксесуари для прядильних веретен,Принадлежности для прялок,Spinning Wheel Accessories
8,5710,16,504643,232168,,,Леза для ножів рукоділля,Лезвия для канцелярских ножей,Craft Knife Blades
8,5710,16,504643,499918,,,Блоки для штампів,Блоки для штампов,Stamp Blocks
8,5710,16,504643,503348,,,Запасні частини для швейних машин,Запасные детали для швейных машин,Sewing Machine Replacement Parts
8,5710,16,504643,505286,,,Розкладні столи для швейних машин,Раздвижные столы для швейных машин,Sewing Machine Extension Tables
8,5710,16,505369,,,,Органайзери для рукоділля,Органайзеры для принадлежностей для рукоделия,Craft Organization
8,5710,16,505369,499971,,,Кошики та набори для шиття,Наборы для шитья и текстильных работ,Sewing Baskets & Kits
8,5710,16,505369,505394,,,"Органайзери для голок, шпильок та гачків","Органайзеры для иголок, булавок и крючков","Needle, Pin & Hook Organizers"
8,5710,16,505369,505395,,,Органайзери для ниток та пряжі,Органайзеры для пряжи и нитей,Thread & Yarn Organizers
8,5710,16,505370,,,,Набори для мистецтва та ремесел,Наборы для рукоделия и хобби,Art & Craft Kits
8,5710,16,505370,4778,,,Набори для малювання та живопису,Наборы для рисования,Drawing & Painting Kits
8,5710,16,505370,4986,,,Набори для творчості,Наборы для детского творчества,Toy Craft Kits
8,5710,16,505370,6382,,,Набори для ремонту тканини,Наборы для ремонта ткани,Fabric Repair Kits
8,5710,16,505370,6829,,,Набори для мозаїки,Наборы мозаики,Mosaic Kits
8,5710,16,505370,6989,,,Набори для виготовлення ладану,Наборы для изготовления благовоний,Incense Making Kits
8,5710,16,505370,7096,,,Набори для вишивання,Наборы для вышивания,Needlecraft Kits
8,5710,16,505370,502979,,,Набори для виготовлення ювелірних виробів,Наборы для изготовления ювелирных украшений,Jewelry Making Kits
8,5710,16,505370,503758,,,Набори для скрапбукінгу та тиснення,Наборы для изготовления фотоальбомов и тиснения,Scrapbooking & Stamping Kits
8,5710,16,505370,505374,,,Набори для виготовлення свічок,Наборы для изготовления свечей,Candle Making Kits
8,5710,16,505371,,,,Шаблони та форми для рукоділля,Шаблоны и формы для рукоделия,Crafting Patterns & Molds
8,5710,16,505371,3697,,,Швейні викрійки,Выкройки,Sewing Patterns
8,5710,16,505371,6135,,,Форми для валяння,Формы для валяния,Felting Molds
8,5710,16,505371,6999,,,Схеми для намистин,Шаблоны для вышивки бисером,Beading Patterns
8,5710,16,505371,8007,,,Форми для рукоділля,Формы для рукоделия и ремесёл,Craft Molds
8,5710,16,505371,505373,,,Взори для вишивання,Шаблоны для вышивки,Needlecraft Patterns
8,5710,16,505372,,,,Художні та ремісничі матеріали,Материалы для рукоделия и хобби,Art & Crafting Materials
8,5710,16,505372,24,,,Папір для мистецтва та ремесел,Бумага для художественных работ,Art & Craft Paper
8,5710,16,505372,24,2532,,Будівельний папір,Бумага для черчения,Construction Paper
8,5710,16,505372,24,2741,,Пергаментний папір,Велень,Vellum Paper
8,5710,16,505372,24,2967,,Папір для орігамі,Бумага для оригами,Origami Paper
8,5710,16,505372,24,6110,,Папір для трансферу,Переводная бумага,Transfer Paper
8,5710,16,505372,24,8168,,Фольга для рукоділля,Фольга для рукоделия,Craft Foil
8,5710,16,505372,24,505399,,Картон та папір для скрапбукінгу,Бумага для открыток и фотоальбомов,Cardstock & Scrapbooking Paper
8,5710,16,505372,24,505399,543510,Картон,Карточная бумага,Cardstock
8,5710,16,505372,24,505399,543511,Папір для скрапбукінгу,Бумага для скрапбукинга,Scrapbooking Paper
8,5710,16,505372,24,505400,,Папір для малювання та живопису,Бумага для рисования,Drawing & Painting Paper
8,5710,16,505372,44,,,Матеріали для гончарства та скульптури,Гончарное дело и лепка,Pottery & Sculpting Materials
8,5710,16,505372,44,3692,,Глина та пластилін для моделювання,Глина и пластилин,Clay & Modeling Dough
8,5710,16,505372,44,3692,543628,Глина,Формовочная глина,Clay
8,5710,16,505372,44,3692,543629,Пластилін для моделювання,Тесто для лепки,Modeling Dough
8,5710,16,505372,44,505401,,Суміші для пап'є-маше,Основа для папье-маше,Papier Mache Mixes
8,5710,16,505372,44,505402,,Глиняні шліфи,Шликер,Pottery Slips
8,5710,16,505372,44,505804,,Гіпсовий бинт,Гипсовая ткань,Plaster Gauze
8,5710,16,505372,6121,,,Порошок для тиснення,Порошок для тиснения,Embossing Powder
8,5710,16,505372,6142,,,Матеріал для наповнення та упаковки,Материалы для набивки,Filling & Padding Material
8,5710,16,505372,6142,505405,,Форми для подушок,Наполнитель для подушек,Pillow Forms
8,5710,16,505372,6142,505406,,Гранули для наповнення,Мягкие шарики,Filling Pellets
8,5710,16,505372,6142,505407,,Набивка та наповнювач,Ватная прокладка и набивка,Batting & Stuffing
8,5710,16,505372,7402,,,Фітелі,Фитили,Wicks
8,5710,16,505372,7403,,,Основи для фітелів,Вкладки для фитилей,Wick Tabs
8,5710,16,505372,505375,,,Сира воскова свічка,Воск для свечей,Raw Candle Wax
8,5710,16,505372,505376,,,Клей та магніти для рукоділля,Склеивающие вещества и магниты,Crafting Adhesives & Magnets
8,5710,16,505372,505376,36,,Магніти для рукоділля,Фигурные магниты,Craft Magnets
8,5710,16,505372,505376,6418,,Плавкий скотч,Плавкая тканевая лента,Fusible Tape
8,5710,16,505372,505376,7192,,Флористична стрічка,Лента для цветов,Floral Tape
8,5710,16,505372,505376,503745,,Клей для рукоділля та офісу,Канцелярский клей и клей для рукодельных работ,Craft & Office Glue
8,5710,16,505372,505376,505419,,Декоративна стрічка,Декоративная клейкая лента,Decorative Tape
8,5710,16,505372,505377,,,Дріт для рукоділля,Проволока для рукоделия,Crafting Wire
8,5710,16,505372,505377,5062,,Чистильники для трубок в рукоділлі,Ёршики для чистки трубок,Craft Pipe Cleaners
8,5710,16,505372,505377,6102,,Дріт для бісеру та ювелірних виробів,Ювелирная проволока,Jewelry & Beading Wire
8,5710,16,505372,505377,505418,,Флористичний дріт,Проволока для создания цветочных композиций,Floral Wire
8,5710,16,505372,505378,,,"Фарби, чорнило та глазур для рукоділля","Краски, чернила и глазурь для рукодельных работ","Craft Paint, Ink & Glaze"
8,5710,16,505372,505378,6558,,Медіуми для фарб,Основы для рисования красками,Paint Mediums
8,5710,16,505372,505378,499879,,Глазурі для кераміки та гончарних виробів,Глазурь для фаянса и керамики,Ceramic & Pottery Glazes
8,5710,16,505372,505378,500094,,Фіксатори для малюнків,Фиксативы,Art Fixatives
8,5710,16,505372,505378,505414,,Подушечки для чорнила,Штемпельные подушечки,Ink Pads
8,5710,16,505372,505378,505415,,Барвники для рукоділля,Красители для рукодельных работ,Craft Dyes
8,5710,16,505372,505378,505416,,Художні чорнила,Художественные чернила,Art Ink
8,5710,16,505372,505378,505417,,Художня та реміснича фарба,Краски для рукоделия и хобби,Art & Craft Paint
8,5710,16,505372,505379,,,Декоративні елементи та облямівки,Украшения и декоративные элементы,Embellishments & Trims
8,5710,16,505372,505379,32,,Намистини,Бисер,Beads
8,5710,16,505372,505379,198,,Вільні камені,Драгоценные камни,Loose Stones
8,5710,16,505372,505379,1927,,Вшивні етикетки,Нашивки,Sew-in Labels
8,5710,16,505372,505379,4054,,Декоративні наклейки,Декоративные наклейки,Decorative Stickers
8,5710,16,505372,505379,5982,,Стрази та плоскі камені,Стразы,Rhinestones & Flatbacks
8,5710,16,505372,505379,5996,,Фурнітура для ювелірних виробів,Ювелирная фурнитура,Jewelry Findings
8,5710,16,505372,505379,6146,,Еластичні стрічки,Эластичные материалы,Elastic
8,5710,16,505372,505379,6955,,Аплікації та нашивки,Тканевые заплатки,Appliques & Patches
8,5710,16,505372,505379,505410,,Паєтки та блискітки,Блёстки,Sequins & Glitter
8,5710,16,505372,505379,505411,,Пір'я,Перья,Feathers
8,5710,16,505372,505379,505412,,Стрічки та облямівки,Ленты и накладки,Ribbons & Trim
8,5710,16,505372,505379,505413,,Бантики та йо-йо,Бабочки и вязаные цветы,Bows & Yo-Yos
8,5710,16,505372,505380,,,Застібки та замки для рукоділля,Застежки и крепления для рукодельных работ,Craft Fasteners & Closures
8,5710,16,505372,505380,4174,,Блискавки,Молнии,Zippers
8,5710,16,505372,505380,4226,,Кнопки та защіпки,Пуговицы и кнопки,Buttons & Snaps
8,5710,16,505372,505380,6145,,Липучки,Застежки-липучки,Hook and Loop Fasteners
8,5710,16,505372,505380,500056,,Бігунки для блискавок,Бегунки для молний,Zipper Pulls
8,5710,16,505372,505380,505408,,Застібки та гачки,Пряжки и крючки,Clasps & Hooks
8,5710,16,505372,505380,505409,,Люверси та окачки,Кнопки для застежек,Eyelets & Grommets
8,5710,16,505372,505381,,,Форми та основи для рукоділля,Формы и основы для рукодельных работ,Craft Shapes & Bases
8,5710,16,505372,505381,6117,,Пінопласт та стіродур для рукоділля,Листовая пена и пенопласт,Craft Foam & Styrofoam
8,5710,16,505372,505381,504419,,Вінки та квіткові рамки,Каркасы в виде венков и рамки с цветочным узором,Wreath & Floral Frames
8,5710,16,505372,505381,505403,,Форми з пап'є-маше,Формы из папье-маше,Papier Mache Shapes
8,5710,16,505372,505381,505404,,Дерево та форми для рукоділля,Деревянные детали и формы для рукодельных работ,Craft Wood & Shapes
8,5710,16,505372,505382,,,Волокна для рукоділля,Нитки для рукоделия,Crafting Fibers
8,5710,16,505372,505382,49,,Нитки та муліне,Нитки,Thread & Floss
8,5710,16,505372,505382,2669,,Пряжа,Пряжа,Yarn
8,5710,16,505372,505382,6140,,Неспрядена волокно,Нетканое волокно,Unspun Fiber
8,5710,16,505372,505382,6540,,Шнури для бісеру та ювелірних виробів,Ювелирные цепи,Jewelry & Beading Cord
8,5710,16,505372,505383,,,Шкіра та вініл,Кожа и винил,Leather & Vinyl
8,5710,16,505372,505384,,,Текстиль,Текстиль,Textiles
8,5710,16,505372,505384,47,,Тканина,Ткани,Fabric
8,5710,16,505372,505384,7076,,Інтерфейси,Флизелин,Interfacing
8,5710,16,505372,505384,505396,,Тканина для друку,Ткань для печати рисунка,Printable Fabric
8,5710,16,505372,505384,505397,,Холст для рукоділля,Холст для рукоделия,Crafting Canvas
8,5710,16,505372,505384,505397,19,Полотно для живопису,Холсты и доски,Painting Canvas
8,5710,16,505372,505384,505397,6144,Пластикове полотно,Пластиковая канва,Plastic Canvas
8,5710,16,505372,505384,505397,505398,Полотно для вишивання,Холст для вышивки,Needlecraft Canvas
8,5710,33,,,,,Жонглювання,Предметы для жонглирования,Juggling
8,5710,35,,,,,Магія та новинки,Товары для демонстрации фокусов,Magic & Novelties
8,5710,54,,,,,Музичні інструменти,Музыкальные инструменты,Musical Instruments
8,5710,54,63,,,,Мідні духові інструменти,Медные духовые инструменты,Brass Instruments
8,5710,54,63,65,,,Евфоніуми,Баритоны,Euphoniums
8,5710,54,63,67,,,Валторни,Валторны,French Horns
8,5710,54,63,70,,,Тромбони,Тромбоны,Trombones
8,5710,54,63,72,,,Туби,Тубы,Tubas
8,5710,54,63,505769,,,Альтові та баритонові ріжки,Альтгорны и баритоны,Alto & Baritone Horns
8,5710,54,63,505770,,,Труби та корнети,Трубы и корнеты,Trumpets & Cornets
8,5710,54,75,,,,Ударні,Ударные музыкальные инструменты,Percussion
8,5710,54,75,2518,,,Барабанні установки,Ударные установки,Drum Kits
8,5710,54,75,2797,,,Малий барабан,Малые барабаны,Snare Drums
8,5710,54,75,2856,,,Електронні барабани,Электронные ударные установки,Electronic Drums
8,5710,54,75,2917,,,Бас-барабани,Большие барабаны,Bass Drums
8,5710,54,75,3005,,,Том-томи,Том-томы,Tom-Toms
8,5710,54,75,3015,,,Хет-тарілки,Хай-хеты,Hi-Hats
8,5710,54,75,3043,,,Ударні тарілки,Ударные тарелки,Cymbals
8,5710,54,75,6098,,,Гонги,Гонги,Gongs
8,5710,54,75,7232,,,Тренувальні педи для гри на ударних,Коврики для барабанов,Practice Pads
8,5710,54,75,7285,,,Ручні ударні інструменти,Ручная перкуссия,Hand Percussion
8,5710,54,75,7285,2515,,Тамбурини,Тамбурины,Tambourines
8,5710,54,75,7285,7286,,Музичні скребки та тріщітки,Терки и трещотки,Musical Scrapers & Ratchets
8,5710,54,75,7285,7287,,Музичні шейкери,Музыкальные шейкеры,Musical Shakers
8,5710,54,75,7285,7288,,Цимбали для пальців та рук,Сагаты и ручные ударные тарелки,Finger & Hand Cymbals
8,5710,54,75,7285,7289,,Клавеси та кастаньєти,Клавесы и кастаньеты,Claves & Castanets
8,5710,54,75,7285,7290,,Музичні трикутники,Музыкальные треугольники,Musical Triangles
8,5710,54,75,7285,7291,,Музичні блоки,Музыкальные блоки,Musical Blocks
8,5710,54,75,7285,7293,,Музичні дзвіночки (коров'ячі дзвони),Ковбеллы,Musical Cowbells
8,5710,54,75,7285,7294,,Вібраслепи,Вибраслэпы,Vibraslaps
8,5710,54,75,7285,7295,,Ручні барабани,Ручные барабаны,Hand Drums
8,5710,54,75,7285,7295,7296,Конги,Конги,Congas
8,5710,54,75,7285,7295,7297,Кахони,Кахоны,Cajons
8,5710,54,75,7285,7295,7298,Бонго,Бонго,Bongos
8,5710,54,75,7285,7295,7299,Бубни-чарки,Дарбуки,Goblet Drums
8,5710,54,75,7285,7295,7300,Барабани з рамою,Бубны,Frame Drums
8,5710,54,75,7285,7295,7301,Барабани-мовці,Говорящие барабаны,Talking Drums
8,5710,54,75,7285,7295,7302,Табла,Таблы,Tablas
8,5710,54,75,7285,7555,,Ручні дзвоники та дзвіночки,Ручные колокольчики и колокола,Hand Bells & Chimes
8,5710,54,75,7431,,,Глокеншпілі та ксилофони,Ксилофоны и глокеншпили,Glockenspiels & Xylophones
8,5710,54,76,,,,Піаніно,Фортепиано,Pianos
8,5710,54,77,,,,Струнні інструменти,Струнные инструменты,String Instruments
8,5710,54,77,78,,,Контрабаси,Контрабасы,Upright Basses
8,5710,54,77,79,,,Віолончелі,Виолончели,Cellos
8,5710,54,77,80,,,Гітари,Гитары,Guitars
8,5710,54,77,84,,,Арфи,Арфы,Harps
8,5710,54,77,85,,,Альти,Альты,Violas
8,5710,54,77,86,,,Скрипки,Скрипки,Violins
8,5710,54,87,,,,Духові,Деревянные духовые инструменты,Woodwinds
8,5710,54,87,88,,,Кларнети,Кларнеты,Clarinets
8,5710,54,87,89,,,Флейти,Флейты,Flutes
8,5710,54,87,90,,,Блокфлейти,Блокфлейты,Recorders
8,5710,54,87,91,,,Саксофони,Саксофоны,Saxophones
8,5710,54,87,4540,,,Фаготи,Фаготы,Bassoons
8,5710,54,87,4541,,,Гобої та англійські роги,Гобои,Oboes & English Horns
8,5710,54,87,4743,,,Губні гармошки,Гармоники,Harmonicas
8,5710,54,87,4744,,,Дримби,Варганы,Jew's Harps
8,5710,54,87,5481,,,Мелодіки,Мелодические гармоники,Melodicas
8,5710,54,87,6721,,,Металеві свистки,Вистлы,Tin Whistles
8,5710,54,87,6728,,,Поїздові свистки,Локомотивные гудки,Train Whistles
8,5710,54,87,7188,,,Флутафони,Флейтофоны,Flutophones
8,5710,54,87,7249,,,Окарини,Окарины,Ocarinas
8,5710,54,87,7250,,,Музичні труби,Дудки,Musical Pipes
8,5710,54,4983,,,,Акордеони та концертини,Аккордеоны и концертины,Accordions & Concertinas
8,5710,54,4984,,,,Волинки,Волынки,Bagpipes
8,5710,54,6001,,,,Електронні музичні інструменти,Электронные музыкальные инструменты,Electronic Musical Instruments
8,5710,54,6001,74,,,Музичні клавіатури,Клавишные инструменты,Musical Keyboards
8,5710,54,6001,245,,,Аудіо семплери,Музыкальные сэмплеры,Audio Samplers
8,5710,54,6001,6002,,,MIDI контролери,MIDI-контроллеры,MIDI Controllers
8,5710,54,6001,6003,,,Звукові синтезатори,Синтезаторы звука,Sound Synthesizers
8,5710,55,,,,,Аксесуари для музичних інструментів та оркестру,Принадлежности для музыкальных инструментов,Musical Instrument & Orchestra Accessories
8,5710,55,56,,,,Підсилювачі для музичних інструментів,Усилители для музыкальных инструментов,Musical Instrument Amplifiers
8,5710,55,57,,,,Аксесуари для мідних духових інструментів,Принадлежности для медных инструментов,Brass Instrument Accessories
8,5710,55,57,4797,,,Догляд та чистка для духових інструментів,Средства для чистки медных духовых инструментов и ухода за ними,Brass Instrument Care & Cleaning
8,5710,55,57,4797,4890,,Інструменти для чищення духових інструментів,"Щётки, тросики и стержни для медных духовых инструментов",Brass Instrument Cleaning Tools
8,5710,55,57,4797,4891,,Набори для догляду за духовими інструментами,Принадлежности для ухода за медными духовыми инструментами,Brass Instrument Care Kits
8,5710,55,57,4797,4892,,Засоби для чищення та дезінфекції духових інструментів,Средства для чистки медных духовых инструментов,Brass Instrument Cleaners & Sanitizers
8,5710,55,57,4797,4893,,Захисні кожухи для духових інструментів,Защита помпового механизма для медных духовых инструментов,Brass Instrument Guards
8,5710,55,57,4797,4894,,Мастила для духових інструментів,Смазки для медных духовых инструментов,Brass Instrument Lubricants
8,5710,55,57,4797,4895,,Серветки для полірування мідних духових інструментів,Ткань для полировки медных духовых инструментов,Brass Instrument Polishing Cloths
8,5710,55,57,4798,,,Запасні частини для духових інструментів,Запчасти для медных духовых инструментов,Brass Instrument Replacement Parts
8,5710,55,57,505308,,,Мундштуки для духових інструментів,Мундштуки для медных духовых инструментов,Brass Instrument Mouthpieces
8,5710,55,57,505309,,,Ремені та стійки для духових інструментів,Ремни и подставки для медных духовых инструментов,Brass Instrument Straps & Stands
8,5710,55,57,505310,,,Кейси та сумки для духових інструментів,Футляры для медных духовых инструментов,Brass Instrument Cases & Gigbags
8,5710,55,57,505768,,,Глухі звуки для духових інструментів,Сурдины для медных духовых инструментов,Brass Instrument Mutes
8,5710,55,60,,,,Аксесуари для музичних клавіатур,Принадлежности для клавишных музыкальных инструментов,Musical Keyboard Accessories
8,5710,55,60,3324,,,Педалі сустейну,Аккустические педали,Sustain Pedals
8,5710,55,60,3588,,,Стенди для музичних клавіатур,Подставки для клавишных музыкальных инструментов,Musical Keyboard Stands
8,5710,55,60,7357,,,Сумки та чохли для музичних клавіатур,Сумки и чехлы для клавишных инструментов,Musical Keyboard Bags & Cases
8,5710,55,61,,,,Аксесуари для струнних інструментів,Принадлежности для струнных инструментов,String Instrument Accessories
8,5710,55,61,3502,,,Аксесуари для гітари,Принадлежности для гитар,Guitar Accessories
8,5710,55,61,3502,3176,,Колки для настроювання гітари,Гитарные тюнеры,Guitar Tuning Pegs
8,5710,55,61,3502,3178,,Струни для гітари,Гитарные струны,Guitar Strings
8,5710,55,61,3502,3392,,Зволожувачі для гітари,Увлажнители для гитары,Guitar Humidifiers
8,5710,55,61,3502,3412,,Звукознімачі для електрогітари,Звукосниматели для электрогитар,Electric Guitar Pickups
8,5710,55,61,3502,3646,,Стенди для гітари,Стойки для гитар,Guitar Stands
8,5710,55,61,3502,3775,,Звукознімачі для акустичної гітари,Звукосниматели для акустических гитар,Acoustic Guitar Pickups
8,5710,55,61,3502,3882,,Кейси та сумки для гітари,Чехлы и футляры для гитар,Guitar Cases & Gig Bags
8,5710,55,61,3502,4111,,Медіатори для гітари,Гитарные медиаторы,Guitar Picks
8,5710,55,61,3502,5367,,Гітарні капо,Каподастры,Capos
8,5710,55,61,3502,5368,,Слайди для гітари,Гитарные слайды,Guitar Slides
8,5710,55,61,3502,499688,,Ремені для гітари,Ремни для гитар,Guitar Straps
8,5710,55,61,3502,503032,,Фурнітура та запчастини для гітари,Фурнитура и детали для гитары,Guitar Fittings & Parts
8,5710,55,61,3502,503721,,Намотувачі струн для гітари,Натяжители струн для гитары,Guitar String Winders
8,5710,55,61,4806,,,Догляд та чистка струнних інструментів,Средства для чистки струнных инструментов и ухода за ними,String Instrument Care & Cleaning
8,5710,55,61,4806,3374,,Смола для смичка,Канифоль для смычков,Bow Rosin
8,5710,55,61,4806,4911,,Серветки для чищення струнних інструментів,Ткань для чистки струнных инструментов,String Instrument Cleaning Cloths
8,5710,55,61,4806,4912,,Поліроль для струнних інструментів,Средства для полировки струнных инструментов,String Instrument Polish
8,5710,55,61,503033,,,Аксесуари для струнних оркестрових інструментів,Принадлежности для оркестровых струнных инструментов,Orchestral String Instrument Accessories
8,5710,55,61,503033,8209,,Чохли для смичків струнних оркестрових інструментів,Чехлы для смычков для струнных инструментов,Orchestral String Instrument Bow Cases
8,5710,55,61,503033,503034,,Струни для оркестрових струнних інструментів,Струны для оркестровых струнных инструментов,Orchestral String Instrument Strings
8,5710,55,61,503033,503035,,Стійки для струнних оркестрових інструментів,Подставки для оркестровых струнных инструментов,Orchestral String Instrument Stands
8,5710,55,61,503033,503036,,Звукознімачі для струнних оркестрових інструментів,Звукосниматели для оркестровых струнных инструментов,Orchestral String Instrument Pickups
8,5710,55,61,503033,503037,,Сурдина для струнних оркестрових інструментів,Сурдины для оркестровых струнных инструментов,Orchestral String Instrument Mutes
8,5710,55,61,503033,503038,,Фурнітура та деталі для струнних оркестрових інструментів,Фурнитура и детали для оркестровых струнных инструментов,Orchestral String Instrument Fittings & Parts
8,5710,55,61,503033,503039,,Чохли для струнних оркестрових інструментів,Футляры для оркестровых струнных инструментов,Orchestral String Instrument Cases
8,5710,55,61,503033,503040,,Смички для струнних оркестрових інструментів,Смычки для оркестровых струнных инструментов,Orchestral String Instrument Bows
8,5710,55,62,,,,Аксесуари для дерев'яних духових інструментів,Принадлежности для деревянных духовых инструментов,Woodwind Instrument Accessories
8,5710,55,62,4790,,,Аксесуари для фагота,Принадлежности для фаготов,Bassoon Accessories
8,5710,55,62,4790,4809,,Догляд та чистка фагота,Средства для чистки фаготов и ухода за ними,Bassoon Care & Cleaning
8,5710,55,62,4790,4809,4815,Шматочки для чистки фагота,Шомполы для чистки фаготов,Bassoon Swabs
8,5710,55,62,4790,4810,,Кейси та сумки для фагота,Футляры и чехлы для фаготов,Bassoon Cases & Gigbags
8,5710,55,62,4790,4811,,Запчастини для фагота,Детали для фаготов,Bassoon Parts
8,5710,55,62,4790,4811,4816,Мундштуки для фагота,Шейки для фаготов,Bassoon Bocals
8,5710,55,62,4790,4811,4817,Малі деталі для фагота,Мелкие детали для фаготов,Bassoon Small Parts
8,5710,55,62,4790,4812,,Трости для фагота,Трости для фаготов,Bassoon Reeds
8,5710,55,62,4790,4813,,Стенди для фагота,Стойки для фаготов,Bassoon Stands
8,5710,55,62,4790,4814,,Ремені та підтримки для фагота,Ремни и подставки для фаготов,Bassoon Straps & Supports
8,5710,55,62,4791,,,Аксесуари для кларнету,Принадлежности для кларнетов,Clarinet Accessories
8,5710,55,62,4791,4818,,Догляд та чистка кларнету,Средства для чистки кларнетов и ухода за ними,Clarinet Care & Cleaning
8,5710,55,62,4791,4818,4826,Набори для догляду за кларнетом,Наборы для ухода за кларнетами,Clarinet Care Kits
8,5710,55,62,4791,4818,4827,Захисні накладки для кларнету,Защитные вставки для кларнетов,Clarinet Pad Savers
8,5710,55,62,4791,4818,4828,Шматочки для очищення кларнета,Шомполы для чистки кларнетов,Clarinet Swabs
8,5710,55,62,4791,4819,,Кейси та гігбеги для кларнету,Футляры и чехлы для кларнетов,Clarinet Cases & Gigbags
8,5710,55,62,4791,4820,,Лігатури та ковпачки для кларнету,Лигатуры и колпачки для кларнетов,Clarinet Ligatures & Caps
8,5710,55,62,4791,4822,,Деталі для кларнету,Детали для кларнетов,Clarinet Parts
8,5710,55,62,4791,4822,4829,Бочки для кларнету,Бочонки для кларнетов,Clarinet Barrels
8,5710,55,62,4791,4822,4830,Дзвоники для кларнету,Раструбы для кларнетов,Clarinet Bells
8,5710,55,62,4791,4822,4831,Мундштуки для кларнету,Мундштуки для кларнетов,Clarinet Mouthpieces
8,5710,55,62,4791,4822,4832,Малі деталі для кларнета,Мелкие детали для кларнетов,Clarinet Small Parts
8,5710,55,62,4791,4823,,Штифти та стійки для кларнету,Подставки и стойки для кларнетов,Clarinet Pegs & Stands
8,5710,55,62,4791,4824,,Трости для кларнету,Трости для кларнетов,Clarinet Reeds
8,5710,55,62,4791,4825,,Ремені та підтримки для кларнета,Ремни и подставки для кларнетов,Clarinet Straps & Supports
8,5710,55,62,4792,,,Аксесуари для флейти,Принадлежности для флейт,Flute Accessories
8,5710,55,62,4792,4833,,Догляд та чистка флейти,Средства для чистки флейт и ухода за ними,Flute Care & Cleaning
8,5710,55,62,4792,4833,4838,Набори для догляду за флейтою,Принадлежности для ухода за флейтами,Flute Care Kits
8,5710,55,62,4792,4833,4839,Палички для чистки флейти,Стержни для чистки флейт,Flute Cleaning Rods
8,5710,55,62,4792,4833,4840,Шматочки для чистки флейти,Шомполы для чистки флейт,Flute Swabs
8,5710,55,62,4792,4834,,Кейси та сумки для флейти,Футляры и чехлы для флейт,Flute Cases & Gigbags
8,5710,55,62,4792,4836,,Деталі флейти,Детали для флейт,Flute Parts
8,5710,55,62,4792,4836,4841,Головні частини флейти,Колена для флейт,Flute Headjoints
8,5710,55,62,4792,4836,4842,Малі деталі флейти,Мелкие детали для флейт,Flute Small Parts
8,5710,55,62,4792,4837,,Колодки та стійки для флейти,Подставки и стойки для флейт,Flute Pegs & Stands
8,5710,55,62,4793,,,Аксесуари для гобоя та англійського рогу,Аксессуары для гобоя,Oboe & English Horn Accessories
8,5710,55,62,4793,4843,,Догляд та чистка гобоя,Средства для чистки гобоев и ухода за ними,Oboe Care & Cleaning
8,5710,55,62,4793,4843,4849,Набори для догляду за гобоєм,Наборы для ухода за гобоями,Oboe Care Kits
8,5710,55,62,4793,4843,4850,Шматочки для чищення гобоя,Шомполы для чистки гобоев,Oboe Swabs
8,5710,55,62,4793,4844,,Кейси та гігбеги для гобоя,Футляры и чехлы для гобоев,Oboe Cases & Gigbags
8,5710,55,62,4793,4845,,Запчастини до гобоя,Детали для гобоев,Oboe Parts
8,5710,55,62,4793,4845,4851,Малі деталі для гобоя,Мелкие детали для гобоев,Oboe Small Parts
8,5710,55,62,4793,4846,,Штифти та стійки для гобоя,Подставки и стойки для гобоев,Oboe Pegs & Stands
8,5710,55,62,4793,4847,,Трости для гобоя,Трости для гобоев,Oboe Reeds
8,5710,55,62,4793,4848,,Ремені та підтримки для гобоя,Подвесы и держатели для гобоев,Oboe Straps & Supports
8,5710,55,62,4794,,,Аксесуари для саксофону,Принадлежности для саксофонов,Saxophone Accessories
8,5710,55,62,4794,4852,,Догляд та чищення саксофону,Средства для чистки саксофонов и ухода за ними,Saxophone Care & Cleaning
8,5710,55,62,4794,4852,4860,Набори для догляду за саксофонами,Наборы для ухода за саксофонами,Saxophone Care Kits
8,5710,55,62,4794,4852,4861,Захисні накладки для саксофонів,Защитные вставки для саксофонов,Saxophone Pad Savers
8,5710,55,62,4794,4852,4862,Шматочки для чищення саксофонів,Шомполы для чистки саксофонов,Saxophone Swabs
8,5710,55,62,4794,4853,,Кейси та гігбеги для саксофонів,Футляры и чехлы для саксофонов,Saxophone Cases & Gigbags
8,5710,55,62,4794,4854,,Лігатури та ковпачки для саксофонів,Лигатуры и колпачки для саксофонов,Saxophone Ligatures & Caps
8,5710,55,62,4794,4856,,Запчастини для саксофонів,Детали для саксофонов,Saxophone Parts
8,5710,55,62,4794,4856,4863,Мундштуки для саксофонів,Мундштуки для саксофонов,Saxophone Mouthpieces
8,5710,55,62,4794,4856,4864,Грифи для саксофонів,Шейки для саксофонов,Saxophone Necks
8,5710,55,62,4794,4856,4865,Малі деталі для саксофонів,Мелкие детали для саксофонов,Saxophone Small Parts
8,5710,55,62,4794,4857,,Штифти та стійки для саксофонів,Подставки и стойки для саксофонов,Saxophone Pegs & Stands
8,5710,55,62,4794,4858,,Трости для саксофонів,Трости для саксофонов,Saxophone Reeds
8,5710,55,62,4794,4859,,Ремені та підтримки для саксофонів,Ремни и подставки для саксофонов,Saxophone Straps & Supports
8,5710,55,62,4866,,,Мастило для коркових пробок духових інструментів,Смазка для пробки для деревянных духовых инструментов,Woodwind Cork Grease
8,5710,55,62,4867,,,Серветки для полірування дерев'яних духових інструментів,Ткань для полировки деревянных духовых инструментов,Woodwind Polishing Cloths
8,5710,55,62,4939,,,Ножі для тростин духових,Ножи для тростей для деревянных духовых инструментов,Woodwind Reed Knives
8,5710,55,62,4955,,,Аксесуари для губної гармошки,Принадлежности для губных гармоник,Harmonica Accessories
8,5710,55,62,4955,4956,,Футляри для губної гармошки,Футляры для губных гармоник,Harmonica Cases
8,5710,55,62,4955,5046,,Утримувачі для губної гармошки,Ремешки для губных гармоник,Harmonica Holders
8,5710,55,62,4957,,,Кейси для тростин духових інструментів,Футляры для тростей для деревянных духовых инструментов,Woodwind Reed Cases
8,5710,55,62,503747,,,Аксесуари для диктофонів,Принадлежности для блок-флейты,Recorder Accessories
8,5710,55,62,503747,503748,,Чохли для диктофонів,Футляры для блок-флейты,Recorder Cases
8,5710,55,62,503747,503749,,Догляд та чистка диктофонів,Средства для ухода за блок-флейтой,Recorder Care & Cleaning
8,5710,55,62,503747,503750,,Запчастини для диктофонів,Детали для блок-флейты,Recorder Parts
8,5710,55,3270,,,,Електронні настроювачі,Электронные тюнеры,Electronic Tuners
8,5710,55,3465,,,,Аксесуари для ударних,Принадлежности для ударных музыкальных инструментов,Percussion Accessories
8,5710,55,3465,59,,,Барабанні палички та щітки,Барабанные палочки и кисти,Drum Sticks & Brushes
8,5710,55,3465,4631,,,Молоточки для ударних,Палочки для ударных музыкальных инструментов,Percussion Mallets
8,5710,55,3465,7099,,,Аксесуари для барабанних установок,Оборудование для ударных установок,Drum Kit Hardware
8,5710,55,3465,7099,7101,,Педалі для барабанів,Педали для барабанов,Drum Pedals
8,5710,55,3465,7099,7102,,Кріплення для барабанних установок,Крепёж для ударных установок,Drum Kit Mounting Hardware
8,5710,55,3465,7099,7103,,Барабанні палички для великого бас-барабану,Колотушки для бас-барабанов,Bass Drum Beaters
8,5710,55,3465,7100,,,Кейси для тарілок та барабанів,Чехлы для ударных тарелок и барабанов,Cymbal & Drum Cases
8,5710,55,3465,7150,,,Аксесуари для барабанних паличок та щіток,Принадлежности для барабанных палочек и кистей,Drum Stick & Brush Accessories
8,5710,55,3465,7150,7151,,Сумки та тримачі для барабанних паличок та щіток,Сумки и чехлы для барабанных палочек и кистей,Drum Stick & Brush Bags & Holders
8,5710,55,3465,7152,,,Ключі для барабанів,Ключи для барабанов,Drum Keys
8,5710,55,3465,7153,,,Мембрани для барабанів,Кожа для барабанов,Drum Heads
8,5710,55,3465,7231,,,Глушники для тарілок та барабанів,Сурдины для ударных тарелок и барабанов,Cymbal & Drum Mutes
8,5710,55,3465,7282,,,Аксесуари для ручних ударних інструментів,Принадлежности для ручной перкуссии,Hand Percussion Accessories
8,5710,55,3465,7282,7283,,Сумки та чохли для ручних ударних інструментів,Сумки и чехлы для ручной перкуссии,Hand Percussion Bags & Cases
8,5710,55,3465,7282,7284,,Стійки та кріплення для ручних ударних інструментів,Стойки и крепления для ручной перкуссии,Hand Percussion Stands & Mounts
8,5710,55,3465,7308,,,Стійки для ударних,Стойки для ударных музыкальных инструментов,Percussion Stands
8,5710,55,3465,7455,,,Електронні модулі для барабанів,Модули для электронных ударных установок,Electronic Drum Modules
8,5710,55,4142,,,,Нотні стійки,Пюпитры,Music Stands
8,5710,55,7277,,,,Аксесуари для нотних стійок,Принадлежности для пюпитров,Music Stand Accessories
8,5710,55,7277,7278,,,Зажими для нот,Зажимы для нот,Sheet Music Clips
8,5710,55,7277,7279,,,Сумки для нотних стійок,Сумки для пюпитров,Music Stand Bags
8,5710,55,7277,7280,,,Світло для нотних стійок,Светильники для пюпитров,Music Stand Lights
8,5710,55,8072,,,,Аксесуари для підсилювачів музичних інструментів,Принадлежности для усилителей для музыкальных инструментов,Musical Instrument Amplifier Accessories
8,5710,55,8072,6970,,,Корпуси для підсилювачів музичних інструментів,Шкафы для музыкальных усилителей,Musical Instrument Amplifier Cabinets
8,5710,55,8072,7364,,,Стійки для підсилювачів музичних інструментів,Стойки для усилителей для музыкальных инструментов,Musical Instrument Amplifier Stands
8,5710,55,8072,8073,,,Педалі для підсилювачів музичних інструментів,Педали для усилителей для музыкальных инструментов,Musical Instrument Amplifier Footswitches
8,5710,55,8072,8461,,,Чохли та кейси для підсилювачів музичних інструментів,Чехлы и ящики для усилителей для музыкальных инструментов,Musical Instrument Amplifier Covers & Cases
8,5710,55,8072,8462,,,Ручки регулювання для підсилювачів музичних інструментів,Регуляторы для усилителей для музыкальных инструментов,Musical Instrument Amplifier Knobs
8,5710,55,8072,8480,,,Лампи для підсилювачів музичних інструментів,Электронные лампы для усилителей для музыкальных инструментов,Musical Instrument Amplifier Tubes
8,5710,55,500001,,,,Музичні ліри та папки-фліпи,Маршевые лиры и пюпитры,Music Lyres & Flip Folders
8,5710,55,505288,,,,Диригентські палички,Дирижерские палочки,Conductor Batons
8,5710,55,505328,,,,Музичні лави та стільці,Банкетки и стулья,Music Benches & Stools
8,5710,55,505365,,,,Метрономи,Метрономы,Metronomes
8,5710,216,,,,,Колекційні предмети,Коллекционные предметы,Collectibles
8,5710,216,37,,,,Масштабні моделі,Масштабные модели,Scale Models
8,5710,216,217,,,,Колекційні монети та валюта,Коллекционные монеты и банкноты,Collectible Coins & Currency
8,5710,216,217,543606,,,Колекційні монети,Коллекционные монеты,Collectible Coins
8,5710,216,217,543607,,,Колекційні банкноти,Коллекционные банкноты,Collectible Banknotes
8,5710,216,218,,,,Каміння та викопні рештки,Горные породы и окаменелости,Rocks & Fossils
8,5710,216,219,,,,Поштові марки,Почтовые марки,Postage Stamps
8,5710,216,220,,,,Колекційна зброя,Коллекционное оружие,Collectible Weapons
8,5710,216,220,221,,,Колекційні мечі,Коллекционные мечи,Collectible Swords
8,5710,216,220,1340,,,Стенди та вітрини для мечів,Подставки и стенды для мечей,Sword Stands & Displays
8,5710,216,220,5311,,,Колекційні ножі,Коллекционные ножи,Collectible Knives
8,5710,216,220,499953,,,Колекційна вогнепальна зброя,Коллекционные пистолеты и ружья,Collectible Guns
8,5710,216,1312,,,,Печатки-пломби,Штемпели,Seal Stamps
8,5710,216,3599,,,,Автографи,Автографы,Autographs
8,5710,216,3865,,,,Спортивні колекційні предмети,Спортивные реликвии для коллекционеров,Sports Collectibles
8,5710,216,3865,3515,,,Аксесуари для фанатів спорту,Товары для спортивных болельщиков,Sports Fan Accessories
8,5710,216,3865,3515,1051,,Аксесуари для фанатів автоперегонів,Товары для болельщиков автогонок,Auto Racing Fan Accessories
8,5710,216,3865,3515,1074,,Аксесуари для фанатів бейсболу та софтболу,Товары для бейсбольных и софтбольных болельщиков,Baseball & Softball Fan Accessories
8,5710,216,3865,3515,1084,,Аксесуари для фанатів баскетболу,Товары для баскетбольных болельщиков,Basketball Fan Accessories
8,5710,216,3865,3515,1095,,Аксесуари для фанатів американського футболу,Товары для болельщиков американского футбола,American Football Fan Accessories
8,5710,216,3865,3515,3576,,Аксесуари для футбольних фанатів,Товары для футбольных болельщиков,Soccer Fan Accessories
8,5710,216,3865,3515,4006,,Аксесуари для фанатів хокею,Товары для хоккейных болельщиков,Hockey Fan Accessories
8,5710,216,3865,3515,6187,,Аксесуари для фанатів тенісу,Товары для теннисных болельщиков,Tennis Fan Accessories
8,5710,216,3865,4333,,,Спортивна атрибутика з автографами,Спортивная атрибутика с автографами,Autographed Sports Paraphernalia
8,5710,216,3865,4333,4093,,Футбольні речі з автографами,Футбольная атрибутика с автографами,Soccer Autographed Paraphernalia
8,5710,216,3865,4333,4124,,Автографовані речі з американського футболу,Атрибутика с автографами звёзд американского футбола,American Football Autographed Paraphernalia
8,5710,216,3865,4333,4144,,Хокейні речі з автографами,Хоккейная атрибутика с автографами,Hockey Autographed Paraphernalia
8,5710,216,3865,4333,4149,,Автографовані речі з бейсболу та софтболу,Бейсбольная и софтбольная атрибутика с автографами,Baseball & Softball Autographed Paraphernalia
8,5710,216,3865,4333,4180,,Атрибутика автоперегонів з автографами,Автоспортивная атрибутика с автографами,Auto Racing Autographed Paraphernalia
8,5710,216,3865,4333,4279,,Баскетбольні речі з автографами,Баскетбольная атрибутика с автографами,Basketball Autographed Paraphernalia
8,5710,216,3865,4333,6186,,Тенісна спортивна атрибутика з автографами,Теннисная атрибутика с автографами,Tennis Autographed Sports Paraphernalia
8,5710,216,3865,4333,8210,,Автографовані предмети боксу,Боксерская атрибутика с автографами,Boxing Autographed Paraphernalia
8,5710,216,3893,,,,Ретро реклама,Коллекционные рекламные объявления,Vintage Advertisements
8,5710,216,6000,,,,Аксесуари для масштабних моделей,Принадлежности для масштабных моделей,Scale Model Accessories
8,5710,216,6997,,,,Колекційні картки для обміну,Коллекционные карточки,Collectible Trading Cards
8,5710,3577,,,,,Постачання для домашнього варіння пива та виготовлення вина,Сырьё для домашнего пивоварения и виноделия,Homebrewing & Winemaking Supplies
8,5710,3577,2579,,,,Виготовлення вина,Виноделие,Wine Making
8,5710,3577,3014,,,,Зерно та солод для варіння пива,Зерно и солод для пивоварения,Beer Brewing Grains & Malts
8,5710,3577,499891,,,,Набори для домашнього варіння пива та виготовлення вина,Наборы для домашнего пивоварения и виноделия,Homebrewing & Winemaking Kits
8,5710,3577,502980,,,,Пляшки для розливу,Бутылки для розлива,Bottling Bottles
8,5710,5999,,,,,Моделювання,Моделизм,Model Making
8,5710,5999,3885,,,,Модельна техніка ракетобудування,Сборные модели ракет,Model Rocketry
8,5710,5999,4175,,,,Набори для масштабних моделей,Сборные модели,Scale Model Kits
8,5710,5999,5150,,,,Моделі поїздів та набори поїздів,Модели железных дорог,Model Trains & Train Sets
8,5710,5999,5151,,,,Аксесуари для моделей поїздів,Принадлежности для моделей железных дорог,Model Train Accessories
8,499969,,,,,,Квитки на події,Билеты на мероприятия,Event Tickets
111,,,,,,,Бізнес та промисловість,Бизнес и промышленность,Business & Industrial
111,112,,,,,,Сільське господарство,Сельское хозяйство,Agriculture
111,112,6991,,,,,Тваринництво,Животноводство,Animal Husbandry
111,112,6991,6990,,,,Кормушки та поїлки для худоби,Кормушки для скота,Livestock Feeders & Waterers
111,112,6991,499946,,,,Намордники для худоби,Поводья для скота,Livestock Halters
111,112,6991,499997,,,,Інкубатори для яєць,Инкубаторы для яиц,Egg Incubators
111,112,6991,505821,,,,Корм для худоби,Корм для скота,Livestock Feed
111,112,6991,505821,543544,,,Корм для курей,Корм для кур,Chicken Feed
111,112,6991,505821,543545,,,Корм для великої рогатої худоби,Корм для крупного рогатого скота,Cattle Feed
111,112,6991,505821,543546,,,Корм для свиней,Корм для свиней,Pig Feed
111,112,6991,505821,543547,,,Корм для кіз та овець,Корм для коз и овец,Goat & Sheep Feed
111,112,6991,505821,543548,,,Комбінований корм для стада,Корм для смешанного стада,Mixed Herd Feed
111,114,,,,,,Будівництво,Строительство,Construction
111,114,134,,,,,Геодезія,Товары для межевания,Surveying
111,114,8278,,,,,Дорожні конуси та бочки,Дорожные конусы и буферы,Traffic Cones & Barrels
111,135,,,,,,Послуги харчування,Общественное питание,Food Service
111,135,137,,,,,Торгові автомати,Торговые автоматы,Vending Machines
111,135,4096,,,,,Кошики для обслуговування їжі,Пластиковые корзины для продуктов,Food Service Baskets
111,135,4217,,,,,Ящики для посуду,Контейнеры для грязной посуды,Bus Tubs
111,135,4632,,,,,Одноразовий посуд,Одноразовая посуда,Disposable Tableware
111,135,4632,5098,,,,Одноразові миски,Одноразовые миски,Disposable Bowls
111,135,4632,5099,,,,Одноразові чашки,Одноразовые стаканы,Disposable Cups
111,135,4632,5100,,,,Одноразовий столовий прибор,Одноразовые столовые приборы,Disposable Cutlery
111,135,4632,5101,,,,Одноразові тарілки,Одноразовые тарелки,Disposable Plates
111,135,4742,,,,,Візки для обслуговування їжі,Сервировочные столики,Food Service Carts
111,135,5097,,,,,Контейнери для виносу їжі,Контейнеры для еды и напитков на вынос,Take-Out Containers
111,135,5102,,,,,Контейнери для продуктів харчування,Рекламные пищевые контейнеры,Concession Food Containers
111,135,5104,,,,,Підігрівачі для тарілок та страв,Плитки для подогрева тарелок и блюд,Plate & Dish Warmers
111,135,6517,,,,,Грилі для хот-догів,Грили для хот-догов,Hot Dog Rollers
111,135,6786,,,,,Мийки та сушарки для продуктів,Машины для мойки и сушки пищевых продуктов,Food Washers & Dryers
111,135,7088,,,,,Одноразові сервізи,Одноразовые приборы для сервировки,Disposable Serveware
111,135,7088,7089,,,,Одноразові подавальні тарілки,Одноразовые подносы,Disposable Serving Trays
111,135,7303,,,,,Коробки для випічки,Хлебобулочные контейнеры,Bakery Boxes
111,135,7353,,,,,Бокси для льоду,Бункеры для льда,Ice Bins
111,135,7553,,,,,Наклонні сковороди,Наклонные сковороды,Tilt Skillets
111,135,8059,,,,,Одноразові кришки,Одноразовые крышки,Disposable Lids
111,135,8532,,,,,Папки для рахунків,Держатели для банковских чеков,Check Presenters
111,135,8533,,,,,Захисні екрани від чхання,Защитные буфетные экраны,Sneeze Guards
111,138,,,,,,Роздріб,Розничная торговля,Retail
111,138,1837,,,,,Паперові та пластикові пакети для покупок,Бумажные и полиэтиленовые пакеты для покупок,Paper & Plastic Shopping Bags
111,138,3803,,,,,Демонстраційні манекени,Манекены для одежды,Display Mannequins
111,138,4127,,,,,Маркувальні пістолети,Пистолеты для нанесения ценников,Pricing Guns
111,138,4160,,,,,Вітрини для роздрібної торгівлі,Витрины для розничных магазинов,Retail Display Cases
111,138,4181,,,,,Обробка грошей,Счётно-денежное оборудование,Money Handling
111,138,4181,3273,,,,Обмінники грошей,Автоматы для размена денег,Money Changers
111,138,4181,4055,,,,Паперові обгортки для монет та стрічки для банкнот,Бумажная упаковка для монет и ленты для банкнот,Paper Coin Wrappers & Bill Straps
111,138,4181,4151,,,,Лічильники монет та банкнот,Счётно-денежные машины,Coin & Bill Counters
111,138,4181,4290,,,,Верифікатори банкнот,Оборудование для проверки банкнот,Banknote Verifiers
111,138,4181,4329,,,,Сумки для депозиту грошей,Инкассаторские сумки,Money Deposit Bags
111,138,4181,505824,,,,Касові апарати та POS-термінали,Кассовые аппараты и терминалы в торговых точках,Cash Registers & POS Terminals
111,138,4181,505824,543647,,,Касові апарати,Кассовые аппараты,Cash Registers
111,138,4181,505824,543648,,,POS-термінали,POS-терминалы,POS Terminals
111,138,4181,505825,,,,Аксесуари для касових апаратів та POS-терміналів,Принадлежности для кассовых аппаратов и терминалов в торговых точках,Cash Register & POS Terminal Accessories
111,138,4181,505825,4283,,,Касові шухляди та лотки,Выдвижные ящики-кассы,Cash Drawers & Trays
111,138,4181,505825,5310,,,Планшети для захоплення підпису,Устройства ввода подписи,Signature Capture Pads
111,138,4181,505825,505808,,,Термінали для кредитних карток,Терминалы для приема платежей с пластиковых карт,Credit Card Terminals
111,138,4244,,,,,Стенди для демонстрації одягу,Стеллажи и вешалки для одежды,Clothing Display Racks
111,138,7128,,,,,Частини манекенів,Детали манекенов,Mannequin Parts
111,138,499897,,,,,Реквізит та моделі для вітрин роздрібної торгівлі,Макеты и модели для витрин,Retail Display Props & Models
111,976,,,,,,"Знаки, інформаційні таблички",Знаки и обозначения,Signage
111,976,4297,,,,,Електричні знаки,Электрические вывески,Electric Signs
111,976,4297,4070,,,,Неонові знаки,Неоновые вывески,Neon Signs
111,976,4297,4131,,,,LED вивіски,Светодиодные вывески,LED Signs
111,976,5892,,,,,Знаки безпеки та попередження,Знаки безопасности и предупреждающие надписи,Safety & Warning Signs
111,976,5893,,,,,Охоронні знаки,Знаки для охраняемых объектов,Security Signs
111,976,5894,,,,,Знаки аварійного виходу та виходу,Аварийные знаки и знаки выхода,Emergency & Exit Signs
111,976,5895,,,,,Дорожні та дорожньо-транспортні знаки,Дорожные знаки и указатели,Road & Traffic Signs
111,976,5896,,,,,Знаки та дозволи на паркування,Знаки автостоянки,Parking Signs & Permits
111,976,5897,,,,,Знаки ідентифікації об'єктів,Знаки идентификации помещений,Facility Identification Signs
111,976,5898,,,,,Таблички для роздрібної торгівлі та розпродажу,Вывески для розничной торговли,Retail & Sale Signs
111,976,5899,,,,,Тротуарні та дворові знаки,Знаки и вывески для тротуаров и дворов,Sidewalk & Yard Signs
111,976,5900,,,,,Інформаційні знаки,Знаки с правилами,Policy Signs
111,976,7322,,,,,Таблички з годинами роботи,Вывески с часами работы,Business Hour Signs
111,976,7323,,,,,"Вивіски ""Відкрито"" / ""Закрито""","Знаки ""Открыто"" и ""Закрыто""",Open & Closed Signs
111,976,8155,,,,,Цифрові знаки,Цифровые вывески,Digital Signs
111,1470,,,,,,Виробництво,Производство,Manufacturing
111,1475,,,,,,Готельне господарство,Гостиничный бизнес,Hotel & Hospitality
111,1556,,,,,,Правоохоронні органи,Товары для обеспечения правопорядка,Law Enforcement
111,1556,361,,,,,Металодетектори,Металлоискатели,Metal Detectors
111,1556,1906,,,,,Манжети,Кандалы,Cuffs
111,1624,,,,,,Наука та лабораторії,Лабораторное и научное оборудование,Science & Laboratory
111,1624,3002,,,,,Лабораторні речовини,Лабораторные химикаты,Laboratory Chemicals
111,1624,4255,,,,,Лабораторні матеріали,Лабораторные принадлежности,Laboratory Supplies
111,1624,4255,4036,,,,Лабораторні колби,Лабораторные колбы,Laboratory Flasks
111,1624,4255,4061,,,,Градуйовані циліндри,Мерные цилиндры,Graduated Cylinders
111,1624,4255,4075,,,,Піпетки,Пипетки,Pipettes
111,1624,4255,4140,,,,Пляшки для промивання,Промывные склянки,Wash Bottles
111,1624,4255,4155,,,,Підставки для пробірок,Штативы для пробирок,Test Tube Racks
111,1624,4255,4276,,,,Петрієві чаші,Чашки Петри,Petri Dishes
111,1624,4255,4306,,,,Пробірки,Пробирки,Test Tubes
111,1624,4255,4310,,,,Бейкери,Лабораторные стаканы,Beakers
111,1624,4335,,,,,Лабораторне обладнання,Лабораторное оборудование,Laboratory Equipment
111,1624,4335,158,,,,Мікроскопи,Микроскопы,Microscopes
111,1624,4335,4116,,,,Автоклави,Автоклавы,Autoclaves
111,1624,4335,4133,,,,Лабораторні гарячі пластини,Лабораторные электроплитки,Laboratory Hot Plates
111,1624,4335,4231,,,,Лабораторні печі,Лабораторные печи,Laboratory Ovens
111,1624,4335,4336,,,,Центрифуги,Центрифуги,Centrifuges
111,1624,4335,4474,,,,Лабораторні блендери,Лабораторные смесители,Laboratory Blenders
111,1624,4335,4555,,,,Аксесуари для мікроскопів,Принадлежности для микроскопов,Microscope Accessories
111,1624,4335,4555,4556,,,Окуляри та адаптери для мікроскопів,Окуляры и адаптеры для микроскопов,Microscope Eyepieces & Adapters
111,1624,4335,4555,4557,,,Камери для мікроскопів,Камеры для микроскопов,Microscope Cameras
111,1624,4335,4555,4558,,,Предметні склінці для мікроскопа,Предметные стекла для микроскопов,Microscope Slides
111,1624,4335,4555,4664,,,Запасні лампи для мікроскопів,Сменные лампы для микроскопов,Microscope Replacement Bulbs
111,1624,4335,4555,4665,,,Об'єктиви для мікроскопів,Объективы для микроскопов,Microscope Objective Lenses
111,1624,4335,7218,,,,Машини для виробництва сухого льоду,Генераторы сухого льда,Dry Ice Makers
111,1624,4335,7393,,,,Спектрометри,Спектрометры,Spectrometers
111,1624,4335,7437,,,,Мікротоми,Микротомы,Microtomes
111,1624,4335,7468,,,,Аксесуари для спектрометрів,Принадлежности для спектрометров,Spectrometer Accessories
111,1624,4335,500057,,,,Машини для сублімаційної сушки,Лиофильные сушилки,Freeze-Drying Machines
111,1624,4335,500114,,,,Лабораторні морозильники,Лабораторные холодильники,Laboratory Freezers
111,1624,4335,503722,,,,Лабораторні воронки,Лабораторные воронки,Laboratory Funnels
111,1624,6975,,,,,Біохімічні речовини,Биохимические реагенты,Biochemicals
111,1624,7325,,,,,Набори для розтину,Препаровальные наборы,Dissection Kits
111,1624,8119,,,,,Лабораторні зразки,Лабораторные образцы,Laboratory Specimens
111,1795,,,,,,Важке обладнання,Тяжелое оборудование,Heavy Machinery
111,1795,2072,,,,,Дробарки,Рубительные машины,Chippers
111,1813,,,,,,Фінанси та страхування,Финансы и страхование,Finance & Insurance
111,1813,7565,,,,,Бульйон,Слитки,Bullion
111,1827,,,,,,Лісове господарство та заготівля деревини,Лесное хозяйство и заготовка леса,Forestry & Logging
111,2047,,,,,,Захисне обладнання для безпеки на роботі,Рабочее защитное снаряжение,Work Safety Protective Gear
111,2047,2227,,,,,Захисні окуляри,Средства для защиты глаз,Protective Eyewear
111,2047,2389,,,,,Бронежилети,Пуленепробиваемые жилеты,Bullet Proof Vests
111,2047,2723,,,,,Каски будівельні,Каски,Hardhats
111,2047,2808,,,,,Костюми для роботи з небезпечними матеріалами,Защитные костюмы,Hazardous Material Suits
111,2047,5591,,,,,Рукавички безпеки,Защитные перчатки,Safety Gloves
111,2047,6764,,,,,Захисні фартухи,Защитные фартуки,Protective Aprons
111,2047,7085,,,,,Робочі страхувальні троси,Рабочие страховочные фалы,Work Safety Tethers
111,2047,8269,,,,,Аксесуари для газових масок та респіраторів,Принадлежности для противогазов и респираторов,Gas Mask & Respirator Accessories
111,2047,499708,,,,,Робочі страхувальні пояси,Рабочие страховочные привязи,Work Safety Harnesses
111,2047,499927,,,,,Зварювальні шоломи,Сварочные маски,Welding Helmets
111,2047,499961,,,,,Наколінники безпеки,Защитные наколенники,Safety Knee Pads
111,2047,503724,,,,,Захисні маски,Защитные маски,Protective Masks
111,2047,503724,513,,,,Медичні маски,Медицинские маски,Medical Masks
111,2047,503724,2349,,,,Маски пожежників,Защитные маски для пожарных,Fireman's Masks
111,2047,503724,2473,,,,Газові маски та респіратори,Противогазы и респираторы,Gas Masks & Respirators
111,2047,503724,7407,,,,Маски від пилу,Пылезащитные маски,Dust Masks
111,2155,,,,,,Кіно та телебачення,Кино и телевидение,Film & Television
111,2187,,,,,,Гірничо-кар'єрна промисловість,Горное дело,Mining & Quarrying
111,2496,,,,,,Медичний,Медицина,Medical
111,2496,1645,,,,,Хірургічні халати,Хирургические халаты,Surgical Gowns
111,2496,1898,,,,,Лікарняні халати,Больничные халаты,Hospital Gowns
111,2496,2907,,,,,Медичні засоби,Медицинские расходные материалы,Medical Supplies
111,2496,2907,511,,,,Одноразові рукавички,Одноразовые перчатки,Disposable Gloves
111,2496,2907,7063,,,,Наконечники для пальців,Медицинские напальчники,Finger Cots
111,2496,2907,7324,,,,Язикові шпателі,Медицинские шпатели,Tongue Depressors
111,2496,2907,499696,,,,Медичні голки та шприці,Медицинские иглы и шприцы,Medical Needles & Syringes
111,2496,2907,499696,543670,,,Медичні голки,Иглы медицинские,Medical Needles
111,2496,2907,499696,543671,,,Медичні шприці,Шприцы медицинские,Medical Syringes
111,2496,2907,499696,543672,,,Медичні набори голок та шприців,Шприцы в комплекте с иглами,Medical Needle & Syringe Sets
111,2496,2907,505828,,,,Постачання для остомії,Средства для ухода за стомой,Ostomy Supplies
111,2496,2928,,,,,Медичні халати,Медицинские костюмы,Scrubs
111,2496,3477,,,,,Медичне обладнання,Медицинское оборудование,Medical Equipment
111,2496,3477,3230,,,,Автоматичні зовнішні дефібрилятори,Автоматические наружные дефибрилляторы,Automated External Defibrillators
111,2496,3477,4245,,,,Отоскопи та офтальмоскопи,Отоскопы и офтальмоскопы,Otoscopes & Ophthalmoscopes
111,2496,3477,4364,,,,Стетоскопи,Стетоскопы,Stethoscopes
111,2496,3477,6280,,,,Монітори життєвих показників,Мониторы показателей жизнедеятельности,Vital Signs Monitors
111,2496,3477,6714,,,,Аксесуари для моніторів життєвих показників,Принадлежности для мониторов показателей жизнедеятельности,Vital Signs Monitor Accessories
111,2496,3477,6972,,,,Медичні рефлексні молоточки та камертони,Неврологические молотки,Medical Reflex Hammers & Tuning Forks
111,2496,3477,7522,,,,Ліфти для пацієнтів,Медицинские подъёмники,Patient Lifts
111,2496,3477,499858,,,,Медичні ноші та транспортабельні ліжка,Медицинские носилки и тележки,Medical Stretchers & Gurneys
111,2496,3477,503006,,,,Пояси для ходьби,Пояса для перемещения пациентов,Gait Belts
111,2496,5167,,,,,Медичні меблі,Медицинская мебель,Medical Furniture
111,2496,5167,4435,,,,Ліжка для домашнього догляду та лікарень,Больничные койки,Homecare & Hospital Beds
111,2496,5167,5168,,,,Столи для хірургії,Столы для хиропрактики,Chiropractic Tables
111,2496,5167,5169,,,,Крісла та столи для обстеження,Смотровые кресла и столы,Examination Chairs & Tables
111,2496,5167,5170,,,,Медичні шафи,Медицинские шкафы,Medical Cabinets
111,2496,5167,5171,,,,Медичні візки,Медицинские тележки,Medical Carts
111,2496,5167,5171,5173,,,Медичні тележки,Реанимационные тележки,Crash Carts
111,2496,5167,5171,5174,,,Стійки та візки для інфузій,Штативы и тележки для внутривенных инъекций,IV Poles & Carts
111,2496,5167,5172,,,,Хірургічні столи,Операционные столы,Surgical Tables
111,2496,5602,,,,,Шапочки для скрабу,Медицинские шапочки,Scrub Caps
111,2496,6275,,,,,Штори для лікарень,Больничные занавески,Hospital Curtains
111,2496,6303,,,,,Медичне постільне приладдя,Медицинское бельё,Medical Bedding
111,2496,6490,,,,,Обладнання для медичного навчання,Медицинское оборудование для обучения,Medical Teaching Equipment
111,2496,6490,6491,,,,Манекени для навчання медичної допомоги та реагування на надзвичайні ситуації,Медицинские манекены для обучения,Medical & Emergency Response Training Mannequins
111,2496,230913,,,,,Медичні інструменти,Медицинские инструменты,Medical Instruments
111,2496,230913,6281,,,,Медичні щипці,Медицинские щипцы,Medical Forceps
111,2496,230913,8026,,,,Скальпелі,Скальпели,Scalpels
111,2496,230913,232166,,,,Леза для скальпелів,Лезвия для скальпелей,Scalpel Blades
111,2496,230913,499935,,,,Хірургічні голки та шви,Ххирургические иглы и нити,Surgical Needles & Sutures
111,4285,,,,,,Пірсинг та тату,Пирсинг и татуировка,Piercing & Tattooing
111,4285,4326,,,,,Товари для татуювання,Оборудование для татуировки,Tattooing Supplies
111,4285,4326,4072,,,,Голки для татуювання,Иглы для татуировки,Tattooing Needles
111,4285,4326,4215,,,,Тату-чорнило,Краски для татуировки,Tattooing Inks
111,4285,4326,4379,,,,Машинки для татуювання,Машинки для татуировки,Tattooing Machines
111,4285,4326,5853,,,,Засоби для приховування татуювань,Коррекция и исправление татуировок,Tattoo Cover-Ups
111,4285,4350,,,,,Товари для пірсингу,Материалы для пирсинга,Piercing Supplies
111,4285,4350,4122,,,,Голки для пірсингу,Иглы для пирсинга,Piercing Needles
111,5830,,,,,,Промислове сховище,Товары для хранения промышленной продукции,Industrial Storage
111,5830,5831,,,,,Контейнери для відправки,Контейнеры для транспортировки,Shipping Containers
111,5830,5832,,,,,Промислові шафи,Промышленные шкафы,Industrial Cabinets
111,5830,5833,,,,,Промислові стелажі,Промышленные стеллажи,Industrial Shelving
111,5830,8274,,,,,"Дротяні перегородки, огорожі та двері","Перегородки, барьеры и двери из проволочной сетки","Wire Partitions, Enclosures & Doors"
111,5863,,,,,,Реклама та маркетинг,Реклама и маркетинг,Advertising & Marketing
111,5863,5864,,,,,Стійки для виставок,Выставочные стойки,Trade Show Counters
111,5863,5865,,,,,Експозиції для виставок,Выставочные стенды,Trade Show Displays
111,5863,5884,,,,,Брошури,Брошюры,Brochures
111,6987,,,,,,Обробка матеріалів,Оборудование для транспортировки материалов,Material Handling
111,6987,131,,,,,Підйомники та талі,Подъёмные устройства,Lifts & Hoists
111,6987,131,503767,,,,Підйомники для персоналу,Лифты для персонала,Personnel Lifts
111,6987,131,503768,,,,"Талі, крани та тележки","Тали, краны и вагонетки","Hoists, Cranes & Trolleys"
111,6987,131,503769,,,,"Блоки, шківи та ролики","Ролики, блоки и шкивы","Pulleys, Blocks & Sheaves"
111,6987,131,503771,,,,Домкрати та автонавантажувачі,Подъёмники и погрузчики,Jacks & Lift Trucks
111,6987,131,503772,,,,Лебідки,Лебёдки,Winches
111,6987,6988,,,,,Конвеєри,Конвейеры,Conveyors
111,6987,503011,,,,,Палети та підйомні платформи,Паллеты и погрузочные платформы,Pallets & Loading Platforms
111,7240,,,,,,Перукарське мистецтво та косметологія,Парикмахерское дело и косметология,Hairdressing & Cosmetology
111,7240,7241,,,,,Крісла для салонів,Кресла для парикмахерских,Salon Chairs
111,7240,7242,,,,,Крісла для педикюру,Кресла для педикюра,Pedicure Chairs
111,7240,505670,,,,,Накидки та захисні ковпачки для шиї в перукарні,Парикмахерские накидки и воротнички,Hairdressing Capes & Neck Covers
111,7261,,,,,,Компоненти систем автоматичного управління,Компоненты автоматики,Automation Control Components
111,7261,7262,,,,,Приводи змінної частоти та регульованої швидкості,Частотно-регулируемые приводы,Variable Frequency & Adjustable Speed Drives
111,7261,7263,,,,,Програмовані логічні контролери,Программируемые логические контроллеры,Programmable Logic Controllers
111,7497,,,,,,Стоматологія,Стоматология,Dentistry
111,7497,7499,,,,,Зубні інструменти,Стоматологические инструменты,Dental Tools
111,7497,7499,7498,,,,Зубні дзеркала,Стоматологические зеркала,Dental Mirrors
111,7497,7499,7531,,,,Набори зубних інструментів,Наборы стоматологических инструментов,Dental Tool Sets
111,7497,7499,8120,,,,Профі насадки,Профилактические стоматологические головки,Prophy Heads
111,7497,7499,8121,,,,Профі ковпачки,Профилактические стоматологические насадки,Prophy Cups
111,7497,7499,8490,,,,Чашечки для змішування,Двусторонние стаканчики,Dappen Dishes
111,7497,7500,,,,,Зубний цемент,Зубной цемент,Dental Cement
111,7497,8130,,,,,Профі паста,Профилактические стоматологические пасты,Prophy Paste
111,8025,,,,,,Аксесуари для промислового зберігання,Принадлежности для хранения промышленной продукции,Industrial Storage Accessories
111,500086,,,,,,Візки та кошики для прибирання,Уборочные тележки,Janitorial Carts & Caddies
141,,,,,,,Камери та оптика,Камеры и оптика,Cameras & Optics
141,39,,,,,,Фотографія,Фотография,Photography
141,39,41,,,,,Фотолабораторія,Фотолаборатория,Darkroom
141,39,41,1622,,,,Фотохімікати,Химические реагенты для фотографий,Photographic Chemicals
141,39,41,2234,,,,Обладнання для розробки та обробки,Оборудование для проявки и обработки,Developing & Processing Equipment
141,39,41,2234,2516,,,Обладнання та матеріали для ретушування,Оборудование и материалы для ретуширования,Retouching Equipment & Supplies
141,39,41,2234,2625,,,Підставки для копіювання,Столы для сканирования,Copystands
141,39,41,2234,2650,,,Баки та бобіни для розробки,Проявочные бачки и катушки,Developing Tanks & Reels
141,39,41,2234,2728,,,"Лотки для друку, пральні та сушильні машини","Лотки, мойки и сушилки для печати фотографий","Print Trays, Washers & Dryers"
141,39,41,2234,2999,,,Умивальники для фотолабораторії,Раковины для фотолабораторий,Darkroom Sinks
141,39,41,2520,,,,Обладнання для збільшення,Увеличительное оборудование,Enlarging Equipment
141,39,41,2520,2543,,,Таймери для фотолабораторії,Таймеры для фотолабораторий,Darkroom Timers
141,39,41,2520,2698,,,Фотоувеличувачі,Фотоувеличители,Photographic Enlargers
141,39,41,2520,2815,,,Фотоаналізатори,Анализаторы и экспонометры,Photographic Analyzers
141,39,41,2520,2969,,,Мольберти для фотолабораторії,Столики фотоувеличителя,Darkroom Easels
141,39,41,2520,3029,,,Прилади для фокусування,Фокусирующие устройства,Focusing Aids
141,39,41,2600,,,,Безпечне освітлення,Фотолабораторные фонари,Safelights
141,39,41,2804,,,,Фотопапір,Фотобумага,Photographic Paper
141,39,42,,,,,Освітлення та студія,Освещение и оборудование для студий,Lighting & Studio
141,39,42,1548,,,,Світломіри,Экспонометры,Light Meters
141,39,42,1611,,,,Студійні фони,Оснащение для заднего плана,Studio Backgrounds
141,39,42,2007,,,,Студійні стійки та кріплення,Стойки и крепления для студийного осветительного оборудования,Studio Stands & Mounts
141,39,42,2475,,,,Керування студійним освітленням,Оборудование для управления освещением,Studio Lighting Controls
141,39,42,2475,2490,,,Фільтри та гобо для освітлення,Осветительные фильтры и маски,Lighting Filters & Gobos
141,39,42,2475,3056,,,Дифузори для спалаху,Рассеиватели для вспышек,Flash Diffusers
141,39,42,2475,5431,,,Рефлектори для спалаху,Отражатели для вспышки,Flash Reflectors
141,39,42,2475,5432,,,Софтбокси,Софтбоксы,Softboxes
141,39,42,2926,,,,Студійне освітлення та спалахи,Павильонное освещение и вспышки,Studio Lights & Flashes
141,39,42,5499,,,,Аксесуари для світломірів,Принадлежности для экспонометров,Light Meter Accessories
141,39,42,503017,,,,Аксесуари для студійних стійок та кріплень,Принадлежности для студийных стоек и штативов,Studio Stand & Mount Accessories
141,39,42,503018,,,,Аксесуари для студійного освітлення та спалахів,Принадлежности для павильонного освещения и вспышек,Studio Light & Flash Accessories
141,39,4368,,,,,Зберігання негативів та слайдів,Принадлежности для хранения фотонегативов и слайдов,Photo Negative & Slide Storage
141,39,503735,,,,,Матеріали для монтажу фотографій,Средства для обработки фотографий,Photo Mounting Supplies
141,142,,,,,,Камери,Камеры,Cameras
141,142,152,,,,,Цифрові камери,Цифровые камеры,Digital Cameras
141,142,154,,,,,Фотокамери,Пленочные камеры,Film Cameras
141,142,155,,,,,Відеокамери,Видеокамеры,Video Cameras
141,142,312,,,,,Веб-камери,Веб-камеры,Webcams
141,142,362,,,,,Камери відеоспостереження,Камеры систем наблюдения,Surveillance Cameras
141,142,4024,,,,,Одноразові камери,Одноразовые камеры,Disposable Cameras
141,142,5402,,,,,Камери для трекінгу,Лесные камеры,Trail Cameras
141,142,499976,,,,,Бороскопи,Бороскопы,Borescopes
141,156,,,,,,Оптика,Оптика,Optics
141,156,157,,,,,Біноклі,Бинокли,Binoculars
141,156,161,,,,,Далекоміри,Дальномеры,Rangefinders
141,156,4040,,,,,Оптичні приціли,Наблюдательные приборы,Scopes
141,156,4040,165,,,,Телескопи,Телескопы,Telescopes
141,156,4040,1695,,,,Приціли та оптика для зброї,Оружейные прицелы и оптические приборы,Weapon Scopes & Sights
141,156,4040,4136,,,,Підзорні труби,Зрительные трубы,Spotting Scopes
141,156,4164,,,,,Монокуляри,Монокуляры,Monoculars
141,2096,,,,,,Аксесуари для камер та оптики,Принадлежности для камер и другой оптики,Camera & Optic Accessories
141,2096,143,,,,,Запчастини та аксесуари для камери,Детали и принадлежности для камер,Camera Parts & Accessories
141,2096,143,148,,,,Спалахи для камери,Вспышки для камер,Camera Flashes
141,2096,143,153,,,,Фотоплівка для камер,Фотопленка,Camera Film
141,2096,143,2394,,,,Освітлення для відеокамер,Лампы для видеокамер,Video Camera Lights
141,2096,143,2987,,,,Кріплення для спалаху,Держатели для вспышки,Flash Brackets
141,2096,143,5429,,,,Ремені для камери,Ремни для камер,Camera Straps
141,2096,143,5479,,,,Аксесуари для спалаху камери,Принадлежности для вспышек,Camera Flash Accessories
141,2096,143,5532,,,,Дистанційні контролери для камери,Пульты дистанционного управления для фотоаппаратов,Camera Remote Controls
141,2096,143,5937,,,,Аксесуари для відеонагляду,Принадлежности для камер видеонаблюдения,Surveillance Camera Accessories
141,2096,143,6307,,,,Корпуси для підводних камер,Боксы для подводной съемки,Underwater Camera Housings
141,2096,143,6308,,,,Сумки та чохли для камер,Сумки для камер,Camera Bags & Cases
141,2096,143,8174,,,,Набори аксесуарів для камер,Наборы принадлежностей для фотоаппаратов,Camera Accessory Sets
141,2096,143,8535,,,,Аксесуари для корпусів підводних камер,Принадлежности для боксов для подводной съемки,Underwater Camera Housing Accessories
141,2096,143,296246,,,,Запасні панелі та дверцята для корпусу камери,Сменные панели и дверцы для корпусов фотоаппаратов,Camera Body Replacement Panels & Doors
141,2096,143,296247,,,,Замінні кнопки та ручки для камери,Сменные кнопки и регуляторы для фотоаппаратов,Camera Replacement Buttons & Knobs
141,2096,143,296248,,,,Сенсори зображення камери,Светочувствительные матрицы для фотоаппаратов,Camera Image Sensors
141,2096,143,296249,,,,Замінні екрани та дисплеї для камери,Сменные экраны для фотоаппаратов,Camera Replacement Screens & Displays
141,2096,143,298420,,,,Цифрові задні панелі камер,Цифровые задники для фотоаппаратов,Camera Digital Backs
141,2096,143,461567,,,,Обладнання для камери,Зубчатые механизмы для фотоаппаратов,Camera Gears
141,2096,143,461568,,,,Блоки зуму об'єктиву камери,Механизмы трансфокации для фотоаппаратов,Camera Lens Zoom Units
141,2096,143,499998,,,,Стабілізатори та підтримки для камери,Стабилизаторы для камер,Camera Stabilizers & Supports
141,2096,143,500037,,,,Рукоятки для камери,Держатели для камер,Camera Grips
141,2096,143,500104,,,,Пристрої для фокусування камери,Приспособления для фокусировки,Camera Focus Devices
141,2096,143,500107,,,,Монітори для камер,Внешние мониторы для камер и фотоаппаратов,On-Camera Monitors
141,2096,143,503019,,,,Сонцезахисні капюшони та насадки візіра для камери,Защитные противосолнечные козырьки для экранов и видоискателей фотоаппаратов,Camera Sun Hoods & Viewfinder Attachments
141,2096,143,503020,,,,Глушники та звукові балони для камери,Шумопоглощающие футляры и принадлежности для фотоаппаратов,Camera Silencers & Sound Blimps
141,2096,149,,,,,Об'єктиви для фото- та відеокамер,Объективы для фотоаппаратов и видеокамер,Camera & Video Camera Lenses
141,2096,149,4432,,,,Об'єктиви для камери,Объективы для камер,Camera Lenses
141,2096,149,5280,,,,Об'єктиви для відеокамер,Объективы для видеокамер,Video Camera Lenses
141,2096,149,5346,,,,Об'єктиви для камер відеоспостереження,Объективы для камер видеонаблюдения,Surveillance Camera Lenses
141,2096,150,,,,,Триподи та моноподи,Штативы и одиночные опоры,Tripods & Monopods
141,2096,160,,,,,Оптичні аксесуари,Принадлежности для оптики,Optic Accessories
141,2096,160,4274,,,,Аксесуари для термічної оптики,Принадлежности для приборов ночного видения,Thermal Optic Accessories
141,2096,160,5282,,,,Аксесуари для біноклів та монокулярів,Принадлежности для бинокулярных и монокулярных приборов,Binocular & Monocular Accessories
141,2096,160,5283,,,,Аксесуари для далекомірів,Принадлежности для дальномеров,Rangefinder Accessories
141,2096,160,5284,,,,Аксесуари для телескопів,Принадлежности для телескопов,Telescope Accessories
141,2096,160,5542,,,,Аксесуари для монокулярів,Принадлежности для зрительных труб,Spotting Scope Accessories
141,2096,160,5543,,,,Аксесуари для оптичних прицілів та прицілів зброї,Принадлежности для оружейных прицелов,Weapon Scope & Sight Accessories
141,2096,160,5545,,,,Сумки та чохли для оптики,Сумки и чехлы для оптики,Optics Bags & Cases
141,2096,2911,,,,,Аксесуари для об'єктиву камери,Принадлежности для объективов фотоаппаратов,Camera Lens Accessories
141,2096,2911,147,,,,Фільтри для об'єктивів,Фильтры для объективов,Lens Filters
141,2096,2911,2627,,,,Бленди для об'єктивів,Светозащитные бленды,Lens Hoods
141,2096,2911,2829,,,,Кришки для об'єктивів,Крышки для объективов,Lens Caps
141,2096,2911,4416,,,,Конвертери об'єктивів,Телеконвертеры и расширители,Lens Converters
141,2096,2911,4441,,,,Сумки для об'єктивів,Сумки для объективов,Lens Bags
141,2096,2911,5588,,,,Кільця-адаптери для об'єктивів та фільтрів,Адаптеры для объективов и фильтров,Lens & Filter Adapter Rings
141,2096,4638,,,,,Аксесуари для триподів та моноподів,Принадлежности для штативов и одиночных опор,Tripod & Monopod Accessories
141,2096,4638,3035,,,,Обідки та кріплення для триподів,Хомуты и крепления для штативов,Tripod Collars & Mounts
141,2096,4638,4639,,,,Головки для триподів та моноподів,Головки штативов и одиночных опор,Tripod & Monopod Heads
141,2096,4638,4640,,,,Чохли для триподів та моноподів,Чемоданчики для штативов и одиночных опор,Tripod & Monopod Cases
141,2096,4638,503016,,,,Розпорки для триподів,Распорки для штативов,Tripod Spreaders
141,2096,4638,503726,,,,Ручки для триподів,Ручки для штативов,Tripod Handles
141,2096,463625,,,,,Запасні кабелі для камер та оптики,Сменные кабели для фотоаппаратов и оптических устройств,Camera & Optic Replacement Cables
166,,,,,,,Одяг та аксесуари,Предметы одежды и принадлежности,Apparel & Accessories
166,167,,,,,,Аксесуари для одягу,Принадлежности для одежды,Clothing Accessories
166,167,168,,,,,Бандани та головні пов'язки,Банданы и косынки,Bandanas & Headties
166,167,168,543586,,,,Бандани,Банданы,Bandanas
166,167,168,543587,,,,Хустки для догляду за волоссям,Шапочки для ухода за волосами,Hair Care Wraps
166,167,169,,,,,Ремені,Поясные ремни,Belts
166,167,170,,,,,Рукавички та рукавиці,Перчатки и варежки,Gloves & Mittens
166,167,171,,,,,Аксесуари для волосся,Аксессуары для волос,Hair Accessories
166,167,171,181,,,,Парики,Парики,Wigs
166,167,171,1483,,,,Резинки для волосся,Резинки для волос,Ponytail Holders
166,167,171,1662,,,,Обручі для волосся,Повязки на голову,Headbands
166,167,171,1948,,,,Вилки та палички для волосся,Шпильки для волос,Hair Forks & Sticks
166,167,171,2477,,,,Гребінці для волосся,Расчёски для волос,Hair Combs
166,167,171,4057,,,,Накладне волосся,Шиньоны,Hair Extensions
166,167,171,5914,,,,Тіари,Тиары,Tiaras
166,167,171,5915,,,,Вінки для волосся,Венки для волос,Hair Wreaths
166,167,171,6183,,,,Сітки для волосся,Сетки для волос,Hair Nets
166,167,171,7305,,,,Аксесуари для париків,Принадлежности для париков,Wig Accessories
166,167,171,7305,7306,,,Клей та стрічка для париків,Клей и ленты для париков,Wig Glue & Tape
166,167,171,7305,7307,,,Шапочки для париків,Колпаки для париков,Wig Caps
166,167,171,8451,,,,Формувачі для пучків та об'єму волосся,Валики для пучков,Hair Bun & Volume Shapers
166,167,171,502988,,,,"Шпильки, кліпси та ""краби"" для волосся",Шпильки и заколки,"Hair Pins, Claws & Clips"
166,167,171,502988,543644,,,Шпильки для волосся,Шпильки,Hair Pins
166,167,171,502988,543645,,,Заколки та кліпси для волосся,Заколки-крабы,Hair Claws & Clips
166,167,171,502988,543646,,,Заколки,Заколки,Barrettes
166,167,173,,,,,Капелюхи,Шляпы,Hats
166,167,176,,,,,Галстуки,Галстуки и бабочки,Neckties
166,167,177,,,,,Шарфи та платки,Шарфы и шали,Scarves & Shawls
166,167,177,543673,,,,Шарфи,Шарфы,Scarves
166,167,177,543674,,,,Шали,Шали,Shawls
166,167,178,,,,,Сонцезахисні окуляри,Солнечные очки,Sunglasses
166,167,179,,,,,Підтяжки,Подтяжки,Suspenders
166,167,180,,,,,Зажими для краваток,Зажимы для галстуков,Tie Clips
166,167,193,,,,,Запонки,Запонки,Cufflinks
166,167,1786,,,,,Балаклави,Балаклавы,Balaclavas
166,167,1893,,,,,Напульсники,Манжеты,Wristbands
166,167,2020,,,,,Головні убори,Головные уборы и платки,Headwear
166,167,2020,1922,,,,Декоративні головні убори,Головные уборы,Headdresses
166,167,2020,5939,,,,Тюрбани,Тюрбаны,Turbans
166,167,2020,7054,,,,Фасцинатори,Вуалетки,Fascinators
166,167,3913,,,,,Пряжки для ременів,Пряжки для ремней,Belt Buckles
166,167,4179,,,,,Значки з булавкою,Значки,Pinback Buttons
166,167,5114,,,,,Декоративні віяла,Декоративные веера,Decorative Fans
166,167,5207,,,,,Носовички,Нагрудные платки,Handkerchiefs
166,167,5390,,,,,Аксесуари до традиційного одягу,Принадлежности для традиционной одежды,Traditional Clothing Accessories
166,167,5390,5685,,,,"Шкарпетки ""табі""",Таби,Tabi Socks
166,167,5390,5686,,,,Аксесуари для обі,Аксессуары для оби,Obi Accessories
166,167,5390,5687,,,,Обі,Оби,Obis
166,167,5390,5688,,,,Нижня білизна кімоно,Нижнее белье для кимоно,Kimono Underclothes
166,167,5422,,,,,Аксесуари для одягу для дітей та малюків,Принадлежности для детской одежды,Baby & Toddler Clothing Accessories
166,167,5422,5623,,,,Ремені для дітей та малюків,Пояса для младенцев,Baby & Toddler Belts
166,167,5422,5624,,,,Рукавички та рукавиці для дітей та малюків,Варежки и перчатки для младенцев,Baby & Toddler Gloves & Mittens
166,167,5422,5625,,,,Капелюхи для дітей та малюків,Детские шапки,Baby & Toddler Hats
166,167,5422,5626,,,,Захисний одяг для немовлят,Детская защитная одежда,Baby Protective Wear
166,167,5443,,,,,Аксесуари для нареченої,Принадлежности для невест,Bridal Accessories
166,167,5443,5446,,,,Весільні фати,Фата,Bridal Veils
166,167,5941,,,,,Гетри,Теплые изделия для ног,Leg Warmers
166,167,5942,,,,,Нарукавники та знімні рукави,Теплые изделия для рук,Arm Warmers & Sleeves
166,167,6238,,,,,Вушники,Наушники от холода,Earmuffs
166,167,6268,,,,,Гавайські вінки,Леи,Leis
166,167,6984,,,,,Кісточки для комірців,Упругие пластинки для воротников,Collar Stays
166,167,6985,,,,,Заклепки-кнопки,Сменные пуговицы,Button Studs
166,167,7133,,,,,Рукавички-муфти,Муфты для рук,Hand Muffs
166,167,7230,,,,,Шиїники,Шарфы-трубы,Neck Gaiters
166,167,499972,,,,,Пояси,Наградные ленты,Sashes
166,167,502987,,,,,Пояси та підтримувальні бандажі для вагітних,Бандажи для беременных и поясничные корсеты,Maternity Belts & Support Bands
166,184,,,,,,Костюми та аксесуари,Маскарадные костюмы и принадлежности,Costumes & Accessories
166,184,5192,,,,,Аксесуари для костюмів,Принадлежности для маскарадных костюмов,Costume Accessories
166,184,5192,5426,,,,Костюмні капелюхи,Шляпы для маскарадных костюмов,Costume Hats
166,184,5192,5907,,,,Костюмні накидки,Маскарадные плащи,Costume Capes
166,184,5192,7304,,,,Капсули для імітації лисини,Накладные лысины,Bald Caps
166,184,5192,8017,,,,Набори аксесуарів для костюмів,Наборы маскарадных принадлежностей,Costume Accessory Sets
166,184,5192,8018,,,,Іграшкові прикраси,Имитация драгоценностей,Pretend Jewelry
166,184,5192,8200,,,,Костюмні рукавички,Перчатки для маскарадных костюмов,Costume Gloves
166,184,5192,500008,,,,Тютюнові вироби для костюмів,Имитация табачных изделий,Costume Tobacco Products
166,184,5192,500118,,,,Спецефекти для костюмів,Специальные аксессуары для маскарадных костюмов,Costume Special Effects
166,184,5193,,,,,Карнавальні костюми,Маскарадные костюмы,Costumes
166,184,5194,,,,,Маски,Маски,Masks
166,184,5387,,,,,Костюмне взуття,Обувь для маскарадных костюмов,Costume Shoes
166,187,,,,,,Взуття,Обувь,Shoes
166,188,,,,,,Ювелірні вироби,Ювелирные украшения,Jewelry
166,188,189,,,,,Браслети на ногу,Браслеты для ног,Anklets
166,188,190,,,,,Біжутерія для тіла,Украшения для пирсинга,Body Jewelry
166,188,191,,,,,Браслети,Браслеты,Bracelets
166,188,192,,,,,Прикраси та підвіски,Подвески и брелоки,Charms & Pendants
166,188,194,,,,,Сережки,Серьги,Earrings
166,188,196,,,,,Намиста,Ожерелья,Necklaces
166,188,197,,,,,Брошки та значки на підкладці,Броши и значки,Brooches & Lapel Pins
166,188,200,,,,,Перстні,Кольца,Rings
166,188,201,,,,,Наручні та карманні годинники,Наручные и карманные часы,Watches
166,188,5122,,,,,Аксесуари для годинників,Принадлежности для наручных часов,Watch Accessories
166,188,5122,5123,,,,Ремінці для годинників,Ремешки для часов,Watch Bands
166,188,5122,6870,,,,Відмотувачі для годинників,Устройства для завода часов,Watch Winders
166,188,5122,7471,,,,Наклейки та декали для годинників,Наклейки для наручных часов,Watch Stickers & Decals
166,188,6463,,,,,Комплекти ювелірних виробів,Ювелирные наборы,Jewelry Sets
166,1604,,,,,,Одяг,Одежда,Clothing
166,1604,182,,,,,Одяг для дітей та малюків,Одежда для младенцев,Baby & Toddler Clothing
166,1604,182,5408,,,,Нижня білизна для дітей та малюків,Детские штаны и юбки,Baby & Toddler Bottoms
166,1604,182,5409,,,,Купальники для немовлят та малюків,Купальные костюмы для младенцев,Baby & Toddler Swimwear
166,1604,182,5410,,,,Верхній одяг для немовлят та малюків,Детские топы,Baby & Toddler Tops
166,1604,182,5411,,,,Комбінезони для немовлят,Детские песочники,Baby One-Pieces
166,1604,182,5412,,,,Нічний одяг для немовлят та малюків,"Пеленки, распашонки, ползунки",Baby & Toddler Sleepwear
166,1604,182,5423,,,,Шкарпетки та колготки для немовлят та малюків,Детские носки,Baby & Toddler Socks & Tights
166,1604,182,5424,,,,Сукні для дітей та малюків,Детские платья,Baby & Toddler Dresses
166,1604,182,5425,,,,Верхній одяг для дітей та малюків,Верхняя одежда для детей,Baby & Toddler Outerwear
166,1604,182,5549,,,,Покривала для підгузків для дітей та малюків,Пеленальные штанишки для малышей,Baby & Toddler Diaper Covers
166,1604,182,5621,,,,Дитяча білизна для малюків,Детское нижнее белье,Toddler Underwear
166,1604,182,5622,,,,Одяг для немовлят та малюків,Наборы одежды для младенцев,Baby & Toddler Outfits
166,1604,203,,,,,Верхній одяг,Верхняя одежда,Outerwear
166,1604,203,1831,,,,Жилети,Жилеты,Vests
166,1604,203,3066,,,,Дощовики,Дождевая одежда,Rain Suits
166,1604,203,5506,,,,Штани-чапси,Краги,Chaps
166,1604,203,5514,,,,Дощові штани,Непромокаемые брюки,Rain Pants
166,1604,203,5598,,,,Пальта та куртки,Пальто и куртки,Coats & Jackets
166,1604,203,5909,,,,Штани та костюми для снігу,Зимние штаны и комбинезоны,Snow Pants & Suits
166,1604,204,,,,,Брюки,Штаны,Pants
166,1604,207,,,,,Шорти,Шорты,Shorts
166,1604,208,,,,,Нічна білизна та домашній одяг,Пижамы и одежда для отдыха,Sleepwear & Loungewear
166,1604,208,2302,,,,Халати,Свободные халаты,Robes
166,1604,208,2580,,,,Піжами,Пижамы,Pajamas
166,1604,208,5513,,,,Нічні сорочки,Ночные рубашки,Nightgowns
166,1604,208,5713,,,,Одяг для відпочинку,Одежда для отдыха,Loungewear
166,1604,211,,,,,Купальники,Купальные костюмы,Swimwear
166,1604,212,,,,,Сорочки та топи,Рубашки и топы,Shirts & Tops
166,1604,213,,,,,Білизна та шкарпетки,Носки и нижнее белье,Underwear & Socks
166,1604,213,209,,,,Носки,Носки,Socks
166,1604,213,214,,,,Бюстгальтери,Бюстгальтеры,Bras
166,1604,213,215,,,,Панчохи,Чулочно-носочные изделия,Hosiery
166,1604,213,1578,,,,Коригувальне білизна,Моделирующее белье,Shapewear
166,1604,213,1772,,,,Жіноча білизна,Женское белье,Lingerie
166,1604,213,1807,,,,Термобілизна,Теплые кальсоны,Long Johns
166,1604,213,2562,,,,Білизна,Нижнее белье,Underwear
166,1604,213,2563,,,,Аксесуари для білизни,Принадлежности для женского белья,Lingerie Accessories
166,1604,213,2563,1675,,,Підв'язки,Подвязки,Garters
166,1604,213,2563,2160,,,Пояси для підтяжок,Пояса с резинками,Garter Belts
166,1604,213,2745,,,,Майки,Нижние рубашки,Undershirts
166,1604,213,2963,,,,Спідниці та підштаники,Нижние юбки и шортики,Petticoats & Pettipants
166,1604,213,5327,,,,Спортивні пахові підтримувачі,Суспензории,Jock Straps
166,1604,213,5834,,,,Комбінації,Трусы-слипы,Underwear Slips
166,1604,213,7207,,,,Аксесуари для бюстгальтера,Принадлежности для бюстгальтеров,Bra Accessories
166,1604,213,7207,7208,,,Накладки на бретелі бюстгальтера,Подкладки под бретели бюстгальтеров,Bra Strap Pads
166,1604,213,7207,7209,,,Пелюстки та камуфляж для грудей,Стикини,Breast Petals & Concealers
166,1604,213,7207,7210,,,Вкладиші для збільшення грудей,"Подкладки, увеличивающие грудь",Breast Enhancing Inserts
166,1604,213,7207,7211,,,Бретелі та подовжувачі для бюстгальтера,Бретельки и экстендеры для бюстгальтеров,Bra Straps & Extenders
166,1604,1581,,,,,Спідниці,Юбки,Skirts
166,1604,1581,2331,,,,Міні-спідниці,Мини-юбки,Mini Skirts
166,1604,1581,6228,,,,Довгі спідниці,Длинные юбки,Long Skirts
166,1604,1581,6229,,,,Юбки до колін,Юбки до колен,Knee-Length Skirts
166,1604,1594,,,,,Костюми,Выходные костюмы,Suits
166,1604,1594,1516,,,,Костюми з спідницею,Юбочные костюмы,Skirt Suits
166,1604,1594,1580,,,,Смокінги,Смокинги,Tuxedos
166,1604,1594,5183,,,,Костюми-брюки,Брючные костюмы,Pant Suits
166,1604,2271,,,,,Сукні,Платья,Dresses
166,1604,2306,,,,,Уніформа,Униформа,Uniforms
166,1604,2306,206,,,,Шкільна форма,Школьная форма,School Uniforms
166,1604,2306,2292,,,,Білі халати,Белые халаты,White Coats
166,1604,2306,3414,,,,Охоронні форми,Форма для охранников,Security Uniforms
166,1604,2306,3598,,,,Спортивна форма,Спортивная форма,Sports Uniforms
166,1604,2306,3598,3191,,,Бейсбольна форма,Бейсбольная форма,Baseball Uniforms
166,1604,2306,3598,3253,,,Форма для суддів,Судейская форма,Officiating Uniforms
166,1604,2306,3598,3379,,,Форма для софтболу,Форма для софтбола,Softball Uniforms
166,1604,2306,3598,3439,,,Баскетбольна форма,Баскетбольная форма,Basketball Uniforms
166,1604,2306,3598,3683,,,Уніформа для чирлідінгу,Форма для чирлидинга,Cheerleading Uniforms
166,1604,2306,3598,3724,,,Форма для крикету,Форма для крикета,Cricket Uniforms
166,1604,2306,3598,3852,,,Уніформа для боротьби,Одежда для борьбы,Wrestling Uniforms
166,1604,2306,3598,3888,,,Уніформа для американського футболу,Форма для американского футбола,American Football Uniforms
166,1604,2306,3598,3958,,,Хокейна форма,Хоккейная форма,Hockey Uniforms
166,1604,2306,3598,4003,,,Форма для бойових мистецтв,Одежда для боевых искусств,Martial Arts Uniforms
166,1604,2306,3598,5564,,,Футбольна форма,Футбольная форма,Soccer Uniforms
166,1604,2306,5484,,,,Робочі штани та комбінезони,Форменные брюки и комбинезоны,Contractor Pants & Coveralls
166,1604,2306,5878,,,,Костюми для польотів,Летные комбинезоны,Flight Suits
166,1604,2306,5949,,,,Військова форма,Военная форма,Military Uniforms
166,1604,2306,7235,,,,Уніформа для обслуговування їжі,Униформа для работников общественного питания,Food Service Uniforms
166,1604,2306,7235,2396,,,Кухарські жакети,Жакеты для поваров,Chef's Jackets
166,1604,2306,7235,7236,,,Кухарські штани,Поварские штаны,Chef's Pants
166,1604,2306,7235,7237,,,Кухарські капелюхи,Поварские колпаки,Chef's Hats
166,1604,5182,,,,,Однодетальні купальники,Одежда из цельного куска ткани,One-Pieces
166,1604,5182,5250,,,,Комбінезони та ромпери,Комбинезоны и ромперы,Jumpsuits & Rompers
166,1604,5182,5490,,,,Леотарди та унітарди,Леотарды и юнитарды,Leotards & Unitards
166,1604,5182,7132,,,,Комбінезони,Комбинезоны с длинными рукавами,Overalls
166,1604,5322,,,,,Спортивний одяг,Спортивная одежда,Activewear
166,1604,5322,3951,,,,Штани для американського футболу,Штаны для американского футбола,American Football Pants
166,1604,5322,5378,,,,Боксерські шорти,Шорты для бокса,Boxing Shorts
166,1604,5322,5379,,,,Шорти для бойових мистецтв,Шорты для боевых искусств,Martial Arts Shorts
166,1604,5322,5460,,,,Мисливський одяг,Одежда для охоты,Hunting Clothing
166,1604,5322,5460,5461,,,Мисливські та рибальські жилети,Жилеты для охоты и рыбалки,Hunting & Fishing Vests
166,1604,5322,5460,5462,,,"Камуфляжні костюми ""Гіллі""",Камуфляжные костюмы,Ghillie Suits
166,1604,5322,5460,5552,,,Мисливські та тактичні штани,Брюки для охоты,Hunting & Tactical Pants
166,1604,5322,5517,,,,Захисний одяг для мотоциклістів,Защитная одежда для мотоциклистов,Motorcycle Protective Clothing
166,1604,5322,5517,5463,,,Мотоциклетні костюми,Мотоциклетные костюмы,Motorcycle Suits
166,1604,5322,5517,6006,,,Мотоциклетні куртки,Куртки для мотоциклистов,Motorcycle Jackets
166,1604,5322,5517,7003,,,Мотоциклетні штани,Штаны для мотоциклистов,Motorcycle Pants
166,1604,5322,5555,,,,Одяг для пейнтболу,Одежда для пейнтбола,Paintball Clothing
166,1604,5322,5697,,,,Спортивний одяг для велосипедистів,Одежда для велосипедного спорта,Bicycle Activewear
166,1604,5322,5697,3128,,,Велосипедні нагрудники,Велосипедные комбинезоны,Bicycle Bibs
166,1604,5322,5697,3188,,,Велосипедні шорти та труси,Велосипедные шорты и трусы,Bicycle Shorts & Briefs
166,1604,5322,5697,3455,,,Велосипедні майки,Велосипедные майки,Bicycle Jerseys
166,1604,5322,5697,3729,,,Велосипедні легінси,Велосипедные штаны,Bicycle Tights
166,1604,5322,5697,6087,,,Велосипедні комбінезони,Трико для велосипедистов,Bicycle Skinsuits
166,1604,5322,499979,,,,"Танцювальні сукні, спідниці та костюми","Танцевальные костюмы, платья и юбки","Dance Dresses, Skirts & Costumes"
166,1604,5344,,,,,Юбки-шорти,Юбки-шорты,Skorts
166,1604,5388,,,,,Традиційний та церемоніальний одяг,Традиционная и церемониальная одежда,Traditional & Ceremonial Clothing
166,1604,5388,5343,,,,Кімоно,Кимоно,Kimonos
166,1604,5388,5343,5679,,,Кімоно Томесоде та Хоумонгі,Кимоно томесоде и хомонги,Tomesode & Houmongi Kimonos
166,1604,5388,5343,5680,,,Кімоно Комон,Кимоно комон,Komon Kimonos
166,1604,5388,5343,5681,,,Кімоно Іромуї,Кимоно иромудзи,Iromuji Kimonos
166,1604,5388,5343,5682,,,Кімоно Фурісоде,Кимоно фурисодэ,Furisode Kimonos
166,1604,5388,5343,5683,,,Повсякденні кімоно,Повседневные кимоно,Casual Kimonos
166,1604,5388,5343,5684,,,Кімоно для нареченої,Свадебные кимоно,Bridal Kimonos
166,1604,5388,5483,,,,Релігійний обрядовий одяг,Одежда для религиозных обрядов,Religious Ceremonial Clothing
166,1604,5388,5483,8149,,,Сукні для хрещення та причастя,Одежда для крещения,Baptism & Communion Dresses
166,1604,5388,5673,,,,Кімоно верхнього одягу,Кимоно для улицы,Kimono Outerwear
166,1604,5388,5673,5677,,,Кімоно-пальто,Пальто-кимоно,Kimono Coats
166,1604,5388,5673,5678,,,Жакети Хаорі,Хаори,Haori Jackets
166,1604,5388,5674,,,,Штани хакама,Хакама,Hakama Trousers
166,1604,5388,5676,,,,Юката,Юката,Yukata
166,1604,5388,6031,,,,Дірндли,Дирндли,Dirndls
166,1604,5388,6227,,,,Японський чорний офіційний одяг,Японские смокинги,Japanese Black Formal Wear
166,1604,5388,7281,,,,Традиційні шкіряні штани,Традиционные кожаные штаны,Traditional Leather Pants
166,1604,5388,8248,,,,Сарі та легенги,Сари и лехенга,Saris & Lehengas
166,1604,5441,,,,,Весільні та наречених плаття,Свадебные наряды,Wedding & Bridal Party Dresses
166,1604,5441,5329,,,,Весільні плаття,Свадебные платья,Wedding Dresses
166,1604,5441,5330,,,,Сукні для весільної вечірки,Платья для подружек невесты,Bridal Party Dresses
166,1604,7313,,,,,Комплекти одягу,Наборы одежды,Outfit Sets
166,1933,,,,,,Аксесуари для взуття,Принадлежности для обуви,Shoe Accessories
166,1933,1856,,,,,Шнурівки,Шнурки для обуви,Shoelaces
166,1933,2427,,,,,Шпори,Шпоры,Spurs
166,1933,5385,,,,,Чохли для взуття,Бахилы,Shoe Covers
166,1933,5567,,,,,Вкладиші для чобіт,Вставки для обуви,Boot Liners
166,1933,7078,,,,,Гамаши,Гетры,Gaiters
166,6551,,,,,,"Сумки, гаманці та чохли","Ручные сумки, кошельки и чехлы","Handbags, Wallets & Cases"
166,6551,2668,,,,,Гаманці та грошові кліпси,Кошельки и зажимы для денег,Wallets & Money Clips
166,6551,3032,,,,,Дамські сумки,Дамские ручные сумки,Handbags
166,6551,6169,,,,,Кейси для візиток,Ящики для визиток,Business Card Cases
166,6551,6170,,,,,Бейдж-тримачі та обкладинки для пропусків,Держатели для бейджей и пропусков,Badge & Pass Holders
166,6552,,,,,,Аксесуари для сумок та гаманців,Принадлежности для ручных сумок и кошельков,Handbag & Wallet Accessories
166,6552,175,,,,,Брелоки для ключів,Брелоки для ключей,Keychains
166,6552,5841,,,,,Ланцюжки для гаманців,Цепи для кошельков,Wallet Chains
166,6552,6277,,,,,Шнурки для бейджів,Ремешки,Lanyards
166,6552,6460,,,,,Обкладинки для чекових книжок,Обложки для чековых книжек,Checkbook Covers
222,,,,,,,Електроніка,Электроника,Electronics
222,223,,,,,,Аудіо,Аудиосистемы,Audio
222,223,242,,,,,Аудіоплеєри та рекордери,Устройства для воспроизведения и записи звука,Audio Players & Recorders
222,223,242,225,,,,Бумбокси,Бумбоксы,Boomboxes
222,223,242,226,,,,CD-плеєри та рекордери,CD-плееры,CD Players & Recorders
222,223,242,230,,,,Системи караоке,Системы караоке,Karaoke Systems
222,223,242,233,,,,MP3-плеєри,MP3-Плееры,MP3 Players
222,223,242,235,,,,Програвачі та рекордери MiniDisc,Проигрыватели минидисков,MiniDisc Players & Recorders
222,223,242,243,,,,Магнітофони,Кассетные проигрыватели,Cassette Players & Recorders
222,223,242,244,,,,Диктофони,Диктофоны,Voice Recorders
222,223,242,251,,,,Стереосистеми,Стереосистемы,Stereo Systems
222,223,242,252,,,,Домашні театральні системи,Системы домашних кинотеатров,Home Theater Systems
222,223,242,256,,,,Проїгрівачі та вінілові проїгрівачі,Проигрыватели грампластинок,Turntables & Record Players
222,223,242,4652,,,,Музичні автомати,Музыкальные автоматы,Jukeboxes
222,223,242,5434,,,,Багатоканальні рекордери,Многодорожечные рекордеры,Multitrack Recorders
222,223,242,6886,,,,Радіо,Радиоприемники,Radios
222,223,242,8271,,,,Магнітофони та рекордери з котушковою стрічкою,Катушечные магнитофоны и плееры,Reel-to-Reel Tape Players & Recorders
222,223,1420,,,,,Аудіоаксесуари,Принадлежности для аудиосистем,Audio Accessories
222,223,1420,232,,,,Аксесуари для MP3-плеєрів,Принадлежности для MP3-плееров,MP3 Player Accessories
222,223,1420,232,3055,,,Чохли для MP3-плеєрів,Футляры для MP3-плееров,MP3 Player Cases
222,223,1420,232,7566,,,Набори аксесуарів для MP3-плеєра та мобільного телефону,Наборы принадлежностей для MP3-плееров и мобильных телефонов,MP3 Player & Mobile Phone Accessory Sets
222,223,1420,239,,,,Аксесуари для супутникового радіо,Принадлежности для спутниковых радиосистем,Satellite Radio Accessories
222,223,1420,2372,,,,Аксесуари для проїгрівача,Принадлежности для проигрывателей грампластинок,Turntable Accessories
222,223,1420,3306,,,,Аксесуари для мікрофонів,Принадлежности для микрофонов,Microphone Accessories
222,223,1420,3912,,,,Стійки для мікрофонів,Подставки для микрофонов,Microphone Stands
222,223,1420,5395,,,,Аксесуари для систем караоке,Принадлежности для систем караоке,Karaoke System Accessories
222,223,1420,5395,5396,,,Чіпи для караоке,Карты с песнями караоке,Karaoke Chips
222,223,1420,7163,,,,Аксесуари для колонок,Принадлежности для акустических колонок,Speaker Accessories
222,223,1420,7163,8047,,,Сумки для стійок для колонок,Сумки для подставок для акустических колонок,Speaker Stand Bags
222,223,1420,7163,8049,,,Стійки та кріплення для динаміків,Подставки для акустических колонок,Speaker Stands & Mounts
222,223,1420,7163,500112,,,"Сумки, чохли та кейси для колонок","Сумки, футляры и чехлы для колонок","Speaker Bags, Covers & Cases"
222,223,1420,7163,500119,,,Тактильні перетворювачі,Тактильные преобразователи,Tactile Transducers
222,223,1420,7163,500120,,,Компоненти та набори для колонок,Детали и наборы деталей для аудиоколонок,Speaker Components & Kits
222,223,1420,503008,,,,Аксесуари для аудіо- та відеоресиверів,Принадлежности для аудио- и видеоресиверов,Audio & Video Receiver Accessories
222,223,1420,505797,,,,Аксесуари для навушників та гарнітур,Принадлежности для наушников и гарнитур,Headphone & Headset Accessories
222,223,1420,505797,503004,,,Накладки та ковпачки для навушників,Насадки для наушников,Headphone Cushions & Tips
222,223,2154,,,,,Системи громкого зв'язку,Системы громкой связи,Public Address Systems
222,223,2165,,,,,Аудіокомпоненти,Аудиокомпоненты,Audio Components
222,223,2165,224,,,,Аудіопідсилювачі,Звуковые усилители,Audio Amplifiers
222,223,2165,224,4493,,,Підсилювачі для навушників,Усилители для наушников,Headphone Amplifiers
222,223,2165,224,5381,,,Підсилювачі потужності,Стереоусилители,Power Amplifiers
222,223,2165,234,,,,Мікрофони,Микрофоны,Microphones
222,223,2165,236,,,,Аудіомікшери,Аудиомикшеры,Audio Mixers
222,223,2165,241,,,,Аудіо- та відеоресивери,Аудио- и видеоресиверы,Audio & Video Receivers
222,223,2165,246,,,,Процесори сигналу,Процессоры сигналов,Signal Processors
222,223,2165,246,247,,,Процесори ефектів,Эффект-процессоры,Effects Processors
222,223,2165,246,248,,,Еквалайзери,Эквалайзеры,Equalizers
222,223,2165,246,3945,,,Попередні підсилювачі для мікрофонів,Предварительные усилители для микрофонов,Microphone Preamps
222,223,2165,246,5369,,,Попередні підсилювачі для вінілових програвачів,Фонокорректоры,Phono Preamps
222,223,2165,246,5435,,,Кросовери,Кроссоверы,Crossovers
222,223,2165,246,5596,,,Шумозаглушувачі та компресори,Пороговые шумоподавители и компрессоры,Noise Gates & Compressors
222,223,2165,246,5597,,,Системи управління гучномовцями,Системы управления громкой связью,Loudspeaker Management Systems
222,223,2165,249,,,,Динаміки,Акустические колонки,Speakers
222,223,2165,5129,,,,Аудіопередавачі,Аудиопередатчики,Audio Transmitters
222,223,2165,5129,4035,,,FM-передавачі,FM-передатчики,FM Transmitters
222,223,2165,5129,5130,,,Передавачі Bluetooth,Передатчики Bluetooth,Bluetooth Transmitters
222,223,2165,6545,,,,Смуги каналів,Канальные линейки,Channel Strips
222,223,2165,6546,,,,Директ-бокси,Директ-боксы,Direct Boxes
222,223,2165,505298,,,,Набори для студійного запису,Комплекты для студийной записи,Studio Recording Bundles
222,223,2165,505771,,,,Навушники та гарнітури,Наушники и гарнитуры,Headphones & Headsets
222,223,2165,505771,543626,,,Навушники,Накладные наушники,Headphones
222,223,2165,505771,543627,,,Гарнітури,Головные гарнитуры,Headsets
222,223,3727,,,,,Сценічне обладнання,Сценическое оборудование,Stage Equipment
222,223,3727,3242,,,,Бездротові передавачі,Беспроводные передатчики,Wireless Transmitters
222,223,4921,,,,,DJ та спеціалізоване аудіо,Профессиональные и DJ-аудиосистемы,DJ & Specialty Audio
222,223,4921,4922,,,,CD-плеєри для DJ,DJ CD-плееры,DJ CD Players
222,223,4921,4923,,,,DJ-системи,DJ-системы,DJ Systems
222,223,8159,,,,,Гучномовці,Мегафоны,Bullhorns
222,262,,,,,,Засоби зв'язку,Связь,Communications
222,262,263,,,,,Аксесуари для радіозв'язку,Принадлежности для радиосистем,Communication Radio Accessories
222,262,266,,,,,Автовідповідачі,Автоответчики,Answering Machines
222,262,268,,,,,Пейджери,Пейджеры,Pagers
222,262,270,,,,,Телефонія,Телефония,Telephony
222,262,270,264,,,,Аксесуари для мобільних телефонів,Принадлежности для мобильных телефонов,Mobile Phone Accessories
222,262,270,264,2353,,,Чохли для мобільних телефонів,Чехлы для мобильных телефонов,Mobile Phone Cases
222,262,270,264,4550,,,Брелоки та ремінці для мобільних телефонів,Подвески и ремешки для мобильных телефонов,Mobile Phone Charms & Straps
222,262,270,264,5566,,,Підставки для мобільних телефонів,Стойки и держатели для мобильных телефонов,Mobile Phone Stands
222,262,270,264,6030,,,Попередньо оплачені картки та SIM-картки для мобільних телефонів,SIM-карты для мобильных телефонов,Mobile Phone Pre-Paid Cards & SIM Cards
222,262,270,264,6030,543515,,Попередньо оплачені картки мобільних телефонів,Мобильные телефоны с предоплаченными картами,Mobile Phone Pre-Paid Cards
222,262,270,264,6030,543516,,SIM-картки,SIM-карты,SIM Cards
222,262,270,264,7347,,,Запасні частини для мобільних телефонів,Запасные части для мобильных телефонов,Mobile Phone Replacement Parts
222,262,270,264,8111,,,Аксесуари для камер мобільних телефонів,Принадлежности для камер мобильных телефонов,Mobile Phone Camera Accessories
222,262,270,264,499916,,,Інструменти для видалення SIM-карток,Инструменты для извлечения SIM-карт,SIM Card Ejection Tools
222,262,270,265,,,,Аксесуари для телефону,Принадлежности для телефонов,Telephone Accessories
222,262,270,265,269,,,Телефонні картки,Телефонные карты,Phone Cards
222,262,270,267,,,,Мобільні телефони,Мобильные телефоны,Mobile Phones
222,262,270,267,543512,,,Попередньо оплачені мобільні телефони,Мобильные телефоны с предоплаченной связью,Pre-paid Mobile Phones
222,262,270,267,543513,,,Мобільні телефони за контрактом,Мобильные телефоны с контрактом,Contract Mobile Phones
222,262,270,267,543514,,,Розблоковані мобільні телефони,Разблокированные мобильные телефоны,Unlocked Mobile Phones
222,262,270,271,,,,Дротові телефони,Проводные телефоны,Corded Phones
222,262,270,272,,,,Бездротові телефони,Беспроводные телефоны,Cordless Phones
222,262,270,1924,,,,Супутникові телефони,Спутниковые телефоны,Satellite Phones
222,262,270,4666,,,,Телефони для конференцій,Телефоны для конференц-связи,Conference Phones
222,262,274,,,,,Відеоконференції,Товары для видеоконференций,Video Conferencing
222,262,360,,,,,Домофони,Системы двусторонней связи,Intercoms
222,262,2471,,,,,Радіостанції,Товары для радиосвязи,Communication Radios
222,262,2471,273,,,,Двосторонні радіостанції,Приемопередатчики,Two-Way Radios
222,262,2471,2106,,,,CB радіо,СиБи-радио,CB Radios
222,262,2471,4415,,,,Радіосканери,Радиосканеры,Radio Scanners
222,262,5275,,,,,Ідентифікатори викликів,Определители для телефонов,Caller IDs
222,262,5404,,,,,Аксесуари для домофонів,Принадлежности для домофонов,Intercom Accessories
222,278,,,,,,Комп'ютери,Компьютеры,Computers
222,278,298,,,,,Портативні пристрої,Портативные устройства,Handheld Devices
222,278,298,3539,,,,Пристрої для читання електронних книг,Электронные книги,E-Book Readers
222,278,298,3769,,,,КПК (Кишенькові персональні комп'ютери),КПК,PDAs
222,278,298,5256,,,,Збирачі даних,Терминалы сбора данных,Data Collectors
222,278,325,,,,,Настільні комп'ютери,Настольные компьютеры,Desktop Computers
222,278,328,,,,,Ноутбуки,Ноутбуки,Laptops
222,278,331,,,,,Комп'ютерні сервери,Серверы,Computer Servers
222,278,4745,,,,,Планшетні комп'ютери,Планшетные ПК,Tablet Computers
222,278,5254,,,,,"Комп'ютери ""Barebone""",Компьютеры Barebone,Barebone Computers
222,278,5255,,,,,Інтерактивні кіоски,Интерактивные киоски,Interactive Kiosks
222,278,8539,,,,,Тонкі та нульові клієнти,Тонкие и нулевые клиенты,Thin & Zero Clients
222,278,8539,543668,,,,Комп'ютери з тонкими клієнтами,Тонкие клиенты,Thin Client Computers
222,278,8539,543669,,,,Комп'ютери Zero Client,Нулевые клиенты,Zero Client Computers
222,278,500002,,,,,Розумні окуляри,Цифровые очки,Smart Glasses
222,278,502995,,,,,Комп'ютери з сенсорним столом,Панельные компьютеры,Touch Table Computers
222,339,,,,,,Системи GPS-навігації,GPS-навигаторы,GPS Navigation Systems
222,340,,,,,,Морська електроніка,Морская электроника,Marine Electronics
222,340,1550,,,,,Ехолоти,Рыболокаторы,Fish Finders
222,340,1552,,,,,Морський радар,Судовые радары,Marine Radar
222,340,2178,,,,,Морські картплотери та GPS,Морские картплоттеры и системы GPS,Marine Chartplotters & GPS
222,340,4450,,,,,Морські радіостанції,Морские радиомодули,Marine Radios
222,340,8134,,,,,Морські аудіо- та відеоприймачі,Судовые аудио- и видеоприемники,Marine Audio & Video Receivers
222,340,8473,,,,,Морські динаміки,Судовые громкоговорители,Marine Speakers
222,342,,,,,,Мережеві технології,Сетевое оборудование,Networking
222,342,290,,,,,Мережеві карти та адаптери,Сетевые карты и адаптеры,Network Cards & Adapters
222,342,343,,,,,Модеми,Модемы,Modems
222,342,1350,,,,,Мости та роутери,Мосты и маршрутизаторы,Bridges & Routers
222,342,1350,2358,,,,VoIP-шлюзи та роутери,VoIP-шлюзы и маршрутизаторы,VoIP Gateways & Routers
222,342,1350,5496,,,,Бездротові точки доступу,Точки беспроводного доступа,Wireless Access Points
222,342,1350,5497,,,,Бездротові роутери,Беспроводные маршрутизаторы,Wireless Routers
222,342,1350,5659,,,,Мережеві мости,Сетевые мосты,Network Bridges
222,342,2121,,,,,Репітери та передавачі,Повторители и трансиверы,Repeaters & Transceivers
222,342,2455,,,,,Концентратори та комутатори,Сетевые концентраторы и коммутаторы,Hubs & Switches
222,342,2479,,,,,Концентратори та мультиплексори,Концентраторы и мультиплексоры,Concentrators & Multiplexers
222,342,3425,,,,,Сервери друку,Принт-серверы,Print Servers
222,342,3742,,,,,Пристрої мережевої безпеки та брандмауери,Устройства защиты сети и межсетевые экраны,Network Security & Firewall Devices
222,342,5576,,,,,Аксесуари для модемів,Принадлежности для модемов,Modem Accessories
222,342,6508,,,,,Адаптери живлення через Ethernet,Инжекторы и разветвители питания,Power Over Ethernet Adapters
222,345,,,,,,"Друк, копіювання, сканування та факс","Печать, копирование, сканирование и факсимильная связь","Print, Copy, Scan & Fax"
222,345,284,,,,,Аксесуари для сканерів,Принадлежности для сканеров,Scanner Accessories
222,345,306,,,,,Сканери,Сканеры,Scanners
222,345,6865,,,,,3D Принтери,Трехмерные принтеры,3D Printers
222,345,499682,,,,,Аксесуари для 3D принтерів,Принадлежности для 3D-принтеров,3D Printer Accessories
222,345,500106,,,,,"Принтери, копірки та факси","Принтеры, копировальные аппараты и факсы","Printers, Copiers & Fax Machines"
222,345,502990,,,,,"Аксесуари для принтера, копірки та факсу","Принадлежности для принтеров, копировальных аппаратов и факсов","Printer, Copier & Fax Machine Accessories"
222,345,502990,1683,,,,Пам'ять принтера,Память для принтеров,Printer Memory
222,345,502990,5258,,,,Розхідні матеріали для принтера,Расходные материалы для принтеров,Printer Consumables
222,345,502990,5258,356,,,Картриджі для тонера та струменевих принтерів,Картриджи с тонером и чернилами,Toner & Inkjet Cartridges
222,345,502990,5258,5259,,,Барабани та набори барабанів для принтера,Печатные барабаны и комплекты,Printer Drums & Drum Kits
222,345,502990,5258,5260,,,Рибки для принтера,Ленты для принтеров,Printer Ribbons
222,345,502990,5258,5261,,,Друкарські головки,Печатающие головки,Printheads
222,345,502990,5258,5262,,,Набори для обслуговування принтера,Комплекты обслуживания принтера,Printer Maintenance Kits
222,345,502990,5258,5266,,,Фільтри для принтера,Фильтры для принтеров,Printer Filters
222,345,502990,5258,7362,,,Заправка картриджів для тонера та струменевих принтерів,Заправки для картриджей с чернилами и тонером,Toner & Inkjet Cartridge Refills
222,345,502990,5265,,,,Дуплексери для принтера,Дуплексеры для принтеров,Printer Duplexers
222,345,502990,5459,,,,Стенди для принтера,Стойки для принтеров,Printer Stands
222,345,502990,502991,,,,"Запчастини для принтера, копірки та факсу","Детали для принтеров, копировальных аппаратов и факсов","Printer, Copier & Fax Machine Replacement Parts"
222,386,,,,,,Відео,Видеоаппаратура,Video
222,386,305,,,,,Комп'ютерні монітори,Компьютерные мониторы,Computer Monitors
222,386,387,,,,,Відеоплеєри та рекордери,Видеоплееры и рекордеры,Video Players & Recorders
222,386,387,388,,,,DVD та Blu-ray плеєри,DVD-плееры,DVD & Blu-ray Players
222,386,387,389,,,,DVD-рекордери,Рекордеры DVD,DVD Recorders
222,386,387,390,,,,Цифрові відеореєстратори,Цифровые видеорекордеры,Digital Video Recorders
222,386,387,391,,,,Відеомагнітофони,Видеомагнитофоны,VCRs
222,386,387,5276,,,,Плеєри для стрімінгу та домашніх медіа,Сетевые медиаплееры,Streaming & Home Media Players
222,386,396,,,,,Проектори,Проекторы,Projectors
222,386,396,397,,,,Мультимедійні проектори,Мультимедийные проекторы,Multimedia Projectors
222,386,396,398,,,,Проектори для відображення зображення зверху,Диапроекторы,Overhead Projectors
222,386,396,399,,,,Проектори для слайдів,Слайд-проекторы,Slide Projectors
222,386,404,,,,,Телевізори,Телевизоры,Televisions
222,386,1368,,,,,Обладнання та пристрої для монтажу відео,Аппаратура и производственное оборудование для редактирования видеоизображений,Video Editing Hardware & Production Equipment
222,386,1634,,,,,Відеомультиплексори,Видеомультиплексоры,Video Multiplexers
222,386,2027,,,,,Аксесуари для відео,Принадлежности для видеоустройств,Video Accessories
222,386,2027,283,,,,Аксесуари для комп'ютерних моніторів,Принадлежности для компьютерных мониторов,Computer Monitor Accessories
222,386,2027,283,5516,,,Калібратори кольору,Калибровщики цвета,Color Calibrators
222,386,2027,393,,,,Аксесуари для проекторів,Принадлежности для проекторов,Projector Accessories
222,386,2027,393,394,,,Замінні лампи для проекторів,Сменные лампы для проекторов,Projector Replacement Lamps
222,386,2027,393,395,,,Екрани для проекторів,Проекционные экраны,Projection Screens
222,386,2027,393,4570,,,Стенди для екранів проекторів,Стойки для проекционных экранов,Projection Screen Stands
222,386,2027,393,5257,,,Кріплення для проекторів,Крепления для проекторов,Projector Mounts
222,386,2027,393,5599,,,Юбки для проекторів та триподів,Юбки для штативов и проекционных стоек,Projection & Tripod Skirts
222,386,2027,403,,,,Запчастини та аксесуари для телевізорів,Детали и принадлежности для телевизоров,Television Parts & Accessories
222,386,2027,403,4458,,,Кріплення для телевізорів та моніторів,Крепления для телевизоров и мониторов,TV & Monitor Mounts
222,386,2027,403,5471,,,Замінні лампи для телевізорів,Сменные лампы для телевизоров,TV Replacement Lamps
222,386,2027,403,5503,,,Конвертери для телевізорів,Телевизионные приставки,TV Converter Boxes
222,386,2027,403,43616,,,Запасні динаміки для телевізора,Запасные динамики для телевизоров,TV Replacement Speakers
222,386,2027,2145,,,,Перемотувачі,Устройства перемотки,Rewinders
222,386,2027,4760,,,,3D Окуляри,3D-очки,3D Glasses
222,386,5278,,,,,Відеосервери,Видеосерверы,Video Servers
222,386,5450,,,,,Відеопередавачі,Видеопередатчики,Video Transmitters
222,386,5561,,,,,Супутникове та кабельне ТБ,Товары для спутникового и кабельного телевидения,Satellite & Cable TV
222,386,5561,401,,,,Супутникові приймачі,Приемники спутникового телевидения,Satellite Receivers
222,386,5561,5562,,,,Приймачі кабельного телебачення,Приёмники кабельного телевидения,Cable TV Receivers
222,912,,,,,,Радар-детектори,Детекторы радаров,Radar Detectors
222,1270,,,,,,Аксесуари для ігрових консолей,Принадлежности для консолей видеоигр,Video Game Console Accessories
222,1270,1505,,,,,Аксесуари для домашніх ігрових консолей,Принадлежности для игровых консолей,Home Game Console Accessories
222,1270,2070,,,,,Аксесуари для переносних ігрових консолей,Принадлежности для портативных игровых консолей,Portable Game Console Accessories
222,1294,,,,,,Ігрові консолі,Консоли для видеоигр,Video Game Consoles
222,1801,,,,,,Компоненти,Электронные компоненты,Components
222,1801,1337,,,,,Модулятори,Модуляторы,Modulators
222,1801,1544,,,,,Розгалужувачі,Разветвители,Splitters
222,1801,1977,,,,,Конектори для електронних компонентів,Разъемы для электронных компонентов,Electronics Component Connectors
222,1801,2182,,,,,Конвертери,Преобразователи,Converters
222,1801,2182,2205,,,,Скан-конвертери,Преобразователи развертки,Scan Converters
222,1801,2182,503001,,,,Аудіоконвертери,Аудиоконвертеры,Audio Converters
222,1801,7395,,,,,Акселерометри,Акселерометры,Accelerometers
222,2082,,,,,,Аксесуари для електроніки,Принадлежности для электроники,Electronics Accessories
222,2082,258,,,,,Адаптери,Адаптеры,Adapters
222,2082,258,146,,,,Адаптери для карт пам'яті,Адаптеры для карт памяти,Memory Card Adapters
222,2082,258,4463,,,,Адаптери та з'єднувачі для аудіо- та відеокабелів,Аудио- и видеоадаптеры,Audio & Video Cable Adapters & Couplers
222,2082,258,7182,,,,USB адаптери,USB-адаптеры,USB Adapters
222,2082,259,,,,,Кабелі,Кабели,Cables
222,2082,259,1480,,,,Мережеві кабелі,Сетевые кабели,Network Cables
222,2082,259,1763,,,,Системні та живлення кабелі,Системные и силовые кабели,System & Power Cables
222,2082,259,1867,,,,Аудіо- та відеокабелі,Аудио- и видеокабели,Audio & Video Cables
222,2082,259,3461,,,,KVM кабелі,КВМ-кабели,KVM Cables
222,2082,259,3541,,,,Телефонні кабелі,Телефонные кабели,Telephone Cables
222,2082,259,500035,,,,Кабелі для зберігання та передачі даних,Кабели для передачи данных,Storage & Data Transfer Cables
222,2082,275,,,,,Енергія,Электропитание,Power
222,2082,275,276,,,,Батарейки,Аккумуляторы,Batteries
222,2082,275,276,1564,,,Батареї для ноутбуків,Аккумуляторы для ноутбуков,Laptop Batteries
222,2082,275,276,1722,,,Батареї для камер,Аккумуляторы для фотоаппаратов,Camera Batteries
222,2082,275,276,1745,,,Акумулятори для мобільних телефонів,Аккумуляторы для мобильных телефонов,Mobile Phone Batteries
222,2082,275,276,1880,,,Батареї для бездротових телефонів,Аккумуляторы для беспроводных телефонов,Cordless Phone Batteries
222,2082,275,276,2222,,,Батареї для відеокамер,Аккумуляторы для видеокамер,Video Camera Batteries
222,2082,275,276,4928,,,Батарейки загального призначення,Батареи и аккумуляторы общего назначения,General Purpose Batteries
222,2082,275,276,5133,,,Батареї для PDA,Аккумуляторы для КПК,PDA Batteries
222,2082,275,276,6289,,,Батареї для безперебійних блоків живлення,Батареи для ИБП,UPS Batteries
222,2082,275,276,7438,,,Батареї для планшетних комп'ютерів,Батареи для планшетных ПК,Tablet Computer Batteries
222,2082,275,276,7551,,,Батареї для електронних книг,Батареи для устройств для чтения электронных книг,E-Book Reader Batteries
222,2082,275,276,499810,,,Батареї для MP3-плеєрів,Аккумуляторы для MP3-плееров,MP3 Player Batteries
222,2082,275,276,500117,,,Батареї для ігрових консолей та контролерів,Аккумуляторы для игровых приставок и пультов управления,Video Game Console & Controller Batteries
222,2082,275,1348,,,,Безперебійні блоки живлення,Источники бесперебойного питания,UPS
222,2082,275,1375,,,,Аксесуари для безперебійних блоків живлення,Принадлежности для ИБП,UPS Accessories
222,2082,275,2978,,,,Паливні елементи,Топливные элементы,Fuel Cells
222,2082,275,3160,,,,Багатогніздові блоки та прилади для захисту від перенапруги,Удлинители и сетевые фильтры,Power Strips & Surge Suppressors
222,2082,275,5274,,,,Корпуси блоків живлення,Корпуса и шкафы для систем электропитания,Power Supply Enclosures
222,2082,275,5380,,,,Пристрої захисту від перенапруги,Устройства для защиты от импульсных перенапряжений,Surge Protection Devices
222,2082,275,6790,,,,Блоки управління живленням,Регуляторы мощности,Power Control Units
222,2082,275,6933,,,,Аксесуари для блоків живлення та зарядних пристроїв,Принадлежности для адаптеров электропитания,Power Adapter & Charger Accessories
222,2082,275,7135,,,,Подорожні перетворювачі та адаптери,Туристические переходники и адаптеры,Travel Converters & Adapters
222,2082,275,7166,,,,Аксесуари для батарей,Принадлежности для батарей,Battery Accessories
222,2082,275,7166,3130,,,Зарядні пристрої для батарей камер,Зарядные устройства для камер,Camera Battery Chargers
222,2082,275,7166,6817,,,Контролери заряду батарей,Устройства регулирования зарядки,Battery Charge Controllers
222,2082,275,7166,7167,,,Зарядні пристрої для батарейок загального призначення,Зарядные устройства для аккумуляторов общего назначения,General Purpose Battery Chargers
222,2082,275,7166,8243,,,Тримачі для батарей,Держатели для аккумуляторов,Battery Holders
222,2082,275,7166,499928,,,Тестери батарейок загального призначення,Тестеры батареек,General Purpose Battery Testers
222,2082,275,505295,,,,Блоки живлення та зарядні пристрої,Адаптеры питания и зарядные устройства,Power Adapters & Chargers
222,2082,279,,,,,Комп'ютерні аксесуари,Компьютерные принадлежности,Computer Accessories
222,2082,279,280,,,,Аксесуари для портативних пристроїв,Принадлежности для карманных устройств,Handheld Device Accessories
222,2082,279,280,4736,,,Аксесуари для електронних книг,Принадлежности для электронных книг,E-Book Reader Accessories
222,2082,279,280,4736,4738,,Чохли для електронних книг,Чехлы для электронных книг,E-Book Reader Cases
222,2082,279,280,4737,,,Аксесуари для PDA,Принадлежности для КПК,PDA Accessories
222,2082,279,280,4737,4739,,Чохли для PDA,Чехлы для КПК,PDA Cases
222,2082,279,300,,,,Док-станції для ноутбуків,Док-станции для ноутбуков,Laptop Docking Stations
222,2082,279,1993,,,,Килимки для миші,Коврики для мыши,Mouse Pads
222,2082,279,5308,,,,Стилуси,Стилусы,Stylus Pens
222,2082,279,5489,,,,Підставки та стенди для комп'ютера,Подставки для компьютеров,Computer Risers & Stands
222,2082,279,5669,,,,Пера та змінні стержні для стилусів,Запасные стержни и головки для стилусов,Stylus Pen Nibs & Refills
222,2082,279,6291,,,,Підставки для зап'ястя клавіатури та миші,Подушки для запястья,Keyboard & Mouse Wrist Rests
222,2082,279,6979,,,,Підставки та платформи для клавіатури,Платформы и подставки для клавиатуры,Keyboard Trays & Platforms
222,2082,279,7530,,,,Чохли та накладки для комп'ютера,Чехлы и кожухи для компьютеров,Computer Covers & Skins
222,2082,279,499956,,,,Док-станції та підставки для планшетних комп'ютерів,Подставки и доки для планшетных ПК,Tablet Computer Docks & Stands
222,2082,279,500040,,,,Набори комп'ютерних аксесуарів,Комплекты компьютерных принадлежностей,Computer Accessory Sets
222,2082,285,,,,,Комп'ютерні компоненти,Компьютерные компоненты,Computer Components
222,2082,285,287,,,,Карти вводу/виводу та адаптери,Платы расширения для компьютеров,I/O Cards & Adapters
222,2082,285,287,286,,,Звукові карти та адаптери,Звуковые карты,Audio Cards & Adapters
222,2082,285,287,297,,,Відеокарти та адаптери,Видеокарты,Video Cards & Adapters
222,2082,285,287,1487,,,Тюнерні карти та адаптери для телевізора,Платы и адаптеры ТВ-тюнеров,TV Tuner Cards & Adapters
222,2082,285,287,503755,,,Розширювальні карти,Райзер-платы,Riser Cards
222,2082,285,287,505299,,,Комп'ютерні картки інтерфейсу та адаптери,Интерфейсные платы и адаптеры для компьютеров,Computer Interface Cards & Adapters
222,2082,285,291,,,,Блоки живлення для комп'ютера,Блоки питания для компьютеров,Computer Power Supplies
222,2082,285,292,,,,Комп'ютерні процесори,Процессоры для компьютеров,Computer Processors
222,2082,285,293,,,,Комп'ютерні стійки та кріплення,Компьютерные стойки и крепеж,Computer Racks & Mounts
222,2082,285,294,,,,Стартові набори для комп'ютера,Комплекты для сборки компьютеров,Computer Starter Kits
222,2082,285,295,,,,Деталі системи охолодження комп'ютера,Детали для охлаждения компьютерных систем,Computer System Cooling Parts
222,2082,285,296,,,,Корпуси для настільних комп'ютерів та серверів,Корпуса компьютеров,Desktop Computer & Server Cases
222,2082,285,311,,,,USB та FireWire хаби,Концентраторы USB и FireWire,USB & FireWire Hubs
222,2082,285,1928,,,,Введення даних,Устройства ввода,Input Devices
222,2082,285,1928,139,,,Сканери штрих-кодів,Сканеры штрихкодов,Barcode Scanners
222,2082,285,1928,301,,,Ігрові контролери,Игровые контроллеры,Game Controllers
222,2082,285,1928,301,543588,,Джойстики,Джойстики,Joystick Controllers
222,2082,285,1928,301,543589,,Ігрові пади,Геймпады,Gaming Pads
222,2082,285,1928,301,543590,,Ігрові пульти,Пульты управления для игр,Game Remotes
222,2082,285,1928,301,543591,,Ігрові керма,Игровые рули,Game Racing Wheels
222,2082,285,1928,301,543593,,Геймпади для музичних інструментів,Игровые контроллеры для имитации музыкальных инструментов,Musical Instrument Game Controllers
222,2082,285,1928,302,,,Графічні планшети,Графические планшеты,Graphics Tablets
222,2082,285,1928,303,,,Клавіатури,Компьютерные клавиатуры,Keyboards
222,2082,285,1928,304,,,Миші та трекболи,Мыши и трекболы,Mice & Trackballs
222,2082,285,1928,308,,,Тачпади,Сенсорные панели,Touchpads
222,2082,285,1928,1562,,,KVM перемикачі,КВМ-переключатели,KVM Switches
222,2082,285,1928,3580,,,Картрідери,Устройства для считывания карт памяти,Memory Card Readers
222,2082,285,1928,4512,,,Цифрові клавіатури,Цифровые клавишные панели,Numeric Keypads
222,2082,285,1928,5309,,,Цифрові ручки для ведення нотаток,Цифровые ручки,Digital Note Taking Pens
222,2082,285,1928,5366,,,Сканери відбитків пальців,Устройства чтения отпечатков пальцев,Fingerprint Readers
222,2082,285,1928,499950,,,Пристрої введення з керуванням жестами,Устройства для управжения жестами,Gesture Control Input Devices
222,2082,285,1928,505801,,,Електронні картрідери,Устройства для чтения магнитных карт и карт с чипом,Electronic Card Readers
222,2082,285,2414,,,,Пристрої для зберігання,Оборудование для хранения данных,Storage Devices
222,2082,285,2414,377,,,Оптичні дисководи,Оптические дисководы,Optical Drives
222,2082,285,2414,380,,,Жорсткі диски,Жесткие диски,Hard Drives
222,2082,285,2414,385,,,Стрічкові накопичувачі,Ленточные накопители,Tape Drives
222,2082,285,2414,1301,,,Дисководи для дискет,Дисководы для гибких дисков,Floppy Drives
222,2082,285,2414,1623,,,Аксесуари для жорстких дисків,Принадлежности для дисковых накопителей,Hard Drive Accessories
222,2082,285,2414,1623,381,,Сумки для транспортування жорстких дисків,Футляры для переноски жестких дисков,Hard Drive Carrying Cases
222,2082,285,2414,1623,4417,,Док-станції для жорстких дисків,Док-станции для жестких дисков,Hard Drive Docks
222,2082,285,2414,1623,505767,,Корпуси та кріплення для жорстких дисків,Футляры и док-станции для жестких дисков,Hard Drive Enclosures & Mounts
222,2082,285,2414,3712,,,USB флеш-накопичувачі,USB флэш-накопители,USB Flash Drives
222,2082,285,2414,5268,,,Дублювачі дисків,Устройства для дублирования данных,Disk Duplicators
222,2082,285,2414,5268,376,,Дублікатори CD/DVD,Дупликаторы CD/DVD-дисков,CD/DVD Duplicators
222,2082,285,2414,5268,5112,,Дублювачі USB-накопичувачів,Дупликаторы USB-накопителей,USB Drive Duplicators
222,2082,285,2414,5268,5271,,Дублювачі жорстких дисків,Дупликаторы жестких дисков,Hard Drive Duplicators
222,2082,285,2414,5269,,,Системи мережевого зберігання,Сетевые системы хранения данных,Network Storage Systems
222,2082,285,2414,5272,,,Масиви жорстких дисків,Дисковые массивы,Hard Drive Arrays
222,2082,285,4224,,,,Запчастини для ноутбуків,Запчасти для ноутбуков,Laptop Parts
222,2082,285,4224,4102,,,Замінні екрани для ноутбуків,Сменные экраны для ноутбуков,Laptop Replacement Screens
222,2082,285,4224,4270,,,Корпуси та обрамлення для ноутбуків,Наклейки на ноутбуки,Laptop Housings & Trim
222,2082,285,4224,4301,,,Замінні клавіатури для ноутбуків,Сменные клавиатуры для ноутбуков,Laptop Replacement Keyboards
222,2082,285,4224,6416,,,Петлі для ноутбуків,Петли для ноутбуков,Laptop Hinges
222,2082,285,4224,7501,,,Замінні кабелі для ноутбуків,Запасные кабели для ноутбуков,Laptop Replacement Cables
222,2082,285,4224,8160,,,Діджитайзери для екранів ноутбуків,Дигитайзеры для экранов ноутбуков,Laptop Screen Digitizers
222,2082,285,4224,43617,,,Замінні динаміки для ноутбуків,Запасные динамики для ноутбуков,Laptop Replacement Speakers
222,2082,285,6475,,,,Аксесуари для введення даних,Принадлежности для устройств ввода,Input Device Accessories
222,2082,285,6475,6476,,,Стенди для сканерів штрих-кодів,Стойки для сканеров штрих-кодов,Barcode Scanner Stands
222,2082,285,6475,8008,,,Аксесуари для ігрових контролерів,Принадлежности для игровых контроллеров,Game Controller Accessories
222,2082,285,6475,500052,,,Аксесуари для миші та трекболу,Принадлежности для мыши и трекбола,Mice & Trackball Accessories
222,2082,285,6475,503003,,,Клавіші та ковпачки клавіатури,Клавиши и наклейки на клавиши клавиатуры,Keyboard Keys & Caps
222,2082,285,6932,,,,Корпуси для серверів Blade,Шкафы для блейд-серверов,Blade Server Enclosures
222,2082,285,7349,,,,Запчастини для планшетних комп'ютерів,Детали для планшетных ПК,Tablet Computer Parts
222,2082,285,7349,45262,,,Замінні динаміки для планшетних комп'ютерів,Сменные динамики для планшетных ПК,Tablet Computer Replacement Speakers
222,2082,285,7349,500013,,,Екрани та діджитайзери для планшетних комп'ютерів,Экраны для планшетных ПК,Tablet Computer Screens & Screen Digitizers
222,2082,285,7349,503002,,,Корпуси та обрамлення для планшетних комп'ютерів,Чехлы для планшетных ПК,Tablet Computer Housings & Trim
222,2082,285,8158,,,,Задні панелі комп'ютера та щити вводу/виводу,Заглушки для слотов компьютерных плат,Computer Backplates & I/O Shields
222,2082,285,8162,,,,Запчастини для електронних книг,Детали для электронных книг,E-Book Reader Parts
222,2082,285,8162,8163,,,Екрани та дигітайзери для електронних книг,Сменные экраны для электронных книг,E-Book Reader Screens & Screen Digitizers
222,2082,288,,,,,Пам'ять,Память,Memory
222,2082,288,384,,,,Флеш-пам'ять,Флеш-память,Flash Memory
222,2082,288,384,3387,,,Карти флеш-пам'яті,Карты флеш-памяти,Flash Memory Cards
222,2082,288,1665,,,,Кеш-пам'ять,Кэш-память,Cache Memory
222,2082,288,1733,,,,ОЗУ (оперативна пам'ять),ОЗУ,RAM
222,2082,288,1767,,,,Відеопам'ять,Видеопамять,Video Memory
222,2082,288,2130,,,,ПЗУ (постійна пам'ять),ПЗУ,ROM
222,2082,341,,,,,Пульти дистанційного керування,Пульты дистанционного управления,Remote Controls
222,2082,367,,,,,Порожні носії,Чистые носители,Blank Media
222,2082,1718,,,,,Антени,Антенны,Antennas
222,2082,3328,,,,,Організація кабелів,Прокладка кабелей,Cable Management
222,2082,3328,3764,,,,Кліпси для кабелів,Зажимы для кабелей,Cable Clips
222,2082,3328,4016,,,,Стяжки для дроту та кабелю,Ленты для проводов и кабелей,Wire & Cable Ties
222,2082,3328,5273,,,,Патч-панелі,Коммутационные  панели,Patch Panels
222,2082,3328,6402,,,,Траси для кабелів,Кабельные коробы,Cable Trays
222,2082,3328,6780,,,,Оплетки для дроту та кабелю,Кабельные муфты,Wire & Cable Sleeves
222,2082,3328,499686,,,,Маркери для ідентифікації дроту та кабелю,Идентификационные маркеры для кабелей и проводов,Wire & Cable Identification Markers
222,2082,3328,500036,,,,Пістолети для кріплення кабелів,Пистолеты для стяжки кабеля,Cable Tie Guns
222,2082,3422,,,,,Аксесуари для пам'яті,Принадлежности для модулей памяти,Memory Accessories
222,2082,3422,3672,,,,Корпуси для пам'яті,Кассеты для модулей памяти,Memory Cases
222,2082,4617,,,,,Засоби для чищення електроніки,Чистящие средства для электроники,Electronics Cleaners
222,2082,5466,,,,,Плівки та захисні екрани для електроніки,Защитные пленки и экраны для электроприборов,Electronics Films & Shields
222,2082,5466,5467,,,,Фільтри конфіденційності,Фильтры конфиденциальности,Privacy Filters
222,2082,5466,5468,,,,Захисні плівки для екрану,Защитные плёнки для экранов,Screen Protectors
222,2082,5466,5469,,,,Захисні покривала для клавіатури,Протекторы для клавиатур,Keyboard Protectors
222,2082,5466,5523,,,,Наклейки та декали для електроніки,Наклейки и переводные картинки для электроприборов,Electronics Stickers & Decals
222,2082,5473,,,,,Підсилювачі сигналу,Усилители сигналов,Signal Boosters
222,2082,5476,,,,,Аксесуари для антен,Принадлежности для антенн,Antenna Accessories
222,2082,5476,5477,,,,Кріплення та дужки для антен,Опорные механизмы и кронштейны для крепления антенн,Antenna Mounts & Brackets
222,2082,5476,5478,,,,Ротатори антен,Поворотные устройства для антенн,Antenna Rotators
222,2082,5476,6016,,,,Супутникові LNB,Спутниковые конвертеры,Satellite LNBs
222,2082,5695,,,,,Пристрої для глушіння сигналу,Глушители сигналов,Signal Jammers
222,2082,5695,5589,,,,Пристрої для глушіння радарів,Радарные глушители,Radar Jammers
222,2082,5695,5612,,,,Пристрої для перешкоджання GPS,Глушители GPS,GPS Jammers
222,2082,5695,5696,,,,Пристрої для глушення сигналу мобільних телефонів,Глушители сигналов мобильных телефонов,Mobile Phone Jammers
222,2082,8156,,,,,Розподільники та перемикачі для аудіо- та відеосигналів,Аудио- и видеоразветвители и переключатели,Audio & Video Splitters & Switches
222,2082,8156,8164,,,,Розгалужувачі та перемикачі HDMI,Разветвители и переключатели HDMI,HDMI Splitters & Switches
222,2082,8156,499944,,,,Розподільники та перемикачі DVI,DVI-сплиттеры и DVI-коммутаторы,DVI Splitters & Switches
222,2082,8156,499945,,,,VGA розгалужувачі та перемикачі,VGA-сплиттеры и VGA-коммутаторы,VGA Splitters & Switches
222,2082,499878,,,,,Триноги та моноподи для мобільних телефонів та планшетів,Треноги и моноподы для мобильных телефонов и планшетных ПК,Mobile Phone & Tablet Tripods & Monopods
222,3356,,,,,,Обладнання для аркад,Оборудование для аркад,Arcade Equipment
222,3356,3117,,,,,Шафи для ігрових автоматів,Игровые автоматы,Video Game Arcade Cabinets
222,3356,3140,,,,,Автомати пінбол,Машины для пинбола,Pinball Machines
222,3356,3676,,,,,Аксесуари для ігрових автоматів,Принадлежности для игровых автоматов,Video Game Arcade Cabinet Accessories
222,3356,3681,,,,,Машини для гри в Скі-Бол,Машины для скибола,Skee-Ball Machines
222,3356,3946,,,,,Аксесуари для автоматів пінбол,Принадлежности для машины для пинбола,Pinball Machine Accessories
222,3356,8085,,,,,Аркадні ігри з баскетболом,Баскетбольные игровые автоматы,Basketball Arcade Games
222,3702,,,,,,Плати побутових пристроїв та компоненти,Печатные платы и их компоненты,Circuit Boards & Components
222,3702,3635,,,,,Пасивні компоненти електричних кіл,Пассивные компоненты электрических цепей,Passive Circuit Components
222,3702,3635,3121,,,,Індуктори,Индукторы,Inductors
222,3702,3635,3220,,,,Конденсатори,Электрические конденсаторы,Capacitors
222,3702,3635,3424,,,,Резистори,Резисторы,Resistors
222,3702,3635,7260,,,,Електронні генератори,Электронные осцилляторы,Electronic Oscillators
222,3702,3889,,,,,Прототипування побутових пристроїв,Прототипные печатные платы,Circuit Prototyping
222,3702,3889,4010,,,,Макетні дошки,Макетные платы,Breadboards
222,3702,3991,,,,,Півпровідники,Полупроводники,Semiconductors
222,3702,3991,3094,,,,Транзистори,Транзисторы,Transistors
222,3702,3991,3632,,,,Діоди,Диоды,Diodes
222,3702,3991,3949,,,,Мікроконтролери,Микроконтроллеры,Microcontrollers
222,3702,3991,7257,,,,Інтегральні схеми та мікросхеми,Интегральные схемы и чипы,Integrated Circuits & Chips
222,3702,7258,,,,,Електронні фільтри,Электронные фильтры,Electronic Filters
222,3702,7259,,,,,Декодери та енкодери цепів,Электронные шифраторы и дешифраторы,Circuit Decoders & Encoders
222,3702,7264,,,,,Друковані плати,Печатные платы,Printed Circuit Boards
222,3702,7264,3416,,,,Розробницькі плати,Платы для прототипирования,Development Boards
222,3702,7264,8516,,,,Телевізійні плати,Печатные платы для телевизоров,Television Circuit Boards
222,3702,7264,8544,,,,"Друковані плати для принтера, копірки та факсу","Печатные платы для принтеров, копиров и факсов","Printer, Copier, & Fax Machine Circuit Boards"
222,3702,7264,8545,,,,Плати електроніки побутових приладів,Печатные платы для бытовых приборов,Household Appliance Circuit Boards
222,3702,7264,8549,,,,Плати управління для басейну та спа,Печатные платы для бассейнов и джакузи,Pool & Spa Circuit Boards
222,3702,7264,298419,,,,Плати камер,Печатные платы для фотоаппаратов,Camera Circuit Boards
222,3702,7264,499675,,,,Плати сканерів,Печатные платы для сканеров,Scanner Circuit Boards
222,3702,7264,499889,,,,Плати управління для тренажерів,Печатные платы для спортивных тренажеров,Exercise Machine Circuit Boards
222,3702,7264,499898,,,,Комп'ютерні плати,Печатные платы для компьютеров,Computer Circuit Boards
222,3702,7264,499898,289,,,Материнські плати,Материнские платы,Motherboards
222,3702,7264,499898,8546,,,Плати жорстких дисків,Печатные платы для жестких дисков,Hard Drive Circuit Boards
222,3702,7264,499898,499899,,,Комп'ютерні інверторні плати,Платы инвертеров для компьютеров,Computer Inverter Boards
222,3702,500027,,,,,Аксесуари для плати побутових пристроїв,Принадлежности для печатных плат,Circuit Board Accessories
222,3895,,,,,,Аксесуари для GPS,Принадлежности для устройств GPS,GPS Accessories
222,3895,3213,,,,,Кріплення для GPS,Крепления для устройств GPS,GPS Mounts
222,3895,3781,,,,,Чохли для GPS,Чехлы для устройств GPS,GPS Cases
222,4488,,,,,,Пристрої для збору плати за проїзд,Устройства для взимания оплаты,Toll Collection Devices
222,6544,,,,,,GPS-трекери,GPS-трекеры,GPS Tracking Devices
222,500091,,,,,,Радари швидкості,Радары скорости,Speed Radars
412,,,,,,,"Їжа, напої та тютюнові вироби","Продукты, напитки и табачные изделия","Food, Beverages & Tobacco"
412,413,,,,,,Напої,Напитки,Beverages
412,413,415,,,,,Гарячий шоколад,Горячий шоколад,Hot Chocolate
412,413,418,,,,,Молоко,Молоко,Milk
412,413,420,,,,,Вода,Вода,Water
412,413,420,543530,,,,Дистильована вода,Дистиллированная вода,Distilled Water
412,413,420,543531,,,,Газована вода,Газированная вода,Carbonated Water
412,413,420,543531,543534,,,Газована вода зі смаком,Газированная вода со вкусом,Flavored Carbonated Water
412,413,420,543531,543535,,,Несмакована газована вода,Газированная вода без вкуса,Unflavored Carbonated Water
412,413,420,543532,,,,Джерельна вода,Родниковая вода,Spring Water
412,413,420,543533,,,,Негазована мінеральна вода,Негазированная минеральная вода,Flat Mineral Water
412,413,1868,,,,,Кава,Кофе,Coffee
412,413,2073,,,,,Чай та настої,Чаи и чайные смеси,Tea & Infusions
412,413,2628,,,,,Содова вода,Газированная вода с сиропом,Soda
412,413,2887,,,,,Сік,Соки,Juice
412,413,5723,,,,,Спортивні та енергетичні напої,Спортивные и энергетические напитки,Sports & Energy Drinks
412,413,5724,,,,,Рослинне молоко,Растительное молоко,Non-Dairy Milk
412,413,6797,,,,,Простокваша,Пахта,Buttermilk
412,413,6848,,,,,Порошкові суміші для напоїв,Смеси для напитков,Powdered Beverage Mixes
412,413,7528,,,,,Напої з оцетом,Напитки с уксусом,Vinegar Drinks
412,413,8030,,,,,Гоголь-моголь,Эгг-ног,Eggnog
412,413,8036,,,,,Фруктові напої,Ароматизированные фруктовые напитки,Fruit Flavored Drinks
412,413,499676,,,,,Алкогольні напої,Алкогольные напитки,Alcoholic Beverages
412,413,499676,414,,,,Пиво,Пиво,Beer
412,413,499676,417,,,,Алкогольні напої та спирт,Крепкие алкогольные напитки,Liquor & Spirits
412,413,499676,417,1671,,,Джин,Джин,Gin
412,413,499676,417,1926,,,Віскі,Виски,Whiskey
412,413,499676,417,2107,,,Водка,Водка,Vodka
412,413,499676,417,2220,,,Текіла,Текила,Tequila
412,413,499676,417,2364,,,Бренді,Бренди,Brandy
412,413,499676,417,2605,,,Ром,Ром,Rum
412,413,499676,417,2933,,,Лікери,Ликеры,Liqueurs
412,413,499676,417,502976,,,Шочу та Соджу,Сетю и соджу,Shochu & Soju
412,413,499676,417,502976,543642,,Шочу,Сётю,Shochu
412,413,499676,417,502976,543643,,Соджу,Соджу,Soju
412,413,499676,417,505761,,,Абсент,Абсент,Absinthe
412,413,499676,421,,,,Вино,Вино,Wine
412,413,499676,5725,,,,Коктейльні мікси,Смеси для коктейлей,Cocktail Mixes
412,413,499676,5725,543536,,,Коктейльні мікси для зберігання на полиці,Долгохранящиеся смеси для коктейлей,Shelf-stable Cocktail Mixes
412,413,499676,5725,543537,,,Заморожені коктейльні мікси,Замороженные смеси для коктейлей,Frozen Cocktail Mixes
412,413,499676,5887,,,,Алкогольні напої зі смаком,Алкогольные напитки со вкусовыми добавками,Flavored Alcoholic Beverages
412,413,499676,6761,,,,Сухий сидр,Крепкий сидр,Hard Cider
412,413,499676,7486,,,,Біттери,Биттеры,Bitters
412,422,,,,,,Продукти харчування,Пищевые продукты,Food Items
412,422,136,,,,,Подарункові кошики з продуктами,Корзины с продуктовыми наборами,Food Gift Baskets
412,422,423,,,,,Продукти для перекусу,Легкие закуски,Snack Foods
412,422,423,1445,,,,Крекери,Крекеры,Crackers
412,422,423,1534,,,,Попкорн,Попкорн,Popcorn
412,422,423,2392,,,,Чіпси,Чипсы,Chips
412,422,423,2432,,,,Повітряні рисові коржики,Хлебцы из воздушного риса,Puffed Rice Cakes
412,422,423,3284,,,,Сушена м'ясна закуска,Вяленое мясо,Jerky
412,422,423,3446,,,,Прецелі,Крендели,Pretzels
412,422,423,5743,,,,Пудинги та желейні снеки,Пудинги и закуски из желатина,Pudding & Gelatin Snacks
412,422,423,5744,,,,Фруктові снеки,Фруктовые закуски,Fruit Snacks
412,422,423,5745,,,,Мікси для трекінгу та перекусів,Походная смесь,Trail & Snack Mixes
412,422,423,5746,,,,Сухарики,Гренки для супа,Croutons
412,422,423,5747,,,,Злакові та гранольові батончики,Плитки из зерновых и мюсли,Cereal & Granola Bars
412,422,423,5747,543651,,,Злакові батончики,Батончики-мюсли,Cereal Bars
412,422,423,5747,543652,,,Батончики граноли,Батончики из гранолы,Granola Bars
412,422,423,6192,,,,Сирні пухирчики,Сырные палочки,Cheese Puffs
412,422,423,6194,,,,Свинячі шкірки,Шкварки,Pork Rinds
412,422,423,6785,,,,Печиво для перекусу,Закусочные сладости,Snack Cakes
412,422,423,6847,,,,Додатки до салатів,Приправы для салатов,Salad Toppings
412,422,423,7159,,,,Грісіні,Хлебные палочки,Breadsticks
412,422,423,7327,,,,Рисові кекси,Баньтьынг,Sticky Rice Cakes
412,422,423,7427,,,,Палички з кунжутом,Кунжутные палочки,Sesame Sticks
412,422,427,,,,,Приправи та соуси,Приправы и соусы,Condiments & Sauces
412,422,427,1387,,,,Гірчиця,Горчица,Mustard
412,422,427,1568,,,,Майонез,Майонез,Mayonnaise
412,422,427,1969,,,,Заправка для салату,Заправки к салатам,Salad Dressing
412,422,427,2018,,,,Кетчуп,Кетчуп,Ketchup
412,422,427,4614,,,,Гострий соус,Острый соус,Hot Sauce
412,422,427,4615,,,,Соус Сате,Ореховый соус,Satay Sauce
412,422,427,4616,,,,Соєвий соус,Соевый соус,Soy Sauce
412,422,427,4692,,,,Тахіні,Тахина,Tahini
412,422,427,4943,,,,Сироп,Сиропы,Syrup
412,422,427,4947,,,,Мед,Мёд,Honey
412,422,427,5759,,,,Соус для пасти,Соусы для пасты,Pasta Sauce
412,422,427,5760,,,,Оливки та каперси,Оливки и каперсы,Olives & Capers
412,422,427,5762,,,,Соуси,Подливки,Gravy
412,422,427,5763,,,,Рибний соус,Рыбный соус,Fish Sauce
412,422,427,6203,,,,Соус для піци,Соус для пиццы,Pizza Sauce
412,422,427,6246,,,,Соус Вустерширський,Вустерский соус,Worcestershire Sauce
412,422,427,6772,,,,Соус для коктейлів,Коктейль-соус для креветок,Cocktail Sauce
412,422,427,6782,,,,Соус з хрону,Соус с хреном,Horseradish Sauce
412,422,427,6783,,,,Соус тартар,Соус тартар,Tartar Sauce
412,422,427,6845,,,,Прикраси для десертів,Топпинги для десертов,Dessert Toppings
412,422,427,6845,6844,,,Сироп для морозива,Сироп для мороженого,Ice Cream Syrup
412,422,427,6845,6854,,,Фруктові топінги,Фруктовый топпинг,Fruit Toppings
412,422,427,6905,,,,Соус каррі,Соус карри,Curry Sauce
412,422,427,500074,,,,Маринади та соуси для грилю,Маринады и соусы для барбекю,Marinades & Grilling Sauces
412,422,427,500075,,,,Реліш та чатні,Релиш и чатни,Relish & Chutney
412,422,427,500076,,,,Консервовані фрукти та овочі,Маринованные овощи,Pickled Fruits & Vegetables
412,422,427,500089,,,,Солодко-кислі соуси,Кисло-сладкие соусы,Sweet and Sour Sauces
412,422,427,500105,,,,Білі та вершкові соуси,Белые и сливочные соусы,White & Cream Sauces
412,422,428,,,,,Молочні продукти,Молочные продукты,Dairy Products
412,422,428,429,,,,Сир,Сыр,Cheese
412,422,428,1855,,,,Сирок,Творог,Cottage Cheese
412,422,428,1954,,,,Йогурт,Йогурт,Yogurt
412,422,428,4418,,,,Кавовий кремер,Сливки для кофе,Coffee Creamer
412,422,428,5786,,,,Крем,Сливки,Cream
412,422,428,5787,,,,Кисле молоко,Сметана,Sour Cream
412,422,428,5827,,,,Масло та маргарин,Масло и маргарин,Butter & Margarine
412,422,428,6821,,,,Збиті вершки,Взбитые сливки,Whipped Cream
412,422,430,,,,,Фрукти та овочі,Фрукты и овощи,Fruits & Vegetables
412,422,430,1755,,,,Сушені фрукти,Сухофрукты,Dried Fruits
412,422,430,5793,,,,Свіжі та заморожені овочі,Свежие и замороженные овощи,Fresh & Frozen Vegetables
412,422,430,5793,6568,,,Спаржа,Спаржа,Asparagus
412,422,430,5793,6570,,,Артишоки,Артишоки,Artichokes
412,422,430,5793,6577,,,Боб,Бобы,Beans
412,422,430,5793,6580,,,Буряки,Свекла,Beets
412,422,430,5793,6585,,,Батат,Батат,Sweet Potatoes
412,422,430,5793,6586,,,Картопля,Картофель,Potatoes
412,422,430,5793,6587,,,Буряк,Огуречник,Borage
412,422,430,5793,6590,,,Брюссельська капуста,Брюссельская капуста,Brussel Sprouts
412,422,430,5793,6591,,,Броколі,Брокколи,Broccoli
412,422,430,5793,6592,,,Капуста,Кочанная капуста,Cabbage
412,422,430,5793,6595,,,Морква,Морковь,Carrots
412,422,430,5793,6596,,,Кардон (рослина),Испанские артишоки,Cardoon
412,422,430,5793,6598,,,Корені селери,Корень сельдерея,Celery Roots
412,422,430,5793,6599,,,Селера,Сельдерей,Celery
412,422,430,5793,6600,,,Цвітна капуста,Цветная капуста,Cauliflower
412,422,430,5793,6608,,,Огірки,Огурцы,Cucumbers
412,422,430,5793,6609,,,Кукурудза,Кукуруза,Corn
412,422,430,5793,6613,,,Баклажани,Баклажаны,Eggplants
412,422,430,5793,6615,,,"Папороть ""солов'їний гніздечко""",Папоротник,Fiddlehead Ferns
412,422,430,5793,6616,,,Гай Чой,Капуста гай-чой,Gai Choy
412,422,430,5793,6617,,,Гай Лан,Гай-лан,Gai Lan
412,422,430,5793,6618,,,Корінь гобо,Корень лопушника,Gobo Root
412,422,430,5793,6619,,,Корінь імбиру,Корень имбиря,Ginger Root
412,422,430,5793,6620,,,Часник,Чеснок,Garlic
412,422,430,5793,6622,,,Зелень,Зелень,Greens
412,422,430,5793,6622,5792,,Суміші для салатів,Смеси для салатов,Salad Mixes
412,422,430,5793,6622,6569,,Рукола,Рукола,Arugula
412,422,430,5793,6622,6581,,Листя буряка,Зелень свеклы,Beet Greens
412,422,430,5793,6622,6584,,Бок Чой,Китайская капуста,Bok Choy
412,422,430,5793,6622,6597,,Мангольд,Листовая свекла,Chard
412,422,430,5793,6622,6610,,Чой сум (вид китайської капусти),Капуста чой-сум,Choy Sum
412,422,430,5793,6622,6629,,Капуста кале,Кормовая капуста,Kale
412,422,430,5793,6622,6637,,Салат,Салат-латук,Lettuce
412,422,430,5793,6622,6656,,Водяний шпинат,Он-чой,On Choy
412,422,430,5793,6622,6695,,Шпинат,Шпинат,Spinach
412,422,430,5793,6622,6706,,Юй Чой,Рапс,Yu Choy
412,422,430,5793,6622,6717,,Цикорій,Цикорий,Chicory
412,422,430,5793,6627,,,Порей,Лук-порей,Leeks
412,422,430,5793,6628,,,Кольрабі,Кольраби,Kohlrabi
412,422,430,5793,6630,,,Ямс білий,Хикама,Jicama
412,422,430,5793,6631,,,Корінь хрону,Корень хрена,Horseradish Root
412,422,430,5793,6643,,,Маланги,Ксантосома,Malangas
412,422,430,5793,6644,,,Корені лотосу,Корень лотуса,Lotus Roots
412,422,430,5793,6653,,,Гриби,Грибы,Mushrooms
412,422,430,5793,6655,,,Цибуля,Лук репчатый,Onions
412,422,430,5793,6657,,,Окра (або бамія),Окра,Okra
412,422,430,5793,6663,,,Пастернак,Пастернак,Parsnips
412,422,430,5793,6664,,,Коріння петрушки,Корень петрушки,Parsley Roots
412,422,430,5793,6668,,,Перці,Перцы,Peppers
412,422,430,5793,6669,,,Горох,Горох,Peas
412,422,430,5793,6681,,,Ревінь,Ревень,Rhubarb
412,422,430,5793,6682,,,Редька,Редис,Radishes
412,422,430,5793,6692,,,Тамарілло,Тамарилло,Tamarillos
412,422,430,5793,6693,,,Топінамбури,Топинамбур,Sunchokes
412,422,430,5793,6694,,,Цукровий тростинник,Сахарный тростник,Sugar Cane
412,422,430,5793,6700,,,Водяний крес,Водный кресс,Watercress
412,422,430,5793,6701,,,Водяні каштани,Водяные орехи,Water Chestnuts
412,422,430,5793,6703,,,Помідори,Помидоры,Tomatoes
412,422,430,5793,6704,,,Корінь таро,Корень таро,Taro Root
412,422,430,5793,6705,,,Корінь Юка,Корень тапиоки,Yuca Root
412,422,430,5793,6716,,,Арракача,Аракача,Arracachas
412,422,430,5793,6808,,,Листя кактусів,Листья кактуса,Cactus Leaves
412,422,430,5793,6816,,,Цибулини фенхелю,Луковицы фенхеля,Fennel Bulbs
412,422,430,5793,6818,,,Шалот,Лук-шарлот,Shallots
412,422,430,5793,7193,,,Пшенична трава,Ростки пшеницы,Wheatgrass
412,422,430,5793,8515,,,Батати,Клубни ямса,Yams
412,422,430,5793,499905,,,Овочеві суміші,Овощные смеси,Vegetable Mixes
412,422,430,5793,503761,,,Паростки,Ростки бобовых,Sprouts
412,422,430,5793,505329,,,Ріпа та брюква,Свёкла и брюква,Turnips & Rutabagas
412,422,430,5793,505354,,,Баштанні,Тыквы,Squashes & Gourds
412,422,430,5794,,,,Фруктові соуси,Фруктовые пюре,Fruit Sauces
412,422,430,5795,,,,Свіжі та заморожені фрукти,Свежие и замороженные фрукты,Fresh & Frozen Fruits
412,422,430,5795,6566,,,Яблука,Яблоки,Apples
412,422,430,5795,6571,,,Атемойї,Атемойя,Atemoyas
412,422,430,5795,6572,,,Авокадо,Авокадо,Avocados
412,422,430,5795,6573,,,Бабако,Бабако,Babacos
412,422,430,5795,6574,,,Банани,Бананы,Bananas
412,422,430,5795,6582,,,Ягоди,Ягоды,Berries
412,422,430,5795,6589,,,Хлібне дерево,Плоды хлебного дерева,Breadfruit
412,422,430,5795,6593,,,Плоди кактуса,Плоды опунции,Cactus Pears
412,422,430,5795,6594,,,Карамболи,Карамбола,Starfruits
412,422,430,5795,6602,,,Черімойя,Черимойя,Cherimoyas
412,422,430,5795,6614,,,Фейхоа,Фейхоа,Feijoas
412,422,430,5795,6624,,,Домашні фрукти,Хомли,Homely Fruits
412,422,430,5795,6625,,,Гуави,Гуава,Guavas
412,422,430,5795,6626,,,Виноград,Виноград,Grapes
412,422,430,5795,6633,,,Ківі,Киви,Kiwis
412,422,430,5795,6638,,,Лічі,Личи,Lychees
412,422,430,5795,6639,,,Білійці,Локваты,Loquats
412,422,430,5795,6640,,,Лонган,Лонган,Longan
412,422,430,5795,6645,,,Мангустини,Мангостаны,Mangosteens
412,422,430,5795,6647,,,Мамей,Мами,Mamey
412,422,430,5795,6649,,,Дині,Дыни,Melons
412,422,430,5795,6661,,,Папайї,Папайя,Papayas
412,422,430,5795,6665,,,Груші,Груши,Pears
412,422,430,5795,6667,,,Маракуйя,Маракуйя,Passion Fruit
412,422,430,5795,6670,,,Ананаси,Ананасы,Pineapples
412,422,430,5795,6671,,,Фізаліс,Физалис,Physalis
412,422,430,5795,6672,,,Хурми,Хурма,Persimmons
412,422,430,5795,6673,,,Гранати,Гранаты,Pomegranates
412,422,430,5795,6676,,,Пітахайї,Питахайа,Pitahayas
412,422,430,5795,6678,,,Рамбутани,Рамбутаны,Rambutans
412,422,430,5795,6679,,,Айва,Айва,Quince
412,422,430,5795,6687,,,Сапота,Сапота,Sapote
412,422,430,5795,6688,,,Саподілла,Саподилла,Sapodillo
412,422,430,5795,6691,,,Гуанабани,Саусепы,Soursops
412,422,430,5795,6698,,,Тамарінд,Тамаринд,Tamarindo
412,422,430,5795,6809,,,Кокоси,Кокосы,Coconuts
412,422,430,5795,6810,,,Фіги,Инжир,Figs
412,422,430,5795,6812,,,Фініки,Финики пальчатые,Dates
412,422,430,5795,6813,,,Мадроньо,Мадруно,Madroño
412,422,430,5795,6814,,,Цукрові яблука,Сахарные яблоки,Sugar Apples
412,422,430,5795,499906,,,Фруктові мікси,Свежие и замороженные фруктовые смеси,Fruit Mixes
412,422,430,5795,503759,,,Цитрусові фрукти,Цитрусовые,Citrus Fruits
412,422,430,5795,503759,6621,,Грейпфрути,Грейпфруты,Grapefruits
412,422,430,5795,503759,6632,,Кумквати,Кумкваты,Kumquats
412,422,430,5795,503759,6636,,Лимони,Лимоны,Lemons
412,422,430,5795,503759,6641,,Лаймквати,Лаймкваты,Limequats
412,422,430,5795,503759,6642,,Лайми,Лаймы,Limes
412,422,430,5795,503759,6658,,Апельсини,Апельсины,Oranges
412,422,430,5795,503759,6697,,Танжело,Танжело,Tangelos
412,422,430,5795,503760,,,Кісточкові фрукти,Костянки,Stone Fruits
412,422,430,5795,503760,6567,,Абрикоси,Абрикосы,Apricots
412,422,430,5795,503760,6601,,Вишні,Вишни,Cherries
412,422,430,5795,503760,6646,,Манго,Манго,Mangoes
412,422,430,5795,503760,6674,,Сливи,Сливы,Plums
412,422,430,5795,503760,6675,,Сливоабрикоси,Плумкот,Plumcots
412,422,430,5795,503760,505301,,Персики та нектарини,Персики и  нектарины,Peaches & Nectarines
412,422,430,5796,,,,Сухі боби,Сухие бобы,Dry Beans
412,422,430,5797,,,,Консервовані та приготовані боби,Консервированные бобы,Canned & Prepared Beans
412,422,430,5798,,,,Консервовані та банковані овочі,Консервированные овощи,Canned & Jarred Vegetables
412,422,430,5799,,,,Консервовані та банковані фрукти,Консервированные фрукты,Canned & Jarred Fruits
412,422,430,7387,,,,Сушені овочі,Сушеные овощи,Dried Vegetables
412,422,431,,,,,"Зернові, рис та крупи","Зерновые, рис и крупы","Grains, Rice & Cereal"
412,422,431,4682,,,,Рис,Рис,Rice
412,422,431,4683,,,,Амарант,Амарант,Amaranth
412,422,431,4684,,,,Гречка,Гречневая крупа,Buckwheat
412,422,431,4686,,,,Просо,Просо,Millet
412,422,431,4687,,,,Ячмінь,Ячмень,Barley
412,422,431,4688,,,,Пшениця,Пшеница,Wheat
412,422,431,4689,,,,Злаки та гранола,Крупы и мюсли,Cereal & Granola
412,422,431,4690,,,,"Вівсянка, крупа та гарячі каші","Овес, овсяная крупа и овсяная мука","Oats, Grits & Hot Cereal"
412,422,431,6259,,,,Квіноа,Квиноа,Quinoa
412,422,431,7196,,,,Кускус,Кус-кус,Couscous
412,422,431,7374,,,,Жито,Рожь,Rye
412,422,432,,,,,"М'ясо, морепродукти та яйця","Мясо, морепродукты и яйца","Meat, Seafood & Eggs"
412,422,432,4627,,,,Яйця,Яйца,Eggs
412,422,432,4627,543554,,,Білки яєць,Яичный белок,Egg Whites
412,422,432,4627,543555,,,Рідке та заморожене яйце,Жидкие и замороженные яйца,Liquid & Frozen Eggs
412,422,432,4627,543556,,,Готові яйця,Готовые яйца,Prepared Eggs
412,422,432,4627,543557,,,Цілі яйця,Целые яйца,Whole Eggs
412,422,432,4628,,,,М'ясо,Мясо,Meat
412,422,432,4628,5804,,,Обідні страви та делікатеси,Мясные блюда и деликатесы,Lunch & Deli Meats
412,422,432,4628,5805,,,Свіже та заморожене м'ясо,Свежее и замороженное мясо,Fresh & Frozen Meats
412,422,432,4628,5811,,,М'ясні консерви,Мясные консервы,Canned Meats
412,422,432,4629,,,,Морепродукти,Морепродукты,Seafood
412,422,432,4629,5812,,,Свіжі та заморожені морепродукти,Свежие и замороженные морепродукты,Fresh & Frozen Seafood
412,422,432,4629,5813,,,Консервовані морепродукти,Консервированные морепродукты,Canned Seafood
412,422,433,,,,,Горіхи та насіння,Орехи и семечки,Nuts & Seeds
412,422,434,,,,,Паста та локшина,Паста и лапша,Pasta & Noodles
412,422,1876,,,,,Випічка,Выпечка,Bakery
412,422,1876,424,,,,Хліб та булочки,Хлебо-булочные изделия,Breads & Buns
412,422,1876,1573,,,,Бейгли,Бейглы,Bagels
412,422,1876,1895,,,,Мафіни,Маффины,Muffins
412,422,1876,2194,,,,Торти та десертні батончики,Торты и десерты,Cakes & Dessert Bars
412,422,1876,2229,,,,Печиво,Печенье,Cookies
412,422,1876,5054,,,,Пастила,Помадка,Fudge
412,422,1876,5748,,,,Тортильї та врапи,Тортильи и лаваши,Tortillas & Wraps
412,422,1876,5749,,,,Пироги та тарталети,Пироги и торты,Pies & Tarts
412,422,1876,5750,,,,Випічка та скони,Выпечка и лепешки,Pastries & Scones
412,422,1876,5751,,,,Пончики,Пончики,Donuts
412,422,1876,5790,,,,Ріжки для морозива,Рожки для мороженого,Ice Cream Cones
412,422,1876,5904,,,,Асортимент випічки,Выпечка ассорти,Bakery Assortments
412,422,1876,6195,,,,Кекси,Кексы,Cupcakes
412,422,1876,6196,,,,Кавові торти,Кексы к кофе,Coffee Cakes
412,422,1876,6891,,,,Тако шарики та тостади,Лепешки для тако,Taco Shells & Tostadas
412,422,2423,,,,,Супи та бульйони,Супы и бульоны,Soups & Broths
412,422,2660,,,,,Інгредієнти для приготування та випічки,Кулинарные и кондитерские ингредиенты,Cooking & Baking Ingredients
412,422,2660,2126,,,,Олії для приготування їжі,Кулинарные масла,Cooking Oils
412,422,2660,2140,,,,Оцет,Уксус,Vinegar
412,422,2660,2572,,,,Суміші для випічки,Смеси для выпечки,Baking Mixes
412,422,2660,2775,,,,Борошно,Мука,Flour
412,422,2660,2803,,,,Розпушувач для тіста,Разрыхлитель,Baking Powder
412,422,2660,2905,,,,Дріжджі,Дрожжи,Yeast
412,422,2660,4613,,,,Паста з бобу,Бобовые паста и соус,Bean Paste
412,422,2660,5105,,,,Цукор для цукрової вати,Сахарные волокна,Floss Sugar
412,422,2660,5752,,,,Тісто,Тесто,Dough
412,422,2660,5752,5753,,,Коржі для пирогів,Тесто для пирогов,Pie Crusts
412,422,2660,5752,5755,,,Тісто для хліба та випічки,Тесто для хлеба и пасты,Bread & Pastry Dough
412,422,2660,5752,5756,,,Тісто для печива та брауні,Тесто для печений и брауни,Cookie & Brownie Dough
412,422,2660,5765,,,,Рослинні жири та сало,Кулинарный растительный и животный жир,Shortening & Lard
412,422,2660,5766,,,,Меласа,Меласса,Molasses
412,422,2660,5767,,,,Зефірки,Маршмэллоу,Marshmallows
412,422,2660,5768,,,,Безсмаковий желатин,Желатин,Unflavored Gelatin
412,422,2660,5769,,,,Глазурь та мастичка,Сахарная глазурь,Frosting & Icing
412,422,2660,5770,,,,Кукурудзяний сироп,Кукурузный сироп,Corn Syrup
412,422,2660,5771,,,,Кулінарний крохмаль,Пищевой крахмал,Cooking Starch
412,422,2660,5773,,,,Панірувальні сухарі,Панировочные сухари,Bread Crumbs
412,422,2660,5774,,,,Сода для випічки,Пищевая сода,Baking Soda
412,422,2660,5775,,,,Ароматизатори та екстракти для випічки,Экстракты и ароматизаторы для выпечки,Baking Flavors & Extracts
412,422,2660,5776,,,,Шоколад для випічки,Кондитерский шоколад,Baking Chocolate
412,422,2660,5777,,,,Вино для приготування їжі,Вина для готовки,Cooking Wine
412,422,2660,5778,,,,Суміші для вафель та панкейків,Смеси для вафель и оладий,Waffle & Pancake Mixes
412,422,2660,5800,,,,Начинки для пирогів та випічки,Начинки для выпечки,Pie & Pastry Fillings
412,422,2660,6754,,,,Дрібка для випічки,Обсыпка для выпечки,Baking Chips
412,422,2660,6774,,,,Тісто та покривальні суміші,Блинные смеси,Batter & Coating Mixes
412,422,2660,6775,,,,Їстівні декорації для випічки,Съедобные украшения для выпечки,Edible Baking Decorations
412,422,2660,6922,,,,Томатна паста,Томатная паста,Tomato Paste
412,422,2660,7127,,,,Харчові барвники,Пищевые красители,Food Coloring
412,422,2660,7354,,,,Стартові культури,Заквасочные культуры,Starter Cultures
412,422,2660,7506,,,,Набори для декорування печива,Наборы печений для украшения,Cookie Decorating Kits
412,422,2660,8076,,,,Їжа,Мука грубого помола,Meal
412,422,2660,499707,,,,Кульки тапіоки,Шарики тапиоки,Tapioca Pearls
412,422,2660,499986,,,,Сік лимона та лайма,Лимонный и лаймовый сок,Lemon & Lime Juice
412,422,2660,500093,,,,Консервоване та сухе молоко,Консервированное и сухое молоко,Canned & Dry Milk
412,422,2660,503734,,,,Цукор та підсолоджувачі,Сахар и сахарозаменители,Sugar & Sweeteners
412,422,2660,543549,,,,Замінники яєць,Заменители яиц,Egg Replacers
412,422,4608,,,,,Приправи та спеції,Приправы и специи,Seasonings & Spices
412,422,4608,1529,,,,Трави та спеції,Травы и специи,Herbs & Spices
412,422,4608,4610,,,,Глутамат натрію,Глутамат натрия,MSG
412,422,4608,4611,,,,Сіль,Соль,Salt
412,422,4608,6199,,,,Перець,Перец,Pepper
412,422,4748,,,,,Цукерки та шоколад,Конфеты и шоколад,Candy & Chocolate
412,422,5740,,,,,Соуси та паста,Соусы и спреды,Dips & Spreads
412,422,5740,1702,,,,Сальса,Сальса,Salsa
412,422,5740,2188,,,,Варення та желе,Джемы,Jams & Jellies
412,422,5740,3965,,,,Оріхові масла,Ореховая паста,Nut Butters
412,422,5740,5741,,,,Хумус,Хумус,Hummus
412,422,5740,5742,,,,Гуакамоле,Гуакамоле,Guacamole
412,422,5740,5785,,,,Сирний крем,Сливочный сыр,Cream Cheese
412,422,5740,6204,,,,Яблучне масло,Яблочная паста,Apple Butter
412,422,5740,6784,,,,Тапенад,Тапенад,Tapenade
412,422,5740,6830,,,,Овочевий дип,Овощной дип-соус,Vegetable Dip
412,422,5740,6831,,,,Сирні соуси та паста,Сырная паста и соусы,Cheese Dips & Spreads
412,422,5788,,,,,Заморожені десерти та новинки,Замороженные десерты,Frozen Desserts & Novelties
412,422,5788,5789,,,,Льодяники,Фруктовый лед на палочке,Ice Pops
412,422,5788,6873,,,,Новинки морозива,Рожки с пломбиром,Ice Cream Novelties
412,422,5788,499991,,,,Морозиво та заморожений йогурт,Мороженое и замороженный йогурт,Ice Cream & Frozen Yogurt
412,422,5807,,,,,"Тофу, соєві та вегетаріанські продукти","Тофу, соевые и вегетерианские продукты","Tofu, Soy & Vegetarian Products"
412,422,5807,5808,,,,Сейтан,Сейтан,Seitan
412,422,5807,5809,,,,Тофу,Тофу,Tofu
412,422,5807,5810,,,,Темпе,Темпе,Tempeh
412,422,5807,6839,,,,Альтернативи сиру,Аналоги сыра,Cheese Alternatives
412,422,5807,6843,,,,Замінники м'яса,Аналоги мяса,Meat Alternatives
412,422,5814,,,,,Готові продукти,Готовые блюда,Prepared Foods
412,422,5814,499988,,,,Готові страви та перші страви,Готовые закуски и главные блюда,Prepared Meals & Entrées
412,422,5814,499989,,,,Готові закуски та гарніри,Готовые закуски и гарниры,Prepared Appetizers & Side Dishes
412,422,6219,,,,,Цукати та фрукти в шоколаді,Фрукты в сахарной и шоколадной глазури,Candied & Chocolate Covered Fruit
412,435,,,,,,Тютюнові вироби,Табачные изделия,Tobacco Products
412,435,3151,,,,,Сигарети,Сигареты,Cigarettes
412,435,3682,,,,,Сигари,Сигары,Cigars
412,435,3741,,,,,Розсипний тютюн,Разрыхленный табак,Loose Tobacco
412,435,3916,,,,,Тютюн для жування,Жевательный табак,Chewing Tobacco
412,435,4091,,,,,Випарювачі та електронні сигарети,Вапорайзеры и электронные сигареты,Vaporizers & Electronic Cigarettes
412,435,4091,543634,,,,Випарювачі,Вапорайзеры,Vaporizers
412,435,4091,543635,,,,Електронні цигарки,Электронные сигареты,Electronic Cigarettes
412,435,499963,,,,,Курительні трубки,Курительные трубки,Smoking Pipes
436,,,,,,,Меблі,Мебель,Furniture
436,441,,,,,,Лавки,Скамьи,Benches
436,441,4241,,,,,Стільці для туалетного столика,Изящные скамейки,Vanity Benches
436,441,6850,,,,,Лави для кухні та їдальні,Кухонные и обеденные скамьи,Kitchen & Dining Benches
436,441,6851,,,,,Шафи та передпокійні лавки для зберігання,Скамьи для прихожих,Storage & Entryway Benches
436,442,,,,,,Візки та острівці (меблі),Тележки,Carts & Islands
436,442,453,,,,,Сервізні столики для кухні та їдальні,Кухонные тележки,Kitchen & Dining Carts
436,442,6374,,,,,Кухонні острови,Кухонные острова,Kitchen Islands
436,443,,,,,,Стільці,Кресла и стулья,Chairs
436,443,438,,,,,Крісла-мішки,Кресла-мешки,Bean Bag Chairs
436,443,456,,,,,Крісла-шезлонги,Шезлонги,Chaises
436,443,1463,,,,,Стільці для столу та бару,Барные стулья,Table & Bar Stools
436,443,2002,,,,,Гойдалки-крісла,Кресла-качалки,Rocking Chairs
436,443,2919,,,,,Електричні масажні крісла,Кресла с электромассажем,Electric Massaging Chairs
436,443,3358,,,,,Складні стільці та табуретки,Складные стулья и табуретки,Folding Chairs & Stools
436,443,5886,,,,,Стільці для кухні та їдальні,Кухонные и столовые стулья,Kitchen & Dining Room Chairs
436,443,6499,,,,,"Крісла,відкидні крісла та крісла-ліжка","Кресла, реклайнеры и кресла-кровати","Arm Chairs, Recliners & Sleeper Chairs"
436,443,6800,,,,,Ігрові крісла,Игровые кресла,Gaming Chairs
436,443,6859,,,,,Кімнатні крісла без підлокітників,Каминные кресла,Slipper Chairs
436,443,7197,,,,,Крісла-гойдалки,Подвесные кресла,Hanging Chairs
436,443,500051,,,,,Підлогові крісла,Напольные кресла,Floor Chairs
436,450,,,,,,Футони,Футоны,Futons
436,457,,,,,,Розважальні центри та телевізійні стійки,Стойки для телевизоров и аппаратуры,Entertainment Centers & TV Stands
436,458,,,,,,Пуфи,Оттоманки,Ottomans
436,460,,,,,,Дивани,Диваны,Sofas
436,464,,,,,,Полиці,Стеллажи,Shelving
436,464,465,,,,,Книжкові шафи та стійки,Книжные шкафы,Bookcases & Standing Shelves
436,464,6372,,,,,Настінні полиці та горища,Настенные полки,Wall Shelves & Ledges
436,554,,,,,,Меблі для дітей та малюків,Мебель для младенцев,Baby & Toddler Furniture
436,554,558,,,,,Пеленальні столи,Пеленальные столы,Changing Tables
436,554,559,,,,,Дитячі стільці та підсилювачі сидінь,Высокие стулья и подушки для кормления детей,High Chairs & Booster Seats
436,554,6349,,,,,Набори меблів для дітей та малюків,Наборы мебели для младенцев,Baby & Toddler Furniture Sets
436,554,6393,,,,,Колиски та люльки,Колыбели и люльки,Bassinets & Cradles
436,554,6394,,,,,Дитячі ліжечка та ліжечка для малюків,Кровати для детей и младенцев,Cribs & Toddler Beds
436,554,6969,,,,,Аксесуари для дитячих стільців та підсилювачів сидінь,Принадлежности для высоких стульев и подушек для кормления детей,High Chair & Booster Seat Accessories
436,554,7068,,,,,Аксесуари для колисок та люльок,Принадлежности для колыбелей и люлек,Bassinet & Cradle Accessories
436,554,7070,,,,,Аксесуари для дитячих ліжечок та ліжечок для малюків,Принадлежности для детских кроватей,Crib & Toddler Bed Accessories
436,554,7070,7071,,,,Набори для перетворення дитячих ліжечок,Наборы для изменения детских кроватей,Crib Conversion Kits
436,554,7070,7072,,,,Бампери та підкладки для дитячих ліжечок,Детские защитные уголки для кроватей,Crib Bumpers & Liners
436,2786,,,,,,Матраци для футонів,Перины для футонов,Futon Pads
436,4163,,,,,,Перегородки,Перегородки для помещений,Room Dividers
436,4299,,,,,,Вуличні меблі,Садовая мебель,Outdoor Furniture
436,4299,2684,,,,,Садові столи,Садовые столы,Outdoor Tables
436,4299,6367,,,,,Набори вуличних меблів,Наборы садовой мебели,Outdoor Furniture Sets
436,4299,6368,,,,,Вуличні місця для сидіння,Садовая мебель для сидения,Outdoor Seating
436,4299,6368,4105,,,,Шезлонги,Кресла-шезлонги,Sunloungers
436,4299,6368,4513,,,,Вуличні дивани,Садовые диваны,Outdoor Sofas
436,4299,6368,5044,,,,Вуличні лавки,Садовые скамьи,Outdoor Benches
436,4299,6368,6828,,,,Вуличні стільці,Садовые стулья,Outdoor Chairs
436,4299,6368,500111,,,,Вуличні модульні дивани,Садовые секционные диваны,Outdoor Sectional Sofa Units
436,4299,6822,,,,,Вуличні пуфи,Садовые оттоманки,Outdoor Ottomans
436,4299,6892,,,,,Ліжка для вулиці,Садовые кровати,Outdoor Beds
436,4299,7310,,,,,Вуличні складські ящики,Уличные коробки для хранения,Outdoor Storage Boxes
436,6345,,,,,,Набори меблів,Наборы мебели,Furniture Sets
436,6345,6346,,,,,Набори меблів для спальні,Наборы мебели для спальных комнат,Bedroom Furniture Sets
436,6345,6347,,,,,Комплекти меблів для кухні та їдальні,Наборы мебели для кухонь и столовых комнат,Kitchen & Dining Furniture Sets
436,6345,6348,,,,,Комплекти меблів для вітальні,Наборы мебели для гостиных комнат,Living Room Furniture Sets
436,6345,500000,,,,,Набори меблів для ванної кімнати,Комплекты мебели для ванной,Bathroom Furniture Sets
436,6356,,,,,,Шафи та системи зберігання,Шкафы и мебель для хранения,Cabinets & Storage
436,6356,447,,,,,Буфети та комоди,Буфеты и серванты,Buffets & Sideboards
436,6356,448,,,,,Серванти та шафи для посуду,Серванты и стойки для фарфора,China Cabinets & Hutches
436,6356,463,,,,,Шафи для документів,Шкафы для документов,File Cabinets
436,6356,4063,,,,,Шафи та гардероби,Гардеробы,Armoires & Wardrobes
436,6356,4148,,,,,Туалетні столики,Туалетные столики,Vanities
436,6356,4148,2081,,,,Тумби для ванної кімнати,Туалетные столики для ванных комнат,Bathroom Vanities
436,6356,4148,6360,,,,Туалетні столики для спальні,Туалетные столики для спальных комнат,Bedroom Vanities
436,6356,4195,,,,,Комоди,Костюмеры,Dressers
436,6356,4205,,,,,Скрині для зберігання,Сундуки,Storage Chests
436,6356,4205,4268,,,,Іграшкові скрині,Сундуки для игрушек,Toy Chests
436,6356,4205,6947,,,,Скрині надій,Сундуки для приданого,Hope Chests
436,6356,5578,,,,,Стелажі для вина,Винные шкафы,Wine Racks
436,6356,5938,,,,,Шафи та локери для зберігання,Шкафчики,Storage Cabinets & Lockers
436,6356,6357,,,,,Шафи для вина та спиртних напоїв,Шкафы для вина и спиртных напитков,Wine & Liquor Cabinets
436,6356,6358,,,,,Шафи та стелажі для зберігання медіа,Шкафы и стойки для носителей информации,Media Storage Cabinets & Racks
436,6356,6539,,,,,Стійки для журналів,Стеллажи для журналов,Magazine Racks
436,6356,6934,,,,,Кухонні шафи,Кухонные шкафчики,Kitchen Cabinets
436,6356,465846,,,,,Центри прасування,Гладильные центры,Ironing Centers
436,6362,,,,,,Офісні меблі,Офисная мебель,Office Furniture
436,6362,2045,,,,,Офісні стільці,Офисные стулья,Office Chairs
436,6362,4191,,,,,Офісні cтоли,Письменные столы,Desks
436,6362,6363,,,,,Робочі столи,Рабочие столы,Workspace Tables
436,6362,6363,2242,,,,Малювальні та креслярські столи,Столы для рисования и черчения,Art & Drafting Tables
436,6362,6363,4317,,,,Столи для конференц-залів,Столы для конференц-залов,Conference Room Tables
436,6362,6908,,,,,Робочі станції та кабінки,Рабочие места и офисные ячейки,Workstations & Cubicles
436,6362,500061,,,,,Комплекти офісних меблів,Комплекты офисной мебели,Office Furniture Sets
436,6392,,,,,,Столи,Столы,Tables
436,6392,462,,,,,Приліжкові тумби,Прикроватные тумбочки,Nightstands
436,6392,2693,,,,,Столи для покеру та ігор,Столы для покера и игр,Poker & Game Tables
436,6392,4080,,,,,Складні столи,Раскладные столы,Folding Tables
436,6392,4355,,,,,Столи для кухні та їдальні,Кухонные и обеденные столы,Kitchen & Dining Room Tables
436,6392,4484,,,,,Котацу,Котацу,Kotatsu
436,6392,5121,,,,,Столи для швейних машин,Столы для швейных машин,Sewing Machine Tables
436,6392,6351,,,,,Столи для занять,Столы для игр,Activity Tables
436,6392,6369,,,,,Декоративні столики,Приставные и узкие столы,Accent Tables
436,6392,6369,1395,,,,Кавові столики,Кофейные столы,Coffee Tables
436,6392,6369,1549,,,,Кінцеві столики,Приставные столики,End Tables
436,6392,6369,1602,,,,Столики до диванів,Узкие столы,Sofa Tables
436,6433,,,,,,Ліжка та аксесуари,Кровати и постельные принадлежности,Beds & Accessories
436,6433,451,,,,,Заголовки та підніжки для ліжка,Передние и задние спинки кроватей,Headboards & Footboards
436,6433,2696,,,,,Матраци,Матрасы,Mattresses
436,6433,2720,,,,,Основи для матраців,Основания для матрасов,Mattress Foundations
436,6433,4437,,,,,Аксесуари для ліжка та рами ліжка,Принадлежности для кроватей,Bed & Bed Frame Accessories
436,6433,505764,,,,,Ліжка та рами для ліжка,Кровати и кроватные рамы,Beds & Bed Frames
436,6860,,,,,,Рамки для футонів,Рамы для футонов,Futon Frames
436,6913,,,,,,Аксесуари для столу,Принадлежности для столов,Table Accessories
436,6913,6910,,,,,Столові стільниці,Столешницы,Table Tops
436,6913,6911,,,,,Ніжки для столу,Ножки для столов,Table Legs
436,6915,,,,,,Аксесуари для перегородок,Принадлежности для декоративных перегородок,Room Divider Accessories
436,6963,,,,,,Аксесуари для вуличних меблів,Принадлежности для садовой мебели,Outdoor Furniture Accessories
436,6963,6964,,,,,Чохли для вуличних меблів,Чехлы для садовой мебели,Outdoor Furniture Covers
436,7212,,,,,,Аксесуари для диванів,Принадлежности для соф,Sofa Accessories
436,7212,7213,,,,,Підтримки для стільців та диванів,Опоры для стульев и соф,Chair & Sofa Supports
436,7212,500064,,,,,Секційні дивани,Диванные секции,Sectional Sofa Units
436,7248,,,,,,Аксесуари для стільців,Принадлежности для стульев,Chair Accessories
436,7248,8206,,,,,Запасні частини для крісел-гойдалок,Запасные части для подвесных кресел,Hanging Chair Replacement Parts
436,8023,,,,,,Аксесуари для полиць,Принадлежности для стеллажей,Shelving Accessories
436,8023,8024,,,,,Замінні полиці,Запасные полки,Replacement Shelves
436,503765,,,,,,Аксесуари для офісних меблів,Принадлежности для офисной мебели,Office Furniture Accessories
436,503765,6909,,,,,Аксесуари для робочих станцій та кабінок,Принадлежности для рабочих мест и офисных ячеек,Workstation & Cubicle Accessories
436,503765,7559,,,,,Аксесуари для офісних стільців,Принадлежности для офисных стульев,Office Chair Accessories
436,503765,503766,,,,,Деталі та аксесуари для столів,Детали и принадлежности для офисных столов,Desk Parts & Accessories
469,,,,,,,Здоров'я та краса,Красота и здоровье,Health & Beauty
469,491,,,,,,Охорона здоров'я,Медицинские средства,Health Care
469,491,494,,,,,Біометричні монітори,Биометрические мониторы,Biometric Monitors
469,491,494,495,,,,Монітори кров'яного тиску,Тонометры,Blood Pressure Monitors
469,491,494,496,,,,Аналізатори жиру в організмі,Анализаторы жира,Body Fat Analyzers
469,491,494,497,,,,Аналізатори холестерину,Анализаторы холестерина,Cholesterol Analyzers
469,491,494,500,,,,Ваги для вимірювання ваги тіла,Напольные весы,Body Weight Scales
469,491,494,501,,,,Медичні термометри,Медицинские термометры,Medical Thermometers
469,491,494,2246,,,,Глюкометри,Глюкометры,Blood Glucose Meters
469,491,494,2633,,,,Алкотестери,Индикаторные трубки,Breathalyzers
469,491,494,4767,,,,Пренатальні монітори серцевого ритму,Пренатальные кардиомониторы,Prenatal Heart Rate Monitors
469,491,494,5551,,,,Пульсоксиметри,Пульсоксиметры,Pulse Oximeters
469,491,494,500009,,,,Монітори активності,Устройства для отслеживания физической активности,Activity Monitors
469,491,494,505822,,,,Монітори фертильності та тести на овуляцію,Мониторы фертильности и тесты на овуляцию,Fertility Monitors and Ovulation Tests
469,491,494,505822,543679,,,Тести на фертильність та монітори,Тесты и мониторы фертильности,Fertility Tests & Monitors
469,491,494,505822,543680,,,Тести на овуляцію,Тесты на овуляцию,Ovulation Tests
469,491,508,,,,,Перша допомога,Средства оказания первой помощи,First Aid
469,491,508,509,,,,Медична стрічка та бинти,"Бинты, лейкопластыри и медицинские ленты",Medical Tape & Bandages
469,491,508,510,,,,Набори для першої допомоги,Наборы для оказания первой помощи,First Aid Kits
469,491,508,516,,,,Гарячі та холодні терапії,Лечение теплом и холодом,Hot & Cold Therapies
469,491,508,516,4753,,,Холодильні пакети,Охлаждающие подкладки,Ice Packs
469,491,508,516,5848,,,Теплові мазі,Разогревающие мази,Heat Rubs
469,491,508,516,6205,,,Подушки з підігрівом,Греющие подкладки,Heating Pads
469,491,508,2954,,,,Антисептики та засоби для чищення,Антисептики,Antiseptics & Cleaning Supplies
469,491,508,4527,,,,Засоби для промивання очей,Принадлежности для промывания глаз,Eye Wash Supplies
469,491,508,6206,,,,Захисники для гіпсу та бинтів,Средства для защиты гипса и бинтовых повязок,Cast & Bandage Protectors
469,491,517,,,,,Засоби для недержання,Препараты для лечения недержания,Incontinence Aids
469,491,518,,,,,Ліки та медикаменти,Медикаменты и лекарства,Medicine & Drugs
469,491,519,,,,,Мобільність та доступність,Товары для обеспечения мобильности инвалидов,Mobility & Accessibility
469,491,519,520,,,,Обладнання для людей з обмеженими можливостями,Инвалидная техника,Accessibility Equipment
469,491,519,520,3364,,,Інвалідні візки,Кресла-коляски,Wheelchairs
469,491,519,520,3512,,,Мобільні скутери,Скутеры для инвалидов,Mobility Scooters
469,491,519,520,7138,,,Ліфти для сходів,Лестничные подъемники,Stair Lifts
469,491,519,520,502969,,,Переносні дошки та листи,Доски и простыни для перемещения пациентов,Transfer Boards & Sheets
469,491,519,521,,,,Аксесуари для обладнання для людей з обмеженими можливостями,Принадлежности для инвалидной техники,Accessibility Equipment Accessories
469,491,519,5164,,,,Допоміжні засоби для ходьби,Вспомогательные приспособления для ходьбы,Walking Aids
469,491,519,5164,4248,,,Милиці,Костыли,Crutches
469,491,519,5164,5165,,,Трости та палиці для ходьби,Трости,Canes & Walking Sticks
469,491,519,5164,5166,,,Ходунки,Ходунки для пожилых людей,Walkers
469,491,519,5488,,,,Меблі та приладдя для людей з обмеженими можливостями,Специальная мебель и принадлежности,Accessibility Furniture & Fixtures
469,491,519,5488,7243,,,Лавки та сидіння для душу,Скамьи и сидения для душа,Shower Benches & Seats
469,491,519,6929,,,,Аксесуари для допоміжних засобів ходьби,Принадлежности для ходунков для пожилых людей,Walking Aid Accessories
469,491,523,,,,,Підтримуючі бандажі та ортези,Опоры и фиксаторы,Supports & Braces
469,491,775,,,,,Презервативи,Презервативы,Condoms
469,491,2890,,,,,Фітнес та харчування,Фитнес и питание,Fitness & Nutrition
469,491,2890,525,,,,Вітаміни та дієтичні добавки,Витамины и пищевые добавки,Vitamins & Supplements
469,491,2890,2984,,,,Батончики збалансованого харчування,Питательные батончики,Nutrition Bars
469,491,2890,5702,,,,Напої та коктейлі збалансованого харчування,Питательные напитки,Nutrition Drinks & Shakes
469,491,2890,6242,,,,Гелі та жувальні продукти збалансованого харчування,Питательные гели и жвачки,Nutrition Gels & Chews
469,491,2890,6871,,,,Пюре збалансованого харчування,Питательные пюре,Nutritional Food Purées
469,491,2890,7413,,,,Додаткове харчування для зондового годування,Добавки для зондового питания,Tube Feeding Supplements
469,491,3777,,,,,Пілюльниці,Коробочки для пилюль,Pillboxes
469,491,4551,,,,,Догляд за дихальною системою,Средства для лечения респираторных заболеваний,Respiratory Care
469,491,4551,4552,,,,Небулайзери,Ингаляторы,Nebulizers
469,491,4551,7316,,,,Маски PAP,Маски для СИПАП-терапии,PAP Masks
469,491,4551,7317,,,,Апарати для лікування апное за допомогою позитивного тиску дихальних шляхів (PAP),Устройства для СИПАП-терапии,PAP Machines
469,491,4551,499692,,,,Балони з киснем,Медицинские кислородные баллоны,Oxygen Tanks
469,491,4551,505669,,,,Інгалятори на пару,Паровые ингаляторы,Steam Inhalers
469,491,5071,,,,,Аксесуари для біометричних моніторів,Принадлежности для биометрических систем,Biometric Monitor Accessories
469,491,5071,3688,,,,Аксесуари для глюкометрів,Принадлежности для глюкометров,Blood Glucose Meter Accessories
469,491,5071,3688,3111,,,Пункційні пристрої,Скарификаторы,Lancing Devices
469,491,5071,3688,3905,,,Тест-смужки для вимірювання глюкози в крові,Полоски для определения уровня глюкозы в крови,Blood Glucose Test Strips
469,491,5071,3688,6323,,,Розчин для контролю глюкози в крові,Растворы для контроля уровня глюкозы в крови,Blood Glucose Control Solution
469,491,5071,5072,,,,Аксесуари для ваги для вимірювання ваги тіла,Принадлежности для напольных весов,Body Weight Scale Accessories
469,491,5071,6284,,,,Аксесуари для моніторів кров'яного тиску,Принадлежности для тонометров,Blood Pressure Monitor Accessories
469,491,5071,6284,6285,,,Манжети для моніторів кров'яного тиску,Манжеты для тонометров,Blood Pressure Monitor Cuffs
469,491,5071,505819,,,,Аксесуари для моніторів активності,Принадлежности для мониторов активности,Activity Monitor Accessories
469,491,5690,,,,,Апарати для покращення слуху,Слуховые аппараты,Hearing Aids
469,491,5849,,,,,Акупунктура,Иглоукалывание,Acupuncture
469,491,5849,5850,,,,Моделі для акупунктури,Модели для иглоукалывания,Acupuncture Models
469,491,5849,5851,,,,Голки для акупунктури,Иглы для иглоукалывания,Acupuncture Needles
469,491,5870,,,,,Обладнання для професійної та фізичної терапії,Оборудование для физиотерапии,Occupational & Physical Therapy Equipment
469,491,5870,8541,,,,Електростимулятори м'язів,Электрические стимуляторы мышц,Electrical Muscle Stimulators
469,491,5870,505352,,,,Терапевтичні гойдалки,Терапевтические качели,Therapeutic Swings
469,491,5923,,,,,Хірургічні змащувачі,Хирургические смазки,Surgical Lubricants
469,491,5965,,,,,Медичні бирки для ідентифікації та ювелірні вироби,Медицинские идентификаторы,Medical Identification Tags & Jewelry
469,491,5966,,,,,Медичні системи сповіщення,Системы вызова неотложной медпомощи,Medical Alarm Systems
469,491,7002,,,,,Контейнери для контрацептивів,Боксы для контрацептивов,Contraceptive Cases
469,491,7186,,,,,Сперміциди,Спермициды,Spermicides
469,491,7220,,,,,Судина для ліжка,Подкладные судна,Bed Pans
469,491,8082,,,,,Контейнери для зразків,Емкости для медицинских анализов,Specimen Cups
469,491,8105,,,,,Зтягувач культі,Компрессионные чехлы для культей,Stump Shrinkers
469,491,500087,,,,,Лампи для світлотерапії,Лапмы для фототерапии,Light Therapy Lamps
469,491,505293,,,,,Медичні тести,Диагностические тесты,Medical Tests
469,491,505293,1680,,,,Тести на вагітність,Тесты на беременность,Pregnancy Tests
469,491,505293,2552,,,,Тести на наркотики,Тесты на наркотики,Drug Tests
469,491,505293,7336,,,,Тести на ВІЛ,Анализы на ВИЧ,HIV Tests
469,491,505293,7337,,,,Набори для визначення групи крові,Наборы для определения группы крови,Blood Typing Test Kits
469,491,505293,499934,,,,Набори для тестування на алергію,Наборы для диагностики аллергии,Allergy Test Kits
469,491,505293,505294,,,,Тести на інфекції сечовивідних шляхів,Тесты для диагностики инфекций мочевыводящих путей,Urinary Tract Infection Tests
469,491,505820,,,,,Гелі та лосьйони для провідності,Проводящие гели и лосьоны,Conductivity Gels & Lotions
469,2915,,,,,,Особистий догляд,Личная гигиена,Personal Care
469,2915,472,,,,,Сонячні ліжка,Солярии,Tanning Beds
469,2915,473,,,,,Косметика,Косметика,Cosmetics
469,2915,473,474,,,,Для ванни та тіла,Средства для ванны и душа,Bath & Body
469,2915,473,474,2503,,,Мило-брусок,Кусковое мыло,Bar Soap
469,2915,473,474,2522,,,Додатки для ванни,Пены и соли для ванны,Bath Additives
469,2915,473,474,2747,,,Гель для душу,Составы для мытья тела,Body Wash
469,2915,473,474,2875,,,Губки та луфи для ванної,Губки и мочалки для душа,Bath Sponges & Loofahs
469,2915,473,474,2876,,,Щітки для ванни,Щётки для душа,Bath Brushes
469,2915,473,474,3208,,,Рідке мило для рук,Жидкое мыло для рук,Liquid Hand Soap
469,2915,473,474,3691,,,Дезінфікуючі засоби та серветки для рук,Антибактериальные гели для рук,Hand Sanitizers & Wipes
469,2915,473,474,4049,,,Шапочки для душу,Шапочки для душа,Shower Caps
469,2915,473,474,7417,,,Порошкове мило для рук,Порошковое мыло для рук,Powdered Hand Soap
469,2915,473,474,499913,,,Гігієнічні серветки для дорослих,Гигиенические салфетки для взрослых,Adult Hygienic Wipes
469,2915,473,475,,,,Подарункові набори для ванни та тіла,Подарочные корзины со средствами для душа и ухода за телом,Bath & Body Gift Sets
469,2915,473,477,,,,Макіяж,Макияж,Makeup
469,2915,473,477,2571,,,Макіяж для обличчя,Косметика для лица,Face Makeup
469,2915,473,477,2571,2765,,Тональні креми та коректори,Крема-основы и тональные крема,Foundations & Concealers
469,2915,473,477,2571,2980,,Пудра для обличчя,Пудры,Face Powder
469,2915,473,477,2571,6304,,Маркери та люмінайзери,Хайлайтеры и люминайзеры,Highlighters & Luminizers
469,2915,473,477,2571,6305,,Рум'яна та бронзатори,Румяна и бронзанты,Blushes & Bronzers
469,2915,473,477,2571,8218,,База під макіяж для обличчя,Основа под макияж,Face Primer
469,2915,473,477,2645,,,Губна косметика,Косметика для губ,Lip Makeup
469,2915,473,477,2645,2589,,Контурний олівець для губ,Контурные карандаши для губ,Lip Liner
469,2915,473,477,2645,2858,,Блиск для губ,Блески для губ,Lip Gloss
469,2915,473,477,2645,3021,,Помада,Губная помада,Lipstick
469,2915,473,477,2645,6306,,Помада-стійка для губ і щік,Оттенки для губ и щек,Lip & Cheek Stains
469,2915,473,477,2645,8217,,База для губ,Основа для помады,Lip Primer
469,2915,473,477,2779,,,Макіяж для очей,Косметика для глаз,Eye Makeup
469,2915,473,477,2779,2686,,Засоби для корекції брів,Карандаши для бровей,Eyebrow Enhancers
469,2915,473,477,2779,2761,,Штучні вії,Накладные ресницы,False Eyelashes
469,2915,473,477,2779,2807,,Підводка для очей,Карандаши для подводки век,Eyeliner
469,2915,473,477,2779,2834,,Туш для вій,Тушь,Mascara
469,2915,473,477,2779,2904,,Тіні для очей,Тени для век,Eye Shadow
469,2915,473,477,2779,6340,,Препарати для зростання вій та брів,Средства для роста ресниц и бровей,Lash & Brow Growth Treatments
469,2915,473,477,2779,8219,,База під туш для вій,Основа для туши для ресниц,Mascara Primer
469,2915,473,477,2779,8220,,База під макіяж для очей,Основа под тени для век,Eye Primer
469,2915,473,477,3509,,,Тимчасові тату,Смываемые татуировки,Temporary Tattoos
469,2915,473,477,4779,,,Театральний грим та аксесуари,Маскарадный и сценический макияж,Costume & Stage Makeup
469,2915,473,477,5978,,,Макіяж для тіла,Косметика для тела,Body Makeup
469,2915,473,477,5978,5979,,Фарба та тональний крем для тіла,Краска для тела,Body Paint & Foundation
469,2915,473,477,5978,5981,,Блиск для тіла та волосся,Блестки для тела и волос,Body & Hair Glitter
469,2915,473,477,6072,,,Фіксуючі спреї для макіяжу,Завершающий спрей,Makeup Finishing Sprays
469,2915,473,478,,,,Догляд за нігтями,Средства для ухода за ногтями,Nail Care
469,2915,473,478,2683,,,Лаки для нігтів,Лаки для ногтей,Nail Polishes
469,2915,473,478,2946,,,Засоби для видалення лаку для нігтів,Средства для снятия лака,Nail Polish Removers
469,2915,473,478,3009,,,Крем та олія для кутикули,Кремы и масла для кутикулы,Cuticle Cream & Oil
469,2915,473,478,4218,,,Штучні нігті,Накладные ногти,False Nails
469,2915,473,478,5975,,,Набори та аксесуари для нігтьового арту,Наборы и принадлежности для нейл-арта,Nail Art Kits & Accessories
469,2915,473,478,6893,,,Клей для манікюру,Клеи для ногтей,Manicure Glue
469,2915,473,478,7445,,,Розріджувачі для лаку для нігтів,Разбавители для лака для ногтей,Nail Polish Thinners
469,2915,473,478,233419,,,Краплі та спреї для швидкого сушіння лаку для нігтів,Капли и спреи для сушки лака для ногтей,Nail Polish Drying Drops & Sprays
469,2915,473,479,,,,Парфуми та кольони,Парфюмерия,Perfume & Cologne
469,2915,473,567,,,,Догляд за шкірою,Средства для ухода за кожей,Skin Care
469,2915,473,567,481,,,Засоби та набори для лікування акне,Средства для ухода за угристой кожей,Acne Treatments & Kits
469,2915,473,567,482,,,Бальзами та засоби для догляду за губами,Средства для ухода за губами,Lip Balms & Treatments
469,2915,473,567,482,543573,,Бальзами для губ,Бальзамы для губ,Lip Balms
469,2915,473,567,482,543574,,Медикаментозне лікування губ,Лечебные средства для губ,Medicated Lip Treatments
469,2915,473,567,2526,,,Засоби для очищення обличчя,Очищающие средства для лица,Facial Cleansers
469,2915,473,567,2592,,,Лосьйон та зволожувач,Лосьоны,Lotion & Moisturizer
469,2915,473,567,2740,,,Засоби для засмаги,Средства для загара,Tanning Products
469,2915,473,567,2740,5338,,Засоби для самозасмаги,Автозагар,Self Tanner
469,2915,473,567,2740,5339,,Засоби для засмаги (масло та лосьйон),Масла и лосьоны для загара,Tanning Oil & Lotion
469,2915,473,567,2844,,,Засоби від сонця,Солнцезащитные средства,Sunscreen
469,2915,473,567,5820,,,Засоби від комах для шкіри,Репелленты от насекомых для кожи,Skin Insect Repellent
469,2915,473,567,5976,,,Тонери та звужувальні засоби,Тонеры и сужающие поры средства,Toners & Astringents
469,2915,473,567,5976,543658,,Тонери,Тоники,Toners
469,2915,473,567,5976,543659,,Стягуючі засоби,Вяжущие средства для лица,Astringents
469,2915,473,567,5980,,,Пудра для тіла,Пудра для тела,Body Powder
469,2915,473,567,6034,,,Засоби для зняття макіяжу,Средства для снятия макияжа,Makeup Removers
469,2915,473,567,6104,,,Олія для тіла,Масло для тела,Body Oil
469,2915,473,567,6262,,,Маски та пілінги для догляду за шкірою,Маски и пилинги для ухода за лицом,Skin Care Masks & Peels
469,2915,473,567,6753,,,Вазелін,Вазелин,Petroleum Jelly
469,2915,473,567,6791,,,Смужки для очищення пор обличчя,Полоски для очистки пор лица,Facial Pore Strips
469,2915,473,567,6863,,,Засоби для видалення бородавок,Средства для удаления бородавок,Wart Removers
469,2915,473,567,7429,,,Набори для догляду за шкірою проти старіння,Наборы для антивозрастного ухода за кожей,Anti-Aging Skin Care Kits
469,2915,473,567,7467,,,Набори для очищення обличчя,Наборы для очистки лица,Facial Cleansing Kits
469,2915,473,567,8029,,,Компресовані маски-листочки для догляду за шкірою,Сжатые листовые маски для ухода за кожей,Compressed Skin Care Mask Sheets
469,2915,473,2619,,,,Косметичні інструменти,Косметические инструменты,Cosmetic Tools
469,2915,473,2619,2548,,,Інструменти для макіяжу,Инструменты для макияжа,Makeup Tools
469,2915,473,2619,2548,476,,Дзеркала для обличчя,Зеркала для макияжа,Face Mirrors
469,2915,473,2619,2548,2780,,Завивачки для вій,Щипцы для завивки ресниц,Eyelash Curlers
469,2915,473,2619,2548,3025,,Косметичні щітки,Кисти для макияжа,Makeup Brushes
469,2915,473,2619,2548,4106,,Косметичні губки,Губки для макияжа,Makeup Sponges
469,2915,473,2619,2548,4121,,Бумага для обличчя (для видалення блиску),Впитывающая бумага для лица,Facial Blotting Paper
469,2915,473,2619,2548,6282,,Запасні елементи для завивачки вій,Заправка для завивателей ресниц,Eyelash Curler Refills
469,2915,473,2619,2548,6555,,Шаблони для брів,Трафареты для бровей,Eyebrow Stencils
469,2915,473,2619,2548,7356,,Клей та стрічка для подвійного повіка,Клей и лента для двойного века,Double Eyelid Glue & Tape
469,2915,473,2619,2548,499822,,Багаторазові палітри та кейси для макіяжу,Пустые палитры и наборы для макияжа,Refillable Makeup Palettes & Cases
469,2915,473,2619,2548,502996,,Аксесуари для штучних вій,Принадлежности для накладных ресниц,False Eyelash Accessories
469,2915,473,2619,2548,502996,7256,Клей для штучних вій,Клей для накладных ресниц,False Eyelash Adhesive
469,2915,473,2619,2548,502996,7493,Аплікатори для штучних вій,Аппликаторы для накладных ресниц,False Eyelash Applicators
469,2915,473,2619,2548,502996,502997,Засіб для видалення штучних вій,Средства для снятия накладных ресниц,False Eyelash Remover
469,2915,473,2619,2958,,,Інструменти для догляду за шкірою,Инструменты для ухода за кожей,Skin Care Tools
469,2915,473,2619,2958,2511,,Камінь пемза,Пемза,Pumice Stones
469,2915,473,2619,2958,6260,,Щітки та системи для очищення шкіри,Щётки и системы для очистки кожи,Skin Cleansing Brushes & Systems
469,2915,473,2619,2958,6261,,Екстрактори для догляду за шкірою,Экстракторы угрей,Skin Care Extractors
469,2915,473,2619,2958,6760,,Сауни для обличчя,Сауны для лица,Facial Saunas
469,2915,473,2619,2958,7018,,Ролики для догляду за шкірою,Ролики для ухода за кожей,Skin Care Rollers
469,2915,473,2619,2958,7190,,Пилки для ніг,Пилки для стоп,Foot Files
469,2915,473,2619,2958,8132,,Насадки-щітки для очищення шкіри,Головки щёток для очистки кожи,Skin Cleansing Brush Heads
469,2915,473,2619,2958,499926,,Аплікатори для лосьйону та сонцезахисного крему,Аппликаторы для солнцезащитных средств,Lotion & Sunscreen Applicators
469,2915,473,2619,2975,,,Інструменти для догляду за нігтями,Инструменты для ухода за ногтями,Nail Tools
469,2915,473,2619,2975,2734,,Пилочки та пилки для нігтів,Пилки для ногтей,Nail Files & Emery Boards
469,2915,473,2619,2975,2739,,Штовхачі для кутикули,Палочки для кутикулы,Cuticle Pushers
469,2915,473,2619,2975,2828,,Нігтівниці,Кусачки для ногтей,Nail Clippers
469,2915,473,2619,2975,3037,,Ножиці для кутикули,Ножницы для кутикулы,Cuticle Scissors
469,2915,473,2619,2975,5880,,Сушарки для нігтів,Сушки для ногтей,Nail Dryers
469,2915,473,2619,2975,6300,,Набори інструментів для манікюру,Маникюрные наборы,Manicure Tool Sets
469,2915,473,2619,2975,6341,,Бафи для нігтів,Полировщики для ногтей,Nail Buffers
469,2915,473,2619,2975,7490,,Манікюрні фрезери,Дрели для ногтей,Nail Drills
469,2915,473,2619,2975,7494,,Розпорки для манікюру та педикюру,Разделители пальцев для педикюра,Manicure & Pedicure Spacers
469,2915,473,2619,2975,499698,,Аксесуари для манікюрних фрезерів,Принадлежности для дрелей для ногтей,Nail Drill Accessories
469,2915,473,6069,,,,Набори косметики,Косметические наборы,Cosmetic Sets
469,2915,473,6331,,,,Засоби для чищення косметичних інструментів,Средства для очистки косметических инструментов,Cosmetic Tool Cleansers
469,2915,484,,,,,Дезодорант та антиперспірант,Дезодоранты и антиперспиранты,Deodorant & Anti-Perspirant
469,2915,484,543598,,,,Дезодорант,Дезодоранты,Deodorant
469,2915,484,543599,,,,Антиперспіранти,Антиперспиранты,Anti-Perspirant
469,2915,485,,,,,Жіночі гігієнічні засоби,Средства для женской гигиены,Feminine Sanitary Supplies
469,2915,485,2387,,,,Жіночі прокладки та захисники,Женские гигиенические прокладки,Feminine Pads & Protectors
469,2915,485,2564,,,,Тампони,Тампоны,Tampons
469,2915,485,5821,,,,Жіночі душі та креми,Спринцовки и гели для женской гигиены,Feminine Douches & Creams
469,2915,485,6862,,,,Жіночий дезодорант,Женские дезодоранты,Feminine Deodorant
469,2915,485,8122,,,,Менструальні чашки,Менструальные чашечки,Menstrual Cups
469,2915,486,,,,,Догляд за волоссям,Средства для ухода за волосами,Hair Care
469,2915,486,1901,,,,Засоби для укладання волосся,Средства для укладки волос,Hair Styling Products
469,2915,486,2441,,,,Шампунь та кондиціонер,Шампуни и кондиционеры,Shampoo & Conditioner
469,2915,486,2441,543615,,,Шампунь,Шампуни,Shampoo
469,2915,486,2441,543616,,,Кондиціонери для волосся,Кондиционеры,Conditioners
469,2915,486,2441,543617,,,Набори шампуню та кондиціонера,Наборы из шампуня и кондиционера,Shampoo & Conditioner Sets
469,2915,486,2814,,,,Фарба для волосся,Средства для окраски волос,Hair Color
469,2915,486,3013,,,,Ножиці для волосся,Ножницы для стрижки волос,Hair Shears
469,2915,486,4766,,,,Лікування випадання волосся,Средства против выпадения волос,Hair Loss Treatments
469,2915,486,5977,,,,Аксесуари для фарбування волосся,Принадлежности для окрашивания волос,Hair Coloring Accessories
469,2915,486,6018,,,,Аксесуари для інструментів для укладання волосся,Принадлежности для инструментов для укладки волос,Hair Styling Tool Accessories
469,2915,486,6018,4475,,,Аксесуари для фенів для волосся,Принадлежности для сушки волос,Hair Dryer Accessories
469,2915,486,6018,4569,,,Аксесуари для праски для волосся,Принадлежности для выпрямления волос,Hair Iron Accessories
469,2915,486,6018,5317,,,Заколки та шпильки для завивки волосся,Бигуди и шпильки для бигуди,Hair Curler Clips & Pins
469,2915,486,6019,,,,Інструменти для укладання волосся,Инструменты для укладки волос,Hair Styling Tools
469,2915,486,6019,487,,,Гребінці та щітки,Гребни и расчески,Combs & Brushes
469,2915,486,6019,488,,,Бігуді для волосся,Средства для завивки волос,Hair Curlers
469,2915,486,6019,489,,,Плойки для завивки волосся,Щипцы для завивки волос,Curling Irons
469,2915,486,6019,490,,,Фени для волосся,Фены,Hair Dryers
469,2915,486,6019,3407,,,Випрямлювачі волосся,Утюжки для волос,Hair Straighteners
469,2915,486,6019,499992,,,Набори інструментів для укладання волосся,Наборы инструментов для укладки,Hair Styling Tool Sets
469,2915,486,6052,,,,Засоби для хімічної завивки та випрямлення волосся,Средства для перманентной завивки и распрямления волос,Hair Permanents & Straighteners
469,2915,486,6053,,,,Засоби для видалення фарби з волосся,Средства для обесцвечивания волос,Hair Color Removers
469,2915,486,6099,,,,Маскувальні засоби від випадання волосся,"Средства, скрывающие облысение",Hair Loss Concealers
469,2915,486,6429,,,,Парові пристрої та термошапки для волосся,Вапоризаторы и термошапки для волос,Hair Steamers & Heat Caps
469,2915,486,8452,,,,Набори для догляду за волоссям,Наборы средств для ухода за волосами,Hair Care Kits
469,2915,493,,,,,Догляд за спиною,Средства для ухода за спиной,Back Care
469,2915,493,7404,,,,Подушки для підтримки спини та попереку,Подушки для поддержки спины и поясницы,Back & Lumbar Support Cushions
469,2915,506,,,,,Догляд за вухами,Средства для ухода за ушами,Ear Care
469,2915,506,2596,,,,Беруши,Беруши,Earplugs
469,2915,506,5706,,,,Вушні свічки,Ушные свечи,Ear Candles
469,2915,506,6559,,,,Вушні краплі,Ушные капли,Ear Drops
469,2915,506,6560,,,,Сушарки для вух,Сушилки для ушей,Ear Dryers
469,2915,506,6561,,,,Вушні шприци,Шприцы для ушей,Ear Syringes
469,2915,506,6562,,,,Набори для видалення вушної сірки,Наборы для удаления ушной серы,Ear Wax Removal Kits
469,2915,506,7542,,,,Диспенсери для берушів,Диспенсеры берушей,Earplug Dispensers
469,2915,506,500024,,,,Шматочки та ложечки для вух,Ушные ложки,Ear Picks & Spoons
469,2915,515,,,,,Догляд за ногами,Средства для ухода за ногами,Foot Care
469,2915,515,2801,,,,Устілки та вкладиші,Стельки и вкладыши,Insoles & Inserts
469,2915,515,2992,,,,Засоби для догляду за кістками на нозі,Средства для лечения мозолей,Bunion Care Supplies
469,2915,515,3022,,,,Засоби для догляду за мозолями та натоптюшами,Средства для лечения мозолей и ороговелостей,Corn & Callus Care Supplies
469,2915,515,3049,,,,Засоби від запаху ніг,Дезодоранты для ног,Foot Odor Removers
469,2915,515,7495,,,,Розпорки для пальців ніг,Разделители пальцев ног,Toe Spacers
469,2915,526,,,,,Догляд за порожниною рота,Средства для ухода за полостью рта,Oral Care
469,2915,526,527,,,,Зубні щітки,Зубные щётки,Toothbrushes
469,2915,526,1360,,,,Зубна паста,Зубные пасты,Toothpaste
469,2915,526,2527,,,,Зубні протези,Зубные протезы,Dentures
469,2915,526,2620,,,,Зубна нитка,Зубные нити,Dental Floss
469,2915,526,2769,,,,Стимулятори ясен,Межзубные стимуляторы,Gum Stimulators
469,2915,526,3019,,,,Засоби для відбілювання зубів,Средства для отбеливания зубов,Teeth Whiteners
469,2915,526,3040,,,,Засоби для полоскання рота,Ополаскиватели для полости рта,Mouthwash
469,2915,526,4316,,,,Зубочистки,Зубочистки,Toothpicks
469,2915,526,4775,,,,Аксесуари для зубних щіток,Принадлежности для зубных щёток,Toothbrush Accessories
469,2915,526,4775,4776,,,Запасні насадки для зубних щіток,Сменные насадки для зубных щёток,Toothbrush Replacement Heads
469,2915,526,4775,4942,,,Санітайзери для зубних щіток,Дезинфицирующие средства для зубных щёток,Toothbrush Sanitizers
469,2915,526,4775,6920,,,Кришки для зубних щіток,Чехлы для зубных щёток,Toothbrush Covers
469,2915,526,5154,,,,Віджимачі та дозатори для зубної пасти,Выдавливатели и дозаторы зубной пасты,Toothpaste Squeezers & Dispensers
469,2915,526,5155,,,,Адгезиви для протезів,Адгезивы для зубных протезов,Denture Adhesives
469,2915,526,5295,,,,Стоматологічні водяні джети,Ирригаторы полости рта,Dental Water Jets
469,2915,526,5823,,,,Зубні капи,Каппы,Dental Mouthguards
469,2915,526,5824,,,,Засоби для чищення протезів,Очистители для зубных протезов,Denture Cleaners
469,2915,526,6189,,,,Спрей для свіжості подиху,Дезодоранты для полости рта,Breath Spray
469,2915,526,6441,,,,Шкребки для язика,Скребки для языка,Tongue Scrapers
469,2915,526,6455,,,,Запасні насадки для стоматологічного водяного джету,Запасные насадки для ирригаторов полости рта,Dental Water Jet Replacement Tips
469,2915,526,6715,,,,Електричні зубні нитки,Автоматические флоссеры,Power Flossers
469,2915,526,8543,,,,Набори для ремонту протезів,Наборы для ремонта зубных протезов,Denture Repair Kits
469,2915,526,505367,,,,Кейси для ортодонтичних пристроїв,Футляры для ортодонтических аппаратов,Orthodontic Appliance Cases
469,2915,528,,,,,Гоління та догляд,Средства для бритья,Shaving & Grooming
469,2915,528,529,,,,Лосьйон після гоління,Лосьон после бритья,Aftershave
469,2915,528,531,,,,Аксесуари для електробритв,Принадлежности для электробритв,Electric Razor Accessories
469,2915,528,532,,,,Електричні бритви,Электробритвы,Electric Razors
469,2915,528,533,,,,Машинки та тримери для волосся,Триммеры и машинки для стрижки волос,Hair Clippers & Trimmers
469,2915,528,534,,,,Бритви та бритвені леза,Бритвы и бритвенные лезвия,Razors & Razor Blades
469,2915,528,2508,,,,Гемостатичні олівці,Кровоостанавливающие карандаши,Styptic Pencils
469,2915,528,2681,,,,Щітки для гоління,Кисточки для бритья,Shaving Brushes
469,2915,528,2971,,,,Крем для гоління,Кремы для бритья,Shaving Cream
469,2915,528,4507,,,,Видалення волосся,Средства для удаления волос,Hair Removal
469,2915,528,4507,4508,,,Депілятори,Средства для эпиляции,Depilatories
469,2915,528,4507,4509,,,Прилади для електролізу,Устройства для электролиза,Electrolysis Devices
469,2915,528,4507,4510,,,Епілятори,Эпиляторы,Epilators
469,2915,528,4507,4511,,,Набори та приладдя для воскування,Средства для восковой эпиляции,Waxing Kits & Supplies
469,2915,528,4507,7199,,,Лазерні та IPL пристрої для видалення волосся,Устройства для лазерной эпиляции,Laser & IPL Hair Removal Devices
469,2915,528,4507,8136,,,Прилади для розігріву воску для видалення волосся,Нагреватели воска для удаления волос,Hair Removal Wax Warmers
469,2915,528,5111,,,,Набори для гоління,Наборы для бритья,Shaving Kits
469,2915,528,6842,,,,Аксесуари для машинок та тримерів для волосся,Принадлежности для триммеров и машинок для стрижки волос,Hair Clipper & Trimmer Accessories
469,2915,528,8214,,,,Засоби для відбілювання волосся на тілі та обличчі,Средства для обесцвечивания волос на лице и теле,Body & Facial Hair Bleach
469,2915,528,8531,,,,Чашки та миски для гоління,Миски и чашки для бритья,Shaving Bowls & Mugs
469,2915,777,,,,,Особисті змазки,Гигиенические смазки,Personal Lubricants
469,2915,1380,,,,,Догляд за зором,Средства для ухода за зрением,Vision Care
469,2915,1380,524,,,,Окуляри,Очки,Eyeglasses
469,2915,1380,2521,,,,Аксесуари для окулярів,Принадлежности для очков,Eyewear Accessories
469,2915,1380,2521,5507,,,Футляри та тримачі для окулярів,Футляры и чехлы для очков,Eyewear Cases & Holders
469,2915,1380,2521,8204,,,Ремінці та ланцюжки для окулярів,Ремешки и цепочки для очков,Eyewear Straps & Chains
469,2915,1380,2521,352853,,,Розчини для чищення лінз окулярів,Растворы для очистки линз очков,Eyewear Lens Cleaning Solutions
469,2915,1380,2521,543538,,,Запасні частини для окулярів,Запасные части для очков,Eyewear Replacement Parts
469,2915,1380,2733,,,,Окулярні лінзи,Линзы для очков,Eyeglass Lenses
469,2915,1380,2922,,,,Очні краплі та змазки,Глазные капли,Eye Drops & Lubricants
469,2915,1380,2923,,,,Контактні лінзи,Контактные линзы,Contact Lenses
469,2915,1380,3011,,,,Догляд за контактними лінзами,Средства для ухода за контактными линзами,Contact Lens Care
469,2915,1380,3011,6509,,,Розчин для контактних лінз,Растворы для контактных линз,Contact Lens Solution
469,2915,1380,3011,6510,,,Контейнери для контактних лінз,Контейнеры для контактных линз,Contact Lens Cases
469,2915,1380,3011,7363,,,Набори для догляду за контактними лінзами,Наборы для ухода за контактными линзами,Contact Lens Care Kits
469,2915,1380,6977,,,,Лінзи для сонцезахисних окулярів,Солнцезащитные линзы,Sunglass Lenses
469,2915,2656,,,,,Пінцети,Щипчики,Tweezers
469,2915,2934,,,,,Ватні палички,Ватные палочки,Cotton Swabs
469,2915,4076,,,,,Засоби для сну,Средства для нормализации сна,Sleeping Aids
469,2915,4076,4056,,,,Машини для білого шуму,Генераторы белого шума,White Noise Machines
469,2915,4076,4211,,,,Подорожні подушки,Подушки под шею,Travel Pillows
469,2915,4076,4313,,,,Маски для очей,Маски для сна,Eye Masks
469,2915,4076,6017,,,,Засоби від хропу та апної сну,Средства против храпа и апноэ,Snoring & Sleep Apnea Aids
469,2915,4929,,,,,Ватні кульки,Ватные шарики,Cotton Balls
469,2915,5663,,,,,Масаж та релаксація,Массаж и релаксация,Massage & Relaxation
469,2915,5663,471,,,,Масажери,Массажеры,Massagers
469,2915,5663,471,543595,,,Масажні подушки,Массажные подушки,Massage Cushions
469,2915,5663,471,543596,,,Електричні масажери,Электромассажёры,Electric Massagers
469,2915,5663,471,543597,,,Ручні інструменти для масажу,Приспособления для ручного массажа,Manual Massage Tools
469,2915,5663,1442,,,,Масажні крісла,Кресла для массажа,Massage Chairs
469,2915,5663,2074,,,,Масажні столи,Массажные столы,Massage Tables
469,2915,5663,5664,,,,Масажна олія,Массажные масла,Massage Oil
469,2915,5663,8135,,,,Масажні камені,Массажные камни,Massage Stones
469,2915,5663,8530,,,,Підігрівачі для масажних каменів,Нагреватели для массажных камней,Massage Stone Warmers
469,2915,5663,233420,,,,Подушечки для очей,Подушечки для глаз,Eye Pillows
469,2915,5663,500060,,,,Скребки для спини,Приспособления для чесания спины,Back Scratchers
469,2915,6921,,,,,Намети для спрей-засмаги,Кабинки для автозагара,Spray Tanning Tents
469,2915,7134,,,,,Набори та приладдя для клізм,Наборы и принадлежности для клизм,Enema Kits & Supplies
469,5573,,,,,,Чищення та догляд за ювелірними виробами,Средства для ухода за ювелирными изделиями,Jewelry Cleaning & Care
469,5573,5124,,,,,Набори для ремонту годинників,Комплекты для ремонта часов,Watch Repair Kits
469,5573,5974,,,,,Стійки для ювелірних виробів,Коробки для ювелирных украшений,Jewelry Holders
469,5573,499919,,,,,Розчини та полірувальні засоби для чищення ювелірних виробів,Средства для чистки и полировки ювелирных изделий,Jewelry Cleaning Solutions & Polishes
469,5573,500082,,,,,Інструменти для чищення ювелірних виробів,Приспособления для чистки ювелирных изделий,Jewelry Cleaning Tools
469,5573,500083,,,,,Парові очисники для ювелірних виробів,Пароочистители для ювелирных изделий,Jewelry Steam Cleaners
536,,,,,,,Дім та сад,Дом и сад,Home & Garden
536,359,,,,,,Безпека бізнесу та дому,Средства обеспечения безопасности жилища,Business & Home Security
536,359,363,,,,,Охоронні ліхтарі,Охранное освещение,Security Lights
536,359,364,,,,,Охоронні монітори та реєстратори,Мониторы и рекордеры системы безопасности,Security Monitors & Recorders
536,359,365,,,,,Датчики охоронних систем,Датчики систем безопасности,Security System Sensors
536,359,2161,,,,,Датчики руху,Датчики движения,Motion Sensors
536,359,3819,,,,,Охоронні сейфи,Сейфы,Security Safes
536,359,3873,,,,,Домашні системи сигналізації,Домашние системы сигнализации,Home Alarm Systems
536,359,5491,,,,,Макети відеокамер спостереження,Ложные камеры наблюдения,Dummy Surveillance Cameras
536,359,499865,,,,,Аксесуари для сейфів,Принадлежности для сейфов,Security Safe Accessories
536,359,500025,,,,,Дзеркала для безпеки та охорони,Зеркала безопасности,Safety & Security Mirrors
536,574,,,,,,Аксесуари для ванної кімнати,Принадлежности для ванной и туалета,Bathroom Accessories
536,574,575,,,,,Полички для ванни,Подвесные полки для ванной,Bath Caddies
536,574,577,,,,,Килими та коврики для ванної,Коврики для ванной комнаты,Bath Mats & Rugs
536,574,578,,,,,Кільця для душових штор,Кольца для занавесок для душа,Shower Curtain Rings
536,574,579,,,,,Держачі для серветок для обличчя,Диспенсеры для косметических салфеток,Facial Tissue Holders
536,574,580,,,,,Душові штори,Занавески для душа,Shower Curtains
536,574,582,,,,,Мильниці та тримачі для мила,Мыльницы,Soap Dishes & Holders
536,574,583,,,,,Туалетні щітки та їх утримувачі,Туалетные ёршики,Toilet Brushes & Holders
536,574,584,,,,,Утримувачі для туалетного паперу,Держатели для туалетной бумаги,Toilet Paper Holders
536,574,585,,,,,Тримачі для зубних щіток,Держатели для зубных щеток,Toothbrush Holders
536,574,586,,,,,Полички та підставки для рушників,Вешалки и полки для полотенец,Towel Racks & Holders
536,574,1962,,,,,Душові штанги,Карнизы для душевых штор,Shower Rods
536,574,2034,,,,,Гачки для халатів,Крючки для одежды,Robe Hooks
536,574,2418,,,,,Аптечки,Аптечки,Medicine Cabinets
536,574,4366,,,,,Подушки для ванної,Подушки для ванной,Bath Pillows
536,574,4971,,,,,Диспенсери для мила та лосьйону,Дозаторы мыла и лосьонов,Soap & Lotion Dispensers
536,574,5141,,,,,Сушарки для рук,Сушилки для рук,Hand Dryers
536,574,6858,,,,,Набори аксесуарів для ванної кімнати,Наборы принадлежностей для ванной и туалета,Bathroom Accessory Sets
536,574,7093,,,,,Кріплення для аксесуарів ванної кімнати,Крепеж для принадлежностей для ванной и туалета,Bathroom Accessory Mounts
536,574,7509,,,,,Запасні головки для туалетних щіток,Запасные щётки для туалетных ершиков,Toilet Brush Replacement Heads
536,574,8016,,,,,Аксесуари для сушарок для рук,Принадлежности для сушилок для рук,Hand Dryer Accessories
536,574,8114,,,,,Безпечні поручні,Поручни для ванн,Safety Grab Bars
536,594,,,,,,Освітлення,Осветительные приборы,Lighting
536,594,1436,,,,,Освітлення для надзвичайних ситуацій,Аварийное освещение,Emergency Lighting
536,594,1546,,,,,Прожектори та точкові ліхтарі,Прожекторы,Flood & Spot Lights
536,594,2370,,,,,Світло для картин,Подсветка для картин,Picture Lights
536,594,2425,,,,,Лампочки,Лампочки,Light Bulbs
536,594,2425,2690,,,,Флуоресцентні трубки,Люминесцентные трубки,Fluorescent Tubes
536,594,2425,2944,,,,Розжарювальні лампи,Лампы накаливания,Incandescent Light Bulbs
536,594,2425,2947,,,,Компактні люмінесцентні лампи,Компактные люминесцентные лампы,Compact Fluorescent Lamps
536,594,2425,3329,,,,LED лампочки,Светодиодные лампы,LED Light Bulbs
536,594,2608,,,,,Світлові мотузки та стрічки,Световые шнуры и ленты,Light Ropes & Strings
536,594,3006,,,,,Світильники,Светильники,Lighting Fixtures
536,594,3006,2249,,,,Люстри,Люстры,Chandeliers
536,594,3006,2524,,,,Світильники для стелі,Потолочные светильники,Ceiling Light Fixtures
536,594,3006,2809,,,,Світлові прилади для шаф,Светильники для мебели,Cabinet Light Fixtures
536,594,3006,6073,,,,Настінні світильники,Настенные светильники,Wall Light Fixtures
536,594,4636,,,,,Лампи,Лампы,Lamps
536,594,6274,,,,,Рейкове освітлення,Реечные светильники,Track Lighting
536,594,6274,4932,,,,Світильники для рейкового освітлення,Элементы крепления для реечных светильников,Track Lighting Fixtures
536,594,6274,6272,,,,Аксесуари для рейкового освітлення,Принадлежности для реечных светильников,Track Lighting Accessories
536,594,6274,6273,,,,Рейки для рейкового освітлення,Шины для реечных светильников,Track Lighting Rails
536,594,7399,,,,,Тікі-ліхтарі та нафтові лампи,Бамбуковые факелы и масляные лампы,Tiki Torches & Oil Lamps
536,594,7400,,,,,Освітлення ландшафтних доріжок,Освещение для садовых дорожек,Landscape Pathway Lighting
536,594,7401,,,,,Закопані світлові прилади,Напольные светильники,In-Ground Lights
536,594,500003,,,,,Плаваючі та занурювані ліхтарики,Плавучие светильники,Floating & Submersible Lights
536,594,505826,,,,,Нічники та атмосферне освітлення,Ночные светильники и подсветка,Night Lights & Ambient Lighting
536,600,,,,,,Аксесуари для куріння,Курительные принадлежности,Smoking Accessories
536,600,4082,,,,,Попільнички,Пепельницы,Ashtrays
536,600,6878,,,,,Гумідори,Хьюмидоры,Humidors
536,600,6879,,,,,Ножі та проколювачі для сигар,Приспособления для обрезки сигар,Cigar Cutters & Punches
536,600,6880,,,,,Аксесуари для гумідорів,Принадлежности для хьюмидоров,Humidor Accessories
536,600,6881,,,,,Футляри для сигарет,Портсигары,Cigarette Cases
536,600,6882,,,,,Футляри для сигар,Ящики для сигар,Cigar Cases
536,600,500007,,,,,Мундштуки для сигарет,Мундштуки,Cigarette Holders
536,604,,,,,,Побутові прилади,Бытовые приборы,Household Appliances
536,604,609,,,,,Відкривачі для гаражних дверей,Системы дистанционного открытия дверей гаража,Garage Door Openers
536,604,616,,,,,Парові пилососи та мийки для підлоги,Пароочистители для ковров,Floor & Steam Cleaners
536,604,616,543600,,,,Парові очищувачі для килимів,Пароочистители для ковров и пола,Carpet Steamers
536,604,616,543601,,,,Шампуні для килимів,Устройства для мытья ковров,Carpet Shampooers
536,604,616,543602,,,,Машини для миття підлоги,Поломоечные машины,Floor Scrubbers
536,604,616,543603,,,,Парові швабри,Паровые швабры,Steam Mops
536,604,619,,,,,Пилососи,Пылесосы,Vacuums
536,604,621,,,,,Водонагрівачі,Водонагреватели,Water Heaters
536,604,1626,,,,,Пристрої для контролю клімату,Климат-контроль,Climate Control Appliances
536,604,1626,605,,,,Кондиціонери повітря,Кондиционеры воздуха,Air Conditioners
536,604,1626,606,,,,Очищувачі повітря,Очистители воздуха,Air Purifiers
536,604,1626,607,,,,Зневоднювачі,Осушители,Dehumidifiers
536,604,1626,608,,,,Вентилятори,Вентиляторы,Fans
536,604,1626,608,1700,,,Вентилятори для стелі,Потолочные вентиляторы,Ceiling Fans
536,604,1626,608,2535,,,Настільні та підставкові вентилятори,Настольные и напольные вентиляторы,Desk & Pedestal Fans
536,604,1626,608,4485,,,Вентилятори для вентиляції,Вытяжные вентиляторы,Ventilation Fans
536,604,1626,608,7527,,,Ручні вентилятори та розпилювачі з живленням від електромережі,Ручные вентиляторы,Powered Hand Fans & Misters
536,604,1626,608,8090,,,Настінні вентилятори,Настенные вентиляторы,Wall Mount Fans
536,604,1626,611,,,,Обігрівачі приміщень,Обогреватели помещений,Space Heaters
536,604,1626,613,,,,Зволожувачі,Увлажнители,Humidifiers
536,604,1626,2060,,,,Опалювальні радіатори,Обогреватели,Heating Radiators
536,604,1626,2649,,,,Обігрівачі для відкритих терас,Уличные обогреватели,Patio Heaters
536,604,1626,3082,,,,Печі та котли,Печи и котлы,Furnaces & Boilers
536,604,1626,6709,,,,Вуличні системи туманоутворення,Уличные генераторы тумана,Outdoor Misting Systems
536,604,1626,6727,,,,Випаровувачі-охолоджувачі,Испарительные охладители,Evaporative Coolers
536,604,1626,7328,,,,Обігрівачі для вентиляційних каналів,Канальные воздухонагреватели,Duct Heaters
536,604,2706,,,,,Пральні прилади,Устройства для стирки,Laundry Appliances
536,604,2706,2549,,,,Пральні машини,Стиральные машины,Washing Machines
536,604,2706,2612,,,,Сушарки,Сушильные машины,Dryers
536,604,2706,2849,,,,Комбіновані пральні машини,Стирально-сушильные машины,Laundry Combo Units
536,604,2706,5138,,,,Парові праски для одягу,Пароочистители для одежды,Garment Steamers
536,604,2706,5139,,,,Праски та системи прасування,Утюги и гладильные системы,Irons & Ironing Systems
536,604,2706,5140,,,,Парові преси,Паровые гладильные прессы,Steam Presses
536,604,4483,,,,,Сушарки для футонів,Машины для сушки футона,Futon Dryers
536,604,5294,,,,,Машини для полірування підлоги,Полотеры,Floor Polishers & Buffers
536,604,6741,,,,,Клавіатури та пульти для гаражних дверей,Пульты и брелоки для управления гаражными дверями,Garage Door Keypads & Remotes
536,604,7121,,,,,Пароочисники для шпалер,Паровые стрипперы обоев,Wallpaper Steamers
536,604,235920,,,,,Сушарки для підлоги та килимів,Сушилки для полов и ковров,Floor & Carpet Dryers
536,604,500081,,,,,Ультразвукові очищувачі,Ультразвуковые очистители,Ultrasonic Cleaners
536,630,,,,,,Побутові товари,Хозяйственные товары,Household Supplies
536,630,623,,,,,Прилади та засоби для побутового прибирання,Бытовой инвентарь и средства для уборки,Household Cleaning Supplies
536,630,623,2250,,,,Пилоочисники,Салфетки для вытирания пыли,Dusters
536,630,623,2610,,,,Скребки,Щётки для мытья окон,Squeegees
536,630,623,2713,,,,Швабри,Швабры,Mops
536,630,623,2796,,,,Губки та шкребки для миття,Губки,Sponges & Scouring Pads
536,630,623,2857,,,,Мітли,Мётлы,Brooms
536,630,623,4515,,,,Смітники,Совки для мусора,Dustpans
536,630,623,4670,,,,Щітки-скребки,Скребковые щётки,Scrub Brushes
536,630,623,4671,,,,Ручки для мітел та швабр,Рукоятки для мётел и швабр,Broom & Mop Handles
536,630,623,4677,,,,Щітки для чищення килимів,Щётки для чистки ковров,Carpet Sweepers
536,630,623,4973,,,,Побутові засоби для прибирання,Бытовые моющие средства,Household Cleaning Products
536,630,623,4973,4974,,,Прилади для чищення килимів,Средства для чистки ковров,Carpet Cleaners
536,630,623,4973,4975,,,Миючі засоби та мило для посуду,Средства для мытья посуды,Dish Detergent & Soap
536,630,623,4973,4976,,,Засоби для чищення скла та поверхонь,Средства для чистки стекла и гладких поверхностей,Glass & Surface Cleaners
536,630,623,4973,4976,543649,,Засоби для чищення скла,Очистители стекол,Glass Cleaners
536,630,623,4973,4976,543650,,Засоби для чищення різних поверхонь,Очистители для различных поверхностей,Muti-surface Cleaners
536,630,623,4973,4977,,,Засоби для чищення підлоги,Средства для очистки паркета,Floor Cleaners
536,630,623,4973,4978,,,Засоби для чищення духовок та грилів,Средства для чистки духовок и грилей,Oven & Grill Cleaners
536,630,623,4973,4979,,,Засоби від запаху та плям від домашніх тварин,Средства для удаления запаха и пятен от животных,Pet Odor & Stain Removers
536,630,623,4973,4980,,,Засоби для чищення туалетних чаш,Средства для чистки унитазов,Toilet Bowl Cleaners
536,630,623,4973,4981,,,Засоби для чищення ванн та плитки,Средства для чистки ванн и плитки,Tub & Tile Cleaners
536,630,623,4973,5825,,,Засоби для чищення та полірування меблів,Средства для чистки и полировки мебели,Furniture Cleaners & Polish
536,630,623,4973,6474,,,Побутові дезінфекційні засоби,Бытовые дезинфицирующие средства,Household Disinfectants
536,630,623,4973,7330,,,Універсальні засоби для прибирання,Универсальные чистящие средства,All-Purpose Cleaners
536,630,623,4973,7426,,,Засоби для чищення та полірування нержавіючої сталі,Средства для чистки и полировки нержавеющей стали,Stainless Steel Cleaners & Polishes
536,630,623,4973,7462,,,Засоби для чищення пральних машин,Средства для чистки стиральных машин,Washing Machine Cleaners
536,630,623,4973,7510,,,Засоби для чищення посудомийних машин,Средства для чистки посудомоечных машин,Dishwasher Cleaners
536,630,623,4973,7552,,,Засоби для полоскання,Ополаскиватели для посудомоечных машин,Rinse Aids
536,630,623,4973,8043,,,Засоби для чищення тканини та оббивки,Средства для чистки ткани и обивки,Fabric & Upholstery Cleaners
536,630,623,4973,500065,,,Засоби для видалення накипу та вапна,Средства для удаления налета,Descalers & Decalcifiers
536,630,623,5113,,,,Рукавички для прибирання,Перчатки для уборки,Cleaning Gloves
536,630,623,6263,,,,Запасні частини для пилососів,Запасные щётки для инструментов для уборки пыли,Duster Refills
536,630,623,6264,,,,Насадки та запасні частини для швабри,Запасные щётки для швабр,Mop Heads & Refills
536,630,623,6419,,,,Засоби для захисту тканини та оббивки,Средства для защиты ткани и обивки,Fabric & Upholstery Protectors
536,630,623,6437,,,,Відра,Вёдра,Buckets
536,630,623,8071,,,,Рушники для майстерні та універсальні тканини для прибирання,Технические салфетки,Shop Towels & General-Purpose Cleaning Cloths
536,630,623,499767,,,,Головки та запасні частини для щіток-скребків,Насадки и сменные головки для скребковых щёток,Scrub Brush Heads & Refills
536,630,623,499892,,,,Насадки для мітел,Насадки мётел,Broom Heads
536,630,627,,,,,Приладдя для прання,Товары для стирки,Laundry Supplies
536,630,627,633,,,,Дошки для прасування,Гладильные доски,Ironing Boards
536,630,627,634,,,,Кошики для білизни,Корзины для белья,Laundry Baskets
536,630,627,2677,,,,Сушарки та вішалки,Сушильные вешалки для одежды,Drying Racks & Hangers
536,630,627,2754,,,,Пральний порошок,Стиральные порошки,Laundry Detergent
536,630,627,2794,,,,Засоби для зм'якшення тканини та аркуші для сушки,Кондиционеры для белья и антистатики,Fabric Softeners & Dryer Sheets
536,630,627,3080,,,,Ролики для видалення ворсу,Ролики для чистки одежды,Lint Rollers
536,630,627,4656,,,,Підкладки та чохли для дошки для прасування,Чехлы для гладильных досок,Ironing Board Pads & Covers
536,630,627,4657,,,,Засоби для видалення плям з тканини,Пятновыводители для тканей,Fabric Stain Removers
536,630,627,4982,,,,Відбілювачи,Отбеливатели,Bleach
536,630,627,5084,,,,Кулі для прання,Шарики для стирки,Laundry Balls
536,630,627,5085,,,,Мішки та рамки для прання,Мешки и корзины для белья,Laundry Wash Bags & Frames
536,630,627,5704,,,,Прищепки для білизни,Бельевые прищепки,Clothespins
536,630,627,5705,,,,Машинки для видалення катишків,Машинки для удаления катышков,Fabric Shavers
536,630,627,6240,,,,Освіжувачі для тканини,Освежители ткани,Fabric Refreshers
536,630,627,6387,,,,Крохмаль для тканини,Средства для накрахмаливания,Fabric Starch
536,630,627,7320,,,,Набори для хімчистки,Наборы для химчистки,Dry Cleaning Kits
536,630,627,7457,,,,Захисні накладки для одягу,Подкладки для защиты одежды от пота,Garment Shields
536,630,627,7502,,,,Засоби проти зморшок та антистатичні спреї,Антистатики и средства для устранения складок,Wrinkle Releasers & Anti-Static Sprays
536,630,627,499931,,,,Запасні частини для дошки для прасування,Запчасти для гладильных досок,Ironing Board Replacement Parts
536,630,627,499937,,,,Підставки для праски,Подставки для утюгов,Iron Rests
536,630,628,,,,,Засоби та інструменти для догляду за взуттям,Уход за обувью,Shoe Care & Tools
536,630,628,1659,,,,Полірувальні засоби та воски для взуття,Крема и воск для обуви,Shoe Polishes & Waxes
536,630,628,1874,,,,Щітки для взуття,Щётки для обуви,Shoe Brushes
536,630,628,2301,,,,Сумки для взуття,Сумки для обуви,Shoe Bags
536,630,628,2371,,,,Сушарки для взуття,Сушилки для обуви,Shoe Dryers
536,630,628,2431,,,,Блоки та формувачі для взуття,Распорки для обуви,Shoe Trees & Shapers
536,630,628,5600,,,,Витяжки для чобіт,Крючки для обуви,Boot Pulls
536,630,628,5601,,,,Штифти для взуття та допоміжні засоби для одягання,Рожки для обуви,Shoe Horns & Dressing Aids
536,630,628,5604,,,,Засоби для догляду за взуттям та барвники,Средства по уходу за обувью и краски для обуви,Shoe Treatments & Dyes
536,630,628,8031,,,,Шкребки для взуття,Скребки для очистки подошв,Shoe Scrapers
536,630,628,8032,,,,Полірувальники для взуття,Средства для чистки обуви,Shoe Polishers
536,630,628,8033,,,,Набори для догляду за взуттям,Наборы для ухода за обувью,Shoe Care Kits
536,630,636,,,,,Зберігання та організація,Товары для хранения,Storage & Organization
536,630,636,2446,,,,Гачки та стелажі для зберігання,Бытовые крючки и полки,Storage Hooks & Racks
536,630,636,2446,5494,,,Підставки та стійки для парасольок,Подставки для зонтов,Umbrella Stands & Racks
536,630,636,2446,5707,,,Універсальні гачки,Крючки общего назначения,Utility Hooks
536,630,636,2446,499930,,,Гачки та стійки для дошки для прасування,Крючки и вешалки для гладильных досок,Ironing Board Hooks & Racks
536,630,636,3561,,,,Побутові сумки для зберігання,Бытовые сумки для хранения,Household Storage Bags
536,630,636,4360,,,,Зберігання фотографій,Товары для хранения фотографий,Photo Storage
536,630,636,4360,40,,,Фотоальбоми,Фотоальбомы,Photo Albums
536,630,636,4360,4237,,,Коробки для зберігання фотографій,Коробки для хранения фотографий,Photo Storage Boxes
536,630,636,5128,,,,Шухляди для їдального прибору,Ящики для столовых приборов,Flatware Chests
536,630,636,5558,,,,Зберігання одягу та гардеробу,Хранение одежды,Clothing & Closet Storage
536,630,636,5558,631,,,Вішалки,Вешалки,Hangers
536,630,636,5558,3722,,,Стійки для зарядки,Органайзеры для зарядных устройств,Charging Valets
536,630,636,5558,5559,,,Стелажі та органайзери для взуття,Тумбы и органайзеры для обуви,Shoe Racks & Organizers
536,630,636,5558,5714,,,Органайзери для гардеробу та вішалки для одягу,Напольные вешалки,Closet Organizers & Garment Racks
536,630,636,5558,5716,,,Вішалки-секретарі,Стойки для одежды,Clothes Valets
536,630,636,5558,7514,,,Шкатулки для капелюхів,Коробки для шляп,Hat Boxes
536,630,636,5631,,,,Побутові контейнери для зберігання,Бытовые контейнеры для хранения,Household Storage Containers
536,630,636,6986,,,,Побутові кошики для зберігання,Бытовые коробки для хранения,Household Storage Caddies
536,630,636,7255,,,,Побутові шухляди для зберігання,Бытовые выдвижные ящики для хранения,Household Storage Drawers
536,630,636,8058,,,,Вставки-органайзери для побутових шухляд,Вкладки-органайзеры для выдвижных ящиков,Household Drawer Organizer Inserts
536,630,728,,,,,Засоби від шкідників,Борьба с вредителями,Pest Control
536,630,728,2631,,,,Пастки від шкідників,Ловушки для грызунов,Pest Control Traps
536,630,728,2865,,,,Репеленти,Репелленты,Repellents
536,630,728,2865,512,,,Побутові засоби від комах,Бытовые репелленты от насекомых,Household Insect Repellents
536,630,728,2865,7137,,,Засоби відлякування тварин та домашніх тварин,Репелленты для животных,Animal & Pet Repellents
536,630,728,2869,,,,Пестициди,Пестициды,Pesticides
536,630,728,4220,,,,Мухобійки,Мухобойки,Fly Swatters
536,630,2374,,,,,Мішки для сміття,Мешки для мусора,Garbage Bags
536,630,2530,,,,,Побутові паперові вироби,Бытовые бумажные изделия,Household Paper Products
536,630,2530,624,,,,Серветки для обличчя,Салфетки для лица,Facial Tissues
536,630,2530,629,,,,Туалетний папір,Туалетная бумага,Toilet Paper
536,630,2530,2742,,,,Паперові рушники,Бумажные полотенца,Paper Towels
536,630,2530,3846,,,,Паперові серветки,Бумажные салфетки,Paper Napkins
536,630,3307,,,,,Підкладки для килимів,Основы для ковров,Rug Pads
536,630,3355,,,,,Побутові термометри,Бытовые термометры,Household Thermometers
536,630,4516,,,,,Зберігання відходів,Ёмкости для мусора,Waste Containment
536,630,4516,637,,,,Смітники та кошики для сміття,Мусорные корзины и урны,Trash Cans & Wastebaskets
536,630,4516,4517,,,,Контейнери для сортування відходів,Корзины для сбора отходов для переработки,Recycling Containers
536,630,4516,5143,,,,Контейнери для небезпечних відходів,Контейнеры для опасных отходов,Hazardous Waste Containers
536,630,4516,500039,,,,Контейнери для сміття,Мусорные баки,Dumpsters
536,630,5056,,,,,Аксесуари для пресів для сміття,Принадлежности для уплотнителей мусора,Trash Compactor Accessories
536,630,6757,,,,,Аксесуари для зберігання відходів,Принадлежности для утилизации отходов,Waste Containment Accessories
536,630,6757,4717,,,,Кришки для контейнерів з відходами,Крышки для мусорных контейнеров,Waste Container Lids
536,630,6757,6726,,,,Огородження для контейнерів з відходами,Ящики и шкафы для мусорных контейнеров,Waste Container Enclosures
536,630,6757,6758,,,,Колеса для контейнерів з відходами,Колёса для мусорных контейнеров,Waste Container Wheels
536,630,6757,6765,,,,Візки для контейнерів з відходами,Тележки для мусорных контейнеров,Waste Container Carts
536,630,6757,500115,,,,Етикетки та знаки для контейнерів з відходами,Ярлыки и знаки для мусорных контейнеров,Waste Container Labels & Signs
536,630,7214,,,,,Захисники для підлоги від меблів,Подкладки под мебель,Furniture Floor Protectors
536,630,7351,,,,,Вкладиші для шухляд та полиць,Подкладки для ящиков и шкафов,Drawer & Shelf Liners
536,630,7406,,,,,Поглиначі вологи,Поглотители влаги,Moisture Absorbers
536,630,8522,,,,,Килимики для гаражного підлоги,Коврики для гаражей,Garage Floor Mats
536,630,499674,,,,,Плівка та килимки для захисту підлоги,Пленки и материалы для защиты полов,Floor Protection Films & Runners
536,630,499885,,,,,Сходинки сходів,Накладки для ступеней,Stair Treads
536,638,,,,,,Кухня та їдальня,Товары для кухни и столовой,Kitchen & Dining
536,638,649,,,,,Барне приладдя,Барная посуда,Barware
536,638,649,650,,,,Декантери,Графины,Decanters
536,638,649,651,,,,Шейкери та інструменти для коктейлів,Шейкеры и инструменты для барменов,Cocktail Shakers & Tools
536,638,649,651,3427,,,Відкривачки для пляшок,Открывалки для бутылок,Bottle Openers
536,638,649,651,4222,,,Льодяні шпажки для бару,Пестики для колки льда,Bar Ice Picks
536,638,649,651,6956,,,Шейкери для коктейлів,Шейкеры,Cocktail Shakers
536,638,649,651,503757,,,Мадлери,Мадлеры,Muddlers
536,638,649,651,505327,,,Сита для коктейлів,Стрейнеры,Cocktail Strainers
536,638,649,1817,,,,Диспенсери та крани для пива,Пивные краны и диспенсеры,Beer Dispensers & Taps
536,638,649,2363,,,,Підставки для склянок,Бирдекели,Coasters
536,638,649,2976,,,,Коркові штопори,Штопоры,Corkscrews
536,638,649,4562,,,,Затискачі та зберігачі для пляшок,Пробки и затычки для бутылок,Bottle Stoppers & Savers
536,638,649,4563,,,,Аератори для вина,Аэраторы для вина,Wine Aerators
536,638,649,6957,,,,Набори інструментів для коктейлів та барного приладдя,Наборы инструментов для напитков,Cocktail & Barware Tool Sets
536,638,649,7008,,,,Прикраси для винних келихів,Подвески для бокалов,Wine Glass Charms
536,638,649,7075,,,,Фонтани для абсенту,Абсентовые фонтаны,Absinthe Fountains
536,638,649,7139,,,,Ножі для фольги,Резаки для фольги,Foil Cutters
536,638,649,7238,,,,Підставки для кухольних подставок,Держатели бирдекелей,Coaster Holders
536,638,649,7569,,,,Кубики та палички для охолодження напоїв,Камни для виски,Beverage Chilling Cubes & Sticks
536,638,649,8493,,,,Тримачі для пляшок вина,Держатели для винных бутылок,Wine Bottle Holders
536,638,649,499990,,,,Кришки для пляшок,Крышки для бутылок,Bottle Caps
536,638,649,505806,,,,Ванни та охолоджувачі для напоїв,Ведерки для охлаждения напитков,Beverage Tubs & Chillers
536,638,668,,,,,Кухонні інструменти та приладдя,Кухонные приборы и утварь,Kitchen Tools & Utensils
536,638,668,639,,,,Фартухи,Фартуки,Aprons
536,638,668,653,,,,Друшляки та сита,Дуршлаги и сита,Colanders & Strainers
536,638,668,665,,,,Кухонні ножі,Кухонные ножи,Kitchen Knives
536,638,668,666,,,,Дошки для різання,Кухонные доски,Cutting Boards
536,638,668,670,,,,Рукавички для духовки та тримачі для каструль,Кухонные прихватки,Oven Mitts & Pot Holders
536,638,668,733,,,,Відкривачки для банок,Открывалки для банок,Can Openers
536,638,668,741,,,,Електричні ножі,Электрические ножи,Electric Knives
536,638,668,2948,,,,Кухонні органайзери,Кухонные органайзеры,Kitchen Organizers
536,638,668,2948,2344,,,Органайзери для спецій,Органайзеры для специй,Spice Organizers
536,638,668,2948,3061,,,Тримачі та диспенсери для паперових рушників,Подставки и диспенсеры бумажных полотенец,Paper Towel Holders & Dispensers
536,638,668,2948,3072,,,Підставки та диспенсери для серветок,Салфетницы,Napkin Holders & Dispensers
536,638,668,2948,3177,,,Органайзери для кухонного столу та бару,Стойки для посуды,Kitchen Counter & Beverage Station Organizers
536,638,668,2948,3479,,,Тримачі для посуду для напоїв,Стойки для питьевой посуды,Drinkware Holders
536,638,668,2948,3831,,,Підноси для столових приборів та посуду,Лотки для столовых приборов и мелкой посуды,Utensil & Flatware Trays
536,638,668,2948,3845,,,Стелажі для горщиків,Стойки для кастрюль,Pot Racks
536,638,668,2948,4322,,,Підставки та дозатори для зубочисток,Держатели и диспенсеры для зубочисток,Toothpick Holders & Dispensers
536,638,668,2948,5059,,,Тримачі та диспенсери для соломинок,Подставки и диспенсеры соломинок,Straw Holders & Dispensers
536,638,668,2948,5157,,,Блоки та тримачі для ножів,Подставки для ножей,Knife Blocks & Holders
536,638,668,2948,6415,,,Цукерниці,Коробки для сахара,Sugar Caddies
536,638,668,2948,6480,,,Органайзери для банок,Органайзеры для банок,Can Organizers
536,638,668,2948,6487,,,Органайзери для кухонних шаф,Органайзеры для кухонных шкафов,Kitchen Cabinet Organizers
536,638,668,2948,8012,,,Стійки та тримачі для кухонних приладдів,Держатели и стойки для кухонной утвари,Kitchen Utensil Holders & Racks
536,638,668,3091,,,,Кулінарні термометри,Кухонные термометры,Cooking Thermometers
536,638,668,3156,,,,Терки та щітки для продуктів,Терки и измельчители пищи,Food Graters & Zesters
536,638,668,3175,,,,Лопатки,Разливные ложки,Scoops
536,638,668,3175,3202,,,Ложки для морозива,Ложки для мороженого,Ice Cream Scoops
536,638,668,3175,3258,,,Ложки для дині,Приспособления для нарезки шариков из дыни,Melon Ballers
536,638,668,3175,3708,,,Лопатки для льоду,Лопатки для льда,Ice Scoops
536,638,668,3175,502966,,,Лопатки для попкорну та картоплі фрі,Совки для попкорна и картофеля фри,Popcorn & French Fry Scoops
536,638,668,3196,,,,Шпателі,Кухонные лопатки,Spatulas
536,638,668,3206,,,,Кухонні різаки,Ручные ломтерезки,Kitchen Slicers
536,638,668,3248,,,,М'ясорубки,Молотки для отбивания мяса,Meat Tenderizers
536,638,668,3256,,,,Кухонні шкребки,Кухонные скребки,Kitchen Scrapers
536,638,668,3256,3086,,,Шкребки для миски,Скребки для очистки посуды,Bowl Scrapers
536,638,668,3256,3419,,,Скребки для верстака,Скребки с ручкой,Bench Scrapers
536,638,668,3256,3633,,,Шкребки для грилю,Скребки для решеток для гриля,Grill Scrapers
536,638,668,3268,,,,Сушарки та піддони для посуду,Сушилки для посуды и сливные полки,Dish Racks & Drain Boards
536,638,668,3294,,,,Товкачі,Картофелемялки,Mashers
536,638,668,3347,,,,Шприци для заправки,Кухонные спринцовки,Basters
536,638,668,3381,,,,Галети,Кухонные щипцы,Food Crackers
536,638,668,3381,3586,,,Щипці для раків та крабів,Щипцы для лобстеров и крабов,Lobster & Crab Crackers
536,638,668,3381,3685,,,Горіхоколи,Орехоколы,Nutcrackers
536,638,668,3381,3685,4214,,Декоративні горіхоколи,Декоративные орехоколы,Decorative Nutcrackers
536,638,668,3385,,,,Преси для часнику,Чеснокодавилки,Garlic Presses
536,638,668,3421,,,,Різаки для піци,Ножи для пиццы,Pizza Cutters
536,638,668,3430,,,,Кулінарні пензлики для заправки,Кисточки для смазывания,Basting Brushes
536,638,668,3467,,,,Валики для тіста,Скалки,Rolling Pins
536,638,668,3475,,,,Мірні чашки та ложки,Мерные чаши и ложки,Measuring Cups & Spoons
536,638,668,3521,,,,Очищувачі та видалювачі серцевини для продуктів,Приспособления для снятия кожуры и удаления сердцевины,Food Peelers & Corers
536,638,668,3597,,,,Віники для збивання,Венчики,Whisks
536,638,668,3620,,,,Черпаки,Половники,Ladles
536,638,668,3713,,,,Таймери для приготування їжі,Кухонные таймеры,Cooking Timers
536,638,668,3723,,,,Дозатори для продуктів,Пищевые дозаторы,Food Dispensers
536,638,668,3768,,,,Лопатки для випічки,Пекарские лопаты,Baking Peels
536,638,668,3835,,,,Решітки для охолодження,Решётки для охлаждения,Cooling Racks
536,638,668,3850,,,,Формочки для печива,Формы-ножи для печений,Cookie Cutters
536,638,668,3914,,,,Сушарки для салату,Центрифуги для обсушки салатных листьев,Salad Spinners
536,638,668,3999,,,,Ступки та пестлі,Ступки и пестики,Mortars & Pestles
536,638,668,4005,,,,Щипці,Щипцы,Tongs
536,638,668,4247,,,,Дробарі для банок,Прессы для банок,Can Crushers
536,638,668,4332,,,,Блендери для тіста,Пекарские струнные ножи,Pastry Blenders
536,638,668,4334,,,,Підставки для ложок,Подставки для ложек,Spoon Rests
536,638,668,4530,,,,Миски для змішування,Чаши для смешивания,Mixing Bowls
536,638,668,4559,,,,Чайні ситечка,Чайные ситечки,Tea Strainers
536,638,668,4630,,,,Матеріали для декорування тортів,Украшения для тортов,Cake Decorating Supplies
536,638,668,4705,,,,Аксесуари для валика для тіста,Принадлежности для скалок,Rolling Pin Accessories
536,638,668,4705,4706,,,Чохли та накладки для валика для тіста,Чехлы и рукава для скалок,Rolling Pin Covers & Sleeves
536,638,668,4705,4707,,,Кільця для валика для тіста,Кольца для скалок,Rolling Pin Rings
536,638,668,4708,,,,Серветки для випічки,Ткань для выпечки,Pastry Cloths
536,638,668,4746,,,,Форми для льоду,Формы для льда,Ice Cube Trays
536,638,668,4762,,,,Млинки для спецій,Мельницы для пряностей,Spice Grinders
536,638,668,4765,,,,Набори кухонних приладдів,Наборы кухонной утвари,Kitchen Utensil Sets
536,638,668,4771,,,,Мішки для запікання,Мешки для выпекания,Oven Bags
536,638,668,4777,,,,Дозатори для приправ,Дозаторы приправ,Condiment Dispensers
536,638,668,4788,,,,Аксесуари для млинків для спецій,Принадлежности для мельниц для пряностей,Spice Grinder Accessories
536,638,668,5078,,,,Виделки для нарізання м'яса,Вилки для разделки мяса,Carving Forks
536,638,668,5080,,,,Килимки та решітки для раковини,Коврики и решетки для раковин,Sink Mats & Grids
536,638,668,5109,,,,Преси для картоплі,Прессы для картофеля,Ricers
536,638,668,5251,,,,Кухонні ножиці,Кухонные ножницы,Kitchen Shears
536,638,668,5370,,,,Сита для борошна,Сита для муки,Flour Sifters
536,638,668,5928,,,,Кулінарні горілки,Кулинарные горелки,Cooking Torches
536,638,668,6342,,,,Преси для печива,Прессы для печенья,Cookie Presses
536,638,668,6388,,,,Ложки з отворами,Шумовки,Slotted Spoons
536,638,668,6408,,,,Лопатки для тортів,Лопатки для тортов,Cake Servers
536,638,668,6411,,,,Аксесуари для електричних ножів,Принадлежности для электроножей,Electric Knife Accessories
536,638,668,6411,6412,,,Запасні леза для електричних ножів,Запасные лезвия для электроножей,Electric Knife Replacement Blades
536,638,668,6497,,,,Міксери та шейкери для заправки до салату,Миксеры и шейкеры для заправок для салатов,Salad Dressing Mixers & Shakers
536,638,668,6522,,,,Ножі для канавок,Ножи-декораторы,Channel Knives
536,638,668,6526,,,,Дозатори для олії та оцету,Диспенсеры для масла и уксуса,Oil & Vinegar Dispensers
536,638,668,6554,,,,Палички та шампури для їжі,Кулинарные шампуры и шпажки,Food Sticks & Skewers
536,638,668,6723,,,,Ролики для тіста,Резаки для теста,Dough Wheels
536,638,668,6746,,,,Органайзери для раковини,Органайзеры для раковин,Sink Caddies
536,638,668,6749,,,,Форми та штампи для пасти,Формы и штампы для макаронных изделий,Pasta Molds & Stamps
536,638,668,6787,,,,Форми для желатину,Формы для желе,Gelatin Molds
536,638,668,6974,,,,Дозатори для цукру,Диспенсеры сахара,Sugar Dispensers
536,638,668,7149,,,,Диспенсери для напоїв,Диспенсеры напитков,Beverage Dispensers
536,638,668,7247,,,,Килимки для суші,Коврики для суши,Sushi Mats
536,638,668,7329,,,,Пакети для варіння на пару,Паровые пакеты,Food Steaming Bags
536,638,668,7331,,,,Аксесуари для кулінарних термометрів,Принадлежности для кулинарных термометров,Cooking Thermometer Accessories
536,638,668,7365,,,,Аксесуари для різака для піци,Принадлежности для ножей для пиццы,Pizza Cutter Accessories
536,638,668,7485,,,,Преси для сушеної м'ясної закуски,Пистолеты для фарша,Jerky Guns
536,638,668,8006,,,,Кухонні форми,Кулинарные формы,Kitchen Molds
536,638,668,503005,,,,Лійки,Воронки,Funnels
536,638,668,505316,,,,Трафарети для їжі та напоїв,Трафареты для украшения блюд и напитков,Food & Drink Stencils
536,638,672,,,,,Посуд,Столовая посуда,Tableware
536,638,672,652,,,,Кавники та чайники,Чайники и кофейники,Coffee Servers & Tea Pots
536,638,672,673,,,,Посуд для вечері,Обеденная посуда,Dinnerware
536,638,672,673,3498,,,Миски,Чаши,Bowls
536,638,672,673,3553,,,Тарілки,Тарелки,Plates
536,638,672,673,5537,,,Набори посуду для вечері,Наборы обеденной посуды,Dinnerware Sets
536,638,672,674,,,,Посуд для напоїв,Посуда для напитков,Drinkware
536,638,672,674,2169,,,Кружки,Кружки,Mugs
536,638,672,674,2694,,,Стопки,Стопки,Shot Glasses
536,638,672,674,2712,,,Винні келихи,Бокалы,Stemware
536,638,672,674,2951,,,Тамблери,Стаканы,Tumblers
536,638,672,674,6049,,,Кавові та чайні чашки,Кофейные и чайные чашки,Coffee & Tea Cups
536,638,672,674,6051,,,Блюдця для кави та чаю,Кофейные и чайные блюдца,Coffee & Tea Saucers
536,638,672,674,6958,,,Набори посуду для напоїв,Наборы посуды для напитков,Drinkware Sets
536,638,672,674,7568,,,Пивні склянки,Пивные кружки и стаканы,Beer Glasses
536,638,672,675,,,,Їдальний прибір,Плоская керамическая посуда,Flatware
536,638,672,675,3699,,,Палички для їжі,Палочки для еды,Chopsticks
536,638,672,675,3844,,,Столові ножі,Столовые ножи,Table Knives
536,638,672,675,3939,,,Ложки,Ложки,Spoons
536,638,672,675,4015,,,Виделки,Вилки,Forks
536,638,672,675,5647,,,Набори їдального прибору,Столовые наборы,Flatware Sets
536,638,672,675,6439,,,Аксесуари для паличок для їжі,Принадлежности для палочек для еды,Chopstick Accessories
536,638,672,676,,,,Солонки та перечниці,Солонки и перечницы,Salt & Pepper Shakers
536,638,672,677,,,,Підставки під гаряче,Таганы,Trivets
536,638,672,4026,,,,Посуд для подачі страв,Предметы сервировки,Serveware
536,638,672,4026,3330,,,Кувшини та графіни для подачі,Сервировочные кувшины и графины,Serving Pitchers & Carafes
536,638,672,4026,3373,,,Цукерниці та молочники,Сахарницы и сливочники,Sugar Bowls & Creamers
536,638,672,4026,3703,,,Соусники,Соусники,Gravy Boats
536,638,672,4026,3802,,,Підноси для подачі страв,Сервировочные блюда,Serving Platters
536,638,672,4026,3941,,,Супниці,Супницы,Tureens
536,638,672,4026,4009,,,Сервірувальні підноси,Подносы,Serving Trays
536,638,672,4026,4372,,,Підставки для тортів,Подставки для тортов,Cake Stands
536,638,672,4026,4735,,,Чаші для пуншу,Чаши для пунша,Punch Bowls
536,638,672,4026,5135,,,Підкладки для тортів,Подносы для тортов,Cake Boards
536,638,672,4026,6086,,,Масляниці,Маслёнки,Butter Dishes
536,638,672,4026,7550,,,Підставки для яєць,Подставки для яиц,Egg Cups
536,638,672,6425,,,,Аксесуари для посуду для подачі страв,Принадлежности для сервировки,Serveware Accessories
536,638,672,6425,6426,,,Підставки для супниць,Подставки для супниц,Tureen Stands
536,638,672,6425,6427,,,Кришки для супниць,Крышки для супниц,Tureen Lids
536,638,672,6425,6434,,,Підставки для пуншу,Подставки для чаш с пуншем,Punch Bowl Stands
536,638,672,6740,,,,Набори для кави та чаю,Кофейные и чайные наборы,Coffee & Tea Sets
536,638,672,8046,,,,Зажими та ваги для скатертини,Прищепки и грузы для скатертей,Tablecloth Clips & Weights
536,638,730,,,,,Кухонна техніка,Кухонная техника,Kitchen Appliances
536,638,730,610,,,,Утилізатори відходів,Измельчители мусора,Garbage Disposals
536,638,730,679,,,,Варочні поверхні,Варочные панели,Cooktops
536,638,730,680,,,,Посудомийні машини,Посудомоечные машины,Dishwashers
536,638,730,681,,,,Морозильники,Морозильные камеры,Freezers
536,638,730,683,,,,Духовки,Печи,Ovens
536,638,730,684,,,,Витяжки,Вытяжки,Range Hoods
536,638,730,685,,,,Плити,Кухонные плиты,Ranges
536,638,730,686,,,,Холодильники,Холодильники,Refrigerators
536,638,730,687,,,,Коптильні для їжі,Коптильни,Food Smokers
536,638,730,688,,,,Преси для сміття,Прессы для мусора,Trash Compactors
536,638,730,732,,,,Хлібопічки,Хлебопечки,Breadmakers
536,638,730,736,,,,Кавоварки та еспресо-машини,Кофеварки и эспрессо-машины,Coffee Makers & Espresso Machines
536,638,730,736,1388,,,Кавоварки з крапельним фільтром,Капельные кофемашины,Drip Coffee Makers
536,638,730,736,1557,,,Френч-преси,Френч-прессы,French Presses
536,638,730,736,1647,,,Електричні та кавоварки для еспрессо,Электрические и ручные кофеварки эспрессо,Electric & Stovetop Espresso Pots
536,638,730,736,2247,,,Перколятори,Кофейники с ситечком,Percolators
536,638,730,736,2422,,,Кавоварки для еспресо,Эспрессо-машины,Espresso Machines
536,638,730,736,5286,,,Вакуумні кавоварки,Вакуумные кофеварки,Vacuum Coffee Makers
536,638,730,738,,,,Фритюрниці,Фритюрницы,Deep Fryers
536,638,730,743,,,,Сушарки для продуктів,Сушки для пищевых продуктов,Food Dehydrators
536,638,730,744,,,,М'ясорубки та млини для продуктів,Измельчители пищевых продуктов,Food Grinders & Mills
536,638,730,747,,,,Електричні плитки,Электроплитки,Hot Plates
536,638,730,748,,,,Машинки для морозива,Мороженицы,Ice Cream Makers
536,638,730,749,,,,Дробарки та бритви для льоду,Молотки и шейверы для льда,Ice Crushers & Shavers
536,638,730,750,,,,Соковижималки,Соковыжималки,Juicers
536,638,730,751,,,,Електричні чайники,Электрические чайники,Electric Kettles
536,638,730,752,,,,Точила для ножів,Ножеточки,Knife Sharpeners
536,638,730,753,,,,Мікрохвильові печі,Микроволновые печи,Microwave Ovens
536,638,730,755,,,,Машинки для пасти,Лапшерезки,Pasta Makers
536,638,730,756,,,,Машинки для попкорну,Машины для приготовления попкорна,Popcorn Makers
536,638,730,763,,,,Вакуумні запайщики,Вакуумные упаковщики,Vacuum Sealers
536,638,730,765,,,,Водяні фільтри,Фильтры для воды,Water Filters
536,638,730,766,,,,Прилади для виготовлення йогурту,Йогуртницы,Yogurt Makers
536,638,730,1015,,,,Переносні кухонні плити,Походные плитки,Portable Cooking Stoves
536,638,730,2985,,,,Вуличні грилі,Уличные грили,Outdoor Grills
536,638,730,3181,,,,Різачі для делікатесів,Ломтерезки для мяса,Deli Slicers
536,638,730,3293,,,,Водяні кулери,Кулеры для воды,Water Coolers
536,638,730,3319,,,,Машинки для виготовлення цукрової вати,Машины для изготовления сахарной ваты,Cotton Candy Machines
536,638,730,3526,,,,Пінітелі та парові кавоварки для молока,Устройства для взбивания и подогревания молока,Milk Frothers & Steamers
536,638,730,4161,,,,Машинки для льоду,Льдогенераторы,Ice Makers
536,638,730,4421,,,,Електричні сковорідки та воки,Электрические сковородки и воки,Electric Skillets & Woks
536,638,730,4482,,,,Прилади для приготування тістечок моті,Машины для выпекания рисовых кексов,Mochi Makers
536,638,730,4495,,,,Ростерні духовки та вертелі,Ростеры и грили,Roaster Ovens & Rotisseries
536,638,730,4528,,,,Чайники,Чаеварки,Tea Makers
536,638,730,4532,,,,Кухонні плити та пароварки,Устройства для приготовления пищи и пароварки,Food Cookers & Steamers
536,638,730,4532,737,,,Повільноварки,Медленноварки,Slow Cookers
536,638,730,4532,739,,,Пристрої для варіння яєць,Яйцеварки,Egg Cookers
536,638,730,4532,757,,,Рисоварки,Рисоварки,Rice Cookers
536,638,730,4532,760,,,Пароварки,Пароварки,Food Steamers
536,638,730,4532,6279,,,Водяні печі,Сувид-печи,Water Ovens
536,638,730,4532,6523,,,Термічні кухонні прилади,Вакуумные кастрюли,Thermal Cookers
536,638,730,4539,,,,Винні холодильники,Винные холодильники,Wine Fridges
536,638,730,4720,,,,Горщики для фондю та набори,Наборы для фондю,Fondue Pots & Sets
536,638,730,5057,,,,Прилади для виготовлення соєвого молока,Устройства для приготовления соевого молока,Soy Milk Makers
536,638,730,5090,,,,Машини для темперування шоколаду,Темперирующие машины для шоколада,Chocolate Tempering Machines
536,638,730,5103,,,,Прилади для підігріву їжі,Мармиты,Food Warmers
536,638,730,5103,4292,,,Парові столи,Столы с паровым подогревом,Steam Tables
536,638,730,5103,5349,,,Теплові лампи для продуктів,Лампы для подогревания пищи,Food Heat Lamps
536,638,730,5103,6548,,,Блюда для подачі гарячих страв,Кастрюли с подогревом,Chafing Dishes
536,638,730,5103,504633,,,Контейнери для рису,Кадки для риса,Rice Keepers
536,638,730,5156,,,,Прилади для приготування заморожених напоїв,Аппараты для приготовления замороженных десертов,Frozen Drink Makers
536,638,730,5287,,,,Підігрівачі для напоїв,Подогреватели для напитков,Beverage Warmers
536,638,730,5289,,,,Тостери та грилі,Тостеры и грили,Toasters & Grills
536,638,730,5289,759,,,Тостери для сендвічів,Бутербродницы,Sandwich Makers
536,638,730,5289,761,,,Прилади для приготування їжі: міні-духовки та тостери,Печи-тостеры,Countertop & Toaster Ovens
536,638,730,5289,762,,,Тостери,Тостеры,Toasters
536,638,730,5289,764,,,Вафельниці,Вафельницы,Waffle Irons
536,638,730,5289,5291,,,Пристрої для виготовлення піццелле,Сковороды для приготовления итальянских вафель,Pizzelle Makers
536,638,730,5289,5292,,,Машинки для виготовлення тортильї та лавашу,Сковороды для приготовления тортилий и кесадилий,Tortilla & Flatbread Makers
536,638,730,5289,5318,,,Прилади для випічки мафінів та кексів,Устройства для выпекания кексов и маффинов,Muffin & Cupcake Makers
536,638,730,5289,6278,,,Пристрої для виготовлення піци та печі,Печки и печи для пиццы,Pizza Makers & Ovens
536,638,730,5289,6516,,,Машинки для виробництва прецелів,Печки для кренделей,Pretzel Makers
536,638,730,5289,6819,,,Машинки для виготовлення пончиків,Печки для пончиков,Donut Makers
536,638,730,5577,,,,Прилади для приготування газованої води,Сатураторы,Soda Makers
536,638,730,6524,,,,Газові скалети,Газовые противни,Gas Griddles
536,638,730,6543,,,,Прилади для приготування гарячих напоїв,Оборудование для приготовления горячих напитков,Hot Drink Makers
536,638,730,7165,,,,Електричні сковороди та грилі,Электрические противни и грили,Electric Griddles & Grills
536,638,730,505666,,,,Кухонні міксери та блендери,Миксеры и блендеры,Food Mixers & Blenders
536,638,2626,,,,,Зберігання їжі,Хранение продуктов,Food Storage
536,638,2626,667,,,,Контейнери для зберігання їжі,Контейнеры для хранения продуктов,Food Storage Containers
536,638,2626,2644,,,,Банки для печива,Банки для печенья,Cookie Jars
536,638,2626,3110,,,,Пакувальна плівка для їжі,Пищевая обертка,Food Wraps
536,638,2626,3110,1496,,,Фольга,Фольга,Foil
536,638,2626,3110,3750,,,Пластикова плівка,Пищевая пленка,Plastic Wrap
536,638,2626,3110,3956,,,Папір для воскування,Вощёная бумага,Wax Paper
536,638,2626,3110,5642,,,Папір для випічки,Пергаментная бумага,Parchment Paper
536,638,2626,3337,,,,Хлібниці та пакети для хліба,Хлебницы и хлебные пакеты,Bread Boxes & Bags
536,638,2626,3591,,,,Пакети для зберігання їжі,Пакеты для пищевых продуктов,Food Storage Bags
536,638,2626,5134,,,,Банки для меду,Банки для мёда,Honey Jars
536,638,2626,6481,,,,Кришки для їжі,Крышки контейнеров для хранения продуктов,Food Container Covers
536,638,2626,6534,,,,Відра для цукерок,Корзины для конфет,Candy Buckets
536,638,2901,,,,,Аксесуари для кухонної техніки,Принадлежности для кухонного оборудования,Kitchen Appliance Accessories
536,638,2901,1334,,,,Аксесуари для мікрохвильових печей,Принадлежности для микроволновых печей,Microwave Oven Accessories
536,638,2901,2540,,,,Аксесуари для машинки для пасти,Принадлежности для лапшерезок,Pasta Maker Accessories
536,638,2901,3443,,,,Запчастини та аксесуари для посудомийних машин,Детали и принадлежности для посудомоечных машин,Dishwasher Parts & Accessories
536,638,2901,3489,,,,Аксесуари для хлібопічок,Принадлежности для хлебопечек,Breadmaker Accessories
536,638,2901,3523,,,,Аксесуари для вакуумних запайщиків,Принадлежности для вакуумной упаковки,Vacuum Sealer Accessories
536,638,2901,3523,3124,,,Пакети для вакуумних запайщиків,Вакуумная упаковка,Vacuum Sealer Bags
536,638,2901,3684,,,,Аксесуари для вуличного грилю,Принадлежности для уличного гриля,Outdoor Grill Accessories
536,638,2901,3684,3382,,,Решітки та накладки для вуличного грилю,Решётки для уличных грилей,Outdoor Grill Racks & Toppers
536,638,2901,3684,3855,,,Чохли для вуличного грилю,Крышки для уличных грилей,Outdoor Grill Covers
536,638,2901,3684,4560,,,Вертела та кошики для вуличного грилю,Вертела и корзины для уличного гриля,Outdoor Grill Spits & Baskets
536,638,2901,3684,5670,,,Візки для вуличного грилю,Тележки для гриля,Outdoor Grill Carts
536,638,2901,3684,5671,,,Чіпси та гранули для куріння,Опилки и гранулы для копчения,Smoking Chips & Pellets
536,638,2901,3684,5672,,,Дошки для вуличного грилю,Доски для гриля,Outdoor Grilling Planks
536,638,2901,3684,5694,,,Брикети з деревного вугілля,Брикеты древесного угля,Charcoal Briquettes
536,638,2901,3684,7540,,,Димарі для деревного вугілля,Трубы для печек на древесном угле,Charcoal Chimneys
536,638,2901,3684,505667,,,Запасні частини для вуличного грилю,Запасные детали для уличного гриля,Outdoor Grill Replacement Parts
536,638,2901,3848,,,,Аксесуари для холодильників,Принадлежности для холодильников,Refrigerator Accessories
536,638,2901,3954,,,,Аксесуари для фритюрниці,Принадлежности для фритюрниц,Deep Fryer Accessories
536,638,2901,3988,,,,Аксесуари для кавоварок та еспресо-машин,Принадлежности для кофеварок и эспрессо-машин,Coffee Maker & Espresso Machine Accessories
536,638,2901,3988,734,,,Кавомолки,Кофемолки,Coffee Grinders
536,638,2901,3988,3239,,,Кавові графіни,Кофейники,Coffee Decanters
536,638,2901,3988,3450,,,Фільтри для кави,Фильтры для кофе,Coffee Filters
536,638,2901,3988,3838,,,Портафільтри,Портафильтры,Portafilters
536,638,2901,3988,4500,,,Кошики для кавових фільтрів,Корзинки-фильтры для кофе,Coffee Filter Baskets
536,638,2901,3988,4786,,,Аксесуари для кавомолок,Принадлежности для кофемолок,Coffee Grinder Accessories
536,638,2901,3988,5065,,,Водяні фільтри для кавоварок,Фильтры для воды для кофеварок,Coffee Maker Water Filters
536,638,2901,3988,5066,,,Кувшини для пінки,Кувшины для латте,Frothing Pitchers
536,638,2901,3988,6888,,,Підігрівачі для кавових графінів,Подогреватели для кофейников,Coffee Decanter Warmers
536,638,2901,3988,503736,,,Запчастини для кавоварок та еспресо-машин,Детали для кофеварок и автоматов эспрессо,Coffee Maker & Espresso Machine Replacement Parts
536,638,2901,4519,,,,Аксесуари для соковижималок,Принадлежности для соковыжималок,Juicer Accessories
536,638,2901,4653,,,,Аксесуари для сушарок для їжі,Принадлежности для установок для сушки продуктов,Food Dehydrator Accessories
536,638,2901,4653,4654,,,Тарілки для сушарок для їжі,Поддоны для установок для сушки продуктов,Food Dehydrator Trays
536,638,2901,4653,4655,,,Листи для сушарок для їжі,Листы для установок для сушки продуктов,Food Dehydrator Sheets
536,638,2901,4674,,,,Аксесуари для машинки для морозива,Принадлежности для морожениц,Ice Cream Maker Accessories
536,638,2901,4674,4675,,,Миски-морозильники для машинки для морозива,Ёмкости для замораживания для морожениц,Ice Cream Maker Freezer Bowls
536,638,2901,4763,,,,Аксесуари для м'ясорубок,Принадлежности для измельчителей пищевых продуктов,Food Grinder Accessories
536,638,2901,5042,,,,Аксесуари для дробарок та бритв для льоду,Принадлежности для молотков и шейверов для льда,Ice Crusher & Shaver Accessories
536,638,2901,5075,,,,Аксесуари для машинки для попкорну,Принадлежности для автоматов для приготовления попкорна,Popcorn Maker Accessories
536,638,2901,5076,,,,Аксесуари для машинки для виготовлення цукрової вати,Принадлежности для автоматов для приготовления сладкой ваты,Cotton Candy Machine Accessories
536,638,2901,5570,,,,Аксесуари для приладу для виготовлення йогурту,Принадлежности для йогуртниц,Yogurt Maker Accessories
536,638,2901,6747,,,,Аксесуари для утилізації сміття,Принадлежности для утилизаторов отходов,Garbage Disposal Accessories
536,638,2901,6944,,,,Аксесуари для наборів фондю,Принадлежности для наборов для фондю,Fondue Set Accessories
536,638,2901,6944,6945,,,Виделки для фондю,Вилки для фондю,Fondue Forks
536,638,2901,6944,6946,,,Підставки для горщиків фондю,Подставки для горшков для фондю,Fondue Pot Stands
536,638,2901,6944,503725,,,Гелеве паливо для приготування їжі,Горючие гели для фондю,Cooking Gel Fuels
536,638,2901,7006,,,,Аксесуари для переносної кухонної плити,Принадлежности для портативных плит,Portable Cooking Stove Accessories
536,638,2901,7118,,,,Аксесуари для водяних кулерів,Принадлежности для кулеров для воды,Water Cooler Accessories
536,638,2901,7118,7119,,,Пляшки для водяного кулера,Бутыли для кулеров для воды,Water Cooler Bottles
536,638,2901,7187,,,,Аксесуари для машинки для льоду,Принадлежности для льдогенераторов,Ice Maker Accessories
536,638,2901,7355,,,,Аксесуари для електричних сковорідок та воків,Принадлежности для электрических кастрюль и воков,Electric Skillet & Wok Accessories
536,638,2901,7444,,,,Аксесуари для тостерів,Принадлежности для тостеров,Toaster Accessories
536,638,2901,7570,,,,Аксесуари для морозильників,Принадлежности для морозильников,Freezer Accessories
536,638,2901,8051,,,,Аксесуари для парових столів,Принадлежности для мармитов,Steam Table Accessories
536,638,2901,8051,8052,,,Кришки для гастроємкостей парових столів,Крышки для сковород мармитов,Steam Table Pan Covers
536,638,2901,8051,8053,,,Гастроємкості для парових столів,Сковороды для мармитов,Steam Table Pans
536,638,2901,8087,,,,Аксесуари для витяжок,Принадлежности для вытяжных зонтов,Range Hood Accessories
536,638,2901,8106,,,,Аксесуари для винних холодильників,Принадлежности для холодильников для вина,Wine Fridge Accessories
536,638,2901,499996,,,,Аксесуари для вафельниць,Принадлежности для вафельниц,Waffle Iron Accessories
536,638,2901,500004,,,,"Аксесуари для плит, духовок та діапазонів","Принадлежности для плит, варочных поверхностей и духовок","Cooktop, Oven & Range Accessories"
536,638,2901,500066,,,,Аксесуари для електричних чайників,Принадлежности для электрических чайников,Electric Kettle Accessories
536,638,2901,502989,,,,Аксесуари для приладу для приготування газованої води,Принадлежности для аппаратов по приготовлению газированных напитков,Soda Maker Accessories
536,638,2901,505765,,,,Аксесуари для кухонних міксерів та блендерів,Принадлежности для миксеров и блендеров,Food Mixer & Blender Accessories
536,638,2920,,,,,Транспортувальні засоби для їжі та напоїв,Ёмкости для еды и напитков,Food & Beverage Carriers
536,638,2920,669,,,,Ланч-бокси та термосумки,Сумки и коробки для завтрака,Lunch Boxes & Totes
536,638,2920,671,,,,Пікнічні кошики,Корзины для пикника,Picnic Baskets
536,638,2920,1017,,,,Охолоджувачі,Охладители,Coolers
536,638,2920,1444,,,,Фляжки,Фляги,Flasks
536,638,2920,2507,,,,Термосумки,Сумки с теплоизоляцией,Insulated Bags
536,638,2920,3435,,,,Фляги,Фляги для пищи,Canteens
536,638,2920,3800,,,,Термоси,Термосы,Thermoses
536,638,2920,3809,,,,Пляшки для води,Бутылки для воды,Water Bottles
536,638,2920,4520,,,,Термоковзни для напоїв,Чехлы для напитков,Drink Sleeves
536,638,2920,4520,4521,,,Чохли для банок та пляшок,Чехлы для бутылок и жестяных банок,Can & Bottle Sleeves
536,638,2920,4520,4522,,,Терморукави для чашок,Чехлы для чашек,Cup Sleeves
536,638,2920,4722,,,,Термоси для напоїв,Термопоты,Airpots
536,638,2920,5060,,,,Замінні кришки для напоїв,Многоразовые крышки для емкостей с напитками,Replacement Drink Lids
536,638,2920,6449,,,,Сумки-транспортувальники для вина,Сумки для переноски винных бутылок,Wine Carrier Bags
536,638,6070,,,,,Посуд для приготування та випічки,Кухонная посуда и жаростойкие формы,Cookware & Bakeware
536,638,6070,640,,,,Вироби для випічки,Жаропрочная посуда,Bakeware
536,638,6070,640,641,,,Протвені та листи для печива,Противни для выпечки,Baking & Cookie Sheets
536,638,6070,640,642,,,Форми для випічки хліба,Формы и противни для выпечки хлеба,Bread Pans & Molds
536,638,6070,640,643,,,Форми для випічки тортів,Формы для тортов,Cake Pans & Molds
536,638,6070,640,644,,,Форми для мафінів та випічки,Формы для кексов и маффинов,Muffin & Pastry Pans
536,638,6070,640,645,,,Форми для пирогів та кіш,Формы для открытых пирогов,Pie & Quiche Pans
536,638,6070,640,646,,,Камені для піци,Камни для выпечки пиццы,Pizza Stones
536,638,6070,640,647,,,Рамекіни та форми для суфле,Формы для суфле и порционных закусок,Ramekins & Souffle Dishes
536,638,6070,640,648,,,Жаровні сковорідки,Формы для запекания,Roasting Pans
536,638,6070,640,2843,,,Пательні для піци,Формы для пиццы,Pizza Pans
536,638,6070,640,4764,,,Набори для випічки,Наборы жаропрочной посуды,Bakeware Sets
536,638,6070,640,6756,,,Пательні для запікання,Противни для жарки,Broiling Pans
536,638,6070,654,,,,Посуд для приготування їжі,Кухонная посуда,Cookware
536,638,6070,654,655,,,Гусятниці,Блюда для запекания,Casserole Dishes
536,638,6070,654,656,,,Парові каструлі,Двухкамерные пароварки,Double Boilers
536,638,6070,654,657,,,Голландські печі,Жаровни,Dutch Ovens
536,638,6070,654,658,,,Сковороди-гриль та плити для смаження,Сковороды-гриль,Griddles & Grill Pans
536,638,6070,654,659,,,Чайники для плити,Чайники,Stovetop Kettles
536,638,6070,654,660,,,Скороварки та пристрої для консервування,Скороварки,Pressure Cookers & Canners
536,638,6070,654,661,,,Каструлі,Кастрюли,Saucepans
536,638,6070,654,662,,,Сковороди та пательні,Сковороды,Skillets & Frying Pans
536,638,6070,654,663,,,Каструлі для варіння бульйону,Кастрюльки для мясного бульона,Stock Pots
536,638,6070,654,664,,,Воки,Сковороды-вок,Woks
536,638,6070,654,4423,,,Пательні для соте,Сотейники,Sauté Pans
536,638,6070,654,4459,,,Пательні для паельї,Сковороды для паэльи,Paella Pans
536,638,6070,654,4721,,,Набори посуду,Наборы кухонной посуды,Cookware Sets
536,638,6070,654,5110,,,Преси для грилю,Пресс-грили,Grill Presses
536,638,6070,654,5340,,,Таджини та глиняні горщики для приготування їжі,Таджины,Tagines & Clay Cooking Pots
536,638,6070,654,6518,,,Глеки для бродіння та квашення,Посуда для соления и ферментации,Fermentation & Pickling Crocks
536,638,6070,654,6838,,,Сковороди для млинців та блінів,Сковороды для блинов,Crêpe & Blini Pans
536,638,6070,4424,,,,Аксесуари для посуду,Принадлежности для кухонной посуды,Cookware Accessories
536,638,6070,4424,4427,,,Аксесуари для вока,Принадлежности для сковород-вок,Wok Accessories
536,638,6070,4424,4427,4662,,Кільця для вока,Подставки для сковород-вок,Wok Rings
536,638,6070,4424,4427,4663,,Щітки для вока,Кисточки для сковород-вок,Wok Brushes
536,638,6070,4424,4501,,,Аксесуари для скороварок та консервування,Принадлежности для скороварок,Pressure Cooker & Canner Accessories
536,638,6070,4424,4529,,,Кошики для пароварки,Решётки для пароварок,Steamer Baskets
536,638,6070,4424,4660,,,Кришки для каструль та сковорідок,Крышки для сковород и кастрюль,Pot & Pan Lids
536,638,6070,4424,4661,,,Ручки для каструль та сковорідок,Ручки для сковород и кастрюль,Pot & Pan Handles
536,638,6070,4502,,,,Аксесуари для випічки,Принадлежности для жаропрочной посуды,Bakeware Accessories
536,638,6070,4502,4503,,,Килимки та підкладки для випічки,Подставки и бумажные формы для выпечки,Baking Mats & Liners
536,638,6070,4502,4726,,,Стійки для жаровних сковорідок,Рёшетки и формы для запекания,Roasting Pan Racks
536,638,6070,4502,7131,,,Ваги для випічки,Грузы для выпечки,Baking Weights
536,638,6070,6071,,,,Набори посуду для приготування та випічки,Наборы кухонной посуды и жаростойких форм,Cookware & Bakeware Combo Sets
536,638,6478,,,,,Аксесуари для зберігання їжі,Принадлежности для хранения пищевых продуктов,Food Storage Accessories
536,638,6478,5837,,,,Крутки для зв'язування та кліпси для пакетів,Клипсы и зажимы для пакетов,Twist Ties & Bag Clips
536,638,6478,6479,,,,Абсорбери кисню,Поглотители кислорода,Oxygen Absorbers
536,638,6478,8039,,,,Диспенсери для пакувальної плівки,Диспенсеры пищевой пленки,Food Wrap Dispensers
536,638,6478,499924,,,,Етикетки для їжі та напоїв,Кухонные этикетки,Food & Beverage Labels
536,638,8161,,,,,Збірні кухні та міні-кухні,Сборные кухни и мини-кухни,Prefabricated Kitchens & Kitchenettes
536,689,,,,,,Газон та сад,Товары для газонов и садовых участков,Lawn & Garden
536,689,2918,,,,,Вуличне життя,Товары для садового участка,Outdoor Living
536,689,2918,717,,,,Гамаки,Гамаки,Hammocks
536,689,2918,718,,,,Гойдалки на веранді,Садовые качели,Porch Swings
536,689,2918,719,,,,Садові парасолі та сонцезахисні відбивачі,Уличные зонты и шатры,Outdoor Umbrellas & Sunshades
536,689,2918,2613,,,,Вуличні споруди,Садовые конструкции,Outdoor Structures
536,689,2918,2613,700,,,Садові мостики,Садовые мостики,Garden Bridges
536,689,2918,2613,703,,,"Садові арки, шпалери, альтанки та перголи","Садовые арки, шпалеры, решётки и перголы","Garden Arches, Trellises, Arbors & Pergolas"
536,689,2918,2613,716,,,Навіси та альтанки,Навесы и беседки,Canopies & Gazebos
536,689,2918,2613,720,,,"Сарай, гаражі та навіси","Сараи, гаражи и навесы для автомобилей","Sheds, Garages & Carports"
536,689,2918,2613,6105,,,Аксесуари для навісів та альтанок,Принадлежности для навесов и беседок,Canopy & Gazebo Accessories
536,689,2918,2613,6105,6106,,Каркаси для навісів та альтанок,Каркасы для навесов и беседок,Canopy & Gazebo Frames
536,689,2918,2613,6105,6107,,Набори для облаштування навісів та альтанок,Наборы перегородок для навесов и беседок,Canopy & Gazebo Enclosure Kits
536,689,2918,2613,6105,6108,,Верхи для навісів та альтанок,Крыши для навесов и беседок,Canopy & Gazebo Tops
536,689,2918,2613,6105,7423,,Стовпи для навісів,Стойки для навесов,Canopy Poles
536,689,2918,2613,6105,7424,,Вантаж-баласт для навісів,Грузы для навесов,Canopy Weights
536,689,2918,5910,,,,Пледи для вулиці,Уличные одеяла,Outdoor Blankets
536,689,2918,5910,5911,,,Пляжні мати,Пляжные коврики,Beach Mats
536,689,2918,5910,5912,,,Підкладки для пончо,Спальный мешок –пончо,Poncho Liners
536,689,2918,5910,5913,,,Пледи для пікніка,Одеяла для пикников,Picnic Blankets
536,689,2918,6737,,,,Деталі та аксесуари для гамаків,Детали и принадлежности для гамаков,Hammock Parts & Accessories
536,689,2918,6751,,,,Аксесуари для садових парасоль і сонцезахисних відбивачів,Принадлежности для садовых зонтов и тентов,Outdoor Umbrella & Sunshade Accessories
536,689,2918,6751,5493,,,Основи для садових парасоль,Подставки для садовых зонтов,Outdoor Umbrella Bases
536,689,2918,6751,7107,,,Чохли для садових парасоль,Чехлы для уличных зонтов,Outdoor Umbrella Covers
536,689,2918,6751,7108,,,Тканина для садових парасоль і сонцезахисних відбивачів,Ткань для спдовых зонтов и шатров,Outdoor Umbrella & Sunshade Fabric
536,689,2918,6751,8020,,,Освітлення для садових парасоль,Светильники для уличных зонтов,Outdoor Umbrella Lights
536,689,2918,6751,499948,,,Набори для облаштування садових парасоль,Москитные сетки для зонтов,Outdoor Umbrella Enclosure Kits
536,689,2918,499907,,,,Тенти,Дверные и оконные навесы,Awnings
536,689,2918,499908,,,,Аксесуари для тентів,Приадлежности для дверных и оконных навесов,Awning Accessories
536,689,2918,499955,,,,Аксесуари для гойдалок на веранді,Принадлежности для садовых качелей,Porch Swing Accessories
536,689,2962,,,,,Садівництво,Товары для садоводства,Gardening
536,689,2962,113,,,,Добрива,Удобрения,Fertilizers
536,689,2962,691,,,,Контроль за хворобами,Средства для борьбы с заболеваниями,Disease Control
536,689,2962,693,,,,Теплиці,Теплицы,Greenhouses
536,689,2962,721,,,,Горщики та вазони,Горшки и кадки,Pots & Planters
536,689,2962,1794,,,,Піски та ґрунти,Песок и почва,Sands & Soils
536,689,2962,1794,543677,,,Пісок,Песок,Sand
536,689,2962,1794,543678,,,Ґрунт,Грунт для рассады,Soil
536,689,2962,2988,,,,Мульча,Перегной,Mulch
536,689,2962,3103,,,,Гербіциди,Гербициды,Herbicides
536,689,2962,3173,,,,Садовий інструмент,Садовые инструменты,Gardening Tools
536,689,2962,3173,1967,,,Розпилювачі для газону та саду,Газонные и садовые распылители,Lawn & Garden Sprayers
536,689,2962,3173,2147,,,Лопати та саперки,Совки и лопаты,Shovels & Spades
536,689,2962,3173,3071,,,Садові вила,Вилы,Gardening Forks
536,689,2962,3173,3388,,,Граблі,Грабли,Rakes
536,689,2962,3173,3616,,,Тачки,Тачки,Wheelbarrows
536,689,2962,3173,3644,,,Садові лопатки,Огородные лопатки,Gardening Trowels
536,689,2962,3173,3828,,,Розкидачі,Разбрасыватели,Spreaders
536,689,2962,3173,3841,,,Обрізувальні ножиці,Секаторы,Pruning Shears
536,689,2962,3173,4000,,,Інструменти для обробки ґрунту,Культиваторы,Cultivating Tools
536,689,2962,3173,6967,,,Обрізувальні пили,Пилы для обрезки сучьев,Pruning Saws
536,689,2962,3173,7537,,,Інструменти для посадки цибулин,Инструменты для посадки луковиц,Bulb Planting Tools
536,689,2962,3173,499922,,,Газонні валики,Газонные катки,Lawn Rollers
536,689,2962,3173,505292,,,Садові серпи та мачете,Садовые серпы и мачете,Gardening Sickles & Machetes
536,689,2962,4085,,,,Компостування,Товары для приготовления компоста,Composting
536,689,2962,4085,690,,,Компост,Компост,Compost
536,689,2962,4085,6436,,,Компостери,Машины для приготовления компоста,Composters
536,689,2962,4085,6840,,,Аератори для компосту,Аэраторы для компоста,Compost Aerators
536,689,2962,5632,,,,Аксесуари для садівництва,Принадлежности для садоводства,Gardening Accessories
536,689,2962,5632,5633,,,Сумки для садівництва,Садовые сумки,Gardening Totes
536,689,2962,5632,7184,,,Садові столи для розсади,Скамейки для горшков,Potting Benches
536,689,2962,5632,503756,,,"Садові скутери, сидіння та колінники","Садовые тележки, скамейки и подставки под колени","Gardening Scooters, Seats & Kneelers"
536,689,2962,6381,,,,Тканина для ландшафтного дизайну,Геотекстиль,Landscape Fabric
536,689,2962,6413,,,,Аксесуари для тканини для ландшафтного дизайну,Принадлежности для геотекстиля,Landscape Fabric Accessories
536,689,2962,6413,6421,,,Стрічка для тканини для ландшафтного дизайну,Клейкая лента для геотекстиля,Landscape Fabric Tape
536,689,2962,6413,6422,,,Скоби та шпильки для тканини для ландшафтного дизайну,Скобы и колышки для геотекстиля,Landscape Fabric Staples & Pins
536,689,2962,6428,,,,Підставки для рослин,Подставки для растений,Plant Stands
536,689,2962,6834,,,,Бочки для дощової води,Бочки для дождевой воды,Rain Barrels
536,689,2962,499894,,,,Підтримки та клітки для рослин,Корзины и опоры для растений,Plant Cages & Supports
536,689,2962,499962,,,,Підкладки для горщиків та вазонів,Вставки для цветочных горшков,Pot & Planter Liners
536,689,2962,500033,,,,Піддони та тарілки для садових горщиків,Поддоны для цветочных горшков,Garden Pot Saucers & Trays
536,689,2962,505326,,,,Аксесуари для садового інструменту,Принадлежности для садовых инструментов,Gardening Tool Accessories
536,689,2962,505326,4972,,,Деталі для тачок,Детали для тачки,Wheelbarrow Parts
536,689,2962,505326,505321,,,Робочі частини садового інструменту,Насадки для садовых инструментов,Gardening Tool Heads
536,689,2962,505326,505322,,,Ручки для садового інструменту,Ручки для садовых инструментов,Gardening Tool Handles
536,689,3568,,,,,Зрошення та ірригація,Оросительные системы,Watering & Irrigation
536,689,3568,2313,,,,Садові шланги,Садовые шланги,Garden Hoses
536,689,3568,3780,,,,Аксесуари для спринклерів,Принадлежности для водораспылителей,Sprinkler Accessories
536,689,3568,3780,1302,,,Керування спринклерами,Блоки управления водораспылителями,Sprinkler Controls
536,689,3568,3780,3491,,,Клапани для спринклерів,Краны распылителей,Sprinkler Valves
536,689,3568,4201,,,,Розпилювачі для садових шлангів,Распылители для садовых шлангов,Garden Hose Spray Nozzles
536,689,3568,4718,,,,Фітинги та клапани для садових шлангів,Фитинги и краны для садовых шлангов,Garden Hose Fittings & Valves
536,689,3568,6318,,,,Лейки,Лейки,Watering Cans
536,689,3568,7561,,,,Спринклери та головки спринклерів,Водораспылители и головки,Sprinklers & Sprinkler Heads
536,689,3568,230912,,,,Кулі та шипи для зрошення,Шарики для полива растений,Watering Globes & Spikes
536,689,3568,505814,,,,Аксесуари для лейки,Принадлежности для леек,Watering Can Accesssories
536,689,3798,,,,,Вуличне енергетичне обладнання,Электрооборудование для садовых работ,Outdoor Power Equipment
536,689,3798,694,,,,Газонокосарки,Газонокосилки,Lawn Mowers
536,689,3798,694,3311,,,Трактори для газону,Садовые тракторы,Riding Mowers
536,689,3798,694,3730,,,Газонокосарки з ручним керуванням,Ручные газонокосилки,Walk-Behind Mowers
536,689,3798,694,6258,,,Травокосарки з тягачем,Газонокосилки-прицепы,Tow-Behind Mowers
536,689,3798,694,6788,,,Роботизовані газонокосарки,Роботы-газонокосилки,Robotic Mowers
536,689,3798,1223,,,,Тримери для бур'яну,Машины для прополки,Weed Trimmers
536,689,3798,1226,,,,Високотискові мийки,Мойки высокого давления,Pressure Washers
536,689,3798,1541,,,,Снігові пухирі,Снегоуборочные машины,Snow Blowers
536,689,3798,2204,,,,Мотокультиватори та культиватори,Мотоблоки и культиваторы,Power Tillers & Cultivators
536,689,3798,2218,,,,Газонні Тримери,Машины для подрезки кромок газонов,Grass Edgers
536,689,3798,3120,,,,Триммери для живоплоту,Машины для подрезки живой изгороди,Hedge Trimmers
536,689,3798,3340,,,,Дмухавки для листя,Садовые воздуходувки,Leaf Blowers
536,689,3798,3610,,,,Бензопили,Цепные пилы,Chainsaws
536,689,3798,5866,,,,Трактори,Тракторы,Tractors
536,689,3798,6789,,,,Газонні пилососи,Садовые пылесосы,Lawn Vacuums
536,689,3798,7245,,,,Набори вуличного енергетичного обладнання,Наборы электрооборудования для садовых работ,Outdoor Power Equipment Sets
536,689,3798,7332,,,,Базові одиниці вуличного енергетичного обладнання,Базовые блоки для электрооборудования для садовых работ,Outdoor Power Equipment Base Units
536,689,3798,500016,,,,Підмітально-прибиральні машини,Подметально-уборочные машины,Power Sweepers
536,689,3798,500034,,,,Аератори та детатчери для газону,Аэраторы и вертикуттеры,Lawn Aerators & Dethatchers
536,689,4564,,,,,Аксесуари для обладнання зовнішнього використання,Принадлежности для электрооборудования для садовых работ,Outdoor Power Equipment Accessories
536,689,4564,4565,,,,Аксесуари для бензопил,Принадлежности для цепных пил,Chainsaw Accessories
536,689,4564,4565,4646,,,Ланцюги для бензопил,Цепи для цепных пил,Chainsaw Chains
536,689,4564,4565,4647,,,Пильні шини для бензопил,Шины для цепных пил,Chainsaw Bars
536,689,4564,4566,,,,Аксесуари для газонокосарок,Принадлежности для газонокосилок,Lawn Mower Accessories
536,689,4564,4566,4641,,,Леза для газонокосарок,Лезвия для газонокосилок,Lawn Mower Blades
536,689,4564,4566,4642,,,Чохли для газонокосарок,Чехлы для газонокосилок,Lawn Mower Covers
536,689,4564,4566,4643,,,Ремені для газонокосарок,Ремни для газонокосилок,Lawn Mower Belts
536,689,4564,4566,4644,,,Ролики та вільні колеса для газонокосарок,Шкивы и направляющие ролики для газонокосилок,Lawn Mower Pulleys & Idlers
536,689,4564,4566,4645,,,Сумки для газонокосарок,Мешки для газонокосилок,Lawn Mower Bags
536,689,4564,4566,6094,,,Колеса для газонокосарок,Колеса для газонокосилок,Lawn Mower Wheels
536,689,4564,4566,6095,,,Шини для газонокосарок,Шины для газонокосилок,Lawn Mower Tires
536,689,4564,4566,6541,,,Газонні граблі,Газоноподметальные машины,Lawn Sweepers
536,689,4564,4566,6542,,,Насадки для косарки-тримера,Насадки для роторных газонокосилок,Brush Mower Attachments
536,689,4564,4566,499872,,,Камери для шин газонокосарок,Камеры для шин газонокосилок,Lawn Mower Tire Tubes
536,689,4564,4566,499921,,,Набори для створення смуг на газоні,Приспособления для создания полос,Lawn Striping Kits
536,689,4564,4566,499923,,,Комплекти для мульчування газонокосарками,Насадки для мульчирования,Lawn Mower Mulch Kits
536,689,4564,4566,499960,,,Заглушки та пластини для мульчування газонокосарками,Заглушки и ножи для мульчирования,Lawn Mower Mulch Plugs & Plates
536,689,4564,4567,,,,Аксесуари для снігових пухирів,Принадлежности для снегоуборочных машин,Snow Blower Accessories
536,689,4564,5867,,,,Запчастини та аксесуари для тракторів,Детали и принадлежности для тракторов,Tractor Parts & Accessories
536,689,4564,5867,499880,,,Шини для тракторів,Шины для тракторов,Tractor Tires
536,689,4564,5867,499881,,,Колеса для тракторів,Колеса для тракторов,Tractor Wheels
536,689,4564,6328,,,,Аксесуари для високотискових мийок,Принадлежности для моек высокого давления,Pressure Washer Accessories
536,689,4564,7168,,,,Аксесуари для дмухавок для листя,Принадлежности для воздуходувок,Leaf Blower Accessories
536,689,4564,7168,7171,,,Труби для дмухавок для листя,Трубы для садовых воздуходувок,Leaf Blower Tubes
536,689,4564,7169,,,,Аксесуари для тримерів,Принадлежности для косилок-триммеров,Weed Trimmer Accessories
536,689,4564,7169,7170,,,Леза та шпулі для тримерів,Лезвия и катушки для косилок-триммеров,Weed Trimmer Blades & Spools
536,689,4564,7169,8034,,,Кришки шпулі для тримерів,Крышки катушек для косилок-триммеров,Weed Trimmer Spool Covers
536,689,4564,7265,,,,Аксесуари для триммера для живоплоту,Принадлежности для шпалерных ножниц,Hedge Trimmer Accessories
536,689,4564,7333,,,,Батареї для вуличного енергетичного обладнання,Аккумуляторы для электрооборудования для уличных работ,Outdoor Power Equipment Batteries
536,689,4564,7563,,,,Аксесуари для газонних тримерів,Принадлежности для машин для подрезки кромок газонов,Grass Edger Accessories
536,689,4564,8485,,,,Багатофункціональні насадки для садової техніки,Насадки для многофункционального электрооборудования для наружных работ,Multifunction Outdoor Power Equipment Attachments
536,689,4564,8485,7334,,,Насадки для триммера для живоплоту,Насадки для шпалерных ножниц,Hedge Trimmer Attachments
536,689,4564,8485,7335,,,Насадки для тримерів,Насадки для косилок-триммеров,Weed Trimmer Attachments
536,689,4564,8485,7564,,,Насадки для газонних тримерів,Насадки для машин для подрезки кромок газонов,Grass Edger Attachments
536,689,4564,8485,8487,,,Насадки для очищення поверхні та видалення листя.,Насадки для садовых воздуходувок,Ground & Leaf Blower Attachments
536,689,4564,8485,8488,,,Насадки для мотоблока та культиватора,Насадки-культиваторы,Tiller & Cultivator Attachments
536,689,4564,8485,8489,,,Насадки-пилки для шеста,Штанговые пилы-насадки,Pole Saw Attachments
536,689,5362,,,,,Видалення снігу,Товары для уборки снега,Snow Removal
536,689,5362,5363,,,,Снігові лопати,Лопаты для уборки снега,Snow Shovels
536,689,5362,5364,,,,Скребки для льоду та снігові щітки,Скребки для льда и щетки для снега,Ice Scrapers & Snow Brushes
536,696,,,,,,Декор,Декоративные элементы,Decor
536,696,9,,,,,Художні твори,Произведения искусства,Artwork
536,696,9,11,,,,Скульптури та статуї,"Статуэтки, скульптуры и статуи",Sculptures & Statues
536,696,9,500044,,,,"Плакати, принти та візуальні твори мистецтва","Плакаты, картины, репродукции и фотографии","Posters, Prints, & Visual Artwork"
536,696,9,500045,,,,Декоративні гобелени,Гобелены,Decorative Tapestries
536,696,572,,,,,Адресні знаки,Адресные знаки и таблички,Address Signs
536,696,573,,,,,Кошики,Корзины,Baskets
536,696,587,,,,,Книжкові упори,Подставки для книг,Bookends
536,696,592,,,,,Домашні аромати,Ароматизаторы для помещений,Home Fragrances
536,696,592,588,,,,Свічки,Свечи,Candles
536,696,592,3686,,,,Ладан,Благовония,Incense
536,696,592,3898,,,,Освіжувачі повітря,Освежители воздуха,Air Fresheners
536,696,592,4740,,,,Потпурі,Ароматические смеси,Potpourri
536,696,592,5847,,,,Ароматичні олії,Ароматические масла,Fragrance Oil
536,696,592,6767,,,,Воскові тарти,Ароматический воск,Wax Tarts
536,696,595,,,,,Дзеркала,Зеркала,Mirrors
536,696,596,,,,,Сезонні та святкові декорації,Праздничные украшения,Seasonal & Holiday Decorations
536,696,596,3144,,,,Святкові прикраси,Ёлочные Игрушки,Holiday Ornaments
536,696,596,5359,,,,Адвент-календарі,Рождественские календари,Advent Calendars
536,696,596,5504,,,,Підкладки для ялинки,Юбки для новогодних елок,Christmas Tree Skirts
536,696,596,5930,,,,Японські традиційні ляльки,Традиционные японские куклы,Japanese Traditional Dolls
536,696,596,5990,,,,Гачки для святкових чоботів,Вешалки для носков с подарками,Holiday Stocking Hangers
536,696,596,5991,,,,Святкові чоботи,Носки для подарков,Holiday Stockings
536,696,596,6531,,,,Набори для різдвяного вертепу,Наборы для рождественских вертепов,Nativity Sets
536,696,596,6532,,,,Стенди та вітрини для святкових прикрас,Стенды для праздничных украшений,Holiday Ornament Displays & Stands
536,696,596,6603,,,,Підставки для ялинки,Подставки для новогодних елок,Christmas Tree Stands
536,696,596,499804,,,,Гачки для святкових прикрас,Крючки для ёлочных игрушек,Holiday Ornament Hooks
536,696,596,499805,,,,Набори для прикрашання пасхальних яєць,Наборы для украшения пасхальных яиц,Easter Egg Decorating Kits
536,696,596,505809,,,,Сезонні набори та аксесуари для декорування села,Праздничные наборы и украшения для сада,Seasonal Village Sets & Accessories
536,696,597,,,,,Фоторамки,Рамки для фотографий и картин,Picture Frames
536,696,598,,,,,Килими,Коврики,Rugs
536,696,599,,,,,Чохли для меблів,Мебельные чехлы,Slipcovers
536,696,602,,,,,Вази,Вазы,Vases
536,696,603,,,,,Оформлення вікон,Оконные драпировки,Window Treatments
536,696,603,2621,,,,Ламбрекени та карнизи для вікон,Балдахины,Window Valances & Cornices
536,696,603,2882,,,,Штори та занавіски,Занавески и портьеры,Curtains & Drapes
536,696,603,2885,,,,Жалюзі та ролети для вікон,Жалюзи,Window Blinds & Shades
536,696,603,4375,,,,Москітні сітки для вікон,Противомоскитные сетки,Window Screens
536,696,603,5989,,,,Віконні плівки,Пленки для окон,Window Films
536,696,603,6492,,,,Вітражні панелі,Витражные панели,Stained Glass Panels
536,696,697,,,,,Купіль для птахів,Поилки для птиц,Bird Baths
536,696,701,,,,,Прапори та вітроміри,Флаги и ветроуказатели,Flags & Windsocks
536,696,702,,,,,Фонтани та ставки,Фонтаны и пруды,Fountains & Ponds
536,696,702,2763,,,,Ставки,Пруды,Ponds
536,696,702,2921,,,,Аксесуари для фонтанів та ставків,Принадлежности для фонтанов и прудов,Fountain & Pond Accessories
536,696,702,6763,,,,Фонтани та водоспади,Фонтаны,Fountains & Waterfalls
536,696,704,,,,,Декоративні та стежкові камені для саду,Камни для садов и дорожек,Garden & Stepping Stones
536,696,706,,,,,Поштові скриньки,Почтовые ящики,Mailboxes
536,696,708,,,,,Декоративні плакетки,Декоративные таблички,Decorative Plaques
536,696,709,,,,,Дощові ланцюги,Дождевые цепи,Rain Chains
536,696,710,,,,,Дощеміри,Дождемеры,Rain Gauges
536,696,711,,,,,Сонячні годинники,Солнечные часы,Sundials
536,696,712,,,,,Погодники та декор для дахів,Флюгеры и украшения для крыш,Weather Vanes & Roof Decor
536,696,714,,,,,Вітрові дзвіночки,Ветряные колокольчики,Wind Chimes
536,696,2334,,,,,Шпалери,Обои,Wallpaper
536,696,2675,,,,,Дверні килимики,Придверные коврики,Door Mats
536,696,2839,,,,,Вітряки та обертові іграшки,Декоративные ветряные колеса,Wind Wheels & Spinners
536,696,3221,,,,,Наклейки для декору дому,Настенные и оконные аппликации,Home Decor Decals
536,696,3262,,,,,Глобуси,Глобусы,World Globes
536,696,3473,,,,,Музичні шкатулки,Музыкальные шкатулки,Music Boxes
536,696,3890,,,,,Годинники,Домашние и офисные часы,Clocks
536,696,3890,3696,,,,Напівпідлогові та підлогові годинники,Напольные часы и часовые шкафы,Floor & Grandfather Clocks
536,696,3890,3840,,,,Настінні годинники,Настенные часы,Wall Clocks
536,696,3890,4546,,,,Будильники,Будильники,Alarm Clocks
536,696,3890,6912,,,,Настільні та поличні годинники,Настольные и каминные часы,Desk & Shelf Clocks
536,696,4233,,,,,Сундуки,Кофры,Trunks
536,696,4295,,,,,Копілки та грошові банки,Копилки,Piggy Banks & Money Jars
536,696,4453,,,,,Подушки для стільців та диванів,Подушки для кресел,Chair & Sofa Cushions
536,696,4454,,,,,Декоративні подушки,Диванные подушки,Throw Pillows
536,696,4456,,,,,Подушки для спинки,Подушки для спины,Backrest Pillows
536,696,4770,,,,,Безпламенні свічки,Беспламенные свечи,Flameless Candles
536,696,5521,,,,,Аксесуари для годівниць для птахів та дикої природи,Принадлежности для кормушек,Bird & Wildlife Feeder Accessories
536,696,5609,,,,,Фігурки,Статуэтки,Figurines
536,696,5708,,,,,Вішалки для пальт та капелюхів,Вешалки для шляп и плащей,Coat & Hat Racks
536,696,5875,,,,,Декоративні тарілки,Декоративные тарелки,Decorative Plates
536,696,5876,,,,,Магніти на холодильник,Магниты на холодильник,Refrigerator Magnets
536,696,5885,,,,,Оригінальні знаки,Знаки и таблички,Novelty Signs
536,696,5922,,,,,Шкатулки для медалей,Застекленные коробки,Shadow Boxes
536,696,6254,,,,,Аксесуари для оформлення вікон,Принадлежности для украшения окон,Window Treatment Accessories
536,696,6254,6255,,,,Затримувачі та китиці для штор,Держатели и кисточки для штор,Curtain Holdbacks & Tassels
536,696,6254,6256,,,,Кільця для штор та занавісок,Кольца для занавесок и портьер,Curtain & Drape Rings
536,696,6254,6257,,,,Карнизи для штор та занавісок,Карнизы для занавесок и портьер,Curtain & Drape Rods
536,696,6254,8042,,,,Запасні частини для оформлення вікон,Детали для украшения окон,Window Treatment Replacement Parts
536,696,6265,,,,,Штучна флора,Искусственная флора,Artificial Flora
536,696,6266,,,,,Штучна їжа,Искусственные пищевые продукты,Artificial Food
536,696,6267,,,,,Вінки та гірлянди,Венки и гирлянды,Wreaths & Garlands
536,696,6317,,,,,Декоративні пляшки,Декоративные бутылки,Decorative Bottles
536,696,6324,,,,,Кільця для серветок,Кольца для салфеток,Napkin Rings
536,696,6333,,,,,Аксесуари для поштових скринь,Принадлежности для почтовых ящиков,Mailbox Accessories
536,696,6333,6334,,,,Стовпи для поштових скринь,Столбы для почтовых ящиков,Mailbox Posts
536,696,6333,7052,,,,Огорожі для поштових скринь,Шкафы для почтовых ящиков,Mailbox Enclosures
536,696,6333,7176,,,,Прапорці для поштових скринь,Флажки для почтовых ящиков,Mailbox Flags
536,696,6333,7177,,,,Чохли для поштових скринь,Крышки для почтовых ящиков,Mailbox Covers
536,696,6333,7339,,,,Замінні дверцята для поштових скринь,Запасные дверцы для почтовых ящиков,Mailbox Replacement Doors
536,696,6424,,,,,Наповнювачі для ваз та декор для столу,Наполнители для ваз и конфетти,Vase Fillers & Table Scatters
536,696,6456,,,,,Декоративні підноси,Декоративные подносы,Decorative Trays
536,696,6457,,,,,Декоративні миски,Декоративные чаши,Decorative Bowls
536,696,6530,,,,,Віконні магніти,Магниты на окна,Window Magnets
536,696,6535,,,,,Снігові кулі,Снежные шары,Snow Globes
536,696,6547,,,,,Декор для газону та садові скульптури,Садовые и газонные украшения,Lawn Ornaments & Garden Sculptures
536,696,6927,,,,,Подушки для пуфів,Подушки для оттоманок,Ottoman Cushions
536,696,6935,,,,,Екосфери,Декоративные экосферы,Ecospheres
536,696,6936,,,,,Сушені квіти,Высушенные цветы,Dried Flowers
536,696,6993,,,,,Годівниці для птахів та дикої природи,Садовые кормушки,Bird & Wildlife Feeders
536,696,6993,698,,,,Годівниці для птахів,Кормушки для птиц,Bird Feeders
536,696,6993,6994,,,,Годівниці для білок,Кормушки для белок,Squirrel Feeders
536,696,6993,6995,,,,Годівниці для метеликів,Кормушки для бабочек,Butterfly Feeders
536,696,7113,,,,,Декоративні банки,Декоративные банки,Decorative Jars
536,696,7172,,,,,Ловці снів,Ловцы снов,Dreamcatchers
536,696,7173,,,,,Сонячні ловці,Ловцы солнца,Suncatchers
536,696,7206,,,,,Декоративні дзвоники,Декоративные колокольчики,Decorative Bells
536,696,7380,,,,,Вирізки з картону,Картонные макеты,Cardboard Cutouts
536,696,7382,,,,,Номери та букви для будинків,Номера и буквы для домов,House Numbers & Letters
536,696,7419,,,,,Аксесуари для прапорів та вітромірів,Принадлежности для флагов и ветроуказателей,Flag & Windsock Accessories
536,696,7419,7420,,,,Світло для прапорів та вітромірів,Освещение для флагов и ветроуказателей,Flag & Windsock Pole Lights
536,696,7419,7421,,,,Палиці для прапорів та вітромірів,Шесты для флагов и ветроуказателей,Flag & Windsock Poles
536,696,7419,503010,,,,Кріплення та набори для прапорів та вітромірів,Оборудование и комплекты для установки флагов и ветроуказателей,Flag & Windsock Pole Mounting Hardware & Kits
536,696,7422,,,,,Фініалі,Декоративные наконечники,Finials
536,696,7436,,,,,Поштові слоти,Прорези для почты,Mail Slots
536,696,230911,,,,,Аксесуари для будиночків для птахів та дикої природи,Принадлежности для скворечников,Bird & Wildlife House Accessories
536,696,499693,,,,,Діаграми росту,Измерители роста детей,Growth Charts
536,696,500078,,,,,Будиночки для птахів та дикої природи,"Скворечники, домики для диких животных и насекомых",Bird & Wildlife Houses
536,696,500078,699,,,,Будиночки для птахів,Скворечники,Birdhouses
536,696,500078,500079,,,,Будинки для летючих мишей,Домики для летучих мышей,Bat Houses
536,696,500078,500080,,,,Будинки для метеликів,Домики для бабочек,Butterfly Houses
536,696,500121,,,,,Аксесуари для домашніх ароматів,Принадлежности для ароматизаторов воздуха,Home Fragrance Accessories
536,696,500121,2784,,,,Підсвічники,Подсвечники,Candle Holders
536,696,500121,4741,,,,Підставки для ладану,Подставки для благовоний,Incense Holders
536,696,500121,6336,,,,Підігрівачі для свічок та масла,Свечи и подогреватели масла,Candle & Oil Warmers
536,696,500121,500122,,,,Заглушки для свічок,Колпачки для тушения свечей,Candle Snuffers
536,696,503000,,,,,Піскові годинники,Песочные часы,Hourglasses
536,696,505827,,,,,Деталі для годинників,Детали для часов,Clock Parts
536,729,,,,,,Басейни та спа,Бассейны и джакузи,Pool & Spa
536,729,2810,,,,,Басейни,Плавательные бассейны,Swimming Pools
536,729,2832,,,,,Аксесуари для басейнів та спа,Принадлежности для бассейнов и джакузи,Pool & Spa Accessories
536,729,2832,2672,,,,Іграшки для басейну,Игрушки для бассейнов,Pool Toys
536,729,2832,2755,,,,Сачки для басейну,Скиммеры для бассейнов,Pool Skimmers
536,729,2832,2860,,,,Надувні матраци та шезлонги для басейну,Надувные матрасы и кресла для бассейнов,Pool Floats & Loungers
536,729,2832,2939,,,,Трампліни для стрибків у воду,Трамплины для прыжков в воду,Diving Boards
536,729,2832,2981,,,,Фільтри для басейнів та спа,Фильтры для бассейнов и джакузи,Pool & Spa Filters
536,729,2832,2994,,,,Накриття для басейнів та підлогові покриття,Защитные чехлы и подложки,Pool Covers & Ground Cloths
536,729,2832,2997,,,,Прибиральні машини та пилососи для басейну,Пылесосы для бассейнов,Pool Sweeps & Vacuums
536,729,2832,3017,,,,Засоби та хімікати для очищення басейну,Устройства и химические средства для чистки бассейнов,Pool Cleaners & Chemicals
536,729,2832,5546,,,,Водні гірки для басейну,Водяные горки для бассейнов,Pool Water Slides
536,729,2832,5654,,,,Нагрівачі для басейну,Нагреватели для бассейнов,Pool Heaters
536,729,2832,6766,,,,"Драбини, сходинки та пандуси для басейну",Лестницы для бассейнов,"Pool Ladders, Steps & Ramps"
536,729,2832,6771,,,,Шланги для очищення басейну,Шланги для чистки бассейнов,Pool Cleaner Hoses
536,729,2832,6996,,,,Щітки та віники для басейну,Щётки для бассейнов,Pool Brushes & Brooms
536,729,2832,7496,,,,Комплекти для терас біля басейну,Наборы настилов для бассейнов,Pool Deck Kits
536,729,2832,500042,,,,Генератори хлору для басейнів та спа,Хлорные генераторы,Pool & Spa Chlorine Generators
536,729,2832,500050,,,,Аксесуари для накриття басейну,Принадлежности для защитных чехлов,Pool Cover Accessories
536,729,2832,503751,,,,Підкладки для басейнів,Материалы для отделки чаши бассейна,Pool Liners
536,729,2832,505815,,,,Комплекти для обслуговування басейнів та спа,Наборы для чистки бассейнов и джакузи,Pool & Spa Maintenance Kits
536,729,2982,,,,,Спа,Джакузи,Spas
536,729,3992,,,,,Сауни,Сауны,Saunas
536,729,543687,,,,,Аксесуари для сауни,Принадлежности для сауны,Sauna Accessories
536,729,543687,543631,,,,Комплекти для сауни,Наборы принадлежностей для сауны,Sauna Kits
536,729,543687,543632,,,,Печі для сауни,Печи для сауны,Sauna Heaters
536,729,543687,543633,,,,Відра та черпаки для сауни,Вёдра и ковши для сауны,Sauna Buckets & Ladles
536,985,,,,,,Рослини,Растения,Plants
536,985,984,,,,,Квіти,Цветы,Flowers
536,985,1684,,,,,Дерева,Деревья,Trees
536,985,2802,,,,,Насіння,Семена,Seeds
536,985,2802,543561,,,,Цибулини рослин та квітів,Луковицы растений и цветов,Plant & Flower Bulbs
536,985,2802,543562,,,,Насіння та стрічка з насінням,Семена и семенные ленты,Seeds & Seed Tape
536,985,5590,,,,,Водні рослини,Водные растения,Aquatic Plants
536,985,6762,,,,,Кімнатні та вуличні рослини,Комнатные и уличные растения,Indoor & Outdoor Plants
536,985,6762,543558,,,,Кімнатні рослини в горщиках,Комнатные растения в горшках,Potted Houseplants
536,985,6762,543559,,,,Кущі та чагарники,Кусты и кустарники,Bushes & Shrubs
536,985,6762,543560,,,,Ландшафтний дизайн та садові рослини,Садовые растения и растения для благоустройства,Landscaping & Garden Plants
536,985,505285,,,,,Набори для вирощування рослин та трав,Наборы для выращивания растений,Plant & Herb Growing Kits
536,1679,,,,,,"Безпека від повеней, пожеж та газу","Средства для защиты от затоплений, пожаров и утечек газа","Flood, Fire & Gas Safety"
536,1679,1306,,,,,Детектори води та повені,Детекторы утечек воды и затопления,Water & Flood Detectors
536,1679,1434,,,,,Вогнегасники,Огнетушители,Fire Extinguishers
536,1679,1639,,,,,Сховища для вогнегасників та пожежного обладнання,"Шкафы, стойки и держатели для огнетушителей",Fire Extinguisher & Equipment Storage
536,1679,1871,,,,,Пожежні сигналізації,Пожарная сигнализация,Fire Alarms
536,1679,1934,,,,,Пожежні спринклери,Пожарные спринклеры,Fire Sprinklers
536,1679,7226,,,,,Панелі управління пожежними сигналізаціями,Панели управления пожарной сигнализацией,Fire Alarm Control Panels
536,1679,7227,,,,,Детектори тепла,Теплодетекторы,Heat Detectors
536,1679,499673,,,,,Детектори диму та вуглецю оксиду,Детекторы дыма и угарного газа,Smoke & Carbon Monoxide Detectors
536,1679,499673,1471,,,,Детектори диму,Детекторы дыма,Smoke Detectors
536,1679,499673,2164,,,,Детектори вуглецевого оксиду,Датчики угарного газа,Carbon Monoxide Detectors
536,2639,,,,,,Дров'яні печі,Дровяные печи,Wood Stoves
536,2862,,,,,,Аксесуари для камінів та дров'яних пічок,Принадлежности для каминов и дровяных печей,Fireplace & Wood Stove Accessories
536,2862,625,,,,,Дрова та паливо,Дрова и топливо,Firewood & Fuel
536,2862,695,,,,,Стелажі та носії для дров,Дровницы,Log Racks & Carriers
536,2862,1530,,,,,Інструменти для камінів,Каминные инструменты,Fireplace Tools
536,2862,2044,,,,,Міхи,Каминные меха,Bellows
536,2862,2365,,,,,Екрани для камінів,Каминные экраны,Fireplace Screens
536,2862,4918,,,,,Вентилятори та дувки для дров'яних печей,Вентиляторы и воздуходувки для дровяной печи,Wood Stove Fans & Blowers
536,2862,6563,,,,,Решітки для камінів та дров'яних пічок,Решётки для каминов и дровяных печей,Fireplace & Wood Stove Grates
536,2862,7029,,,,,Аксесуари для стелажів та носіїв для дров,Принадлежности для поленниц и дровниц,Log Rack & Carrier Accessories
536,2862,7091,,,,,Підкладки для каміна,Подовые плиты,Hearth Pads
536,2862,7109,,,,,Відбивачі для камінів,Рефлекторы для каминов,Fireplace Reflectors
536,2862,7523,,,,,Камінні кочерги,Подставки для дров в камине,Fireplace Andirons
536,2956,,,,,,Аксесуари для освітлення,Принадлежности для освещения,Lighting Accessories
536,2956,3185,,,,,Абажури,Абажуры,Lamp Shades
536,2956,3522,,,,,Таймери для освітлення,Таймеры освещения,Lighting Timers
536,2956,7338,,,,,Основи для ліхтарних стовпів,Основания фонарных столбов,Lamp Post Bases
536,2956,7447,,,,,Кріплення для ліхтарних стовпів,Опоры для фонарных столбов,Lamp Post Mounts
536,2956,505312,,,,,Паливо для нафтових ламп,Топливо для масляной лампы,Oil Lamp Fuel
536,3348,,,,,,Аксесуари для побутової техніки,Принадлежности для бытовых приборов,Household Appliance Accessories
536,3348,618,,,,,Аксесуари для пилососів,Принадлежности для пылесосов,Vacuum Accessories
536,3348,2367,,,,,Аксесуари для кондиціонерів,Принадлежности для кондиционеров,Air Conditioner Accessories
536,3348,2367,3573,,,,Фільтри для кондиціонерів,Фильтры для кондиционеров,Air Conditioner Filters
536,3348,2367,5826,,,,Чохли для кондиціонерів,Чехлы для кондиционеров,Air Conditioner Covers
536,3348,2751,,,,,Аксесуари для водонагрівачів,Принадлежности для водонагревателей,Water Heater Accessories
536,3348,2751,1709,,,,Вентиляційні системи для водонагрівачів,Вытяжные системы водонагревателей,Water Heater Vents
536,3348,2751,1744,,,,Елементи водонагрівачів,Нагревательные элементы для водонагревателей,Water Heater Elements
536,3348,2751,1835,,,,Піддони для водонагрівачів,Поддоны для водонагревателей,Water Heater Pans
536,3348,2751,2175,,,,Баки для гарячої води,Баки для горячей воды,Hot Water Tanks
536,3348,2751,2221,,,,Стакани для водонагрівачів,Дымовые трубы для водонагревателей,Water Heater Stacks
536,3348,2751,2310,,,,Анодні прутки,Анодные стержни,Anode Rods
536,3348,2751,500063,,,,Баки розширення для водонагрівачів,Расширительные баки,Water Heater Expansion Tanks
536,3348,3410,,,,,Аксесуари для очищувачів повітря,Принадлежности для воздухоочистителей,Air Purifier Accessories
536,3348,3410,3667,,,,Фільтри для очищувачів повітря,Фильтры для воздухоочистителей,Air Purifier Filters
536,3348,3456,,,,,Аксесуари для пральних машин,Принадлежности для стирального оборудования,Laundry Appliance Accessories
536,3348,3456,5158,,,,Аксесуари для парових прасок для одягу,Принадлежности для пароочистителей для одежды,Garment Steamer Accessories
536,3348,3456,5159,,,,Аксесуари для праски,Принадлежности для утюгов,Iron Accessories
536,3348,3456,5160,,,,Аксесуари для парових пресів,Принадлежности для гладильных прессов,Steam Press Accessories
536,3348,3456,500085,,,,Аксесуари для пральних та сушильних машин,Принадлежности для стиральных и сушильных машин,Washer & Dryer Accessories
536,3348,3862,,,,,Аксесуари для зволожувачів,Принадлежности для увлажнителей воздуха,Humidifier Accessories
536,3348,3862,3402,,,,Фільтри для зволожувачів,Фильтры для увлажнителей воздуха,Humidifier Filters
536,3348,4548,,,,,Аксесуари для парових пилососів та мийок для підлоги,Принадлежности для пылесосов и пароочистителей,Floor & Steam Cleaner Accessories
536,3348,4650,,,,,Аксесуари для обігрівачів відкритих терас,Принадлежности для уличных обогревателей,Patio Heater Accessories
536,3348,4650,4651,,,,Чохли для обігрівачів відкритих терас,Чехлы для уличных обогревателей,Patio Heater Covers
536,3348,4667,,,,,Аксесуари для зневоднювачів,Принадлежности для осушителей воздуха,Dehumidifier Accessories
536,3348,5089,,,,,Аксесуари для вентиляторів,Принадлежности для вентиляторов,Fan Accessories
536,3348,6773,,,,,Аксесуари для печей та котлів,Принадлежности для топок и котлов,Furnace & Boiler Accessories
536,3348,7110,,,,,Аксесуари для опалювальних радіаторів,Принадлежности для радиаторов отопления,Heating Radiator Accessories
536,3348,7110,7111,,,,Рефлектори для опалювальних радіаторів,Рефлекторы для радиаторов отопления,Heating Radiator Reflectors
536,4171,,,,,,Постільна білизна та текстиль,Постельное бельё,Linens & Bedding
536,4171,569,,,,,Постільна білизна,Постельные принадлежности,Bedding
536,4171,569,1599,,,,Килимки для відпочинку,Коврики для сна,Nap Mats
536,4171,569,1985,,,,Ковдри,Одеяла,Blankets
536,4171,569,2314,,,,Простирадла,Простыни,Bed Sheets
536,4171,569,2541,,,,Покривала для дюймовочок,Пуховые одеяла,Duvet Covers
536,4171,569,2700,,,,Подушки,Подушки,Pillows
536,4171,569,2927,,,,Наволочки та покривала,Наволочки и чехлы для подушек,Pillowcases & Shams
536,4171,569,2974,,,,Спідниці для ліжка,Покрывала,Bedskirts
536,4171,569,4452,,,,Захисні чохли для матраців,Наматрасники,Mattress Protectors
536,4171,569,4452,2991,,,Матрацні підкладки,Толстые наматрасники,Mattress Pads
536,4171,569,4452,4420,,,Наматрацники,Чехлы для матрасов,Mattress Encasements
536,4171,569,505287,,,,Покривала та ковдри,Стёганые и пуховые одеяла,Quilts & Comforters
536,4171,569,505803,,,,Балдахіни для ліжка,Балдахины для кроватей,Bed Canopies
536,4171,601,,,,,Столові скатертини,Столовое бельё,Table Linens
536,4171,601,2547,,,,Підкладки для столового прибору,Сервировочные салфетки,Placemats
536,4171,601,4143,,,,Скатертини,Скатерти,Tablecloths
536,4171,601,4203,,,,Тканинні серветки,Тканевые салфетки,Cloth Napkins
536,4171,601,4343,,,,Ажурні серветки (дойли),Салфетки,Doilies
536,4171,601,6322,,,,Скатертини-фартухи для столу,Юбки для стола,Table Skirts
536,4171,601,6325,,,,Декоративні бігунці для столу,Узкие скатерти для середины стола,Table Runners
536,4171,4077,,,,,Рушники,Полотенца,Towels
536,4171,4077,576,,,,Рушники та ганчірки для ванної,Банные полотенца и махровые мочалки,Bath Towels & Washcloths
536,4171,4077,4126,,,,Пляжні рушники,Пляжные полотенца,Beach Towels
536,4171,4077,4257,,,,Кухонні рушники,Кухонные полотенца,Kitchen Towels
536,4171,505832,,,,,Комплекти кухонного текстилю,Наборы кухонного белья,Kitchen Linens Sets
536,4358,,,,,,Парасольки та дощові парасольки,Зонты,Parasols & Rain Umbrellas
536,5835,,,,,,Підготовка до надзвичайних ситуацій,Готовность к чрезвычайным ситуациям,Emergency Preparedness
536,5835,4490,,,,,Сигналізації землетрусу,Системы оповещения о землетрясениях,Earthquake Alarms
536,5835,4491,,,,,Анкери для меблів,Фиксаторы для мебели,Furniture Anchors
536,5835,5836,,,,,Набори їжі для надзвичайних ситуацій,Наборы продовольствия для чрезвычайных ситуаций,Emergency Food Kits
536,5835,6897,,,,,Термоковдри для надзвичайних ситуацій,Спасательные одеяла,Emergency Blankets
536,5835,7058,,,,,Інструменти та набори для надзвичайних ситуацій,Аварийные инструменты и наборы,Emergency Tools & Kits
536,6173,,,,,,Чохли та футляри для парасольок,Чехлы для зонтов,Umbrella Sleeves & Cases
536,6792,,,,,,Каміни,Камины,Fireplaces
537,,,,,,,Дитячі та товари для малюків,Товары для новорожденных и маленьких детей,Baby & Toddler
537,540,,,,,,Безпека немовлят,Товары для обеспечения безопасности детей,Baby Safety
537,540,541,,,,,Радіоняні,Детские мониторы,Baby Monitors
537,540,542,,,,,Ворота для дітей та домашніх тварин,Калитки для детей и домашних животных,Baby & Pet Gates
537,540,543,,,,,Замки та захисні пристрої для безпеки немовлят,Детские замки и защитные устройства,Baby Safety Locks & Guards
537,540,544,,,,,Безпекові бортики для немовлят,Детские защитные перила,Baby Safety Rails
537,540,5049,,,,,Предмети безпеки для немовлят: ремені та повідки,Детские поводки,Baby Safety Harnesses & Leashes
537,540,6869,,,,,Аксесуари для дитячих та домашніх тварин,Принадлежности для барьеров для детей и домашних животных,Baby & Pet Gate Accessories
537,548,,,,,,Товари для підгузків,Товары для пеленания,Diapering
537,548,550,,,,,Відра для підгузків,Накопители для подгузников,Diaper Pails
537,548,551,,,,,Підгузки,Подгузники,Diapers
537,548,553,,,,,Дитячі вологі серветки,Детские влажные салфетки,Baby Wipes
537,548,2949,,,,,Засоби від опрелості,Присыпки для подгузников,Diaper Rash Treatments
537,548,5628,,,,,Пеленальні килимки та лотки,Матрасы для пеленания,Changing Mats & Trays
537,548,6883,,,,,Органайзери для підгузків,Органайзеры для пеленок,Diaper Organizers
537,548,6949,,,,,Підкладки для підгузків,Пеленки,Diaper Liners
537,548,6971,,,,,Водонепроникні сумки для підгузків,Сумки для мокрых подгузников,Diaper Wet Bags
537,548,7001,,,,,Аксесуари для відра для підгузків,Принадлежности для накопителей для подгузников,Diaper Pail Accessories
537,548,7014,,,,,Набори для підгузків,Наборы подгузников,Diaper Kits
537,548,7200,,,,,Диспенсери та обігрівачі для дитячих вологих серветок,Диспенсеры и нагреватели салфеток для младенцев,Baby Wipe Dispensers & Warmers
537,548,502999,,,,,Чохли для пеленальних килимків та лотків,Коврики для переодевания,Changing Mat & Tray Covers
537,561,,,,,,Годування та догляд,Товары для кормпления детей,Nursing & Feeding
537,561,562,,,,,Їжа для дітей та малюків,Питание для детей и младенцев,Baby & Toddler Food
537,561,562,563,,,,Дитяче молочко (формула),Молочные смеси,Baby Formula
537,561,562,5718,,,,Дитячі напої,Детские соки,Baby Drinks
537,561,562,5719,,,,Дитяче харчування,Детское питание,Baby Food
537,561,562,5720,,,,Прикорм для немовлят,Детские закуски,Baby Snacks
537,561,562,5721,,,,Дитячі каші,Детские хлопья,Baby Cereal
537,561,562,8436,,,,Напої та коктейлі для харчування малюків,Напитки и смеси для детского питания,Toddler Nutrition Drinks & Shakes
537,561,564,,,,,Дитячі пляшечки,Детские бутылки,Baby Bottles
537,561,565,,,,,Молоковідсмоктувачі,Молокоотсосы,Breast Pumps
537,561,2125,,,,,Нагрудники,Детские нагрудники,Bibs
537,561,4768,,,,,Таймери для догляду за немовлятами,Таймеры для ухода за детьми,Baby Care Timers
537,561,5296,,,,,Підігрівачі та стерилізатори для пляшок,Подогреватели и стерилизаторы для бутылочек,Bottle Warmers & Sterilizers
537,561,5298,,,,,Подушки для годування,Подушки для кормления грудных детей,Nursing Pillows
537,561,5629,,,,,Отримувачі,Слюнявчики,Burp Cloths
537,561,5630,,,,,Соски та вкладиші для дитячих пляшечок,Соски и вкладыши для детских бутылочек,Baby Bottle Nipples & Liners
537,561,5630,543636,,,,Соски для дитячих пляшечок,Соски для детских бутылочек,Baby Bottle Nipples
537,561,5630,543637,,,,Вкладиші для дитячих пляшечок,Антиколиковые клапаны для детских бутылочек,Baby Bottle Liners
537,561,5843,,,,,Покривала для годування,Покрывала для кормления грудью,Nursing Covers
537,561,6950,,,,,Пляшечки-непроливайки,Детские кружки-непроливайки,Sippy Cups
537,561,7234,,,,,Контейнери для зберігання материнського молока,Контейнеры для хранения грудного молока,Breast Milk Storage Containers
537,561,8075,,,,,Наволочки для подушок для годування,Наволочки для кормления грудью,Nursing Pillow Covers
537,561,503762,,,,,Прокладки та захисні щитки для годування,Накладки для сосков и вкладыши в бюстгальтеры,Nursing Pads & Shields
537,561,505366,,,,,Аксесуари для молоковідсмоктувачів,Принадлежности для молокоотсосов,Breast Pump Accessories
537,2764,,,,,,Транспорт для немовлят,Средства для перевозки детей,Baby Transport
537,2764,538,,,,,Дитячі рюкзаки-кенгуру,Сумки-кенгуру,Baby Carriers
537,2764,547,,,,,Автокрісла для дітей та малюків,Детские автокресла,Baby & Toddler Car Seats
537,2764,568,,,,,Дитячі візки,Детские коляски,Baby Strollers
537,2847,,,,,,Іграшки та обладнання для активності немовлят,Детские игрушки,Baby Toys & Activity Equipment
537,2847,539,,,,,Дитячі ігрові майданчики,Детские манежи,Play Yards
537,2847,555,,,,,Дитячі гойдалки та стрибунці,Детские кресла-качалки,Baby Bouncers & Rockers
537,2847,560,,,,,Гойдалки та стрибунці для немовлят,Детские прыгунки и качели,Baby Jumpers & Swings
537,2847,1241,,,,,Ходунки та розважальні пристрої для дітей,Ходунки,Baby Walkers & Entertainers
537,2847,1242,,,,,Мобільні іграшки для немовлят,Детские мобили,Baby Mobiles
537,2847,1243,,,,,Ігрові килимки та спортивні комплекси,Детские коврики,Play Mats & Gyms
537,2847,1243,543612,,,,Ігрові килимки,Детские игровые коврики,Play Mats
537,2847,1243,543613,,,,Ігрові спортивні комплекси,Детские развивающие коврики,Play Gyms
537,2847,1244,,,,,Погремушки,Погремушки,Rattles
537,2847,3459,,,,,Іграшки на підтягування та відтягування,Игрушки-каталки,Push & Pull Toys
537,2847,3661,,,,,Іграшки-алфавіти,Игрушки для изучения алфавита,Alphabet Toys
537,2847,3860,,,,,Іграшки для сортування та складання,Моторные детские игрушки,Sorting & Stacking Toys
537,2847,7191,,,,,Аксесуари для мобільних іграшок для немовлят,Принадлежности для детских мобилей,Baby Mobile Accessories
537,2847,7198,,,,,Іграшки для активності немовлят,Развивающие игрушки для младенцев,Baby Activity Toys
537,2847,7360,,,,,Пустушки для немовлят,Соски,Baby Soothers
537,4386,,,,,,Аксесуари для транспорту для немовлят,Принадлежности изделий для перевозки детей,Baby Transport Accessories
537,4386,4387,,,,,Аксесуари для дитячих візків,Принадлежности для детских колясок,Baby Stroller Accessories
537,4386,4486,,,,,Аксесуари для автокрісел для дітей та малюків,Принадлежности для детских автокресел,Baby & Toddler Car Seat Accessories
537,4386,4916,,,,,Аксесуари для дитячих рюкзаків-кенгуру,Принадлежности для рюкзаков-переносок,Baby Carrier Accessories
537,4386,5845,,,,,Чохли для кошика для покупок та високого стільця,Детские сиденья для торговых тележек и стульчиков для кормления,Shopping Cart & High Chair Covers
537,4386,8537,,,,,Підкладки та мішки для дитячого транспорту,Прогулочные пеленки и мешки для детей,Baby Transport Liners & Sacks
537,4678,,,,,,Купання немовлят,Товары для купания детей,Baby Bathing
537,4678,4679,,,,,Ваночки та сидіння для купання немовлят,Детские ванночки и сидения для ванн,Baby Bathtubs & Bath Seats
537,4678,7082,,,,,Душові козирьки,Детские козырьки для душа,Shower Visors
537,5252,,,,,,Здоров'я немовлят,Товары для здоровья младенцев,Baby Health
537,5252,566,,,,,Соски та гризунки,Соски-пустышки и зубные кольца,Pacifiers & Teethers
537,5252,5253,,,,,Назальні аспіратори,Носовые  аспираторы,Nasal Aspirators
537,5252,6290,,,,,Набори для догляду та здоров'я немовлят,Наборы для ухода за детьми,Baby Health & Grooming Kits
537,5252,7016,,,,,Затискачі та тримачі для сосок,Держатели и зажимы для сосок,Pacifier Clips & Holders
537,5252,7309,,,,,Серветки для сосок,Салфетки для сосок,Pacifier Wipes
537,5859,,,,,,Набори подарунків для немовлят,Наборы подарков для младенцев,Baby Gift Sets
537,6899,,,,,,Пелюшки та приймальні покривала,Одеяла для пеленания,Swaddling & Receiving Blankets
537,6899,543664,,,,,Приймальні пледи,Одеяла для новорожденных,Receiving Blankets
537,6899,543665,,,,,Пелюшки,Пеленальные одеяла,Swaddling Blankets
537,6952,,,,,,Навчання до горщика,Товары для приучения к горшку,Potty Training
537,6952,552,,,,,Накладки на унітаз для дітей,Детские горшки,Potty Seats
537,6952,6953,,,,,Набори для навчання до горщика,Наборы для приучения к горшку,Potty Training Kits
632,,,,,,,Фурнітура,Оборудование и технические изделия,Hardware
632,115,,,,,,Будівельні матеріали,Строительные материалы,Building Materials
632,115,119,,,,,Двері,Двери,Doors
632,115,119,4468,,,,Гаражні двері,Двери для гаража,Garage Doors
632,115,119,4634,,,,Двері для дому,Двери для дома,Home Doors
632,115,120,,,,,Скло,Стекло,Glass
632,115,122,,,,,Ізоляція,Изоляция,Insulation
632,115,123,,,,,Матеріали для покрівлі,Материалы для кровли,Roofing
632,115,123,121,,,,Водостоки,Водостоки,Gutters
632,115,123,2008,,,,Елементи гідроізоляції даху,Системы водоотведения для крыш,Roof Flashings
632,115,123,4544,,,,Аксесуари для водостоків,Принадлежности для водостоков,Gutter Accessories
632,115,123,8270,,,,Черепиця та плитки для покрівлі,Кровельный гонт и черепица,Roofing Shingles & Tiles
632,115,124,,,,,Вікна,Окна,Windows
632,115,125,,,,,Дерев'яна планка та листовий матеріал,Древесина,Lumber & Sheet Stock
632,115,2030,,,,,Люки,Люки,Hatches
632,115,2729,,,,,Стільниці,Кухонные столешницы,Countertops
632,115,2826,,,,,Підлога та килими,Напольные покрытия,Flooring & Carpet
632,115,6343,,,,,Дверна фурнітура,Дверная фурнитура,Door Hardware
632,115,6343,1356,,,,Дверні ручки та гачки,Дверные ручки,Door Knobs & Handles
632,115,6343,2665,,,,Дверні упори,Дверные упоры,Door Stops
632,115,6343,2795,,,,Дверні стукачі,Дверные молотки,Door Knockers
632,115,6343,2972,,,,Дверні дзвінки та дзвоники,Дверные звонки,Door Bells & Chimes
632,115,6343,6446,,,,Дверні доводчики,Доводчики,Door Closers
632,115,6343,6458,,,,Засувки для дверей,Электромеханические защелки,Door Strikes
632,115,6343,99338,,,,Накладки на ключові отвори,Накладки на замочные скважины для дверей,Door Keyhole Escutcheons
632,115,6343,499970,,,,Дверні накладки для штовхання,Металлические листы для защиты дверей,Door Push Plates
632,115,6343,503727,,,,Дверні коробки,Дверные рамы,Door Frames
632,115,6943,,,,,Віконні жалюзі,Ставни,Shutters
632,115,7004,,,,,Сходи,Лестничные марши,Staircases
632,115,7053,,,,,Стінові панелі,Панели для стен,Wall Paneling
632,115,7112,,,,,Ліпний декор,Отделочные материалы,Molding
632,115,7136,,,,,Плитка для стін та стелі,Настенная и потолочная плитка,Wall & Ceiling Tile
632,115,7439,,,,,Звукоізоляційні панелі та піна,Звукоизоляционные панели и покрытия,Sound Dampening Panels & Foam
632,115,499772,,,,,Віконна фурнітура,Оконная фурнитура,Window Hardware
632,115,499772,499773,,,,Ручки віконних механізмів,Оконные рукоятки,Window Cranks
632,115,499772,503728,,,,Віконні рами,Оконные рамы,Window Frames
632,115,499949,,,,,Поручні та системи огорожі,Перила и поручни,Handrails & Railing Systems
632,115,503775,,,,,Сайдинг,Сайдинг,Siding
632,115,503776,,,,,Гіпсокартон,Гипсокартон,Drywall
632,115,503777,,,,,Арматура та сітка для армування,Арматура и железная сетка,Rebar & Remesh
632,115,505300,,,,,Матеріали для герметизації та утеплення,Материалы для уплотнения швов и утепления,Weather Stripping & Weatherization Supplies
632,127,,,,,,Електроенергія та електротехнічне обладнання,Товары для систем электроснабжения,Power & Electrical Supplies
632,127,1218,,,,,Генератори,Генераторы,Generators
632,127,1869,,,,,Розетки та гнізда живлення,Разъёмы и розетки электропитания,Power Outlets & Sockets
632,127,2006,,,,,Електромонтажні коробки та кронштейни,Электрические распределительные коробки и кронштейны,Electrical Mount Boxes & Brackets
632,127,2028,,,,,Телефонні та даних роз'єми,"Телефонные, сетевые и мультимедйные розетки",Phone & Data Jacks
632,127,2274,,,,,Коннектори та гайки для дроту,Соединительные изолирующие зажимы,Wire Caps & Nuts
632,127,2345,,,,,Електропроводка та кабелі,Электрические провода и кабели,Electrical Wires & Cable
632,127,2377,,,,,Рамки та кришки для розеток та вимикачів,Рамки и крышки для электрических розеток и выключателей,Wall Plates & Covers
632,127,2413,,,,,Набори для автоматизації дому,Наборы для автоматизации дома,Home Automation Kits
632,127,4709,,,,,Аксесуари для генераторів,Принадлежности для генераторов,Generator Accessories
632,127,4714,,,,,Сонячні панелі,Солнечные панели,Solar Panels
632,127,4715,,,,,Комплекти для використання сонячної енергії,Комплекты солнечного электроснабжения,Solar Energy Kits
632,127,4789,,,,,Подовжувачі,Удлинители,Extension Cords
632,127,5142,,,,,Інвертори живлення,Инверторы,Power Inverters
632,127,5533,,,,,Перетворювачі живлення,Преобразователи питания,Power Converters
632,127,5627,,,,,Кришки для електричних вилок,Колпачки для электрических вилок,Electrical Plug Caps
632,127,6375,,,,,Аксесуари для подовжувачів,Принадлежности для удлинителей,Extension Cord Accessories
632,127,6459,,,,,Електровимикачі,Электровыключатели,Electrical Switches
632,127,6459,1935,,,,Вимикачі світла,Выключатели,Light Switches
632,127,6459,499932,,,,Спеціалізовані електричні вимикачі та реле,Специализированные выключатели,Specialty Electrical Switches & Relays
632,127,6807,,,,,Панелі автоматичних вимикачів,Электрические щиты,Circuit Breaker Panels
632,127,6833,,,,,Керування та датчики для розеток,Таймеры и датчики для электрических розеток,Wall Socket Controls & Sensors
632,127,7183,,,,,Баласты та стартери,Пускорегулирующая аппаратура,Ballasts & Starters
632,127,7275,,,,,Електродвигуни,Электродвигатели,Electrical Motors
632,127,499768,,,,,Труби та корпуси,Кабелепроводы и коробы,Conduit & Housings
632,127,499768,3797,,,,Термоусадочні трубки,Термоусадочные трубки,Heat-Shrink Tubing
632,127,499768,499770,,,,Електротехнічні труби,Кабелепроводы,Electrical Conduit
632,127,499893,,,,,Вугільні щітки,Угольные щётки,Carbon Brushes
632,127,499966,,,,,Входи живлення,Разъемы питания,Power Inlets
632,127,500049,,,,,"Анкери, ротори та статори","Роторы, статоры, якоря","Armatures, Rotors & Stators"
632,127,503729,,,,,Дротяні клеми та з'єднувачі,Зажимы и соединители для проводов,Wire Terminals & Connectors
632,127,505318,,,,,Трансформатори та регулятори напруги,Трансформаторы и регуляторы напряжения,Voltage Transformers & Regulators
632,128,,,,,,Огорожі та бар'єри,Ограждения и барьеры,Fencing & Barriers
632,128,1352,,,,,Стовпчики огорожі,Штакетник для ограждений,Fence Pickets
632,128,1788,,,,,Ворота,Калитки,Gates
632,128,1919,,,,,Стовпи та перила огорожі,Столбы и перекладины для ограждений,Fence Posts & Rails
632,128,499958,,,,,Бар'єри для безпеки та контролю натовпу,Защитные и полицейские заграждения,Safety & Crowd Control Barriers
632,128,502973,,,,,Панелі огорожі,Панели для забора,Fence Panels
632,128,502983,,,,,Аксесуари для огорожі та воріт,Принадлежности для заборов и ворот,Fence & Gate Accessories
632,128,502984,,,,,Решітка,Штакетник,Lattice
632,128,502986,,,,,Садові бордюри та обмежувачі,Заборы и барьеры для сада,Garden Borders & Edging
632,133,,,,,,Сантехніка,Товары для систем водоснабжения и канализации,Plumbing
632,133,1673,,,,,Сантехнічні прилади,Водопроводная арматура,Plumbing Fixtures
632,133,1673,1636,,,,Ванни,Ванны,Bathtubs
632,133,1673,1687,,,,Раковини,Раковины,Sinks
632,133,1673,1687,2757,,,Кухонні та господарські мийки,Кухонные и хозяйственные мойки,Kitchen & Utility Sinks
632,133,1673,1687,2886,,,Умивальники для ванної кімнати,Умывальники,Bathroom Sinks
632,133,1673,2032,,,,Крани,Краны,Faucets
632,133,1673,2062,,,,Унітази та біде,Унитазы и биде,Toilets & Bidets
632,133,1673,2062,1746,,,Пісуари,Писсуары,Urinals
632,133,1673,2062,1921,,,Унітази,Унитазы,Toilets
632,133,1673,2062,2376,,,Біде,Биде,Bidets
632,133,1673,7244,,,,Душові кабіни та набори,Душевые кабины и комплекты для них,Shower Stalls & Kits
632,133,1673,499999,,,,Комплекти для ванної кімнати,Комплекты сантехники для ванной,Bathroom Suites
632,133,1723,,,,,Постачання для колодязів,Оборудование для колодцев и скважин,Well Supplies
632,133,1810,,,,,Сантехнічні фітинги та підтримки,Фитинги и крепления для труб,Plumbing Fittings & Supports
632,133,1810,1694,,,,Сантехнічні фланці,Сантехнические фланцы,Plumbing Flanges
632,133,1810,2068,,,,Сопла,Патрубки,Nozzles
632,133,1810,2359,,,,З'єднувачі для труб,Разъемы для труб,Pipe Connectors
632,133,1810,2466,,,,Сантехнічні вентилі,Водопроводные вентили,Plumbing Valves
632,133,1810,2611,,,,Регулятори для сантехніки,Регулирующая водопроводная арматура,Plumbing Regulators
632,133,1810,2634,,,,Зажими для сантехнічних труб,Хомуты для сантехнических труб,Plumbing Pipe Clamps
632,133,1810,2710,,,,Адаптери та втулки для труб,Переходники и втулки для труб,Pipe Adapters & Bushings
632,133,1810,2909,,,,Кришки та заглушки для труб,Колпачки и заглушки для труб,Pipe Caps & Plugs
632,133,1810,6732,,,,Прокладки та ущільнювачі,Сантехнические прокладки,Gaskets & O-Rings
632,133,1810,499697,,,,Вбудовані носії та монтажні рамки,Скрытые балки и монтажные рамы,In-Wall Carriers & Mounting Frames
632,133,2203,,,,,Набори для ремонту сантехніки,Сантехнические ремонтные комплекты,Plumbing Repair Kits
632,133,2216,,,,,Сантехнічні труби,Водопроводные трубы,Plumbing Pipes
632,133,2243,,,,,Рівнеміри для води,Регуляторы уровня воды,Water Levelers
632,133,2273,,,,,Розподіл та фільтрація води,Оборудование для розлива и фильтрации воды,Water Dispensing & Filtration
632,133,2273,1390,,,,Дистилятори води,Опреснители,Water Distillers
632,133,2273,1952,,,,Знежоржавлювачі води,Умягчители воды,Water Softeners
632,133,2273,2055,,,,Водні фільтри в лінії,Встроенные фильтры для очистки воды,In-Line Water Filters
632,133,2273,2171,,,,Аксесуари для фільтрації води,Принадлежности для фильтрации воды,Water Filtration Accessories
632,133,2273,2171,2063,,,Картриджі для водяних фільтрів,Картриджи фильтров для воды,Water Filter Cartridges
632,133,2273,2171,2406,,,Корпуси для водяних фільтрів,Корпуса фильтров для воды,Water Filter Housings
632,133,2273,2343,,,,Диспенсери для води,Диспенсеры для воды,Water Dispensers
632,133,2273,2343,1354,,,Водяні охолоджувачі,Водоохладители,Water Chillers
632,133,2273,2343,1821,,,Питні фонтани,Питьевые фонтанчики,Drinking Fountains
632,133,2273,5646,,,,Сіль для знежоржавлювачів води,Соль для умягчения воды,Water Softener Salt
632,133,2570,,,,,Сантехнічні шланги та трубопроводи,Сантехнические шланги и трубы,Plumbing Hoses & Supply Lines
632,133,6832,,,,,Таймери для води,Таймеры для воды,Water Timers
632,133,504635,,,,,Арматура та деталі для сантехнічних приладів,Сантехнические принадлежности,Plumbing Fixture Hardware & Parts
632,133,504635,1458,,,,Пластини для кріплення,Плиты для арматуры,Fixture Plates
632,133,504635,1489,,,,Аксесуари для кранів,Принадлежности для водопроводных кранов,Faucet Accessories
632,133,504635,1489,8115,,,Аератори для кранів,Аэраторы для водопроводных кранов,Faucet Aerators
632,133,504635,1489,8116,,,Ручки та регулятори кранів,Ручки для водопроводных кранов,Faucet Handles & Controls
632,133,504635,1963,,,,Аксесуари для раковини,Принадлежности для раковин,Sink Accessories
632,133,504635,1963,2410,,,Ніжки для раковини,Ножки для раковин,Sink Legs
632,133,504635,2206,,,,Деталі для душу,Детали для душа,Shower Parts
632,133,504635,2206,581,,,Душові насадки,Насадки для душа,Shower Heads
632,133,504635,2206,1779,,,Двері та огорожі для душу,Двери и перегородки для душа,Shower Doors & Enclosures
632,133,504635,2206,2088,,,Душові стовпи,Панели для душа,Shower Columns
632,133,504635,2206,4728,,,Піддони для душу,Поддоны для душа,Shower Bases
632,133,504635,2206,5048,,,Фільтри для душової води,Фильтры для душа,Shower Water Filters
632,133,504635,2206,7130,,,Душові стінки та обрамлення,Перегородки и стены для душа,Shower Walls & Surrounds
632,133,504635,2206,8277,,,Електричні та потужні душі,Души с электроподогревом и повышением напора воды,Electric & Power Showers
632,133,504635,2206,8320,,,Гідромасажні дюзи для ванни та душу,Души и ванны с гидромассажем,Bathtub & Shower Jets
632,133,504635,2206,504638,,,Руки душу та з'єднувачі,Держатели и смесители для душа,Shower Arms & Connectors
632,133,504635,2691,,,,Аксесуари для туалету та біде,Принадлежности для унитазов и биде,Toilet & Bidet Accessories
632,133,504635,2691,1425,,,Плаваючі кран-бойки та клапани,Шаровые краны и затворы,Ballcocks & Flappers
632,133,504635,2691,1865,,,Сидіння для туалету та біде,Сиденья для унитазов и биде,Toilet & Bidet Seats
632,133,504635,2691,2478,,,Декор для унітазів,Принадлежности для унитазов,Toilet Trim
632,133,504635,2691,2817,,,Ручки бачка туалету,Рычаги сливных бачков,Toilet Tank Levers
632,133,504635,2691,5665,,,Бачки для унітазів,Смывные бачки,Toilet Tanks
632,133,504635,2691,5666,,,Накладки на бачок туалету,Крышки для смывных бачков,Toilet Tank Covers
632,133,504635,2691,7358,,,Накладки на сидіння туалету,Покрытия для сидений для унитазов,Toilet Seat Covers
632,133,504635,2691,7446,,,Накладки на кришки сидіння туалету,Покрытия для крышки унитаза,Toilet Seat Lid Covers
632,133,504635,2691,504634,,,Крани та душі для біде,Краны и распылители для биде,Bidet Faucets & Sprayers
632,133,504635,2996,,,,Аксесуари для ванни,Принадлежности для ванн,Bathtub Accessories
632,133,504635,2996,2463,,,Насадки для ванни,Сливы для ванн,Bathtub Spouts
632,133,504635,2996,5508,,,Облицювання для ванни,Юбки для ванн,Bathtub Skirts
632,133,504635,2996,505368,,,Основи та ніжки для ванни,Каркасы и ножки для ванн,Bathtub Bases & Feet
632,133,504635,504636,,,,Дренажі,Стоки,Drains
632,133,504635,504637,,,,Компоненти дренажу,Принадлежности для стоков,Drain Components
632,133,504635,504637,1319,,,Сифони для сантехніки,Сантехнические трапы,Plumbing Traps
632,133,504635,504637,1407,,,Дренажні прутки,Дреноочистители,Drain Rods
632,133,504635,504637,1514,,,Рамки дренажу,Канализационные системы,Drain Frames
632,133,504635,504637,1932,,,Засоби для відкриття дренажу,Канализационные отводы,Drain Openers
632,133,504635,504637,2170,,,Сантехнічні відходи,Сточный водопровод,Plumbing Wastes
632,133,504635,504637,2257,,,Вкладиші для дренажу,Канализационные трубы,Drain Liners
632,133,504635,504637,2851,,,Кришки та сита для дренажу,Сантехнические заглушки и фильтры,Drain Covers & Strainers
632,1167,,,,,,Інструменти,Инструменты,Tools
632,1167,126,,,,,Візки та ручні візки,Ручные тележки,Dollies & Hand Trucks
632,1167,130,,,,,Сходи та риштування,Лестницы и строительные леса,Ladders & Scaffolding
632,1167,130,635,,,,Складні сходи,Табуреты-стремянки,Step Stools
632,1167,130,1809,,,,Робочі платформи,Рабочие помосты,Work Platforms
632,1167,130,1866,,,,Риштування,Строительные леса,Scaffolding
632,1167,130,2416,,,,Тележки зі сходами,Передвижные стремянки,Ladder Carts
632,1167,130,6928,,,,Драбини,Лестницы,Ladders
632,1167,338,,,,,Ліхтарики та налобні ліхтари,Фонари,Flashlights & Headlamps
632,1167,338,2454,,,,Чоловіки,Налобные фонари,Headlamps
632,1167,338,543689,,,,Ліхтарики,Фонарики,Flashlights
632,1167,1169,,,,,Ковадла,Наковальни,Anvils
632,1167,1171,,,,,Сокири,Топоры,Axes
632,1167,1174,,,,,Різці та долота для різьблення,Инструменты для резьбы,Carving Chisels & Gouges
632,1167,1179,,,,,Ломи,Монтировки,Pry Bars
632,1167,1180,,,,,Ножі,Режущие инструменты,Cutters
632,1167,1180,1181,,,,Болтові ножиці,Болторезы,Bolt Cutters
632,1167,1180,1182,,,,Різаки для скла,Стеклорезы,Glass Cutters
632,1167,1180,1454,,,,Ручні ножиці та ніблери для металу,Ручные ножницы и вырубные машины по металлу,Handheld Metal Shears & Nibblers
632,1167,1180,1824,,,,Ножиці для арматури,Пруткорезы,Rebar Cutters
632,1167,1180,2080,,,,Різаки для труб,Труборезы,Pipe Cutters
632,1167,1180,2411,,,,Універсальні ножі,Универсальные ножи,Utility Knives
632,1167,1180,2726,,,,Різаки для плитки та шиферу,Станки для резки плитки и черепицы,Tile & Shingle Cutters
632,1167,1180,7562,,,,Кусачки,Бокорезы,Nippers
632,1167,1184,,,,,Різці та матриці,Метчики,Taps & Dies
632,1167,1185,,,,,Рукоятки,Зажимы,Grips
632,1167,1186,,,,,Молотки,Молотки,Hammers
632,1167,1186,2208,,,,Ручні молотки,Ручные молотки,Manual Hammers
632,1167,1186,505364,,,,Електромолоти,Механические молотки,Powered Hammers
632,1167,1187,,,,,Літаки,Рубанки,Planes
632,1167,1188,,,,,Полірувальні машини,Шлифовальные станки,Sanders
632,1167,1193,,,,,Інструменти для каменю,Инструменты для каменной кладки,Masonry Tools
632,1167,1193,1450,,,,Шпатель для швів у камені,Расшивки,Masonry Jointers
632,1167,1193,1555,,,,Будівельні лінії,Конструктивная арматура,Construction Lines
632,1167,1193,1668,,,,Інструменти для роботи з цеглою,Инструменты для кирпичной кладки,Brick Tools
632,1167,1193,1799,,,,Кромкодержатели та фрези для каменю,Шлифовальные машины,Masonry Edgers & Groovers
632,1167,1193,2181,,,,Мулярні лопатки,Кельмы,Masonry Trowels
632,1167,1193,2305,,,,Бетономішалки,Бетономешалки,Cement Mixers
632,1167,1193,2337,,,,Поплавки,Мастерки,Floats
632,1167,1193,4132,,,,Затиральні машини,Затирочные машины,Power Trowels
632,1167,1193,7484,,,,Губки для шпаклівки,Губки для раствора,Grout Sponges
632,1167,1194,,,,,Витягувачі цвяхів,Гвоздодёры,Nail Pullers
632,1167,1195,,,,,Викрутки для гайок,Гайковерты,Socket Drivers
632,1167,1196,,,,,Інструменти для підбирання,Захватные устройства,Pickup Tools
632,1167,1201,,,,,Тримачі для пили,Козлы для пилки дров,Saw Horses
632,1167,1202,,,,,Шпателі та скребки,Штапели и скребки,Putty Knives & Scrapers
632,1167,1203,,,,,Викрутки,Отвертки,Screwdrivers
632,1167,1206,,,,,Степлери та цвяхоколи,Гвоздезабивные устройства и степлеры,Nailers & Staplers
632,1167,1215,,,,,Інструменти для герметизації,Инструменты для заделки швов,Caulking Tools
632,1167,1217,,,,,Дрелі,Дрели,Drills
632,1167,1217,1216,,,,Свердловочні преси,Сверлильные станки,Drill Presses
632,1167,1217,1367,,,,Бури,Буры,Augers
632,1167,1217,1465,,,,Станки для свердління отворів,Долбежные станки,Mortisers
632,1167,1217,1994,,,,Пневматичні бури,Пневматические дрели,Pneumatic Drills
632,1167,1217,2629,,,,Ручні електробури,Ручные электрические дрели,Handheld Power Drills
632,1167,1219,,,,,Шліфувальні машини,Точильные камни,Grinders
632,1167,1220,,,,,Теплові пістолети,Строительные фены,Heat Guns
632,1167,1221,,,,,Ударні гайковерти та водії,Ударные гайковерты и отвертки,Impact Wrenches & Drivers
632,1167,1225,,,,,Полірувальні машини та бафери,Инструменты для шлифовки и полировки,Polishers & Buffers
632,1167,1235,,,,,Пили,Пилы,Saws
632,1167,1235,3224,,,,Ручні циркулярні пили,Ручные циркулярные пилы,Handheld Circular Saws
632,1167,1235,3494,,,,Сабельні пили,Сабельные пилы,Reciprocating Saws
632,1167,1235,3516,,,,Відрізні пили,Концерезные пилы,Cut-Off Saws
632,1167,1235,3517,,,,Торцові пили,Зуборезные пилы,Miter Saws
632,1167,1235,3582,,,,Стрічкові пили,Ленточные пилы,Band Saws
632,1167,1235,3594,,,,Ручні пили,Ручные пилы,Hand Saws
632,1167,1235,3706,,,,Столові пили,Отрезные станки со столом,Table Saws
632,1167,1235,3725,,,,Лобзики,Лобзики,Jigsaws
632,1167,1235,4633,,,,Лобзикові верстати,Ажурные пилы,Scroll Saws
632,1167,1235,7077,,,,Пилки для каменю та плитки,Пилы для резки кирпичей и плиток,Masonry & Tile Saws
632,1167,1235,499985,,,,Панельні пили,Форматно-обрезные станки,Panel Saws
632,1167,1236,,,,,Паяльники,Паяльники,Soldering Irons
632,1167,1238,,,,,Зварювальні пістолети та плазмові різаки,Сварочные горелки,Welding Guns & Plasma Cutters
632,1167,1305,,,,,Вимірювальні інструменти та датчики,Измерительные инструменты и датчики,Measuring Tools & Sensors
632,1167,1305,1191,,,,Рівні,Строительные уровни,Levels
632,1167,1305,1191,4081,,,Водяні рівні,Пузырьковые уровни,Bubble Levels
632,1167,1305,1191,4294,,,Оптичні рівні,Нивелиры,Sight Levels
632,1167,1305,1191,4931,,,Лазерні рівні,Лазерные строительные уровни,Laser Levels
632,1167,1305,1198,,,,Транспортири,Угломеры,Protractors
632,1167,1305,1205,,,,Квадрати,Угольники,Squares
632,1167,1305,1207,,,,Детектори прихованої проводки та металу,Детекторы неоднородностей,Stud Sensors
632,1167,1305,1374,,,,Метеостанції та прогнозувачі погоди,Устройства для прогноза погоды,Weather Forecasters & Stations
632,1167,1305,1413,,,,Прямі краї,Поверочные линейки,Straight Edges
632,1167,1305,1459,,,,Вимірювальні колеса,Мерные ролики,Measuring Wheels
632,1167,1305,1533,,,,Вудилища для круїзного риболовлі,Мерные вилки,Cruising Rods
632,1167,1305,1539,,,,Локатори арматури,Локаторы арматуры,Rebar Locators
632,1167,1305,1640,,,,Розхідоміри та контролери потоку,Контроллеры и измерители расхода,Flow Meters & Controllers
632,1167,1305,1698,,,,Ваги,Весы,Measuring Scales
632,1167,1305,1732,,,,Манометри,Измерительные приборы,Gauges
632,1167,1305,1785,,,,Датчики та виявники,Зонды и локаторы,Probes & Finders
632,1167,1305,1850,,,,Розподілювачі,Измерительные циркули,Dividers
632,1167,1305,1991,,,,Газові детектори,Устройства для обнаружения газа,Gas Detectors
632,1167,1305,2021,,,,Лінійки,Линейки,Rulers
632,1167,1305,2093,,,,Термопари та термопіли,Термоэлементы,Thermocouples & Thermopiles
632,1167,1305,2192,,,,Штангенциркулі,Штангенциркули,Calipers
632,1167,1305,2330,,,,Направляючі для ножів,Правила для ножей,Knife Guides
632,1167,1305,2481,,,,Рулетки,Мерные ленты,Tape Measures
632,1167,1305,3602,,,,Барометри,Барометры,Barometers
632,1167,1305,4022,,,,Альтиметри,Высотомеры,Altimeters
632,1167,1305,4074,,,,pH-метри,pH-метры,pH Meters
632,1167,1305,4340,,,,Теодоліти,Теодолиты,Theodolites
632,1167,1305,4506,,,,Інфрачервоні термометри,Инфракрасные термометры,Infrared Thermometers
632,1167,1305,4754,,,,Гігрометри,Гигрометры,Hygrometers
632,1167,1305,4755,,,,Вологоміри,Влагомеры,Moisture Meters
632,1167,1305,4756,,,,Сейсмометр,Сейсмометры,Seismometer
632,1167,1305,4757,,,,Звукоміри,Измерители интенсивности шума,Sound Meters
632,1167,1305,4758,,,,Метри UV світла,Измерители ультрафиолетового света,UV Light Meters
632,1167,1305,4759,,,,Віброметри,Виброметры,Vibration Meters
632,1167,1305,5371,,,,Дозиметри,Счетчики Гейгера,Geiger Counters
632,1167,1305,5487,,,,Дальноміри,Измерители расстояния,Distance Meters
632,1167,1305,5515,,,,Прилади для вимірювання якості повітря,Датчики качества воздуха,Air Quality Meters
632,1167,1305,6799,,,,Термовізійні камери,Тепловизоры,Thermal Imaging Cameras
632,1167,1305,7394,,,,Перетворювачі,Измерительные преобразователи,Transducers
632,1167,1305,500058,,,,Анемометри,Анемометры,Anemometers
632,1167,1305,503737,,,,Інструменти для тестування електрики,Электроизмерительные приборы,Electrical Testing Tools
632,1167,1391,,,,,Знежалювачі,Инструменты для снятия заусенцев,Deburrers
632,1167,1439,,,,,Ключі для інструментів,Прямые Т-образные ключи,Tool Keys
632,1167,1469,,,,,Ручні інструменти для дроту та кабелю,Инструменты для кабеля и проволоки,Wire & Cable Hand Tools
632,1167,1563,,,,,Вантузи,Вантузы,Plungers
632,1167,1584,,,,,Різьбонарізні машини,Резьбонарезные станки,Threading Machines
632,1167,1603,,,,,Змінювачі лампочок,Устройства для замены лампочек,Light Bulb Changers
632,1167,1632,,,,,Гайкові ключі,Гаечные ключи,Wrenches
632,1167,1644,,,,,Точила,Точила,Sharpeners
632,1167,1663,,,,,Токарні верстати,Токарные станки,Lathes
632,1167,1667,,,,,Згиначі для труб та прутів,Устройства для гибки труб и арматуры,Pipe & Bar Benders
632,1167,1787,,,,,Регулювачі кранів,Инструменты для притирки кранов,Tap Reseaters
632,1167,1819,,,,,Розширювачі,Расширители,Reamers
632,1167,1832,,,,,Інструменти для маркування,Инструменты для разметки,Marking Tools
632,1167,1841,,,,,Інструменти для фрезерування,Инструменты для фрезеровки,Routing Tools
632,1167,1862,,,,,Щітки для труб,Щётки для чистки трубопроводов,Pipe Brushes
632,1167,1923,,,,,Формувальники,Инструменты для формообработки,Shapers
632,1167,1958,,,,,Плоскогубці,Плоскогубцы,Pliers
632,1167,2015,,,,,Компресори,Компрессоры,Compressors
632,1167,2053,,,,,Чистильники для труб та трубок,Устройства для чистки труб,Pipe & Tube Cleaners
632,1167,2077,,,,,Інструменти для фарбування,Малярные инструменты,Paint Tools
632,1167,2077,1300,,,,Пензлі для фарбування,Малярные кисти,Paint Brushes
632,1167,2077,1699,,,,Губки для фарбування,Малярные губки,Paint Sponges
632,1167,2077,1774,,,,Валики для фарбування,Малярные валики,Paint Rollers
632,1167,2077,2465,,,,Розпилювачі для фарби,Краскопульты,Paint Sprayers
632,1167,2077,2486,,,,Аерографи,Аэрографы,Airbrushes
632,1167,2077,6556,,,,Краєвики для фарбування,Угловые кисти,Paint Edgers
632,1167,2077,6557,,,,Палітри для фарби,Поддоны для краски,Paint Trays
632,1167,2077,499888,,,,Машинки для змішування фарби,Шейкеры для краски,Paint Shakers
632,1167,2077,505325,,,,Сита для фарби,Фильтры для краски,Paint Strainers
632,1167,2198,,,,,Ножі для інструментів,Технические ножи,Tool Knives
632,1167,2456,,,,,Промислові вібратори,Промышленные вибраторы,Industrial Vibrators
632,1167,2792,,,,,Щітки для чищення димарів,Щётки для чистки дымоходов,Chimney Brushes
632,1167,2835,,,,,Затискачі та тиски для інструментів,Тиски и струбцины,Tool Clamps & Vises
632,1167,3501,,,,,Бурі для свердління отворів,Буры для установки столбов,Post Hole Diggers
632,1167,3745,,,,,Шліфувальні інструменти,Напильники,Tool Files
632,1167,3932,,,,,Мотики та кайли,Мотыги и кирки,Mattocks & Pickaxes
632,1167,4325,,,,,Компактори,Уплотнители,Compactors
632,1167,4419,,,,,Блоки для шліфування,Шлифовальные колодки,Sanding Blocks
632,1167,4672,,,,,Мітла для бетону,Щётки для бетона,Concrete Brooms
632,1167,4919,,,,,Набори інструментів,Наборы инструментов,Tool Sets
632,1167,4919,4716,,,,Набори електроінструментів,Наборы электрических инструментов,Power Tool Combo Sets
632,1167,4919,6965,,,,Набори ручного інструменту,Наборы ручных инструментов,Hand Tool Sets
632,1167,5077,,,,,Фрезерні верстати,Фрезерные станки,Milling Machines
632,1167,5587,,,,,Багатофункціональний електроінструмент,Многофункциональные электрические инструменты,Multifunction Power Tools
632,1167,5592,,,,,Робочі ліхтарі,Рабочее освещение,Work Lights
632,1167,5828,,,,,Дренажі для масляних фільтрів,Сливы для масляных фильтров,Oil Filter Drains
632,1167,5873,,,,,Магнітні щітки,Подъёмные магниты,Magnetic Sweepers
632,1167,5927,,,,,Ручні ліхтарі для роботи,Горелки,Hardware Torches
632,1167,6461,,,,,Лінійка-прокладка для електриків,Протяжная проволока для электриков,Electrician Fish Tape
632,1167,6868,,,,,Рубанки,Строгальные станки,Planers
632,1167,6938,,,,,Абразивні обприскувачі,Пескоструйные аппараты,Abrasive Blasters
632,1167,7030,,,,,Розщеплювачі дров,Дровоколы,Log Splitters
632,1167,7064,,,,,Інструменти для заклепування,Клепальные инструменты,Riveting Tools
632,1167,7064,7065,,,,Заклепочники,Клепальные молотки,Rivet Guns
632,1167,7064,7066,,,,Плоскогубці для заклепок,Клепальные щипцы,Rivet Pliers
632,1167,7271,,,,,Столярні струги,Плотницкие расшивки,Carpentry Jointers
632,1167,7416,,,,,Дзеркала для інспекції,Зеркала для осмотра,Inspection Mirrors
632,1167,7556,,,,,Пушки для смазки,Смазочные пистолеты,Grease Guns
632,1167,499887,,,,,Ручні електроміксери,Ручные электрические мешалки,Handheld Power Mixers
632,1167,503774,,,,,Запальнички та сірники,Зажигалки и спички,Lighters & Matches
632,1167,505315,,,,,Пробивачі та шила,Шила и пробойники,Punches & Awls
632,1910,,,,,,Резервуари для зберігання,Емкости для хранения,Storage Tanks
632,1974,,,,,,Замки та ключі,Замки и ключи,Locks & Keys
632,1974,1870,,,,,Системи входу за допомогою карток-ключів,Системы доступа с картой-ключом,Key Card Entry Systems
632,1974,6488,,,,,Сировинні ключі,Заготовки для ключей,Key Blanks
632,1974,8067,,,,,Клавішні ковпачки,Накладки для ключей,Key Caps
632,1974,503730,,,,,Замки та защіпки,Замки и защёлки,Locks & Latches
632,2878,,,,,,Аксесуари для фурнітури,Строительные расходные материалы,Hardware Accessories
632,2878,1318,,,,,Котушки,Катушки,Coils
632,2878,1771,,,,,Петлі,Шарниры,Hinges
632,2878,1816,,,,,Фільтри та екрани,Фильтры и экраны,Filters & Screens
632,2878,1979,,,,,Покривальні тканини,Пылезащитные чехлы,Drop Cloths
632,2878,3974,,,,,Зберігання та організація інструментів,Товары для хранения инструментов,Tool Storage & Organization
632,2878,3974,2485,,,,Ремені для інструментів та обладнання,Пояса для инструментов,Tool & Equipment Belts
632,2878,3974,3280,,,,Шафи та скрині для інструментів,Шкафы для инструментов,Tool Cabinets & Chests
632,2878,3974,3919,,,,Робочі верстаки,Верстаки,Work Benches
632,2878,3974,3980,,,,Ящики для інструментів,Ящики для инструментов,Tool Boxes
632,2878,3974,4031,,,,Піхви для інструментів,Футляры для инструментов,Tool Sheaths
632,2878,3974,4199,,,,Складські пристрої для садових шлангів,Катушки для садовых шлангов,Garden Hose Storage
632,2878,3974,6876,,,,Сумки для інструментів,Сумки для инструментов,Tool Bags
632,2878,3974,500103,,,,Вкладиші та вставки для органайзерів інструментів,Подложки и держатели для инструментов,Tool Organizer Liners & Inserts
632,2878,4696,,,,,Фурнітура для шаф,Оборудование для шкафов,Cabinet Hardware
632,2878,4696,4697,,,,Задні панелі шаф,Задние щитки для шкафов,Cabinet Backplates
632,2878,4696,4698,,,,Замки для шаф,Защелки для шкафов,Cabinet Catches
632,2878,4696,4699,,,,Двері для шаф,Двери для шкафов,Cabinet Doors
632,2878,4696,4700,,,,Ручки та важілі для шаф,Рукоятки и ручки для шкафов,Cabinet Knobs & Handles
632,2878,4696,232167,,,,Накладки на ключові отвори для меблів та шаф,Накладки на замочные скважины для мебели,Cabinet & Furniture Keyhole Escutcheons
632,2878,4988,,,,,Брезент,Брезент,Tarps
632,2878,6769,,,,,Пневматичні шланги,Пневматические шланги,Pneumatic Hoses
632,2878,6770,,,,,Шланги для смазування,Смазочные шланги,Lubrication Hoses
632,2878,6841,,,,,Газові шланги,Шланги для подводки газа,Gas Hoses
632,2878,7086,,,,,Форми для бетону,Формы для бетона,Concrete Molds
632,2878,7092,,,,,Кронштейни та армувальні скоби,Кронштейны,Brackets & Reinforcement Braces
632,2878,7270,,,,,Штифти та стрижні для шкантів,Установочные шипы и штыри,Dowel Pins & Rods
632,2878,7557,,,,,Сигнальні та попереджувальні стрічки,Маркировочная и предупредительная лента,Flagging & Caution Tape
632,2878,8112,,,,,Земляні штири,Земляные колышки,Ground Spikes
632,2878,8113,,,,,Основи для стовпів,Опорные плиты для столбов,Post Base Plates
632,2878,8470,,,,,Направляючі для шухляд,Направляющие для выдвижных ящиков,Drawer Slides
632,2878,499933,,,,,Пружини,Пружины,Springs
632,2878,499981,,,,,Коліщатка,Колесики,Casters
632,2878,500030,,,,,Ковдри та покривала для переїзду та звукоізоляції,Чехлы для мебели и аппаратуры,Moving & Soundproofing Blankets & Covers
632,2878,500054,,,,,Кріплення для фурнітури,Крепежные изделия,Hardware Fasteners
632,2878,500054,1508,,,,Дюбелі для гіпсокартону,Дюбели для гипсокартона,Drywall Anchors
632,2878,500054,1739,,,,Гайки та болти,Гайки и болты,Nuts & Bolts
632,2878,500054,2195,,,,Шайби,Мойки,Washers
632,2878,500054,2230,,,,Пости для гвинтів,Винты-стяжки,Screw Posts
632,2878,500054,2251,,,,Гвинти,Винты,Screws
632,2878,500054,2408,,,,Цвяхи,Гвозди,Nails
632,2878,500054,7062,,,,Заклепки,Заклепки,Rivets
632,2878,500054,500055,,,,Різьбові стрижні,Резьбовые шпильки,Threaded Rods
632,2878,502977,,,,,"Ланцюги, дріт та мотузки","Цепи, верёвки и канаты","Chain, Wire & Rope"
632,2878,502977,1492,,,,Ланцюги,Цепи,Chains
632,2878,502977,3053,,,,Мотузки та троси,Канаты,Ropes & Hardware Cable
632,2878,502977,4469,,,,Ланцюги з ручкою,Тяговые цепи,Pull Chains
632,2878,502977,5119,,,,Шпагат,Бечёвка,Twine
632,2878,502977,6297,,,,Стяжні ремені,Фиксирующие ремни,Tie Down Straps
632,2878,502977,6298,,,,Еластичні мотузки,Амортизирующие тросы,Bungee Cords
632,2878,502977,6904,,,,Універсальний дріт,Хозяйственная проволока,Utility Wire
632,2878,503731,,,,,Форми для лиття металу,Формы для отливки металла,Metal Casting Molds
632,2878,503773,,,,,"Гачки, пряжки та замки","Крючки, скобы и зажимы","Hooks, Buckles & Fasteners"
632,2878,503773,502978,,,,Стяжки для ременів,Многоразовые скрутки,Gear Ties
632,2878,503773,502992,,,,Універсальні пряжки,Скобы,Utility Buckles
632,2878,503773,503764,,,,З'єднувачі та ланки для ланцюгів,Планки и звенья цепей,Chain Connectors & Links
632,2878,503773,503770,,,,"Гачки, затискачі та канатні затискачі для підйому","Подъёмные крюки, зажимы и хомуты","Lifting Hooks, Clamps & Shackles"
632,2878,505320,,,,,Стінові домкрати та опори,Опоры для стен,Wall Jacks & Braces
632,3650,,,,,,Аксесуари для інструментів,Принадлежности для инструментов,Tool Accessories
632,3650,2174,,,,,Леза інструментів,Лезвия для инструментов,Tool Blades
632,3650,2174,2202,,,,Полотна для пили,Пильное полотно,Saw Blades
632,3650,2174,505831,,,,Леза для ножів та скребків,Лезвия для скребков и ножей,Cutter & Scraper Blades
632,3650,2380,,,,,Промислові степлерні скоби,Строительные скобы,Industrial Staples
632,3650,2447,,,,,Аксесуари для ліхтариків,Принадлежности для фонарей,Flashlight Accessories
632,3650,3281,,,,,Аксесуари для паяльника,Принадлежности для паяльника,Soldering Iron Accessories
632,3650,3281,3609,,,,Насадки для паяльника,Наконечники для паяльников,Soldering Iron Tips
632,3650,3281,3629,,,,Стійки для паяльника,Подставки для паяльников,Soldering Iron Stands
632,3650,3470,,,,,Аксесуари для коригувального білизни,Принадлежности для формообработки,Shaper Accessories
632,3650,3470,3210,,,,Фрези для формування,Фрезы,Shaper Cutters
632,3650,3744,,,,,Аксесуари для роутерів,Принадлежности для фрезерования,Router Accessories
632,3650,3744,3300,,,,Столи для роутерів,Фрезерные столы,Router Tables
632,3650,3744,3673,,,,Фрези для роутерів,Фасонные фрезы,Router Bits
632,3650,3944,,,,,Аксесуари для дрелей та викруток,Принадлежности для сверления,Drill & Screwdriver Accessories
632,3650,3944,1540,,,,Бури та біти для дрелей та викруток,Свёрла,Drill & Screwdriver Bits
632,3650,3944,6378,,,,Заточувачі для бурів,Точило для сверл,Drill Bit Sharpeners
632,3650,3944,6806,,,,Ножовки для отворів,Кольцевые пилы,Hole Saws
632,3650,3944,7140,,,,Продовжувачі для бурів,Удлинения сверла,Drill Bit Extensions
632,3650,3944,8275,,,,Станини та направляючі для дрелей,Сверлильные стойки и направляющие,Drill Stands & Guides
632,3650,3944,8276,,,,Патрони для дрелей,Сверлильные патроны,Drill Chucks
632,3650,4487,,,,,Аксесуари для шліфування,Принадлежности для шлифовки,Sanding Accessories
632,3650,4487,3240,,,,Шліфпапір та шліфувальні губки,Наждачная бумага и шлифовальные губки,Sandpaper & Sanding Sponges
632,3650,4658,,,,,Стенди для інструментів,Стеллажи для инструментов,Tool Stands
632,3650,4658,4659,,,,Станини для пили,Подставки для пил,Saw Stands
632,3650,5526,,,,,Аксесуари для вимірювальних інструментів та датчиків,Принадлежности для измерительных инструментов и датчиков,Measuring Tool & Sensor Accessories
632,3650,5526,5556,,,,Аксесуари для газових детекторів,Принадлежности для газоанализаторов,Gas Detector Accessories
632,3650,5526,5557,,,,Аксесуари для інструментів для тестування електрики,Принадлежности для электроизмерительных приборов,Electrical Testing Tool Accessories
632,3650,5526,7415,,,,Аксесуари для мультиметрів,Принадлежности для мультиметров,Multimeter Accessories
632,3650,5526,503007,,,,Аксесуари для ваг,Принадлежности для весов,Measuring Scale Accessories
632,3650,5571,,,,,Торцеві головки,Подставки для инструментов,Tool Sockets
632,3650,6292,,,,,Зарядні пристрої для електроінструментів,Зарядные устройства для электроинструментов,Power Tool Chargers
632,3650,6295,,,,,Акумулятори для електроінструментів,Батареи для электроинструментов,Power Tool Batteries
632,3650,6471,,,,,Аксесуари для водіїв,Принадлежности для гайковертов,Driver Accessories
632,3650,6549,,,,,Аксесуари для пили,Принадлежности для пил,Saw Accessories
632,3650,6549,6501,,,,Аксесуари для столової пили,Принадлежности для циркулярных станков,Table Saw Accessories
632,3650,6549,6503,,,,Аксесуари для торцових пил,Принадлежности для торцовочных пил,Miter Saw Accessories
632,3650,6549,7345,,,,Аксесуари для ручних циркулярних пил,Принадлежности для ручных циркулярных пил,Handheld Circular Saw Accessories
632,3650,6549,7346,,,,Аксесуари для лобзика,Принадлежности для струбцин,Jigsaw Accessories
632,3650,6549,7515,,,,Аксесуари для стрічкових пил,Принадлежности для ленточных пил,Band Saw Accessories
632,3650,6907,,,,,Шаблони,Струбцины,Jigs
632,3650,6939,,,,,Аксесуари для абразивного обприскувача,Принадлежности для пескоструйных аппаратов,Abrasive Blaster Accessories
632,3650,6939,6940,,,,Шафи для абразивної очистки,Шкафы для пескоструйных аппаратов,Sandblasting Cabinets
632,3650,7019,,,,,Аксесуари для інструментів для фарбування,Принадлежности для малярных инструментов,Paint Tool Accessories
632,3650,7019,6887,,,,Аксесуари для аерографів,Принадлежности для краскопультов,Airbrush Accessories
632,3650,7019,7020,,,,Аксесуари для валиків для фарбування,Принадлежности для малярных валиков,Paint Roller Accessories
632,3650,7019,328062,,,,Засоби для чищення пензлів,Растворы для очистки малярных кистей,Paint Brush Cleaning Solutions
632,3650,7056,,,,,Аксесуари для молотків,Принадлежности для молотков,Hammer Accessories
632,3650,7056,7055,,,,Ручки для молотків,Рукоятки для молотков,Hammer Handles
632,3650,7056,7057,,,,Головки молотків,Бойки для молотков,Hammer Heads
632,3650,7056,7087,,,,Аксесуари для повітряних молотків,Принадлежности для пневматических молотков,Air Hammer Accessories
632,3650,7326,,,,,Аксесуари для сокир,Принадлежности для топоров,Axe Accessories
632,3650,7326,7369,,,,Головки сокир,Головки топоров,Axe Heads
632,3650,7326,7370,,,,Рукоятки для сокир,Топорища,Axe Handles
632,3650,7472,,,,,Магнітні та демагнітні пристрої,Намагничивающие и размагничивающие устройства,Magnetizers & Demagnetizers
632,3650,8117,,,,,Аксесуари для ножів,Принадлежности для резаков,Cutter Accessories
632,3650,8117,8118,,,,Матриці для ніблерів,Пуансоны и матрицы для вырубных ножниц,Nibbler Dies
632,3650,8258,,,,,Безпекові троси для інструментів,Стропы для инструментов,Tool Safety Tethers
632,3650,499859,,,,,Аксесуари для шліфувальних машин,Принадлежности для шлифовальных машин,Grinder Accessories
632,3650,499859,499860,,,,Шліфувальні круги та точила,Шлифовальные диски и насадки,Grinding Wheels & Points
632,3650,499886,,,,,Лопатки для змішування,Мешалки,Mixing Tool Paddles
632,3650,499947,,,,,Аксесуари для зварювання,Принадлежности для сварки,Welding Accessories
632,3650,505323,,,,,Аксесуари для мотики та кайлів,Принадлежности для кирок и мотыг,Mattock & Pickaxe Accessories
632,3650,505323,505324,,,,Рукоятки для мотики та кайлів,Рукоятки для кирок и мотыг,Mattock & Pickaxe Handles
632,3650,505810,,,,,Клини для ручок інструментів,Клинья для рукояток инструментов,Tool Handle Wedges
632,3650,505812,,,,,Клинові інструменти,Клинообразные инструменты,Wedge Tools
632,499873,,,,,,"Опалення, вентиляція та кондиціонування","Товары для отопления, вентиляции и кондиционирования воздуха","Heating, Ventilation & Air Conditioning"
632,499873,1519,,,,,"Керування системами опалення, вентиляції та кондиціонування",Устройства управления системами ОВКВ,HVAC Controls
632,499873,1519,1897,,,,Термостати,Термостаты,Thermostats
632,499873,1519,2238,,,,Панелі керування,Панели управления,Control Panels
632,499873,1519,500043,,,,Гігростати,Регуляторы влажности воздуха,Humidistats
632,499873,2766,,,,,Вентиляційні отвори та димарі,Вентиляция и воздуховоды,Vents & Flues
632,499873,499874,,,,,Вентиляційні канали,Воздуховоды,Air Ducts
632,499873,500090,,,,,Сушарки для повітря та фільтрів,Осушители фильтра,Air & Filter Dryers
632,499982,,,,,,Малі двигуни,Двигатели малого объема,Small Engines
632,500096,,,,,,Насоси для фурнітури,Насосы,Hardware Pumps
632,500096,500097,,,,,"Насоси для спринклерних,бустерних та зрошувальних систем",Насосы для дождевателей и оросительной техники,"Sprinkler, Booster & Irrigation System Pumps"
632,500096,500098,,,,,"Насоси для басейну, фонтану та ставка","Насосы для бассейнов, фонтанов и прудов","Pool, Fountain & Pond Pumps"
632,500096,500099,,,,,Насоси для домашніх приладів,Насосы для бытовой техники,Home Appliance Pumps
632,500096,500100,,,,,Насоси та системи для колодязів,Колодезные насосы и системы,Well Pumps & Systems
632,500096,500101,,,,,Універсальні насоси,Перекачивающие насосы,Utility Pumps
632,500096,500102,,,,,"Насоси для стічних вод, каналізації та дренажу",Насосы для откачки сточных вод,"Sump, Sewage & Effluent Pumps"
632,502975,,,,,,Паливні контейнери та баки,Контейнеры для топлива,Fuel Containers & Tanks
632,503739,,,,,,Будівельні витратні матеріали,Расходные строительные материалы,Building Consumables
632,503739,1753,,,,,Смазки,Смазки,Lubricants
632,503739,1995,,,,,Припій і флюс,Припой и флюс,Solder & Flux
632,503739,2212,,,,,Стрічка для фурнітури,Аппаратные ленты,Hardware Tape
632,503739,2277,,,,,Хімікати,Химические вещества,Chemicals
632,503739,2277,1479,,,,Засоби для чищення димарів,Средства для чистки дымоходов,Chimney Cleaners
632,503739,2277,1735,,,,Нейтралізатори кислоти,Нейтрализаторы кислот,Acid Neutralizers
632,503739,2277,1749,,,,Засоби для чистки дренажу,Средства для чистки канализационных систем,Drain Cleaners
632,503739,2277,6191,,,,Обігрівачі,Антиобледенители,De-icers
632,503739,2277,6795,,,,Аміак,Аммиак,Ammonia
632,503739,2277,7470,,,,Обробка септичних баків та вигрібних ям,Средства для чистки септических резервуаров и выгребных ям,Septic Tank & Cesspool Treatments
632,503739,2277,7503,,,,Засоби для чистки терас та огорож,Средства для чистки заборов и настилов,Deck & Fence Cleaners
632,503739,2277,7504,,,,Засоби для чищення бетону та кладки,Средства для чистки бетона и кладки,Concrete & Masonry Cleaners
632,503739,2277,500088,,,,Рідина для запальничок,Жидкости для розжига,Lighter Fluid
632,503739,2277,505319,,,,Електричні спреї для заморожування,Спреи для охлаждения электрических компонентов,Electrical Freeze Sprays
632,503739,503740,,,,,Матеріали для живопису,Расходные материалы для покраски,Painting Consumables
632,503739,503740,1361,,,,Фарби,Краска,Paint
632,503739,503740,1648,,,,Плями,Морилки,Stains
632,503739,503740,2058,,,,Грунтовки,Грунты,Primers
632,503739,503740,2474,,,,Біндери для фарб,Связующие вещества для краски,Paint Binders
632,503739,503740,503738,,,,Лаки та фінішні покриття,Отделочные покрытия,Varnishes & Finishes
632,503739,503741,,,,,"Розчинники, відновники та розріджувачі",Растворители и разжижители,"Solvents, Strippers & Thinners"
632,503739,503742,,,,,Клей та адгезиви для фурнітури,Клеи и адгезивы,Hardware Glue & Adhesives
632,503739,503743,,,,,Витратні матеріали для каменю,Расходные материалы для каменной кладки,Masonry Consumables
632,503739,503743,2282,,,,"Цемент, розчин та бетонні суміші",Цемент,"Cement, Mortar & Concrete Mixes"
632,503739,503743,3031,,,,Цегла та бетонні блоки,"Кирпичи, камень и бетон",Bricks & Concrete Blocks
632,503739,503743,499876,,,,Шпаклівка,Жидкий строительный раствор,Grout
632,503739,503744,,,,,Захисні покриття та герметики,Защитные и герметизирующие покрытия,Protective Coatings & Sealants
632,503739,505305,,,,,Грунтовка для сантехніки,Средства для первичной обработки труб,Plumbing Primer
632,503739,505802,,,,,Шпаклівка та гіпс для ремонту стін,Составы для ремонта стен и гипс,Wall Patching Compounds & Plaster
632,543575,,,,,,Паливо,Топливо,Fuel
632,543575,543576,,,,,Керосин,Керосин,Kerosene
632,543575,543576,543578,,,,Фарбований керосин,Окрашенный керосин,Dyed Kerosene
632,543575,543576,543579,,,,Прозорий керосин,Очищенный керосин,Clear Kerosene
632,543575,543577,,,,,Пропан,Пропан,Propane
632,543575,543703,,,,,Паливна олія для опалення дому,Топливо для отопления дома,Home Heating Oil
772,,,,,,,Для дорослих,Товары для взрослых,Mature
772,773,,,,,,Еротика,Эротика,Erotic
772,773,774,,,,,Еротичний одяг,Эротическая одежда,Erotic Clothing
772,773,776,,,,,Еротичні DVD та відео,Эротика на DVD и видео,Erotic DVDs & Videos
772,773,778,,,,,Секс-іграшки,Секс-игрушки,Sex Toys
772,773,779,,,,,Еротичні книги,Эротические книги,Erotic Books
772,773,4060,,,,,Еротичні журнали,Эротические журналы,Erotic Magazines
772,773,5055,,,,,Еротичні продукти та їстівні товари,Эротическая пища,Erotic Food & Edibles
772,773,6040,,,,,Еротичні ігри,Эротические игры,Erotic Games
772,773,6536,,,,,Набори для танців на пілоні,Наборы для танцев на пилоне,Pole Dancing Kits
772,780,,,,,,Зброя,Оружие,Weapons
772,780,726,,,,,Газові балончики та перцевий спрей,Газовые баллончики,Mace & Pepper Spray
772,780,727,,,,,Електрошокери та тазери,Электрошокеры и тазеры,Stun Guns & Tasers
772,780,782,,,,,Вогнепальна зброя,Огнестрельное оружие,Guns
772,780,2214,,,,,Догляд за зброєю та аксесуари,Принадлежности для огнестрельного оружия и средства для ухода за ним,Gun Care & Accessories
772,780,2214,781,,,,Боєприпаси,Патроны,Ammunition
772,780,2214,1783,,,,Піхви для зброї,Кобуры для огнестрельного оружия,Gun Holsters
772,780,2214,1806,,,,Рукоятки зброї,Рукоятки для огнестрельного оружия,Gun Grips
772,780,2214,1822,,,,Направляючі для зброї,Направляющие для огнестрельного оружия,Gun Rails
772,780,2214,5067,,,,Ліхтарики для зброї,Целеуказатели для ружья,Gun Lights
772,780,2214,499853,,,,Ремені для зброї,Ремни для огнестрельного оружия,Gun Slings
772,780,2214,500048,,,,Кейси та сумки для зброї,"Чехлы, кейсы и сумки для оружия",Gun Cases & Range Bags
772,780,2214,503021,,,,Чищення зброї,Принадлежности для чистки огнестрельного оружия,Gun Cleaning
772,780,2214,503021,499854,,,Розчинники для чищення зброї,Растворители для чистки огнестрельного оружия,Gun Cleaning Solvents
772,780,2214,503021,499855,,,Ганчірки та тампони для чищення зброї,Ветошь для чистки огнестрельного оружия,Gun Cleaning Cloths & Swabs
772,780,2214,503021,499856,,,Патчі для чищення зброї,Тампоны для чистки огнестрельного оружия,Gun Cleaning Patches
772,780,2214,503026,,,,Прилади та обладнання для перезарядки,Оборудование и материалы для перезарядки патронов,Reloading Supplies & Equipment
772,780,2214,503026,499857,,,Преси для перезаряджання боєприпасів,Станки для перезарядки патронов,Ammunition Reloading Presses
772,780,2214,505762,,,,Кейси та тримачі для боєприпасів,Кейсы и держатели для патронов,Ammunition Cases & Holders
772,780,3092,,,,,Нунчаки,Нунчаки,Nunchucks
772,780,3437,,,,,Кнути,Плетки,Whips
772,780,3666,,,,,Мечі,Мечи,Swords
772,780,3694,,,,,Метальні зірки,Метательные звездочки,Throwing Stars
772,780,3833,,,,,Кастети,Кастеты,Brass Knuckles
772,780,3924,,,,,Посохи та паличкова зброя,Дубинки и палки,Staff & Stick Weapons
772,780,6109,,,,,Бойові ножі,Боевые ножи,Combat Knives
772,780,7175,,,,,Списи,Копья,Spears
772,780,7567,,,,,Булави та дубинки,Дубинки,Clubs & Batons
783,,,,,,,Медіа,Средства информации,Media
783,784,,,,,,Книги,Книги,Books
783,784,543541,,,,,Аудіокниги,Аудиокниги,Audiobooks
783,784,543542,,,,,Електронні книги,Книги в цифровом формате,E-books
783,784,543543,,,,,Друковані книги,Печатные книги,Print Books
783,839,,,,,,DVD та відео,DVD и видео,DVDs & Videos
783,839,543527,,,,,DVD з фільмами та телепрограмами,Фильмы и телешоу на DVD,Film & Television DVDs
783,839,543528,,,,,Відеокасети VHS з фільмами та телепрограмами,Фильмы и телешоу на видеокассетах,Film & Television VHS Tapes
783,839,543529,,,,,Цифрові завантаження фільмів та телепрограм,Скачиваемые фильмы и телешоу,Film & Television Digital Downloads
783,855,,,,,,Музичні та звукові записи,Музыкальные товары и звукозаписи,Music & Sound Recordings
783,855,543522,,,,,Музичні CD,Музыкальные компакт-диски,Music CDs
783,855,543523,,,,,Платівки та LP,Записи и долгоиграющие пластинки,Records & LPs
783,855,543524,,,,,Музичні касети,Аудиокассеты,Music Cassette Tapes
783,855,543525,,,,,Аудіозаписи розмовного жанру та полеві записи,Записи озвученного текста и полевые записи,Spoken Word & Field Recordings
783,855,543526,,,,,Завантаження цифрової музики,Скачиваемая музыка,Digital Music Downloads
783,886,,,,,,Журнали та газети,Журналы и газеты,Magazines & Newspapers
783,886,543539,,,,,Журнали,Журналы,Magazines
783,886,543540,,,,,Газети,Газеты,Newspapers
783,887,,,,,,Ноти,Ноты,Sheet Music
783,5037,,,,,,Інструкції до товарів,Пособия и руководства,Product Manuals
783,5037,5038,,,,,Інструкції до електроніки,Руководства по эксплуатации электроники,Electronics Manuals
783,5037,5039,,,,,Інструкції до побутових приладів,Руководства по эксплуатации бытовых электроприборов,Household Appliance Manuals
783,5037,5040,,,,,Інструкції до кухонної техніки,Руководства по эксплуатации кухонного оборудования,Kitchen Appliance Manuals
783,5037,5041,,,,,Сервісні інструкції для автомобілів,Руководства по обслуживанию автомобилей,Vehicle Service Manuals
783,5037,5860,,,,,Інструкції до моделей та іграшок,Руководства к приборам и игрушкам,Model & Toys Manuals
783,5037,5861,,,,,Інструкції до обладнання для фітнесу та тренувань,Руководства для тренажеров и оборудования для фитнеса,Exercise & Fitness Equipment Manuals
783,5037,7516,,,,,Посібники з експлуатації електроінструментів та обладнання,Руководства для электрических инструментов и оборудования,Power Tool & Equipment Manuals
783,5037,499821,,,,,Інструкції до камер та оптики,Руководства для фотоаппаратов и оптических устройств,Camera & Optics Manuals
783,5037,499866,,,,,Інструкції до канцелярських товарів,Руководства для офисного оборудования,Office Supply Manuals
783,499995,,,,,,Плани столярних та деревообробних проектів,Столярные чертежи,Carpentry & Woodworking Project Plans
888,,,,,,,Транспортні засоби та запчастини,Транспортные средства и запчасти,Vehicles & Parts
888,5613,,,,,,Запчастини та аксесуари для автомобілів,Автомобильные детали и принадлежности,Vehicle Parts & Accessories
888,5613,899,,,,,Деталі автомобіля,Автомобильные запчасти,Motor Vehicle Parts
888,5613,899,908,,,,Вихлопні системи автомобілів,Автомобильные выхлопные системы,Motor Vehicle Exhaust
888,5613,899,2534,,,,Деталі та аксесуари для автомобільних вікон,Детали и принадлежности для окон автомобилей,Motor Vehicle Window Parts & Accessories
888,5613,899,2550,,,,Циркуляція моторної оливи в автомобілі,Автомобильные системы циркуляции масла,Motor Vehicle Engine Oil Circulation
888,5613,899,2641,,,,Деталі трансмісії та трансмісійного механізму автомобіля,Детали автомобильной трансмиссии,Motor Vehicle Transmission & Drivetrain Parts
888,5613,899,2642,,,,Дзеркала автомобіля,Автомобильные зеркала,Motor Vehicle Mirrors
888,5613,899,2727,,,,Паливні системи автомобілів,Автомобильные топливные системы,Motor Vehicle Fuel Systems
888,5613,899,2805,,,,Клімат-контроль автомобіля,Автомобильные системы климат-контроля,Motor Vehicle Climate Control
888,5613,899,2820,,,,Деталі двигуна автомобіля,Детали автомобильных двигателей,Motor Vehicle Engine Parts
888,5613,899,2935,,,,Деталі підвіски автомобіля,Детали автомобильной подвески,Motor Vehicle Suspension Parts
888,5613,899,2977,,,,Гальмівна система автомобіля,Тормозные системы для автомобилей,Motor Vehicle Braking
888,5613,899,3020,,,,Системи коліс автомобіля,Автомобильные колёсные системы,Motor Vehicle Wheel Systems
888,5613,899,3020,911,,,Шини для транспортних засобів,Шины для автомобилей,Motor Vehicle Tires
888,5613,899,3020,911,6091,,Мотоциклетні шини,Шины для мотоциклов,Motorcycle Tires
888,5613,899,3020,911,6093,,Автомобільні шини,Автомобильные шины,Automotive Tires
888,5613,899,3020,911,7252,,Шини для бездоріжжевих та повнопривідних транспортних засобів,Шины для мотовездеходов ATV и UTV,Off-Road and All-Terrain Vehicle Tires
888,5613,899,3020,2556,,,Деталі коліс автомобіля,Детали для автомобильных колёс,Motor Vehicle Wheel Parts
888,5613,899,3020,2932,,,Диски та колеса автомобіля,Автомобильные колёса и диски,Motor Vehicle Rims & Wheels
888,5613,899,3020,2932,6088,,Ободи та колеса для мотоциклів,Диски и колёса для мотоциклов,Motorcycle Rims & Wheels
888,5613,899,3020,2932,6090,,Автомобільні диски та колеса,Диски и колёса для автомобилей,Automotive Rims & Wheels
888,5613,899,3020,2932,7253,,Диски та колеса для бездоріжжевих та повнопривідних транспортних засобів,Диски и колеса для мотовездеходов ATV и UTV,Off-Road and All-Terrain Vehicle Rims & Wheels
888,5613,899,3020,2989,,,Аксесуари для автомобільних шин,Принадлежности для автомобильных шин,Motor Vehicle Tire Accessories
888,5613,899,3318,,,,Освітлення автомобіля,Автомобильная светотехника,Motor Vehicle Lighting
888,5613,899,8137,,,,Двигуни автомобілів,Автомобильные двигатели,Motor Vehicle Engines
888,5613,899,8227,,,,Рама та кузовні деталі автомобіля,Детали автомобильных рам и корпусов,Motor Vehicle Frame & Body Parts
888,5613,899,8228,,,,Буксирування автомобілів,Средства для буксировки автомобилей,Motor Vehicle Towing
888,5613,899,8231,,,,Електричні та енергетичні системи автомобіля,Автомобильные силовые и электрические системы,Motor Vehicle Power & Electrical Systems
888,5613,899,8232,,,,Автомобільний килим та оббивка,Автомобильные коврики и обивка салона,Motor Vehicle Carpet & Upholstery
888,5613,899,8233,,,,Внутрішнє обладнання автомобіля,Фурнитура для салонов автомобилей,Motor Vehicle Interior Fittings
888,5613,899,8234,,,,Датчики та прилади автомобіля,Автомобильные датчики и приборы,Motor Vehicle Sensors & Gauges
888,5613,899,8235,,,,Керування автомобілем,Автомобильные средства управления,Motor Vehicle Controls
888,5613,899,8238,,,,Сидіння автомобіля,Автомобильные кресла и сиденья,Motor Vehicle Seating
888,5613,913,,,,,"Обслуговування, догляд та декор автомобілів",Товары для обслуживания автомобилей и ухода за ними,"Vehicle Maintenance, Care & Decor"
888,5613,913,2495,,,,Декор для автомобілів,Декор для автомобилей,Vehicle Decor
888,5613,913,2495,2248,,,Автомобільні номерні знаки,Номерные знаки,Vehicle License Plates
888,5613,913,2495,2582,,,Аксесуари для автомобільної приладової панелі,Принадлежности для приборной панели,Vehicle Dashboard Accessories
888,5613,913,2495,2588,,,Кульки на автомобільну антену,Шарики на антенны,Vehicle Antenna Balls
888,5613,913,2495,2652,,,Прапори для відображення на автомобілях,Флаги для автомобилей,Vehicle Display Flags
888,5613,913,2495,2667,,,Наклейки на бампер,Наклейки на бамперы,Bumper Stickers
888,5613,913,2495,2722,,,Декали для автомобілів,Наборы для пинстрайпа,Vehicle Decals
888,5613,913,2495,2789,,,Освіжувачі повітря для автомобілів,Освежители воздуха для автомобилей,Vehicle Air Fresheners
888,5613,913,2495,5994,,,Рамки для автомобільних номерних знаків,Рамки для номерных знаков,Vehicle License Plate Frames
888,5613,913,2495,5995,,,Емблеми автомобілів та прикраси капоту,Автомобильные эмблемы и фигурки для капота,Vehicle Emblems & Hood Ornaments
888,5613,913,2495,7022,,,Кришки для автомобільних номерних знаків,Чехлы для номерных знаков,Vehicle License Plate Covers
888,5613,913,2495,7532,,,Автомобільні магніти,Автомобильные магниты,Vehicle Magnets
888,5613,913,2495,8142,,,Ручки перемикача передач автомобіля,Рукоятки автомобильных рычагов переключения передач,Vehicle Shift Knobs
888,5613,913,2495,8145,,,Кришки автомобільних важелів,Крышки для автомобильных сцепных устройств,Vehicle Hitch Covers
888,5613,913,2495,8202,,,Плівка для оклейки транспортних засобів,Декоративная оклейка автомобилей,Vehicle Wraps
888,5613,913,2495,8298,,,Кріплення та тримачі для автомобільних номерних знаків,Кронштейны и держатели автомобильных номерных знаков,Vehicle License Plate Mounts & Holders
888,5613,913,2495,8463,,,Манжети перемикача передач автомобіля,Чехлы автомобильных рычагов переключения передач,Vehicle Shift Boots
888,5613,913,2495,8464,,,Чохли для керма автомобіля,Оплетки для автомобильных рулевых колес,Vehicle Steering Wheel Covers
888,5613,913,2495,8469,,,Набори аксесуарів для декору автомобілів,Наборы принадлежностей для внутренней отделки салонов автомобилей,Vehicle Decor Accessory Sets
888,5613,913,2495,8478,,,Прикраси на дзеркало заднього виду автомобіля,Украшения для автомобильных зеркал заднего вида,Vehicle Rear View Mirror Ornaments
888,5613,913,2788,,,,Автомобільні рідини,Автомобильные жидкости,Vehicle Fluids
888,5613,913,2788,2513,,,Рідина для гідропідсилювача керма автомобіля,Жидкость усилителя рулевого механизма,Vehicle Power Steering Fluid
888,5613,913,2788,2517,,,Додатки до системи охолодження автомобілів,Присадки для системы охлаждения,Vehicle Cooling System Additives
888,5613,913,2788,2635,,,Антифриз для автомобілів,Антифриз,Vehicle Antifreeze
888,5613,913,2788,2688,,,Трансмісійна рідина для автомобіля,Жидкость коробки передач,Vehicle Transmission Fluid
888,5613,913,2788,2719,,,Засоби для очищення паливної системи автомобілів,Очистители топливной системы,Vehicle Fuel System Cleaners
888,5613,913,2788,2735,,,Автомобільні смазки,Трансмиссионное масло,Vehicle Greases
888,5613,913,2788,2770,,,Додатки для підвищення продуктивності автомобіля,Добавки для автомобилей,Vehicle Performance Additives
888,5613,913,2788,2881,,,Засоби для видалення жиру з двигунів автомобілів,Обезжириватели двигателя,Vehicle Engine Degreasers
888,5613,913,2788,2916,,,Гідравлічна рідина для зчеплення автомобілів,Жидкость гидромуфты,Vehicle Hydraulic Clutch Fluid
888,5613,913,2788,2943,,,Рідина для скломийки транспортних засобів,Стеклоомывающая жидкость,Vehicle Windshield Fluid
888,5613,913,2788,3044,,,Моторна олива для автомобілів,Масла для автомобильных двигателей,Vehicle Motor Oil
888,5613,913,2788,3051,,,Гальмівна рідина для автомобілів,Тормозная жидкость,Vehicle Brake Fluid
888,5613,913,2895,,,,Чищення автомобілів,Средства для чистки автомобилей,Vehicle Cleaning
888,5613,913,2895,2590,,,Засоби для мийки автомобілів,Растворы для мытья машины,Car Wash Solutions
888,5613,913,2895,2643,,,"Воски, полірувальні засоби та захисні засоби для автомобіля","Воск, полировка, средства защиты","Vehicle Waxes, Polishes & Protectants"
888,5613,913,2895,2704,,,Засоби для чищення автомобільних килимків та оббивки,Очистители ковров и обивки салона,Vehicle Carpet & Upholstery Cleaners
888,5613,913,2895,2846,,,Засоби для чищення скла автомобілів,Очистители для автомобильных стекол,Vehicle Glass Cleaners
888,5613,913,2895,2894,,,Щітки для мийки автомобілів,Щетки для мытья машины,Car Wash Brushes
888,5613,913,2895,499766,,,Набори для очищення паливної системи автомобілів,Наборы для очистки автомобильных систем впрыска топлива,Vehicle Fuel Injection Cleaning Kits
888,5613,913,3436,,,,Автомобільні чохли,Автомобильные чехлы,Vehicle Covers
888,5613,913,3436,2494,,,Жорсткі верхи автомобілів,Жёсткий верх,Vehicle Hardtops
888,5613,913,3436,7031,,,М'які верхи для автомобілів,Откидной верх,Vehicle Soft Tops
888,5613,913,3436,8306,,,Накриття для гольф-візків,Ветровые экраны для машинок для гольфа,Golf Cart Enclosures
888,5613,913,3436,8308,,,Кришки тонно,Крышки и шторки багажных отсеков,Tonneau Covers
888,5613,913,3436,8309,,,Чохли для зберігання автомобіля,Чехлы для хранения транспортных средств,Vehicle Storage Covers
888,5613,913,3436,8309,8310,,Автомобільні чохли для зберігання,Чехлы для хранения автомобилей,Automotive Storage Covers
888,5613,913,3436,8309,8311,,Чохли для зберігання автодомів,Чехлы для хранения жилых автофургонов,Recreational Vehicle Storage Covers
888,5613,913,3436,8309,8312,,Чохли для зберігання водного транспорту,Чехлы для хранения судов,Watercraft Storage Covers
888,5613,913,3436,8309,8313,,Чохли для зберігання мотоциклів,Чехлы для хранения мотоциклов,Motorcycle Storage Covers
888,5613,913,3436,8309,8314,,Чохли для зберігання гольф-візків,Чехлы для хранения машинок для гольфа,Golf Cart Storage Covers
888,5613,913,3436,8316,,,Накриття для автомобільних вітрових скель,Чехлы для ветровых стекол автомобилей,Motor Vehicle Windshield Covers
888,5613,913,3812,,,,Автомобільна фарба,Краска для автомобилей,Vehicle Paint
888,5613,913,3812,8144,,,Фарба для тормозних супортів автомобіля,Краски для суппортов автомобильных тормозов,Motor Vehicle Brake Caliper Paint
888,5613,913,3812,8450,,,Автомобільна лакофарбова продукція,Краски для автомобильных кузовов,Motor Vehicle Body Paint
888,5613,913,8236,,,,Інструменти для ремонту та спеціальні інструменти для автомобілів,Инструменты для ремонта автомобилей,Vehicle Repair & Specialty Tools
888,5613,913,8236,2647,,,Набори для ремонту автомобільних склопакетів,Ремкомплекты для ветрового стекла,Windshield Repair Kits
888,5613,913,8236,3326,,,Автомобільні проводи для розряду,Провода для запуска двигателя от внешнего источника,Vehicle Jumper Cables
888,5613,913,8236,5068,,,Пристрої для аварійного запуску автомобілів,Автомобильные пусковые устройства,Vehicle Jump Starters
888,5613,913,8236,6482,,,Сканери для діагностики автомобілів,Автомобильные диагностические сканеры,Vehicle Diagnostic Scanners
888,5613,913,8236,7414,,,Зарядні пристрої для автомобільних батарей,Зарядные устройства для электромобилей,Vehicle Battery Chargers
888,5613,913,8236,8259,,,Інструменти для вирівнювання та демонтажу зчеплення автомобіля,Инструменты для регулировки и демонтажа автомобильных сцеплений,Motor Vehicle Clutch Alignment & Removal Tools
888,5613,913,8236,8260,,,Набори для обслуговування гальм автомобіля,Наборы для обслуживания автомобильных тормозов,Motor Vehicle Brake Service Kits
888,5613,913,8236,8261,,,Інструменти для ремонту та заміни шин автомобіля,Инструменты для ремонта и замены автомобильных шин,Vehicle Tire Repair & Tire Changing Tools
888,5613,913,8236,499774,,,Шпатлівка для автомобільного кузова,Автомобильные кузовные шпатлевки,Vehicle Body Filler
888,5613,913,8236,499929,,,Тестери автомобільних батарей,Тестеры аккумулятора,Vehicle Battery Testers
888,5613,913,8534,,,,Переносні каністри для палива,Переносные канистры для топлива,Portable Fuel Cans
888,5613,3391,,,,,Деталі та аксесуари для водного транспорту,Судовые детали и принадлежности,Watercraft Parts & Accessories
888,5613,3391,1122,,,,Догляд за водним транспортом,Товары для ухода за судами,Watercraft Care
888,5613,3391,1122,3866,,,Засоби для чищення водного транспорту,Средства для чистки судов,Watercraft Cleaners
888,5613,3391,1122,3955,,,Полірувальні засоби для водного транспорту,Средства для полировки судов,Watercraft Polishes
888,5613,3391,1125,,,,Двигуни та мотори для водного транспорту,Судовые двигатели и моторы,Watercraft Engines & Motors
888,5613,3391,1132,,,,Деталі для яхт,Детали парусных судов,Sailboat Parts
888,5613,3391,3315,,,,Швартування та якорювання,Швартовка судов и постановка на якорь,Docking & Anchoring
888,5613,3391,3315,3189,,,Якорі,Якори,Anchors
888,5613,3391,3315,3362,,,Якірні троси та канати,Якорные канаты,Anchor Lines & Ropes
888,5613,3391,3315,3452,,,Якірні ланцюги,Якорные цепи,Anchor Chains
888,5613,3391,3315,3480,,,Якірні лебідки,Брашпили,Anchor Windlasses
888,5613,3391,3315,3572,,,Швартові утки,Швартовые утки,Dock Cleats
888,5613,3391,3315,3655,,,Гаки для човнів,Шлюпочные крюки,Boat Hooks
888,5613,3391,3315,3718,,,Сходи для човнів,Судовые трапы,Boat Ladders
888,5613,3391,3315,3899,,,Сходинки для причалу,Причальные трапы,Dock Steps
888,5613,3391,3400,,,,Паливні системи для водного транспорту,Судовые топливные системы,Watercraft Fuel Systems
888,5613,3391,3400,3415,,,Паливні лінії та їх частини для водного транспорту,Судовые топливопроводы и их детали,Watercraft Fuel Lines & Parts
888,5613,3391,3400,3648,,,Паливні баки та їх частини для водного транспорту,Судовые топливные баки и их детали,Watercraft Fuel Tanks & Parts
888,5613,3391,3400,3892,,,Паливні насоси та їх частини для водного транспорту,Судовые топливные насосы и их детали,Watercraft Fuel Pumps & Parts
888,5613,3391,3400,3968,,,Паливні лічильники для водного транспорту,Судовые указатели уровня топлива,Watercraft Fuel Meters
888,5613,3391,3606,,,,Частини двигунів для водного транспорту,Детали судовых двигателей,Watercraft Engine Parts
888,5613,3391,3606,3097,,,Імпелери для водного транспорту,Судовые насосные колеса,Watercraft Impellers
888,5613,3391,3606,3143,,,Генератори для водного транспорту,Судовые генераторы переменного тока,Watercraft Alternators
888,5613,3391,3606,3277,,,Поршні та деталі для водного транспорту,Поршни для судовых двигателей и их детали,Watercraft Pistons & Parts
888,5613,3391,3606,3321,,,Керування двигунами водного транспорту,Оборудование для управления судовыми двигателями,Watercraft Engine Controls
888,5613,3391,3606,3463,,,Карбюратори та їх частини для водного транспорту,Судовые карбюраторы и их детали,Watercraft Carburetors & Parts
888,5613,3391,3606,3507,,,Замки для моторів водного транспорту,Системы блокировки судовых двигателей,Watercraft Motor Locks
888,5613,3391,3606,3566,,,Кріплення для моторів водного транспорту,Крепления для судовых двигателей,Watercraft Motor Mounts
888,5613,3391,3606,3743,,,Частини системи запалювання для водного транспорту,Детали судовой системы зажигания,Watercraft Ignition Parts
888,5613,3391,3606,3806,,,Пропелери для водного транспорту,Судовые гребные винты,Watercraft Propellers
888,5613,3391,3619,,,,Вихлопні системи для водного транспорту,Детали судовых выпускных систем,Watercraft Exhaust Parts
888,5613,3391,3619,3232,,,Колектори для водного транспорту,Судовые коллекторы,Watercraft Manifolds
888,5613,3391,3619,3309,,,Глушники та деталі для водного транспорту,Глушители для судовых двигателей и их детали,Watercraft Mufflers & Parts
888,5613,3391,3995,,,,Рульові деталі для водного транспорту,Детали судовой системы рулевого управления,Watercraft Steering Parts
888,5613,3391,3995,3308,,,Рульові троси для водного транспорту,Тросы для судовых систем рулевого управления,Watercraft Steering Cables
888,5613,3391,3995,3663,,,Рульові колеса для водного транспорту,Судовые рулевые колеса,Watercraft Steering Wheels
888,5613,3391,6293,,,,Освітлення для водного транспорту,Судовые осветительные приборы,Watercraft Lighting
888,5613,3977,,,,,Запчастини та аксесуари для літальних апаратів,Детали и принадлежности для воздушных судов,Aircraft Parts & Accessories
888,5613,8237,,,,,Зберігання та вантажі для автомобіля,Автомобильные товары для перевозки грузов,Vehicle Storage & Cargo
888,5613,8237,2290,,,,Органайзери для автомобіля,Автомобильные органайзеры,Vehicle Organizers
888,5613,8237,3472,,,,Автомобільні багажники,Автомобильные конструкции для перевозки багажа,Motor Vehicle Carrying Racks
888,5613,8237,3472,2836,,,Велобагажники для автомобілів,Автомобильные багажники для велосипедов,Vehicle Bicycle Racks
888,5613,8237,3472,4240,,,Багажники для вантажів для автомобілів,Автомобильные стойки для багажа,Vehicle Cargo Racks
888,5613,8237,3472,6041,,,Базові системи багажників для автомобілів,Автомобильные системы крышных багажников,Vehicle Base Rack Systems
888,5613,8237,3472,6042,,,Автомобільні кріплення для дошок водного спорту,Автомобильные багажники для плавательных досок,Vehicle Water Sport Board Racks
888,5613,8237,3472,6043,,,Автомобільні кріплення для лиж та сноубордів,Автомобильные багажники для лыж и сноубордов,Vehicle Ski & Snowboard Racks
888,5613,8237,3472,6044,,,Багажники для мотоциклів та скутерів,Автомобильные багажники для скутеров и мотоциклов,Vehicle Motorcycle & Scooter Racks
888,5613,8237,3472,6046,,,Автомобільні стійки для вудилищ,Автомобильные багажники для удочек,Vehicle Fishing Rod Racks
888,5613,8237,3472,6047,,,Багажники для човнів для автомобілів,Автомобильные багажники для лодок,Vehicle Boat Racks
888,5613,8237,3472,7115,,,Автомобільні стійки для зброї,Автомобильные багажники для оружия,Vehicle Gun Racks
888,5613,8237,4027,,,,Автомобільні причепи,Автомобильные прицепы,Motor Vehicle Trailers
888,5613,8237,4027,1133,,,Трейлери для човнів,Прицепы для перевозки лодок,Boat Trailers
888,5613,8237,4027,4037,,,Причепи для транспортування коней та худоби,Прицепы для перевозки лошадей и домашнего скота,Horse & Livestock Trailers
888,5613,8237,4027,4044,,,Причепи для вантажів та універсальні причепи,Автомобильные грузовые прицепы,Utility & Cargo Trailers
888,5613,8237,4027,4243,,,Подорожні трейлери,Автомобильные жилые прицепы,Travel Trailers
888,5613,8237,5512,,,,Сумки та кофри для мотоциклів,Мотоциклетные сумки,Motorcycle Bags & Panniers
888,5613,8237,6454,,,,Аксесуари для автомобільних багажників,Принадлежности для автомобильных внешних багажников,Motor Vehicle Carrying Rack Accessories
888,5613,8237,6454,7122,,,Аксесуари для автомобільних велобагажників,Принадлежности для автомобильных багажников для велосипедов,Vehicle Bicycle Rack Accessories
888,5613,8237,6454,8086,,,Аксесуари для автомобільних кріплень для лиж та сноубордів,Принадлежности для автомобильных багажников для лыж и сноубордов,Vehicle Ski & Snowboard Rack Accessories
888,5613,8237,6744,,,,Вантажні сітки для автомобіля,Автомобильные грузовые сети,Motor Vehicle Cargo Nets
888,5613,8237,8147,,,,Пандуси для завантаження автомобілів,Рампы для погрузки автомобилей,Motor Vehicle Loading Ramps
888,5613,8237,8378,,,,Коробки та органайзери для вантажного відсіку вантажівки,Ящики и органайзеры для пикапов,Truck Bed Storage Boxes & Organizers
888,5613,8237,8475,,,,Вішалки та гачки для підголівників автомобілів,Вешалки и крючки для автомобильных подголовников,Vehicle Headrest Hangers & Hooks
888,5613,8301,,,,,Безпека та захист автомобілів,Товары для обеспечения безопасности и защиты автомобилей,Vehicle Safety & Security
888,5613,8301,2768,,,,Автомобільні сигналізації та замки,Автомобильные сигнализации и замки,Vehicle Alarms & Locks
888,5613,8301,2768,1802,,,Системи автомобільних сигналізацій,Автомобильные сигнализации,Automotive Alarm Systems
888,5613,8301,2768,2699,,,Безключові системи дистанційного управління автомобілем,Системы для дистанционного отпирания дверей,Vehicle Remote Keyless Systems
888,5613,8301,2768,2750,,,Замки для керма автомобіля,Замки для автомобильных рулевых механизмов,Vehicle Steering Wheel Locks
888,5613,8301,2768,3024,,,Іммобілайзери автомобілів,Автомобильные иммобилайзеры,Vehicle Immobilizers
888,5613,8301,2768,6083,,,Сигналізації та замки для мотоциклів,Мотосигнализации и замки,Motorcycle Alarms & Locks
888,5613,8301,2768,6084,,,Аксесуари для автомобільних сигналізацій,Принадлежности для автомобильных сигнализаций,Automotive Alarm Accessories
888,5613,8301,2768,8302,,,Замки дверей автомобілів та запчастини,Автомобильные дверные замки и детали для них,Vehicle Door Locks & Parts
888,5613,8301,2768,8302,8303,,Замки та системи блокування дверей автомобілів,Автомобильные дверные замки и системы блокировки,Vehicle Door Locks & Locking Systems
888,5613,8301,2768,8302,8304,,Ручки замків дверей автомобілів,Кнопки автомобильных дверных замков,Vehicle Door Lock Knobs
888,5613,8301,2768,8302,8305,,Актуатори замків дверей автомобілів,Приводы автомобильных дверных замков,Vehicle Door Lock Actuators
888,5613,8301,2768,235921,,,Замки автомобільних важелів,Замки для автомобильных сцепных устройств,Vehicle Hitch Locks
888,5613,8301,2768,500077,,,Замки для коліс транспортних засобів,Колесные блокираторы,Vehicle Wheel Clamps
888,5613,8301,2879,,,,Обладнання для безпеки автомобілів,Товары для обеспечения безопасности автомобилей,Vehicle Safety Equipment
888,5613,8301,2879,6966,,,Сигнальні прапорці для автомобіля,Предупредительные флажки для транспортных средств,Vehicle Warning Whips
888,5613,8301,2879,8445,,,Дорожні сигнальні ракети,Автомобильные фальшфейеры,Emergency Road Flares
888,5613,8301,2879,8446,,,Безпекові рами та бруси автомобіля,Автомобильные каркасы и брусья безопасности,Motor Vehicle Roll Cages & Bars
888,5613,8301,2879,8447,,,Сітки на вікна автомобілів,Оконные сетки для автомобиля,Car Window Nets
888,5613,8301,2879,8448,,,Деталі подушок безпеки автомобіля,Детали для автомобильных подушек безопасности,Motor Vehicle Airbag Parts
888,5613,8301,2879,8449,,,Автомобільні ремені безпеки,Автомобильные ремни безопасности,Vehicle Seat Belts
888,5613,8301,2879,8476,,,Ремені безпеки для автомобілів,Ленты автомобильных ремней безопасности,Vehicle Seat Belt Straps
888,5613,8301,2879,8477,,,Пряжки безпеки автомобільних ременів,Застежки для автомобильных ремней безопасности,Vehicle Seat Belt Buckles
888,5613,8301,2879,8506,,,Упори для коліс автомобіля,Колесные башмаки для транспортных средств,Vehicle Wheel Chocks
888,5613,8301,2879,326120,,,Чохли для автомобільних ременів безпеки,Чехлы для автомобильных ремней безопасности,Vehicle Seat Belt Covers
888,5613,8301,5547,,,,Захисне спорядження для мотоциклістів,Защитная экипировка для мотоциклистов,Motorcycle Protective Gear
888,5613,8301,5547,2110,,,Мотоциклетні шоломи,Мотоциклетные шлемы,Motorcycle Helmets
888,5613,8301,5547,5106,,,Окуляри для мотоциклістів,Мотоциклетные очки,Motorcycle Goggles
888,5613,8301,5547,5908,,,Рукавички для мотоциклістів,Мотоциклетные перчатки,Motorcycle Gloves
888,5613,8301,5547,5959,,,Захисники грудей та спини для мотоциклістів,Защитное оснащение для груди и спины мотоциклистов,Motorcycle Chest & Back Protectors
888,5613,8301,5547,5960,,,Мотоциклетні пояси для захисту нирок,Мотоциклетные пояса для защиты почек и поясницы,Motorcycle Kidney Belts
888,5613,8301,5547,5961,,,Мотоциклетні ортопедичні ошийники,Мотоциклетные шейные воротники,Motorcycle Neck Braces
888,5613,8301,5547,5962,,,Мотоциклетні наколінники та захисти для гомілок,Защитное оснащение для коленей и щиколоток,Motorcycle Knee & Shin Guards
888,5613,8301,5547,5963,,,Захисники для ліктів та зап'ясток для мотоциклістів,Защита локтей и запястий для мотоциклистов,Motorcycle Elbow & Wrist Guards
888,5613,8301,5547,6493,,,Деталі та аксесуари для мотоциклетних шоломів,Детали и принадлежности для мотоциклетных шлемов,Motorcycle Helmet Parts & Accessories
888,5613,8301,5547,8507,,,Захисники для рук мотоциклістів,Защита для рук на руль мотоцикла,Motorcycle Hand Guards
888,5613,8301,362737,,,,Захисне спорядження для бездоріжжевих та повнопривідних транспортних засобів,Защитное оборудование для мотовездеходов ATV и UTV,Off-Road & All-Terrain Vehicle Protective Gear
888,5613,8301,362737,362738,,,Захисні накладки для керма квадроциклів та баггі,Накладки на руль для мотовездеходов ATV и UTV,ATV & UTV Bar Pads
888,5613,8526,,,,,Електроніка для автомобіля,Автомобильная электроника,Motor Vehicle Electronics
888,5613,8526,891,,,,Автомобільні підсилювачі,Автомобильные усилители,Motor Vehicle Amplifiers
888,5613,8526,894,,,,Автомобільні еквалайзери та кросовери,Автомобильные эквалайзеры и кроссоверы,Motor Vehicle Equalizers & Crossovers
888,5613,8526,895,,,,Динаміки автомобіля,Автомобильные динамики,Motor Vehicle Speakers
888,5613,8526,2833,,,,Автомобільні сабвуфери,Автомобильные сабвуферы,Motor Vehicle Subwoofers
888,5613,8526,5438,,,,Автомобільні касетні програвачі,Автомобильные кассетные проигрыватели,Motor Vehicle Cassette Players
888,5613,8526,5525,,,,Адаптери касет для автомобіля,Автомобильные кассетные адаптеры,Motor Vehicle Cassette Adapters
888,5613,8526,5572,,,,Автомобільні гучномовці,Автомобильные комплекты громкой связи,Motor Vehicle Speakerphones
888,5613,8526,6968,,,,Камери паркування автомобіля,Автомобильные парковочные камеры,Motor Vehicle Parking Cameras
888,5613,8526,8483,,,,Кріплення для відеомоніторів автомобіля,Автомобильные кронштейны для мониторов,Motor Vehicle Video Monitor Mounts
888,5613,8526,505766,,,,Автомобільні аудіо/відео програвачі та вбудовані системи,Автомобильные развлекательные системы,Motor Vehicle A/V Players & In-Dash Systems
888,5614,,,,,,Транспортні засоби,Транспортные средства,Vehicles
888,5614,1267,,,,,Автомобілі,Моторные транспортные средства,Motor Vehicles
888,5614,1267,916,,,,"Автомобілі, вантажівки та мікроавтобуси","Легковые машины, грузовики, фургоны","Cars, Trucks & Vans"
888,5614,1267,919,,,,Мотоцикли та скутери,Мотоциклы и скутеры,Motorcycles & Scooters
888,5614,1267,920,,,,Автодоми,Жилые автофургоны,Recreational Vehicles
888,5614,1267,3549,,,,Снігоходи,Снегоходы,Snowmobiles
888,5614,1267,3931,,,,Гольф-візки,Машинки для гольфа,Golf Carts
888,5614,1267,503031,,,,Бездоріжжеві та повнопривідні транспортні засоби,Моторные транспортные средства повышенной проходимости,Off-Road and All-Terrain Vehicles
888,5614,1267,503031,2528,,,Го-карти та дюнні багі,Багги и карты,Go Karts & Dune Buggies
888,5614,1267,503031,3018,,,Квадроцикли та баггі,Мотовездеходы ATV и UTV,ATVs & UTVs
888,5614,3395,,,,,Літальні апарати,Воздушные суда,Aircraft
888,5614,3540,,,,,Водний транспорт,Суда,Watercraft
888,5614,3540,1130,,,,Гідроцикли,Частные суда,Personal Watercraft
888,5614,3540,3087,,,,Вітрильники,Парусные суда,Sailboats
888,5614,3540,3095,,,,Моторні човни,Моторные лодки,Motor Boats
888,5614,3540,5644,,,,Яхти,Яхты,Yachts
922,,,,,,,Офісні товари,Канцелярские товары,Office Supplies
922,923,,,,,,Систематизація та організація,Товары для хранения документов и архивов,Filing & Organization
922,923,925,,,,,Коробки для документів,Коробки для хранения бумаг,File Boxes
922,923,926,,,,,Кейси та органайзери для CD/DVD,Органайзеры для CD и DVD,CD/DVD Cases & Organizers
922,923,927,,,,,"Календарі, органайзери та планувальники","Календари, органайзеры и планировщики","Calendars, Organizers & Planners"
922,923,928,,,,,Касові ящики,Денежные ящики,Cash Boxes
922,923,930,,,,,Папки для документів,Папки-регистраторы,File Folders
922,923,939,,,,,Органайзери для столу,Органайзеры для столов,Desk Organizers
922,923,3062,,,,,Пенали для ручок і олівців,Футляры для ручек и карандашей,Pen & Pencil Cases
922,923,4312,,,,,Матеріали для переплету,Материалы для брошюровки,Binding Supplies
922,923,4312,4086,,,,Аксесуари для папок,Принадлежности для брошюровки,Binder Accessories
922,923,4312,4086,2139,,,Захисні покривала для аркушів,Защитные обложки для листов,Sheet Protectors
922,923,4312,4086,4183,,,Розділювачі індексів,Разделители с указателями,Index Dividers
922,923,4312,4086,4212,,,Кільця для папок,Кольца для брошюровки,Binder Rings
922,923,4312,4182,,,,Обкладинки та спайки для переплету,Скобы и пружины для брошюровки,Binding Combs & Spines
922,923,4312,4303,,,,Папки-реєстратори,Сшиватели,Binders
922,923,4312,7080,,,,Машини для переплету,Брошюровщики,Binding Machines
922,923,5070,,,,,Органайзери для вітальних карток,Органайзеры для поздравительных открыток,Greeting Card Organizers
922,923,5531,,,,,Картотеки,Картотеки,Card Files
922,923,5997,,,,,Адресні книжки,Адресные книги,Address Books
922,923,6171,,,,,Підставки для візиток,Подставки для визиток,Business Card Stands
922,923,6177,,,,,Обкладинки для карток,Футляры для карточек,Card Sleeves
922,923,6190,,,,,Книги для візиток,Альбомы для визиток,Business Card Books
922,923,6779,,,,,Картотеки для рецептів,Коробки для карточек с рецептами,Recipe Card Boxes
922,923,6884,,,,,Папки та обкладинки для звітів,Обложки для папок и отчетов,Folders & Report Covers
922,923,6884,543662,,,,Обкладинки для звітів,Папки файловые,Report Covers
922,923,6884,543663,,,,Папки-конверти,Папки с карманами,Pocket Folders
922,923,6885,,,,,Портфелі та папки-органайзери,Портфолио,Portfolios & Padfolios
922,923,6885,543640,,,,Портфелі,Папки,Portfolios
922,923,6885,543641,,,,Папки-портфоліо,Органайзеры,Padfolios
922,923,6962,,,,,Поштові сортувальники,Устройства для сортировки почты,Mail Sorters
922,932,,,,,,Загальні офісні приладдя,Общие принадлежности,General Office Supplies
922,932,934,,,,,Офісна стрічка,Клейкие ленты для офиса,Office Tape
922,932,936,,,,,Кліпси та затискачі для паперу,Зажимы и скрепки,Paper Clips & Clamps
922,932,936,543675,,,,Кліпси для паперу,Скрепки,Paper Clips
922,932,936,543676,,,,Кліпси для папок,Канцелярские зажимы для бумаг,Binder Clips
922,932,938,,,,,Гумки для стирання,Ластики,Erasers
922,932,944,,,,,Гумові стрічки,Канцелярские резинки,Rubber Bands
922,932,948,,,,,Степлерні скоби,Скобы для степлеров,Staples
922,932,949,,,,,Цвяхи та кнопки,Кнопки и булавки,Tacks & Pushpins
922,932,956,,,,,Паперові вироби,Бумажные изделия,Paper Products
922,932,956,957,,,,Візитки,Визитные карточки,Business Cards
922,932,956,958,,,,Конверти,Конверты,Envelopes
922,932,956,959,,,,Індексні картки,Картотечные карточки,Index Cards
922,932,956,961,,,,Зошити та блокноти,Блокноты,Notebooks & Notepads
922,932,956,962,,,,Папір для принтера та копірки,Бумага для принтеров и копировальной техники,Printer & Copier Paper
922,932,956,1513,,,,Обкладинковий папір,Обложечная бумага,Cover Paper
922,932,956,2658,,,,Папір для папок,Переплетная бумага,Binder Paper
922,932,956,2689,,,,Липкі записки,Стикеры,Sticky Notes
922,932,956,3457,,,,Канцелярські товари,Почтовая бумага,Stationery
922,932,956,3871,,,,Поштові листівки,Почтовые открытки,Post Cards
922,932,956,5264,,,,Пусті ID-картки,Чистые идентификационные карты,Blank ID Cards
922,932,956,5918,,,,Бізнес-форми та квитанції,Бланки и квитанции,Business Forms & Receipts
922,932,956,5919,,,,Папір для касових апаратів та додавальних машин,Бумага для чеков и счётных машин в рулонах,Receipt & Adding Machine Paper Rolls
922,932,956,6930,,,,Чеки,Чеки,Checks
922,932,960,,,,,Етикетки та бирки,Ярлыки и этикетки,Labels & Tags
922,932,960,4117,,,,Теги для відправки,Транспортные бирки,Shipping Tags
922,932,960,4137,,,,Кліпси для етикеток,Зажимы с ярлыками,Label Clips
922,932,960,4154,,,,Вкладки для папок,Ярлыки для папок,Folder Tabs
922,932,960,4200,,,,Етикетки для відправки,Транспортные этикетки,Shipping Labels
922,932,960,4377,,,,Адресні етикетки,Адресные бирки,Address Labels
922,932,960,5502,,,,Стрічки для етикеток та запасні рулони,Этикеточная лента и сменные рулоны,Label Tapes & Refill Rolls
922,932,2591,,,,,"Коригувальні рідини, ручки та стрічки","Корректирующие жидкости, ручки и ленты","Correction Fluids, Pens & Tapes"
922,932,2591,543618,,,,Коригувальні рідини,Корректирующие жидкости,Correction Fluids
922,932,2591,543619,,,,Коригувальні стрічки,Корректирующие ленты,Correction Tapes
922,932,2591,543620,,,,Коригувальні ручки,Корректирующие ручки,Correction Pens
922,932,6319,,,,,Латунні кріплення,Зажимы для бумаги,Brass Fasteners
922,932,8015,,,,,"Ламінувальна плівка, кишені та аркуші","Плёнка, пакеты и файлы для ламинирования","Laminating Film, Pouches & Sheets"
922,932,505805,,,,,Монтажна липка маса,Канцелярский пластилин,Mounting Putty
922,950,,,,,,Офісне обладнання,Офисное оборудование,Office Equipment
922,950,333,,,,,Калькулятори,Калькуляторы,Calculators
922,950,333,543517,,,,Графічні калькулятори,Графические калькуляторы,Graphing Calculators
922,950,333,543518,,,,Базові калькулятори,Простые калькуляторы,Basic Calculators
922,950,333,543519,,,,Фінансові калькулятори,Финансовые калькуляторы,Financial Calculators
922,950,333,543520,,,,Наукові калькулятори,Инженерные калькуляторы,Scientific Calculators
922,950,333,543521,,,,Будівельні калькулятори,Строительные калькуляторы,Construction Calculators
922,950,337,,,,,Електронні словники та перекладачі,Электронные словари и переводчики,Electronic Dictionaries & Translators
922,950,952,,,,,Машинки для створення етикеток,Машинки для печати этикеток,Label Makers
922,950,953,,,,,Офісні шредери,Офисные шредеры,Office Shredders
922,950,954,,,,,Системи для транскрибації та диктування,Стенографические системы,Transcribers & Dictation Systems
922,950,955,,,,,Друкарські машинки,Пишущие машинки,Typewriters
922,950,1625,,,,,Ламінатори,Ламинаторы,Laminators
922,950,1708,,,,,Поштові метри,Франкировальные машины,Postage Meters
922,950,6404,,,,,Часові та контрольно-пропускні годинники,Часы для учёта рабочего времени,Time & Attendance Clocks
922,950,499864,,,,,Аксесуари для калькуляторів,Принадлежности для калькуляторов,Calculator Accessories
922,964,,,,,,Приладдя для презентацій,Расходные материалы для презентаций,Presentation Supplies
922,964,963,,,,,Прозорі плівки,Прозрачные листы,Transparencies
922,964,965,,,,,Дошки для мелу,Классные доски,Chalkboards
922,964,966,,,,,Демонстраційні дошки,Демонстрационные щиты,Display Boards
922,964,966,1627,,,,Монтажні дошки,Монтажные щиты,Mounting Boards
922,964,966,2263,,,,Плити з пінопласту,Пенокартон,Foam Boards
922,964,966,2401,,,,Дошки оголошень,Доски объявлений,Bulletin Boards
922,964,966,2674,,,,Плакатні дошки,Плакатные щиты,Poster Boards
922,964,966,7525,,,,Аксесуари для дошки оголошень,Принадлежности для досок объявлений,Bulletin Board Accessories
922,964,966,7525,7526,,,Обрамлення для дошки оголошень,Окантовка для досок объявлений,Bulletin Board Trim
922,964,966,7525,543688,,,Набори обрамлень для дошки оголошень,Наборы лент для оформления стенда,Bulletin Board Trim Sets
922,964,967,,,,,Папір для мольбертів,Этюдники,Easel Pads
922,964,968,,,,,Мольберти,Мольберты,Easels
922,964,969,,,,,Лазерні вказівники,Лазерные указки,Laser Pointers
922,964,970,,,,,Кафедри,Кафедры,Lecterns
922,964,971,,,,,Дошки для письма з можливістю стирання,Маркерные доски,Dry-Erase Boards
922,964,4465,,,,,Бездротові презентери,Беспроводные устройства для презентаций,Wireless Presenters
922,964,4492,,,,,Камери для документів,Документ-камеры,Document Cameras
922,2014,,,,,,Обробка паперу,Обработка бумаги,Paper Handling
922,2014,1803,,,,,Преспап'є,Пресс-папье,Paperweights
922,2014,1836,,,,,Вібратори для паперу,Сталкивательные машины,Paper Joggers
922,2014,2207,,,,,Машини для складання паперу,Фальцевальные машины,Paper Folding Machines
922,2014,6178,,,,,Підкладки для олівців,Подложки для работы карандашом,Pencil Boards
922,2014,6467,,,,,Діроколи,Дыроколы,Hole Punches
922,2014,6486,,,,,Накладки на пальці,Перчатки-напальчники,Fingertip Grips
922,2435,,,,,,Таблички з іменами,Именные таблички,Name Plates
922,2636,,,,,,Товари для відправки,Упаковочные материалы,Shipping Supplies
922,2636,973,,,,,Коробки для переїзду та відправлення,Упаковочные и посылочные коробки,Moving & Shipping Boxes
922,2636,974,,,,,Матеріали для пакування,Расходные материалы для упаковки,Packing Materials
922,2636,975,,,,,Скотч для пакування,Упаковочная лента,Packing Tape
922,2986,,,,,,Офісні прилади,Офисные принадлежности,Office Instruments
922,2986,935,,,,,Кліпборди,Планшеты,Clipboards
922,2986,941,,,,,Лупи,Увеличительные стекла,Magnifiers
922,2986,943,,,,,Точилки для олівців,Точилки для карандашей,Pencil Sharpeners
922,2986,947,,,,,Степлери,Степлеры,Staplers
922,2986,977,,,,,Письмові та креслярські прилади,Инструменты для письма и рисования,Writing & Drawing Instruments
922,2986,977,978,,,,Мел,Мел,Chalk
922,2986,977,979,,,,Воскові крейди,Цветные мелки,Crayons
922,2986,977,980,,,,Маркери та маркери для письма (текстовидільники),Маркеры и выделители,Markers & Highlighters
922,2986,977,980,543608,,,Маркери для письма,Маркеры,Markers
922,2986,977,980,543609,,,Текстові маркери,Текстовыделители,Highlighters
922,2986,977,2623,,,,Художнє вугілля,Уголь для рисования,Art Charcoals
922,2986,977,4752,,,,Пастель,Пастель для рисования,Pastels
922,2986,977,6065,,,,Ручки та олівці,Ручки и карандаши,Pens & Pencils
922,2986,977,6065,982,,,Ручки,Ручки,Pens
922,2986,977,6065,6066,,,Набори ручок і олівців,Наборы ручек и карандашей,Pen & Pencil Sets
922,2986,977,6065,6068,,,Олівці,Карандаши,Pencils
922,2986,977,6065,6068,981,,Письмові олівці,Простые карандаши,Writing Pencils
922,2986,977,6065,6068,981,543660,Механічні олівці,Механические карандаши,Mechanical Pencils
922,2986,977,6065,6068,981,543661,Дерев'яні олівці,Деревянные карандаши,Wooden Pencils
922,2986,977,6065,6068,3026,,Художні олівці,Карандаши для художественных работ,Art Pencils
922,2986,977,6067,,,,Багатофункціональні письмові прилади,Многофункциональные письменные принадлежности,Multifunction Writing Instruments
922,2986,2883,,,,,Дзвінки для виклику,Сигнальные звонки,Call Bells
922,2986,4341,,,,,Офісні штампи,Офисные резиновые штампы,Office Rubber Stamps
922,2986,4470,,,,,Аксесуари для письмових та креслярських приладів,Аксессуары для письменных принадлежностей,Writing & Drawing Instrument Accessories
922,2986,4470,4471,,,,Чорнило та заправки для ручок,Чернила и стержни для ручек,Pen Ink & Refills
922,2986,4470,4472,,,,Грифель та заправки для олівців,Карандашные грифели,Pencil Lead & Refills
922,2986,4470,7117,,,,Заправки для маркерів та текстовидільників,Чернила для заправки маркеров,Marker & Highlighter Ink Refills
922,2986,4470,7117,543666,,,Змінні картриджі для маркерів для письма,Чернила для маркеров,Marker Refills
922,2986,4470,7117,543667,,,Змінні картриджі для текстових маркерів,Чернила для текстовыделителей,Highlighter Refills
922,2986,4499,,,,,Видалювачі степлерних скоб,Антистеплеры,Staple Removers
922,2986,503746,,,,,Диспенсери для стрічки,Диспенсеры для клейкой ленты,Tape Dispensers
922,2986,505830,,,,,Відкривачки для листів,Канцелярские ножи,Letter Openers
922,5829,,,,,,Імпульсні запаювачі,Машины для импульсной сварки,Impulse Sealers
922,6174,,,,,,Аксесуари для книг,Принадлежности для книг,Book Accessories
922,6174,93,,,,,Закладки для книг,Закладки,Bookmarks
922,6174,4941,,,,,Світлодіодні лампи для книг,Лампы для книг,Book Lights
922,6174,6175,,,,,Підставки та упори для книг,Подставки и упоры для книг,Book Stands & Rests
922,6174,6176,,,,,Обкладинки для книг,Обложки для книг,Book Covers
922,6373,,,,,,Офісні візки,Офисные тележки,Office Carts
922,6373,1996,,,,,AV візки,Стойки для аудио- и видеооборудования,AV Carts
922,6373,6179,,,,,Універсальні візки,Хозяйственные тележки,Utility Carts
922,6373,6180,,,,,Тележки для документів,Тележки для документов,File Carts
922,6373,6181,,,,,Поштові візки,Почтовые тележки,Mail Carts
922,6373,6182,,,,,Книжкові візки,Тележки для книг,Book Carts
922,6519,,,,,,Килимики для офісу та стільців,Офисные коврики,Office & Chair Mats
922,6519,6462,,,,,Килими проти втоми,Коврики против усталости,Anti-Fatigue Mats
922,6519,6520,,,,,Офісні килими,Коврики для офисов,Office Mats
922,6519,6521,,,,,Килимики для стільців,Коврики для кресел,Chair Mats
922,8078,,,,,,Підкладки та блютери для столу,Настольные коврики,Desk Pads & Blotters
922,8499,,,,,,Підноси для роботи на колінах,Наколенные столики,Lap Desks
988,,,,,,,Спортивні товари,Спортивные товары,Sporting Goods
988,990,,,,,,Фітнес та тренування,Товары для фитнеса,Exercise & Fitness
988,990,993,,,,,Фітболи,Мячи для фитнеса,Exercise Balls
988,990,999,,,,,Йога та пілатес,Товары для йоги и пилатеса,Yoga & Pilates
988,990,999,3640,,,,Килимики для йоги та пілатесу,Коврики для йоги и пилатеса,Yoga & Pilates Mats
988,990,999,3810,,,,Машини для пілатесу,Тренажеры для пилатеса,Pilates Machines
988,990,999,5107,,,,Сумки та ремені для килимка для йоги,Сумки для ковриков для занятий йогой,Yoga Mat Bags & Straps
988,990,999,6743,,,,Рушники для йоги та пілатесу,Полотенца для йоги и пилатеса,Yoga & Pilates Towels
988,990,999,6750,,,,Блоки для йоги та пілатесу,Блоки для йоги и пилатеса,Yoga & Pilates Blocks
988,990,3938,,,,,Медболи,Медицинские мячи,Medicine Balls
988,990,4669,,,,,Килими для спортивного обладнання,Коврики для тренажеров,Exercise Equipment Mats
988,990,5319,,,,,Ролики з пінопласту,Вспененные ролики для упражнений,Foam Rollers
988,990,5693,,,,,Секундоміри,Секундомеры,Stopwatches
988,990,5869,,,,,Еспандери,Резиновые ленты для упражнений,Exercise Bands
988,990,6103,,,,,Одяг з вагами,Утяжеленная одежда,Weighted Clothing
988,990,6337,,,,,Аксесуари для роликів з пінопласту,Принадлежности для спортивных валиков,Foam Roller Accessories
988,990,6337,6338,,,,Сумки для зберігання роликів з пінопласту,Сумки для хранения спортивных валиков,Foam Roller Storage Bags
988,990,6867,,,,,Тренажери для рук,Эспандеры для рук,Hand Exercisers
988,990,7174,,,,,М'ячі для розвитку реакції,Шары для тренировок реакции,Reaction Balls
988,990,8062,,,,,Парашути для тренування швидкості та витривалості,Парашюты для тренировки скорости и силы,Speed & Resistance Parachutes
988,990,8066,,,,,Тренажери з вібраційним навантаженням,Виброплатформы,Vibration Exercise Machines
988,990,8215,,,,,Турніки та бруси для віджимань,Перекладины для отжимания и подтягивания,Push Up & Pull Up Bars
988,990,8471,,,,,Спортивні клини,Треугольные подушки для тренировок,Exercise Wedges
988,990,237166,,,,,Степи для аеробіки,Платформы для аэробики,Aerobic Steps
988,990,355576,,,,,Інверсійні столи та системи,Инверсионные столы и системы,Inversion Tables & Systems
988,990,499792,,,,,Кардіо,Товары для кардиотренировок,Cardio
988,990,499792,2614,,,,Скакалки,Скакалки,Jump Ropes
988,990,499792,4589,,,,Кардіотренажери,Кардиотренажеры,Cardio Machines
988,990,499792,4589,992,,,Еліптичні тренажери,Эллиптические тренажеры,Elliptical Trainers
988,990,499792,4589,994,,,Тренажерні велосипеди,Велотренажеры,Exercise Bikes
988,990,499792,4589,995,,,Веслувальні тренажери,Гребные тренажеры,Rowing Machines
988,990,499792,4589,996,,,Сходолази та степери,Тренажеры-лестницы и степперов,Stair Climbers & Steppers
988,990,499792,4589,996,543610,,Сходолази,Тренажёры-лестницы,Stair Climbers
988,990,499792,4589,996,543611,,Степери для сходів,Степперы,Stair Steppers
988,990,499792,4589,997,,,Бігові доріжки,Беговые дорожки,Treadmills
988,990,499792,4598,,,,Аксесуари для кардіотренажерів,Принадлежности для кардиотренажеров,Cardio Machine Accessories
988,990,499792,4598,499699,,,Аксесуари для бігових доріжок,Принадлежности для беговых дорожек,Treadmill Accessories
988,990,499792,4598,499700,,,Аксесуари для тренажерів-степерів та сходолазів,Принадлежности для тренажеров-лестниц и степперов,Stair Climber & Stepper Accessories
988,990,499792,4598,499701,,,Аксесуари для тренажерів-веслувальників,Принадлежности для гребных тренажеров,Rowing Machine Accessories
988,990,499792,4598,499702,,,Аксесуари для тренажерного велосипеда,Принадлежности для велотренажеров,Exercise Bike Accessories
988,990,499792,4598,499703,,,Аксесуари для еліптичних тренажерів,Принадлежности для эллиптических тренажеров,Elliptical Trainer Accessories
988,990,499793,,,,,Підйом ваги,Товары для тяжелой атлетики,Weight Lifting
988,990,499793,3164,,,,Вільні ваги,Тренажеры со свободным отягощением,Free Weights
988,990,499793,3217,,,,Аксесуари для тренажерів та лавок для підйому ваги,Принадлежности для силовых тренажеров и тренировочных скамей,Weight Lifting Machine & Exercise Bench Accessories
988,990,499793,3542,,,,Тренажери та стійки для підйому ваги,Силовые тренажеры и стойки,Weight Lifting Machines & Racks
988,990,499793,3654,,,,Ремені для підйому ваги,Пояса для тяжелой атлетики,Weight Lifting Belts
988,990,499793,3858,,,,Рукавички та опори для рук для підйому ваги,Перчатки и эластичные бинты для тяжелой атлетики,Weight Lifting Gloves & Hand Supports
988,990,499793,6452,,,,Аксесуари для вільних ваг,Принадлежности для свободных весов,Free Weight Accessories
988,990,499793,6452,3271,,,Грифи для ваг,Грифы для штанг,Weight Bars
988,990,499793,6452,8083,,,Стійки для зберігання вільних ваг,Стеллажи для свободных весов,Free Weight Storage Racks
988,990,499793,6452,499794,,,Замки для грифів,Замки для штанг,Weight Bar Collars
988,990,499795,,,,,Тренажерні лавки,Спортивные скамьи,Exercise Benches
988,990,499796,,,,,Тренажери для тренування рівноваги,Балансировочные тренажеры,Balance Trainers
988,990,499797,,,,,Тренажери для пресу (абс-ролики),Гимнастические колеса и ролики,Ab Wheels & Rollers
988,990,499798,,,,,Тренажери з підвісами,Подвесные системы для тренировок,Suspension Trainers
988,990,499912,,,,,Силові тренажери,Стойки для силовых тренировок,Power Towers
988,990,499978,,,,,Набори тренажерів та спортивного обладнання,Комплекты спортивных тренажеров,Exercise Machine & Equipment Sets
988,990,505302,,,,,Світлові прилади та рефлектори для спортивної безпеки,Отражатели и осветители для занятий спортом,Sport Safety Lights & Reflectors
988,1001,,,,,,Ігри для приміщень,Зальные игры,Indoor Games
988,1001,1002,,,,,Аерохокей,Аэрохоккей,Air Hockey
988,1001,1002,3245,,,,Столи для аерохокею,Столы для аэрохоккея,Air Hockey Tables
988,1001,1002,3548,,,,Деталі столів для аерохокею,Детали столов для аэрохоккея,Air Hockey Table Parts
988,1001,1002,505330,,,,Обладнання для аерохокею,Снаряжение для игры в аэрохоккей,Air Hockey Equipment
988,1001,1003,,,,,Більярд,Бильярд,Billiards
988,1001,1003,3059,,,,Стойки для більярдних куль,Полки для бильярдных шаров,Billiard Ball Racks
988,1001,1003,3135,,,,Більярдні кулі,Бильярдные шары,Billiard Balls
988,1001,1003,3139,,,,Більярдні столи,Бильярдные столы,Billiard Tables
988,1001,1003,3183,,,,Деталі та аксесуари для більярдного столу,Детали и принадлежности для бильярдного стола,Billiard Table Parts & Accessories
988,1001,1003,3183,3547,,,Сукно для більярдного столу,Сукно для бильярдных столов,Billiard Table Cloth
988,1001,1003,3183,3574,,,Більярдні лузи,Бильярдные лузы,Billiard Pockets
988,1001,1003,3183,3754,,,Щітки для більярдного столу,Щетки для чистки бильярдных столов,Billiard Table Brushes
988,1001,1003,3183,8065,,,Покривала для більярдного столу,Чехлы для бильярдных столов,Billiard Table Covers
988,1001,1003,3222,,,,Аксесуари для більярдних кийків,Принадлежности для киев,Billiard Cue Accessories
988,1001,1003,3222,3720,,,Стойки для більярдних кийків,Стойки для киев,Billiard Cue Racks
988,1001,1003,3222,499993,,,Футляри для більярдних кийків,Чехлы для киев,Billiard Cue Cases
988,1001,1003,3222,499994,,,Крейда для більярдних кийків,Мел для киев,Billiard Cue Chalk
988,1001,1003,3469,,,,Світильники для більярдного столу,Лампы для бильярдных столов,Billiard Table Lights
988,1001,1003,3755,,,,Більярдні рукавички,Перчатки для бильярда,Billiard Gloves
988,1001,1003,3910,,,,Більярдні кийки та мостики,Бильярдные кии,Billiard Cues & Bridges
988,1001,1004,,,,,Боулінг,Боулинг,Bowling
988,1001,1004,3219,,,,Кулі для боулінгу,Шары для боулинга,Bowling Balls
988,1001,1004,3260,,,,Опори для зап'ястя для боулінгу,Фиксаторы на запястье для боулинга,Bowling Wrist Supports
988,1001,1004,3535,,,,Рукавички для боулінгу,Перчатки для боулинга,Bowling Gloves
988,1001,1004,3669,,,,Кеглі для боулінгу,Кегли для боулинга,Bowling Pins
988,1001,1004,3698,,,,Сумки для куль боулінгу,Сумки для боулинга,Bowling Ball Bags
988,1001,1005,,,,,Метальні дротики,Товары для игры в дартс,Throwing Darts
988,1001,1005,3327,,,,Деталі для дартсу,Части дротиков для дартса,Dart Parts
988,1001,1005,3327,3109,,,Вісі для дартсу,Основы дротиков для дартса,Dart Shafts
988,1001,1005,3327,3250,,,Наконечники для дартсу,Иглы дротиков для дартса,Dart Tips
988,1001,1005,3327,3766,,,Політки для дартсу,Крылья дротиков для дартса,Dart Flights
988,1001,1005,3559,,,,Мішені для дартсу,Доски для дартса,Dartboards
988,1001,1005,3839,,,,Дартс,Дротики для дартса,Darts
988,1001,1005,3957,,,,Захисні дошки для гри в дартс,Основа для дартса,Dart Backboards
988,1001,1007,,,,,Настільний футбол,Товары для настольного футбола,Foosball
988,1001,1007,3524,,,,Деталі та аксесуари для столу настільного футболу,Детали стола и принадлежности для настольного футбола,Foosball Table Parts & Accessories
988,1001,1007,3641,,,,М'ячі для настільного футболу,Мячики для настольного футбола,Foosball Balls
988,1001,1007,3847,,,,Столи для настільного футболу,Столы для настольного футбола,Foosball Tables
988,1001,1008,,,,,Настільний теніс,Товары для настольного тенниса,Ping Pong
988,1001,1008,3132,,,,Аксесуари для роботів для настільного тенісу,Принадлежности для роботов для настольного тенниса,Ping Pong Robot Accessories
988,1001,1008,3345,,,,Столи для настільного тенісу,Столы для настольного тенниса,Ping Pong Tables
988,1001,1008,3375,,,,Ракетки та набори для настільного тенісу,Ракетки и наборы для настольного тенниса,Ping Pong Paddles & Sets
988,1001,1008,3546,,,,Роботи для настільного тенісу,Роботы для настольного тенниса,Ping Pong Robots
988,1001,1008,3788,,,,Сітки та стовпчики для настільного тенісу,Сетки и стойки для настольного тенниса,Ping Pong Nets & Posts
988,1001,1008,3900,,,,Аксесуари для ракеток для настільного тенісу,Принадлежности для ракеток для настольного тенниса,Ping Pong Paddle Accessories
988,1001,1008,3964,,,,М'ячі для настільного тенісу,Мячики для настольного тенниса,Ping Pong Balls
988,1001,1009,,,,,Столовий шафлборд,Товары для настольного шаффлборда,Table Shuffleboard
988,1001,1009,3148,,,,Столи для шафлборду,Столы для шаффлборда,Shuffleboard Tables
988,1001,1009,3996,,,,Порошок для столового шафлборду,Порошок для настольного шаффлборда,Table Shuffleboard Powder
988,1001,1009,4021,,,,Бітки для столового шафлборду,Шайбы для настольного шаффлборда,Table Shuffleboard Pucks
988,1001,7010,,,,,Багатофункціональні ігрові столи,Универсальные столы для игр,Multi-Game Tables
988,1011,,,,,,Вуличний відпочинок,Товары для отдыха на открытом воздухе,Outdoor Recreation
988,1011,1013,,,,,Кемпінг та Похід,Товары для туристических походов,Camping & Hiking
988,1011,1013,1014,,,,Меблі для кемпінгу,Походная мебель,Camp Furniture
988,1011,1013,1014,3089,,,Дитячі ліжечка,Раскладушки,Cots
988,1011,1013,1014,3695,,,Повітряні матраци,Надувные матрасы,Air Mattresses
988,1011,1013,1014,4451,,,Аксесуари для повітряних матраців та спальних підкладок,Принадлежности для надувных матрасов и ковриков,Air Mattress & Sleeping Pad Accessories
988,1011,1013,1016,,,,Посуд для кемпінгу та столові прибори,Туристическая кухонная и столовая посуда,Camping Cookware & Dinnerware
988,1011,1013,1019,,,,Світло та ліхтарі для кемпінгу,Туристические лампы и фонари,Camping Lights & Lanterns
988,1011,1013,1020,,,,Спальні мішки,Спальные мешки,Sleeping Bags
988,1011,1013,1021,,,,Спальні килимики,Туристические спальные коврики,Sleeping Pads
988,1011,1013,1022,,,,Намети,Палатки,Tents
988,1011,1013,1023,,,,Портативні фільтри та очищувачі для води,Переносные водоочистители,Portable Water Filters & Purifiers
988,1011,1013,3508,,,,Хімічні грілки для рук,Химические грелки для рук,Chemical Hand Warmers
988,1011,1013,3538,,,,Москітні сітки та захисні екрани від комах,Москитные сетки,Mosquito Nets & Insect Screens
988,1011,1013,3738,,,,Трекінгові палиці,Трекинговые палки,Hiking Poles
988,1011,1013,3937,,,,Інструменти для кемпінгу,Туристические инструменты,Camping Tools
988,1011,1013,3937,3495,,,Мисливські та виживальні ножі,Охотничьи ножи,Hunting & Survival Knives
988,1011,1013,3937,4095,,,Багатофункціональні інструменти та ножі,Многофункциональные приборы и ножи,Multifunction Tools & Knives
988,1011,1013,4785,,,,Навігаційні компаси,Навигационные компасы,Navigational Compasses
988,1011,1013,5636,,,,Мішки для компресії,Компрессионные мешки,Compression Sacks
988,1011,1013,5655,,,,Аксесуари для наметів,Принадлежности для палаток,Tent Accessories
988,1011,1013,5655,5656,,,Підкладки для наметів,Дно для палаток,Tent Footprints
988,1011,1013,5655,5657,,,Вестибюлі для наметів,Тамбуры палаток,Tent Vestibules
988,1011,1013,5655,5658,,,Стовпчики та коли для наметів,Колышки и стойки для палаток,Tent Poles & Stakes
988,1011,1013,5655,499680,,,Внутрішні намети,Внутренние палатки,Inner Tents
988,1011,1013,5881,,,,Підкладки для спальних мішків,Вкладыши для спальных мешков,Sleeping Bag Liners
988,1011,1013,7154,,,,Аксесуари для трекінгових палиць,Принадлежности для трекинговых палок,Hiking Pole Accessories
988,1011,1013,8079,,,,Вітрозахисні екрани,Ветрозащитные экраны,Windbreaks
988,1011,1013,502993,,,,Переносні туалети та душі,Переносные туалеты и души,Portable Toilets & Showers
988,1011,1013,502993,502994,,,Переносні душі та кабіни для приватності,Переносные души со шторами,Portable Showers & Privacy Enclosures
988,1011,1013,502993,503009,,,Переносні туалети та пристрої для сечовипускання,Переносные туалеты и устройства для мочеиспускания,Portable Toilets & Urination Devices
988,1011,1025,,,,,Велоспорт,Велоспорт,Cycling
988,1011,1025,1026,,,,Велосипеди,Велосипеды,Bicycles
988,1011,1025,1030,,,,Моноколеса,Одноколесные велосипеды,Unicycles
988,1011,1025,3070,,,,Аксесуари для моноколес,Принадлежности для одноколесных велосипедов,Unicycle Accessories
988,1011,1025,3214,,,,Аксесуари для велосипедів,Велосипедные принадлежности,Bicycle Accessories
988,1011,1025,3214,1027,,,Велосипедні замки,Велосипедные замки,Bicycle Locks
988,1011,1025,3214,1028,,,Передні та задні багажники для велосипедів,Передние и задные велосипедные стойки,Bicycle Front & Rear Racks
988,1011,1025,3214,3243,,,Велосипедні комп'ютери,Велосипедные компьютеры,Bicycle Computers
988,1011,1025,3214,3341,,,Велосипедні кошики,Велосипедные корзинки,Bicycle Baskets
988,1011,1025,3214,3368,,,Велосипедні дзеркала,Велосипедные зеркала,Bicycle Mirrors
988,1011,1025,3214,3428,,,Стійки та місця для зберігання велосипедів,Велосипедные стойки и крепления,Bicycle Stands & Storage
988,1011,1025,3214,3558,,,Сумки та чохли для транспортування велосипедів,Сумки и чехлы для перевозки велосипедов,Bicycle Transport Bags & Cases
988,1011,1025,3214,3631,,,Велосипедні допоміжні колеса,Тренировочные колеса,Bicycle Training Wheels
988,1011,1025,3214,3719,,,Велосипедні крила,Велосипедные крылья,Bicycle Fenders
988,1011,1025,3214,3778,,,Велосипедні сумки та багажники,Велосипедные сумки,Bicycle Bags & Panniers
988,1011,1025,3214,3811,,,Велосипедні причепи,Велосипедные прицепы,Bicycle Trailers
988,1011,1025,3214,3827,,,Насоси для велосипедів,Велосипедные насосы,Bicycle Pumps
988,1011,1025,3214,3868,,,Велосипедні тренажери,Тренировочные стойки,Bicycle Trainers
988,1011,1025,3214,3879,,,Велосипедні дзвоники та гудки,Велосипедные звонки и гудки,Bicycle Bells & Horns
988,1011,1025,3214,4145,,,Велосипедні тримачі для пляшок,Клетки для велосипедов,Bicycle Cages
988,1011,1025,3214,5540,,,Аксесуари для велосипедних комп'ютерів,Принадлежности для велокомпьютеров,Bicycle Computer Accessories
988,1011,1025,3214,5842,,,Дитячі велосипедні сидіння,Детские сиденья для велосипедов,Bicycle Child Seats
988,1011,1025,3214,6048,,,Велосипедні кріплення для дошок водного спорту,Велосипедные багажники для досок для сёрфинга,Bicycle Water Sport Board Racks
988,1011,1025,3214,6442,,,Велосипедні чохли,Чехлы для велосипедов,Bicycle Covers
988,1011,1025,3214,6445,,,Накладки та чохли для велосипедних сідл,Чехлы для велосипедных сидений,Bicycle Saddle Pads & Seat Covers
988,1011,1025,3214,6506,,,Насоси для амортизаторів велосипедів,Ударные велосипедные насосы,Bicycle Shock Pumps
988,1011,1025,3214,7223,,,Велосипедні петлі та затискачі для пальців,Ремешки и туклипсы велосипедных педалей,Bicycle Toe Straps & Clips
988,1011,1025,3214,7448,,,Бусини для велосипедних спиць,Бусины для велосипедных спиц,Bicycle Spoke Beads
988,1011,1025,3214,499694,,,Матеріали та набори для ремонту велосипедних шин,Наборы и материалы для ремонта велосипедных шин,Bicycle Tire Repair Supplies & Kits
988,1011,1025,3214,500067,,,Аксесуари для дитячих велосипедних сидінь,Запчасти и приспособления для детских велосипедных кресел,Bicycle Child Seat Accessories
988,1011,1025,3214,500092,,,Гумки та декор для керма велосипеда,Ручки и украшения для велосипедного руля,Bicycle Handlebar Grips & Decor
988,1011,1025,3214,500109,,,Комплекти для переобладнання велосипедів в електричні,Комплекты для установки электронного привода на велосипед,Electric Bicycle Conversion Kits
988,1011,1025,3214,505668,,,Велосипедні інструменти,Инструменты для ремонта велосипедов,Bicycle Tools
988,1011,1025,3531,,,,Трьохколісні велосипеди,Трехколесные велосипеды,Tricycles
988,1011,1025,3618,,,,Деталі для велосипедів,Детали для велосипедов,Bicycle Parts
988,1011,1025,3618,3216,,,Велосипедні колеса,Велосипедные колеса,Bicycle Wheels
988,1011,1025,3618,3292,,,Велосипедні сідла,Велосипедные седла,Bicycle Saddles
988,1011,1025,3618,3639,,,Рами для велосипедів,Велосипедные рамы,Bicycle Frames
988,1011,1025,3618,3740,,,Деталі гальм велосипедів,Детали тормозных систем велосипедов,Bicycle Brake Parts
988,1011,1025,3618,3740,4574,,Гальмівні етрьови велосипедів,Велосипедные тормозные скобы,Bicycle Brake Calipers
988,1011,1025,3618,3740,4575,,Ручки гальм велосипедів,Велосипедные тормозные рычаги,Bicycle Brake Levers
988,1011,1025,3618,3740,4576,,Гальмівні диски велосипедів,Велосипедные тормозные роторы,Bicycle Brake Rotors
988,1011,1025,3618,3740,4577,,Гальмівні системи велосипедів,Велосипедные тормозные системы,Bicycle Brake Sets
988,1011,1025,3618,4194,,,Підсідельні штирі для велосипедів,Велосипедные седлодержатели,Bicycle Seatposts
988,1011,1025,3618,4571,,,Велосипедні шини,Велосипедные шины,Bicycle Tires
988,1011,1025,3618,4572,,,Велосипедні камери,Велосипедные камеры,Bicycle Tubes
988,1011,1025,3618,4582,,,Велосипедні керма,Велосипедные рули,Bicycle Handlebars
988,1011,1025,3618,4583,,,Виноси велосипедів,Велосипедные выносы руля,Bicycle Stems
988,1011,1025,3618,4585,,,Деталі трансмісії велосипеда,Детали ходовой части велосипеда,Bicycle Drivetrain Parts
988,1011,1025,3618,4585,4586,,Велосипедні касети та вільні колеса,Велосипедные кассеты звездочек,Bicycle Cassettes & Freewheels
988,1011,1025,3618,4585,4587,,Велосипедні ланцюги,Велосипедные цепи,Bicycle Chains
988,1011,1025,3618,4585,4588,,Велосипедні перемикачі передач (перекидки),Велосипедные переключатели передач,Bicycle Derailleurs
988,1011,1025,3618,4585,4590,,Каретки велосипедів,Велосипедные каретки,Bicycle Bottom Brackets
988,1011,1025,3618,4585,4591,,Велосипедні зірки,Велосипедные передние звездочки,Bicycle Chainrings
988,1011,1025,3618,4585,4592,,Велосипедні шатуни,Велосипедные шатуны,Bicycle Cranks
988,1011,1025,3618,4585,4593,,Педалі для велосипедів,Велосипедные педали,Bicycle Pedals
988,1011,1025,3618,4585,4594,,Велосипедні перемикачі передач (манетки),Велосипедные переключатели скоростей,Bicycle Shifters
988,1011,1025,3618,4595,,,Зажими для велосипедних підсідельних штирів,Зажимы велосипедных седлодержателей,Bicycle Seatpost Clamps
988,1011,1025,3618,4596,,,Малі деталі для велосипедів,Мелкие детали для велосипедов,Bicycle Small Parts
988,1011,1025,3618,4597,,,Деталі велосипедних коліс,Детали велосипедного колеса,Bicycle Wheel Parts
988,1011,1025,3618,4597,4599,,Велосипедні втулки,Велосипедные ступицы,Bicycle Hubs
988,1011,1025,3618,4597,4600,,Велосипедні спиці,Велосипедные спицы,Bicycle Spokes
988,1011,1025,3618,4597,4601,,Спицеві гайки велосипедних коліс,Велосипедные ниппели,Bicycle Wheel Nipples
988,1011,1025,3618,4597,4602,,Ободи велосипедних коліс,Ободы велосипедных колес,Bicycle Wheel Rims
988,1011,1025,3618,4597,7538,,Велосипедні педалі,Велосипедные подножки,Bicycle Foot Pegs
988,1011,1025,3618,4597,8528,,Вісі та ексцентрики велосипедних коліс,Оси и эксцентрики для велосипедных колес,Bicycle Wheel Axles & Skewers
988,1011,1025,3618,4597,499875,,Ободні стрічки для велосипедів,Велосипедные ободные ленты,Bicycle Rim Strips
988,1011,1025,3618,4597,500053,,Деталі велосипедних втулок,Детали велосипедных ступиц,Bicycle Hub Parts
988,1011,1025,3618,4603,,,Велосипедні вилки,Велосипедные вилки,Bicycle Forks
988,1011,1025,3618,6960,,,Насадки на кермо велосипеда,Удлинители велосипедных ручек,Bicycle Handlebar Extensions
988,1011,1025,3618,7477,,,Велосипедні рульові колонки,Рулевые колонки велосипедов,Bicycle Headsets
988,1011,1025,3618,7478,,,Деталі велосипедної рульової колонки,Детали для рулевых колонок велосипедов,Bicycle Headset Parts
988,1011,1025,3618,7478,7479,,Проставки для велосипедної рульової колонки,Кольца для рулевых колонок велосипедов,Bicycle Headset Spacers
988,1011,1025,3618,7478,7480,,Підшипники велосипедної рульової колонки,Подшипники для рулевых колонок велосипедов,Bicycle Headset Bearings
988,1011,1025,3618,8239,,,Велосипедні підніжки,Откидные подножки для велосипедов,Bicycle Kickstands
988,1011,1025,3618,499684,,,Втулки для тросів велосипедів,Оболочки велосипедных тросов,Bicycle Cable Housings
988,1011,1025,3618,499685,,,Троси велосипедів,Велосипедные тросы,Bicycle Cables
988,1011,1025,3618,499868,,,Велосипедні групсети,Велосипедные групсеты,Bicycle Groupsets
988,1011,1025,3618,499869,,,Ковпачки для вентилів велосипедних шин,Колпачки для велосипедных вентилей,Bicycle Tire Valve Caps
988,1011,1025,3618,499870,,,Вентилі велосипедних шин,Велосипедные вентили,Bicycle Tire Valves
988,1011,1025,3618,499871,,,Адаптери для вентилів велосипедних шин,Адаптеры для велосипедных вентилей,Bicycle Tire Valve Adapters
988,1011,1025,3634,,,,Аксесуари для трьохколісних велосипедів,Принадлежности для трехколесных велосипедов,Tricycle Accessories
988,1011,1025,3982,,,,Одяг та аксесуари для велоспорту,Экипировка и принадлежности для велосипедного спорта,Cycling Apparel & Accessories
988,1011,1025,3982,1029,,,Велосипедні шоломи,Велосипедные шлемы,Bicycle Helmets
988,1011,1025,3982,3118,,,Велосипедні шипи,Шипы для велотуфель,Bicycle Cleats
988,1011,1025,3982,3246,,,Велосипедні рукавички,Велосипедные перчатки,Bicycle Gloves
988,1011,1025,3982,3272,,,Чохли для велосипедного взуття,Велосипедные бахилы,Bicycle Shoe Covers
988,1011,1025,3982,7474,,,Аксесуари для велосипедних шипів,Принадлежности для шипов для велотуфель,Bicycle Cleat Accessories
988,1011,1025,3982,7474,7453,,Чохли для велосипедних шипів,Крышки для шипов для велотуфель,Bicycle Cleat Covers
988,1011,1025,3982,7474,7475,,Прокладки та клинці для велосипедних шипів,Шайбы и стержни для шипов для велотуфель,Bicycle Cleat Shims & Wedges
988,1011,1025,3982,7474,7476,,Болти для велосипедних шипів,Болты для шипов для велотуфель,Bicycle Cleat Bolts
988,1011,1025,3982,8061,,,Захисні накладки для велосипедів,Щитки для велосипедистов,Bicycle Protective Pads
988,1011,1025,3982,500028,,,Деталі та аксесуари для велосипедного шолома,Запчасти и приспособления для велосипедных шлемов,Bicycle Helmet Parts & Accessories
988,1011,1031,,,,,Кінний спорт,Конный спорт,Equestrian
988,1011,1031,3257,,,,Догляд за конями,Товары для ухода за лошадьми,Horse Care
988,1011,1031,3257,5025,,,Вигрібання коней,Средства для ухода за лошадьми,Horse Grooming
988,1011,1031,3257,5025,6386,,Машинки та тримери для стрижки коней,Триммеры и машинки для стрижки лошадей,Horse Clippers & Trimmers
988,1011,1031,3257,5025,499818,,"Гребені, щітки та рукавички для вигрібання коней","Щетки, гребни и варежки для чистки лошадей","Horse Grooming Combs, Brushes & Mitts"
988,1011,1031,3257,5569,,,Конячі чоботи та бинти,Денниковые бинты и защита ног,Horse Boots & Leg Wraps
988,1011,1031,3257,6898,,,Конячі покривала та пледи,Одеяла для лошадей,Horse Blankets & Sheets
988,1011,1031,3257,7459,,,Вітаміни та добавки для коней,Витамины и добавки для лошадей,Horse Vitamins & Supplements
988,1011,1031,3257,7481,,,Ласощі для коней,Лакомства для лошадей,Horse Treats
988,1011,1031,3257,7482,,,Корм для коней,Корм для лошадей,Horse Feed
988,1011,1031,3257,499817,,,Маски від мух для коней,Москитные маски для лошадей,Horse Fly Masks
988,1011,1031,3257,499819,,,Протигельмінтні засоби для коней,Противоглистные средства для лошадей,Horse Wormers
988,1011,1031,5593,,,,Коняче сідло,Сбруя,Horse Tack
988,1011,1031,5593,1491,,,Стяжки,Подпруги,Cinches
988,1011,1031,5593,1754,,,Вожжі,Поводья,Reins
988,1011,1031,5593,2210,,,Сідла,Сёдла,Saddles
988,1011,1031,5593,2756,,,Конячі упряжки,Упряжь,Horse Harnesses
988,1011,1031,5593,3426,,,Вуздечки,Уздечки,Bridles
988,1011,1031,5593,4018,,,Вустя для вуздечок,Удила,Bridle Bits
988,1011,1031,5593,8109,,,Стремена,Стремена,Stirrups
988,1011,1031,5593,499709,,,Поводири для коней,Поводья для лошадей,Horse Leads
988,1011,1031,5593,499710,,,Конячі намордники,Недоуздки для лошадей,Horse Halters
988,1011,1031,5594,,,,Одяг та аксесуари для верхової їзди,Экипировка и принадлежности для верховой езды,Riding Apparel & Accessories
988,1011,1031,5594,3084,,,Рукавички для верхової їзди,Перчатки для конного спорта,Equestrian Gloves
988,1011,1031,5594,3265,,,Верхові батоги та хорти,Стеки и кнуты для верховой езды,Riding Crops & Whips
988,1011,1031,5594,3821,,,Каски для верхової їзди,Шлемы для конного спорта,Equestrian Helmets
988,1011,1031,5594,6914,,,Верхові штани,Брюки для верховой езды,Riding Pants
988,1011,1031,7215,,,,Аксесуари для конячого сідла,Принадлежности для сбруи,Horse Tack Accessories
988,1011,1031,7215,8107,,,Аксесуари для сідел,Принадлежности для сёдел,Saddle Accessories
988,1011,1031,7215,8107,7216,,Стійки для сідла,Седельные сумки,Saddle Racks
988,1011,1031,7215,8107,8108,,Підкладки та покривала для сідла,Вальтрапы и потники,Saddle Pads & Blankets
988,1011,1031,7215,8107,326122,,Сумки для сідла та багажники,Седельные сумки и корзины,Saddle Bags & Panniers
988,1011,1031,7215,8107,499959,,Чохли та кейси для сідла,Чехлы для седел,Saddle Covers & Cases
988,1011,1031,7215,499820,,,Ящики для кінського спорядження,Ящики для сбруи,Horse Tack Boxes
988,1011,1043,,,,,Гольф,Гольф,Golf
988,1011,1043,1044,,,,Гольф-сумки,Сумки для гольфа,Golf Bags
988,1011,1043,1045,,,,Гольф-м'ячі,Мячи для гольфа,Golf Balls
988,1011,1043,1046,,,,Гольф-клуби,Клюшки для гольфа,Golf Clubs
988,1011,1043,3106,,,,Гольф-ті,Стойки для мячей для гольфа,Golf Tees
988,1011,1043,3578,,,,Гольф-прапори,Флажки для гольфа,Golf Flags
988,1011,1043,3642,,,,Деталі та аксесуари для гольф-клубів,Принадлежности и детали для клюшек для гольфа,Golf Club Parts & Accessories
988,1011,1043,3642,4043,,,Чохли для головок гольф-клубів,Чехлы для битков клюшек для гольфа,Golf Club Headcovers
988,1011,1043,3642,4254,,,Рукоятки для гольф-клубів,Ручки клюшек для гольфа,Golf Club Grips
988,1011,1043,3642,499780,,,Втулки для гольф-клубів,Стержни для клюшек для гольфа,Golf Club Shafts
988,1011,1043,3772,,,,Тренувальні пристрої для гольфу,Тренировочные приспособления для гольфа,Golf Training Aids
988,1011,1043,4466,,,,Гольф-рукавички,Перчатки для гольфа,Golf Gloves
988,1011,1043,4467,,,,Гольф-рушники,Полотенца для гольфа,Golf Towels
988,1011,1043,4605,,,,Аксесуари для гольф-сумок,Принадлежности для сумок для гольфа,Golf Bag Accessories
988,1011,1043,4605,4525,,,Чохли та кейси для гольф-сумок,Сумки и чехлы для мячей для гольфа,Golf Bag Covers & Cases
988,1011,1043,4605,4537,,,Візки для гольф-сумок,Тележки для гольфа,Golf Bag Carts
988,1011,1043,6864,,,,Маркери для гольф-м'ячів,Маркеры для мячей для гольфа,Golf Ball Markers
988,1011,1043,7314,,,,Набори аксесуарів для гольфу,Наборы принадлежностей для гольфа,Golf Accessory Sets
988,1011,1043,8044,,,,Інструмент відновлення дерену,Вилки для гольфа,Divot Tools
988,1011,3276,,,,,Скейтбординг,Товары для скейтбординга,Skateboarding
988,1011,3276,1059,,,,Скейтборди,Скейтборды,Skateboards
988,1011,3276,3067,,,,Захисне спорядження для скейтбордингу,Защитное снаряжение для скейтбордистов,Skateboarding Protective Gear
988,1011,3276,3067,3488,,,Наколінники для скейтбордингу,Защитные накладки для скейтбординга,Skateboarding Pads
988,1011,3276,3067,7789,,,Рукавички для скейтбордингу,Перчатки для скейтбординга,Skateboarding Gloves
988,1011,3276,3067,499776,,,Шоломи для ковзанів,Шлемы для скейтбординга,Skate Helmets
988,1011,3276,3127,,,,Рейки для скейтбордінгу,Направляющие для скейта,Skate Rails
988,1011,3276,3626,,,,Скейтборд-рампи,Рампы для скейта,Skate Ramps
988,1011,3276,3670,,,,Деталі для скейтбордів,Детали для скейтбордов,Skateboard Parts
988,1011,3276,3670,3192,,,Підвіски для скейтбордів,Подвески для скейтбордов,Skateboard Trucks
988,1011,3276,3670,3637,,,Колеса для скейтбордів,Колёса для скейтбордов,Skateboard Wheels
988,1011,3276,3670,3869,,,Деки для скейтбордів,Доски для скейтбордов,Skateboard Decks
988,1011,3276,3670,505817,,,Малі деталі для скейтбордів,Мелкие детали для скейтбордов,Skateboard Small Parts
988,1011,3334,,,,,Риболовля,Товары для рыбной ловли,Fishing
988,1011,3334,1037,,,,Рибальські вудки та поводки,Рыболовная леска и поводки,Fishing Lines & Leaders
988,1011,3334,1041,,,,Сумки та коробки для риболовного спорядження,Сумки и коробки для рыболовных снастей,Tackle Bags & Boxes
988,1011,3334,3096,,,,Жива наживка,Живая приманка,Live Bait
988,1011,3334,3614,,,,Рибальські сіті,Рыболовные сети,Fishing Nets
988,1011,3334,4926,,,,Рибальські котушки,Рыболовные катушки,Fishing Reels
988,1011,3334,4927,,,,Вудки,Удочки,Fishing Rods
988,1011,3334,5406,,,,Рибальські та мисливські чоботи-вейдерси,Сапоги для рыбалки и охоты,Fishing & Hunting Waders
988,1011,3334,6495,,,,Контейнери для рибальської наживки та прикормки,Контейнеры для рыболовных наживок и приманок,Fishing Bait & Chum Containers
988,1011,3334,7217,,,,Матеріали для в'язання мух,Материалы для вязания мушек,Fly Tying Materials
988,1011,3334,7217,6440,,,Риболовна нитка,Рыболовная пряжа,Fishing Yarn
988,1011,3334,7217,7125,,,Рибальські намистини,Рыболовные бусы,Fishing Beads
988,1011,3334,7221,,,,Риболовні сітки,Рыболовные садки,Fishing Traps
988,1011,3334,7342,,,,Рибальські гафи,Рыболовные багры,Fishing Gaffs
988,1011,3334,7343,,,,Риболовні списи,Рыболовные копья,Fishing Spears
988,1011,3334,7344,,,,Інструменти для видалення рибальських гачків,Инструменты для извлечения рыболовных крючков,Fishing Hook Removal Tools
988,1011,3334,8064,,,,Сигналізатори покльовки,Сигнализаторы поклевки,Bite Alarms
988,1011,3334,8092,,,,Аксесуари для рибальських котушок,Принадлежности для рыболовных катушек,Fishing Reel Accessories
988,1011,3334,8092,8094,,,Змащувальні матеріали для рибальських котушок,Смазка для рыболовных катушек,Fishing Reel Lubricants
988,1011,3334,8092,8208,,,Запасні шпулі для рибальських котушок,Сменные рыболовные катушки,Fishing Reel Replacement Spools
988,1011,3334,8092,8273,,,Сумки та чохли для рибальських котушок,Сумки и чехлы для рыболовных катушек,Fishing Reel Bags & Cases
988,1011,3334,8093,,,,Аксесуари для вудки,Принадлежности для удочек,Fishing Rod Accessories
988,1011,3334,8093,8272,,,Сумки та чохли для вудок,Сумки и чехлы для удочек,Fishing Rod Bags & Cases
988,1011,3334,8093,499942,,,Тримачі та стійки для зберігання вудок,Подставки и стеллажи для удочек,Fishing Rod Holders & Storage Racks
988,1011,3334,499823,,,,Риболовні снасті,Рыболовные снасти,Fishing Tackle
988,1011,3334,499823,3359,,,Рибальські гачки,Рыболовные крючки,Fishing Hooks
988,1011,3334,499823,3603,,,Рибальські наживки та приманки,Наживка и приманка для рыбной ловли,Fishing Baits & Lures
988,1011,3334,499823,3651,,,Грузила для риболовлі,Рыболовные грузила,Fishing Sinkers
988,1011,3334,499823,3859,,,Рибальські поплавки,Рыболовные поплавки,Fishing Floats
988,1011,3334,499823,7222,,,Застібки та вертлюги для риболовлі,Рыболовные застежки и вертлюги,Fishing Snaps & Swivels
988,1011,3789,,,,,Дельтапланеризм та парашутний спорт,Товары для дельтапланеризма и прыжков с парашютом,Hang Gliding & Skydiving
988,1011,3789,4023,,,,Парашути,Парашюты,Parachutes
988,1011,3789,4327,,,,Дельтаплани,Дельтапланы,Hang Gliders
988,1011,3789,5877,,,,Костюми для стрибків з парашутом,Костюмы для воздушного спорта,Air Suits
988,1011,5635,,,,,Системи зволоження,Рюкзаки-водопойки,Hydration Systems
988,1011,5879,,,,,Самокати для їзди,Самокаты и скутеры для катания,Riding Scooters
988,1011,5998,,,,,Аксесуари для системи зволоження,Принадлежности для питьевых систем,Hydration System Accessories
988,1011,7059,,,,,Альпінізм,Скалолазание,Climbing
988,1011,7059,3201,,,,Сумки для альпіністських мотузок,Чехлы для веревок,Climbing Rope Bags
988,1011,7059,3211,,,,Сумки для мелу в альпінізмі,Мешочки для магнезии,Climbing Chalk Bags
988,1011,7059,3218,,,,Страхувальні системи для альпінізму,Страховочные системы,Climbing Harnesses
988,1011,7059,3266,,,,Засоби захисту для альпінізму,Защитная экипировка для альпинизма,Climbing Protection Devices
988,1011,7059,3322,,,,Захисні матраци для альпінізму,Амортизирующие прокладки для скалолазания,Climbing Crash Pads
988,1011,7059,3363,,,,Блокувальні пристрої,Страховочные приспособления,Belay Devices
988,1011,7059,3369,,,,Альпіністські стропи,Альпинистские ленты,Climbing Webbing
988,1011,7059,3454,,,,Пристрої для підйому та спуску в альпінізмі,Жумары и спусковые устройства для скалолазания,Climbing Ascenders & Descenders
988,1011,7059,3518,,,,Устаткування для внутрішнього альпінізму,Зацепы для скалодрома,Indoor Climbing Holds
988,1011,7059,3746,,,,Карабіни,Карабины,Carabiners
988,1011,7059,3825,,,,Альпіністські мотузки,Веревки для альпинизма,Climbing Rope
988,1011,7059,3849,,,,Карабіни з експрес-слингом,Оттяжки,Quickdraws
988,1011,7059,7060,,,,Інструменти для льодового альпінізму,Инструменты для ледолазания,Ice Climbing Tools
988,1011,7059,7061,,,,Льодові гвинти,Альпинистские ледобуры,Ice Screws
988,1011,7059,499815,,,,Одяг та аксесуари для альпінізму,Снаряжение и принадлежности для скалолазания,Climbing Apparel & Accessories
988,1011,7059,499815,3314,,,Шоломи для альпінізму,Защитные каски для скалолазания,Climbing Helmets
988,1011,7059,499815,5394,,,Кішені,Альпинистские кошки,Crampons
988,1011,7059,499815,499816,,,Рукавички для альпінізму,Перчатки для скалолазания,Climbing Gloves
988,1011,7375,,,,,Катання на баггі з паперовим змієм,Лендкайтинг,Kite Buggying
988,1011,7375,7376,,,,Баггі для паперових зміїв,Багги для лендкайтинга,Kite Buggies
988,1011,7375,7377,,,,Аксесуари для баггі для паперових зміїв,Принадлежности для лендкайтинга,Kite Buggy Accessories
988,1011,499761,,,,,Інлайн ковзання та роликовий спорт,Товары для катания на роликовых коньках,Inline & Roller Skating
988,1011,499761,1058,,,,Інлайн ковзани,Роликовые коньки,Inline Skates
988,1011,499761,2837,,,,Роликові ковзани,Двухрядные ролики,Roller Skates
988,1011,499761,499759,,,,Деталі для інлайн ковзанів,Детали для роликовых коньков вида инлайн,Inline Skate Parts
988,1011,499761,499760,,,,Запчастини для роликових ковзанів,Детали для роликовых коньков вида квад,Roller Skate Parts
988,1011,499761,499771,,,,Захисне спорядження для інлайн ковзання та роликового спорту,Защитная экипировка для катания на роликовых коньках,Inline & Roller Skating Protective Gear
988,1011,499761,499771,499775,,,Захисні накладки для роликового ковзання,Защитные накладки для катания на роликовых коньках,Roller Skating Pads
988,1011,499761,500029,,,,Ролерські,Лыжероллеры,Roller Skis
988,1011,499811,,,,,Водний спорт та веслування,Гребля и водные виды спорта,Boating & Water Sports
988,1011,499811,1120,,,,Веслування та рафтинг,Товары для гребли и рафтинга,Boating & Rafting
988,1011,499811,1120,1124,,,Каное,Каноэ,Canoes
988,1011,499811,1120,1127,,,Каяки,Байдарки,Kayaks
988,1011,499811,1120,1129,,,Весла та гребці,Вёсла,Paddles & Oars
988,1011,499811,1120,3406,,,Веслові човни,Гребные лодки,Row Boats
988,1011,499811,1120,3476,,,Байдарки для білого водного сплаву,Плоты для сплава по бурным рекам,Whitewater Rafts
988,1011,499811,1120,6097,,,Педальні човни,Водные велосипеды,Pedal Boats
988,1011,499811,1120,6312,,,Аксесуари для каяків,Принадлежности для байдарок,Kayak Accessories
988,1011,499811,1120,6314,,,Аксесуари для каное,Принадлежности для каноэ,Canoe Accessories
988,1011,499811,1120,7449,,,Рукавички для веслування,Перчатки для гребли,Boating Gloves
988,1011,499811,1120,499964,,,Ремені для весел,Тросы для весел,Paddle Leashes
988,1011,499811,1135,,,,Дайвінг та снорклінг,Товары для дайвинга и сноркелинга,Diving & Snorkeling
988,1011,499811,1135,1136,,,Компенсатори плавучості,Компенсаторы плавучести,Buoyancy Compensators
988,1011,499811,1135,1137,,,Дайвінгові комп'ютери,Компьютеры для дайвинга,Dive Computers
988,1011,499811,1135,1139,,,Ласти для дайвінгу та снорклінгу,Ласты для дайвинга и сноркелинга,Diving & Snorkeling Fins
988,1011,499811,1135,1140,,,Маски для дайвінгу та снорклінгу,Маски для дайвинга и сноркелинга,Diving & Snorkeling Masks
988,1011,499811,1135,1141,,,Регулятори для дайвінгу,Регуляторы для дайвинга,Diving Regulators
988,1011,499811,1135,1142,,,Трубки для підводного плавання,Трубки для сноркелинга,Snorkels
988,1011,499811,1135,5312,,,Ножі та ножиці для дайвінгу,Водолазные ножи,Diving Knives & Shears
988,1011,499811,1135,6514,,,Пояси для дайвінгу,Пояса для дайвинга,Diving Belts
988,1011,499811,1135,499867,,,Комплекти спорядження для дайвінгу та снорклінгу,Комплекты оборудования для дайвинга и сноркелинга,Diving & Snorkeling Equipment Sets
988,1011,499811,1143,,,,Серфінг,Товары для сёрфинга,Surfing
988,1011,499811,1143,3320,,,Дошки для серфінгу,Доски для сёрфинга,Surfboards
988,1011,499811,1143,3525,,,Плавники для серфінгу,Плавники для сёрфинговых досок,Surfboard Fins
988,1011,499811,1143,3579,,,Чохли та сумки для серфінгу,Футляры для сёрфинговых досок,Surfboard Cases & Bags
988,1011,499811,1143,3649,,,Повідки для серфінгу,Ремешки для сёрфинговых досок,Surf Leashes
988,1011,499811,1143,3762,,,Хвостові накладки для серфінгу,Хвостовые накладки для сёрфинга,Surfing Tail Pads
988,1011,499811,1143,3801,,,Воск для серфінгу,Воск для сёрфинговых досок,Surfboard Wax
988,1011,499811,1143,6286,,,Скімборди,Доски для сёрфинга по мелководью,Skimboards
988,1011,499811,1143,6287,,,Бодіборди,Доски для бодисёрфинга,Bodyboards
988,1011,499811,1143,6288,,,Сапборди,Пэдлборды,Paddleboards
988,1011,499811,1143,7451,,,Рукавички для серфінгу,Перчатки для сёрфинга,Surfing Gloves
988,1011,499811,1144,,,,Плавання,Товары для плавания,Swimming
988,1011,499811,1144,2966,,,Плавальні дошки,Доски для плавания,Kickboards
988,1011,499811,1144,3304,,,Купальні рукавички,Перчатки для плавания,Swim Gloves
988,1011,499811,1144,3360,,,Купальні окуляри та маски,Очки для плавания,Swim Goggles & Masks
988,1011,499811,1144,3595,,,Поплавки та буї,Колобашки для плавания,Pull Buoys
988,1011,499811,1144,3596,,,Тренажери для плавання,Машины для плавания,Swimming Machines
988,1011,499811,1144,3807,,,Купальні шапочки,Шапочки для плавания,Swim Caps
988,1011,499811,1144,6330,,,Аксесуари для купальних окулярів та масок,Принадлежности для масок и очков для плавания,Swim Goggle & Mask Accessories
988,1011,499811,1144,6473,,,Ручні весла,Лопатки для плавания,Hand Paddles
988,1011,499811,1144,6511,,,Ласти для плавання,Ласты,Swimming Fins
988,1011,499811,1144,6511,2512,,Тренувальні ласті,Тренировочные ласты,Training Fins
988,1011,499811,1144,6511,6512,,Моно-плавники,Моноласты,Monofins
988,1011,499811,1144,6513,,,Пояси для плавання,Пояса для плавания,Swim Belts
988,1011,499811,1144,6515,,,Затискачі для носа для плавання,Носовые зажимы для пловцов,Swimming Nose Clips
988,1011,499811,1144,6550,,,Купальні ваги,Грузы для плавания,Swim Weights
988,1011,499811,1144,7104,,,Плавальні допоміжні засоби для дітей,Средства для обучения детей плаванию,Child Swimming Aids
988,1011,499811,1148,,,,Віндсерфінг,Товары для виндсёрфинга,Windsurfing
988,1011,499811,1148,3413,,,Вітрила для віндсерфінгу,Паруса для виндсёрфинга,Windsurfing Sails
988,1011,499811,1148,3624,,,Деталі до дошок для віндсерфінгу,Детали для виндсёрфинговых досок,Windsurfing Board Parts
988,1011,499811,1148,3624,3285,,Мачти для віндсерфінгу,Мачты для виндсёрфинговых досок,Windsurfing Board Masts
988,1011,499811,1148,3624,3908,,Плавники для віндсерфінгу,Плавники для виндсёрфинговых досок,Windsurfing Board Fins
988,1011,499811,1148,3894,,,Дошки для віндсерфінгу,Доски для виндсёрфинга,Windsurfing Boards
988,1011,499811,3195,,,,Буксирні водні види спорту,Буксирный водный спорт,Towed Water Sports
988,1011,499811,3195,1146,,,Катання на водних лижах,Товары для катания на водных лыжах,Water Skiing
988,1011,499811,3195,1146,3289,,Гідрокрила для сидіння,Гидрофойлы,Sit-Down Hydrofoils
988,1011,499811,3195,1146,3350,,Водні лижі,Водные лыжи,Water Skis
988,1011,499811,3195,1146,6296,,Чохли та сумки для водних лиж,Сумки и чехлы для водных лыж,Water Ski Cases & Bags
988,1011,499811,3195,1146,6302,,Кріплення для водних лиж,Крепления для водных лыж,Water Ski Bindings
988,1011,499811,3195,3282,,,Вейкбординг,Вейкбординг,Wakeboarding
988,1011,499811,3195,3282,3353,,Вейкборди,Вейкборды,Wakeboards
988,1011,499811,3195,3282,505291,,Деталі для вейкбордів,Детали для вейкбордов,Wakeboard Parts
988,1011,499811,3195,3282,505317,,Кріплення для кайтбордів та вейкбордів,Крепления для кайтбордов и вейкбордов,Kiteboard & Wakeboard Bindings
988,1011,499811,3195,3370,,,Кнібординг,Нибординг,Kneeboarding
988,1011,499811,3195,3370,3101,,Кніборди,Ниборды,Kneeboards
988,1011,499811,3195,3636,,,Троси для водних видів спорту,Буксирные тросы для водного спорта,Water Sport Tow Cables
988,1011,499811,3195,6301,,,Буксирувані плоти та труби,Прицепные плоты и водные круги,Towable Rafts & Tubes
988,1011,499811,3195,7452,,,Рукавички для водних видів спорту з буксиром,Перчатки для буксирного водного спорта,Towed Water Sport Gloves
988,1011,499811,5579,,,,Кайтсерфінг,Товары для кайтсёрфинга,Kitesurfing
988,1011,499811,5579,5580,,,Кайтборди,Кайтборды,Kiteboards
988,1011,499811,5579,5581,,,Деталі для кайтбордів,Детали для кайтбордов,Kiteboard Parts
988,1011,499811,5579,5582,,,Кайти для кайтсерфінгу,Кайты для кайтсёрфинга,Kitesurfing Kites
988,1011,499811,5579,5583,,,Трапеції для кайтсерфінгу та віндсерфінгу,Трапеции для кайтсёрфинга и винсёрфинга,Kitesurfing & Windsurfing Harnesses
988,1011,499811,5579,5584,,,Чохли для кайтбордів,Чехлы для кайтбордов,Kiteboard Cases
988,1011,499811,7178,,,,Стелажі для зберігання водного транспорту,Стеллажи для хранения плавсредств,Watercraft Storage Racks
988,1011,499811,7178,8172,,,Стелажі для зберігання човнів,Стеллажи для хранения лодок,Boat Storage Racks
988,1011,499811,7178,8173,,,Стелажі для зберігання дошок для водних видів спорту,Стеллажи для хранения досок для водных видов спорта,Water Sport Board Storage Racks
988,1011,499811,499813,,,,Одяг для водного спорту та веслування,Одежда для гребли и водных видов спорта,Boating & Water Sport Apparel
988,1011,499811,499813,1128,,,Рятувальні жилети,Спасательные жилеты,Life Jackets
988,1011,499811,499813,1138,,,Сухі костюми,Гидротермокостюмы,Drysuits
988,1011,499811,499813,1147,,,Гідрокостюми,Гидрокостюмы,Wetsuits
988,1011,499811,499813,3376,,,Рашгарди та плавальні сорочки,Рашгарды,Rash Guards & Swim Shirts
988,1011,499811,499813,6496,,,Аксесуари для рятувальних жилетів,Принадлежности для спасательных жилетов,Life Jacket Accessories
988,1011,499811,499813,499687,,,Шоломи для водних видів спорту,Шлемы для водных видов спорта,Water Sport Helmets
988,1011,499811,499813,499814,,,Частини гідрокостюма,Части гидрокостюмов,Wetsuit Pieces
988,1011,499811,499813,499814,5399,,"Капюшони, рукавички та чоботи для гідрокостюма","Шлемы, перчатки и боты для гидрокостюмов","Wetsuit Hoods, Gloves & Boots"
988,1011,499811,499813,499814,5400,,Нижня частина гідрокостюма,Штаны гидрокостюмов,Wetsuit Bottoms
988,1011,499811,499813,499814,5401,,Верхня частина гідрокостюма,Куртки гидрокостюмов,Wetsuit Tops
988,1011,499824,,,,,Мисливство та стрілянина,Товары для охоты и стрельбы,Hunting & Shooting
988,1011,499824,1033,,,,Стрільба з лука,Товары для стрельбы из лука,Archery
988,1011,499824,1033,3291,,,Деталі та аксесуари для стріл,Принадлежности и части стрел,Arrow Parts & Accessories
988,1011,499824,1033,3291,499830,,Оперення та полювальні наконечники,Спортивные и охотничьи наконечники для стрел,Broadheads & Field Points
988,1011,499824,1033,3291,499831,,Оперення стріл,Оперение стрел,Arrow Fletchings
988,1011,499824,1033,3291,499832,,Защіпки стріл,Хвостовики стрел,Arrow Nocks
988,1011,499824,1033,3533,,,Стріли для луку та арбалету,Стрелы для луков и арбалетов,Arrows & Bolts
988,1011,499824,1033,3757,,,Колчани,Колчаны,Quivers
988,1011,499824,1033,3773,,,Захисні нарукавники для стрільби з лука,Защита для рук при стрельбе из лука,Archery Armguards
988,1011,499824,1033,3883,,,Мішені для стрільби з лука,Мишени для стрельбы из лука,Archery Targets
988,1011,499824,1033,499825,,,Луки та арбалети,Луки и арбалеты,Bows & Crossbows
988,1011,499824,1033,499825,3332,,Блочні луки,Блочные луки,Compound Bows
988,1011,499824,1033,499825,3505,,Арбалети,Арбалеты,Crossbows
988,1011,499824,1033,499825,3715,,Блокові та довгі луки,Длинные луки,Recurve & Longbows
988,1011,499824,1033,499826,,,Аксесуари для лука та арбалета,Принадлежности для луков и арбалетов,Bow & Crossbow Accessories
988,1011,499824,1033,499833,,,Рукавички та випускачі для стрільби з лука,Перчатки и спусковые механизмы для стрельбы из лука,Archery Gloves & Releases
988,1011,499824,3125,,,,Стрільба по глиняним голубам,Товары для стендовой стрельбы,Clay Pigeon Shooting
988,1011,499824,3125,3305,,,Машинки для запуску глиняних голубів,Машины для запуска тарелочек,Clay Pigeon Throwers
988,1011,499824,3125,3528,,,Глиняні голуби,Тарелочки для стендовой стрельбы,Clay Pigeons
988,1011,499824,3136,,,,Мисливство,Товары для охоты,Hunting
988,1011,499824,3136,1034,,,Мисливські засідки та екрани,Охотничья маскировка,Hunting Blinds & Screens
988,1011,499824,3136,3674,,,Пастки для тварин,Капканы,Animal Traps
988,1011,499824,3136,3748,,,Підставки для дерев,Лабазы,Tree Stands
988,1011,499824,3136,5917,,,Спорядження для мисливських собак,Снаряжение для охотничьих собак,Hunting Dog Equipment
988,1011,499824,3136,6992,,,Кормушки для дикої звірини,Кормушки для диких животных,Wild Game Feeders
988,1011,499824,3136,7373,,,Пристрої для покращення слуху,Наушники с усилителями звука,Hearing Enhancers
988,1011,499824,3136,8011,,,Приваблювачі дикої фауни,Аттрактанты для диких животных,Wildlife Attractants
988,1011,499824,3136,8011,3583,,Мисливські манекени та приманки,Приманки для охоты,Hunting & Wildlife Decoys
988,1011,499824,3136,8011,3756,,Мисливські сигнали та птахівництво,Манки для охоты,Hunting & Wildlife Calls
988,1011,499824,3136,8011,8080,,Покривні аромати та привабливі запахи,Маскирующие запахи и аттрактанты,Cover Scents & Scent Attractants
988,1011,499824,3136,8011,8081,,"Приманка, корм та мінерали для дикої фауни","Приманка, корм и минералы для диких животных","Wildlife Bait, Feed & Minerals"
988,1011,499824,7460,,,,Захисне спорядження для мисливства та стрілянини,Защитная экипировка для охоты и стрельбы,Hunting & Shooting Protective Gear
988,1011,499824,7460,7461,,,Мисливські та стрілецькі рукавички,Перчатки для охоты и стрельбы,Hunting & Shooting Gloves
988,1011,499824,7460,7518,,,Мисливські та стрілецькі куртки,Куртки для охоты и стрельбы,Hunting & Shooting Jackets
988,1011,499824,499834,,,,Пейнтбол та ейрсофт,Товары для пейнтбола и страйкбола,Paintball & Airsoft
988,1011,499824,499834,1049,,,Пейнтбол,Пейнтбол,Paintball
988,1011,499824,499834,1049,3187,,Запчастини та аксесуари для пейнтбольної рушниці,Детали и принадлежности для пейнтбольного оружия,Paintball Gun Parts & Accessories
988,1011,499824,499834,1049,3187,3152,Подавачі для пейнтболу,Магазины для пейнтбола,Paintball Hoppers
988,1011,499824,499834,1049,3187,3244,Пневматичні балони для пейнтболу,Баллоны для пейнтбола,Paintball Air Tanks
988,1011,499824,499834,1049,3187,3690,Стволи для пейнтбольної рушниці,Орудийный ствол для пейнтбола,Paintball Gun Barrels
988,1011,499824,499834,1049,3187,8514,Передні рукоятки для пейнбольних рушниць,Выносы для пейнтбольного оружия,Paintball Gun Drop Forwards
988,1011,499824,499834,1049,3234,,Рушниці для пейнтболу,Пейнтбольное оружие,Paintball Guns
988,1011,499824,499834,1049,3408,,Гранати для пейнтболу,Гранаты для пейнтбола,Paintball Grenades
988,1011,499824,499834,1049,3438,,Кулі для пейнтболу,Пейнтбольные шарики,Paintballs
988,1011,499824,499834,1049,6748,,Гранатомети для пейнтболу,Пейнтбольные гранатометы,Paintball Grenade Launchers
988,1011,499824,499834,1049,6781,,Пояси та рюкзаки для пейнтболу,Пейнтбольные рюкзаки и разгрузочные жилеты,Paintball Harnesses & Packs
988,1011,499824,499834,2443,,,Ейрсофт,Страйкбол,Airsoft
988,1011,499824,499834,2443,3093,,Ейрсофт гармати,Оружие для страйкбола,Airsoft Guns
988,1011,499824,499834,2443,3116,,Запчастини та аксесуари для ейрсофт гармат,Детали и принадлежности для страйкбольного оружия,Airsoft Gun Parts & Accessories
988,1011,499824,499834,2443,3116,8005,Батареї для ейрсофт гармат,Батареи для страйкбольного оружия,Airsoft Gun Batteries
988,1011,499824,499834,2443,3925,,Ейрсофтні кульки,Пули для страйкбольного оружия,Airsoft Pellets
988,1011,499824,499834,499835,,,Захисне спорядження для пейнтболу та страйкболу,Защитное снаряжение для пейнтбола и страйкбола,Paintball & Airsoft Protective Gear
988,1011,499824,499834,499835,499836,,Рукавички для пейнтболу та ейрсофту,Перчатки для пейнтбола и страйкбола,Paintball & Airsoft Gloves
988,1011,499824,499834,499835,499837,,Жилети для пейнтболу та страйкболу,Жилеты для пейнтбола и страйкбола,Paintball & Airsoft Vests
988,1011,499824,499834,499835,499838,,Окуляри та маски для пейнтболу та ейрсофту,Защитные очки и маски для пейнтбола,Paintball & Airsoft Goggles & Masks
988,1011,499824,499834,499835,499839,,Наколінники та налікотники для пейнтболу та ейрсофту,Накладки для пейнтбола и страйкбола,Paintball & Airsoft Pads
988,1011,499824,499840,,,,Аксесуари для стрільби та полігону,Принадлежности для стрельбы и полигонов,Shooting & Range Accessories
988,1011,499824,499840,3170,,,Мішені для стрільби,Мишени,Shooting Targets
988,1011,499824,499840,499841,,,Палиці та двоноги для стрільби,Упоры и подставки для стрельбы,Shooting Sticks & Bipods
988,1011,499824,499840,499842,,,Підставки для стрільби,Станки для стрельбы,Shooting Rests
988,1011,499844,,,,,Зимові види спорту та активності,Товары для зимних видов спорта и игр,Winter Sports & Activities
988,1011,499844,1166,,,,Прогулянка на снігоступах,Ходьба на снегоступах,Snowshoeing
988,1011,499844,1166,3064,,,Снігоступи,Снегоступы,Snowshoes
988,1011,499844,1166,3073,,,Кріплення для снігоступів,Крепления для снегоступов,Snowshoe Bindings
988,1011,499844,7539,,,,Санчата,Сани и нарты,Sleds
988,1011,499844,499845,,,,Лижний спорт та сноубординг,Товары для лыжного спорта и сноубординга,Skiing & Snowboarding
988,1011,499844,499845,1157,,,Лижні палиці,Лыжные палки,Ski Poles
988,1011,499844,499845,1161,,,Шоломи для лиж та сноубордів,Шлемы для лыж и сноуборда,Ski & Snowboard Helmets
988,1011,499844,499845,1162,,,Кріплення для сноуборда,Крепления для сноуборда,Snowboard Bindings
988,1011,499844,499845,1163,,,Чоботи для сноуборду,Ботинки для сноубординга,Snowboard Boots
988,1011,499844,499845,1164,,,Сноуборди,Доски для сноубординга,Snowboards
988,1011,499844,499845,3550,,,Лижні та сноубордні окуляри,Очки для лыж и сноуборда,Ski & Snowboard Goggles
988,1011,499844,499845,5088,,,Деталі кріплень для сноуборда,Детали креплений для сноубордов,Snowboard Binding Parts
988,1011,499844,499845,6062,,,Лижні черевики,Лыжные ботинки,Ski Boots
988,1011,499844,499845,6063,,,Кріплення для лиж,Лыжные крепления,Ski Bindings
988,1011,499844,499845,6064,,,Лижі,Лыжи,Skis
988,1011,499844,499845,6064,1158,,Гірські лижі,Горные лыжи,Downhill Skis
988,1011,499844,499845,6064,3331,,Гірськолижні лижі,Беговые лыжи,Cross-Country Skis
988,1011,499844,499845,7224,,,Сумки для лиж та сноубордів,Сумки для лыж и сноубордов,Ski & Snowboard Bags
988,1011,499844,499845,7558,,,Стійки для зберігання лиж та сноубордів,Стеллажи для хранения лыж и сноубордов,Ski & Snowboard Storage Racks
988,1011,499844,499845,8074,,,Віск для лиж та сноубордів,Воск для лыж и сноубордов,Ski & Snowboard Wax
988,1011,499844,499845,8203,,,Аксесуари для лижних та сноубордних окулярів,Принадлежности для очков для лыжного спорта и сноубординга,Ski & Snowboard Goggle Accessories
988,1011,499844,499845,8203,5050,,Лінзи для лижних та сноубордних окулярів,Линзы для лыжных очков,Ski & Snowboard Goggle Lenses
988,1011,499844,499845,499681,,,Поводки для лиж та сноубордів,Ремешки для лыж и сноубордов,Ski & Snowboard Leashes
988,1011,499844,499845,505296,,,Деталі кріплень для лиж,Детали креплений для лыж,Ski Binding Parts
988,1011,499844,499845,505772,,,Інструменти для налаштування лиж та сноубордів,Инструменты для лыж и сноубордов,Ski & Snowboard Tuning Tools
988,1011,499844,499951,,,,Лавинна безпека,Оборудование для спасательных работ при сходе лавин,Avalanche Safety
988,1011,499844,499951,499877,,,Повітряні подушки для лавинної безпеки,Лавинные подушки безопасности,Avalanche Safety Airbags
988,1011,499844,499951,499952,,,Лавинні зонди,Лавинные зонды,Avalanche Probes
988,1011,499846,,,,,Вуличні ігри,Товары для подвижных игр,Outdoor Games
988,1011,499846,1062,,,,Бадмінтон,Товары для бадминтона,Badminton
988,1011,499846,1062,3107,,,Сітки для бадмінтону,Сетки для бадминтона,Badminton Nets
988,1011,499846,1062,3907,,,Воланчики,Воланы,Shuttlecocks
988,1011,499846,1062,3950,,,Ракетки та набори для бадмінтону,Ракетки и наборы для бадминтона,Badminton Racquets & Sets
988,1011,499846,3126,,,,Тетербол (гра з м'ячем на тросі),Тетербол,Tetherball
988,1011,499846,3126,499882,,,Стовпи для тетерболу,Стойки для тетербола,Tetherball Poles
988,1011,499846,3126,499883,,,Набори для гри в тетербол,Комплекты для тетербола,Tetherball Sets
988,1011,499846,3126,499884,,,М'ячі для тезерболу,Мячи для тетербола,Tetherballs
988,1011,499846,3390,,,,Піклбол,Товары для пиклбола,Pickleball
988,1011,499846,3390,499847,,,М'ячі для піклболу,Мячи для пиклболла,Pickleballs
988,1011,499846,3390,499848,,,Ракетки для піклболу,Ракетки для пиклболла,Pickleball Paddles
988,1011,499846,3405,,,,Ігри на газоні,Газонные игры,Lawn Games
988,1011,499846,3484,,,,Диск-гольф,Диск-гольф,Disc Golf
988,1011,499846,3484,3227,,,Кошики для диск-гольфу,Корзины для диск-гольфа,Disc Golf Baskets
988,1011,499846,3484,3993,,,Сумки для диск-гольфу,Сумки для диск-гольфа,Disc Golf Bags
988,1011,499846,3787,,,,Шафлборд для тераси,Шаффлборд,Deck Shuffleboard
988,1011,499846,3787,3190,,,Шайби для шафлборду на терасі,Шайбы для шаффлборда,Deck Shuffleboard Pucks
988,1011,499846,3787,3689,,,Кії для шафлборду на терасі,Кии для шаффлборда,Deck Shuffleboard Cues
988,1011,499846,7430,,,,Набори для гри в падл-бол,Наборы для пэдлбола,Paddle Ball Sets
988,1011,499846,499904,,,,Теніс на платформі та з ракетками,Товары для тенниса на платформе и падл-тенниса,Platform & Paddle Tennis
988,1011,499846,499904,499849,,,М'ячі для тенісу на платформі,Мячи для тенниса на платформе,Platform Tennis Balls
988,1011,499846,499904,499850,,,Ракетки для тенісу на платформі та з ракетками,Ракетки для тенниса на платформе и падл-тенниса,Platform & Paddle Tennis Paddles
988,499713,,,,,,Атлетика,Товары для атлетических видов спорта,Athletics
988,499713,989,,,,,Танці,Товары для танцев,Dancing
988,499713,989,3269,,,,Балетні стрижні,Балетные станки,Ballet Barres
988,499713,1000,,,,,Гімнастика,Гимнастика,Gymnastics
988,499713,1000,3123,,,,Гімнастичні стрибкові дошки,Гимнастические трамплины,Gymnastics Springboards
988,499713,1000,3182,,,,Гімнастичні коні,Гимнастические кони,Pommel Horses
988,499713,1000,3774,,,,Гімнастичні кільця,Гимнастические кольца,Gymnastics Rings
988,499713,1000,3779,,,,Коні для стрибків через козла,Гимнастические снаряды для опорных прыжков,Vaulting Horses
988,499713,1000,3808,,,,Захисне спорядження для гімнастики,Защитная экипировка для гимнастики,Gymnastics Protective Gear
988,499713,1000,3808,499781,,,Рукоятки для гімнастики,Гимнастические захваты,Gymnastics Grips
988,499713,1000,503763,,,,Гімнастичні стрижні та балансувальні бруси,Гимнастические перекладины и бревна,Gymnastics Bars & Balance Beams
988,499713,1006,,,,,Огорожі,Фехтование,Fencing
988,499713,1006,3261,,,,Захисне спорядження для фехтування,Защитная экипировка для фехтования,Fencing Protective Gear
988,499713,1006,3261,3366,,,Рукавички та манжети для фехтування,Фехтовальные перчатки и браслеты,Fencing Gloves & Cuffs
988,499713,1006,3261,3707,,,Маски для фехтування,Фехтовальные маски,Fencing Masks
988,499713,1006,3261,499740,,,Куртки та ламе для фехтування,Фехтовальные куртки,Fencing Jackets & Lamés
988,499713,1006,3622,,,,Зброя для фехтування,Фехтовальное оружие,Fencing Weapons
988,499713,1047,,,,,Командний гандбол,Товары для командного гандбола,Team Handball
988,499713,1047,499785,,,,М'ячі для гандболу,Мячи для гандбола,Handballs
988,499713,1060,,,,,Легка атлетика,Товары для беговых видов легкой атлетики,Track & Field
988,499713,1060,3149,,,,Бар'єри для бігу,Барьеры для бега,Track Hurdles
988,499713,1060,3389,,,,Метальні списи,Метательные копья,Javelins
988,499713,1060,3445,,,,Перекладини для стрибків у висоту,Перекладины для прыжков в высоту,High Jump Crossbars
988,499713,1060,3478,,,,Диски,Метательные диски,Discus
988,499713,1060,3770,,,,Ядра для метання,Спортивные ядра,Shot Puts
988,499713,1060,3864,,,,Сектори для стрибків у висоту,Ямы для прыжков в высоту,High Jump Pits
988,499713,1060,3878,,,,Естафетні палички,Эстафетные палочки,Relay Batons
988,499713,1060,3880,,,,Метальні молоти,Метательные молоты,Throwing Hammers
988,499713,1060,3987,,,,Ями для стрибків з жердиною,Ямы для прыжков с шестом,Pole Vault Pits
988,499713,1060,3997,,,,Стартові пістолети,Стартовые пистолеты,Starter Pistols
988,499713,1060,4020,,,,Шесті для стрибків з шестом,Шесты,Vaulting Poles
988,499713,1060,499786,,,,Стартові блоки,Стартовые колодки,Track Starting Blocks
988,499713,1065,,,,,Теніс,Товары для тенниса,Tennis
988,499713,1065,3105,,,,Кошики та візки для тенісних м'ячів,Корзины и тележки для теннисных мячей,Tennis Ball Hoppers & Carts
988,499713,1065,3113,,,,Тенісні м'ячі,Теннисные мячи,Tennis Balls
988,499713,1065,3565,,,,Контейнери для зберігання тенісних м'ячів,Модули хранения теннисных мячей,Tennis Ball Savers
988,499713,1065,3658,,,,Аксесуари для тенісних ракеток,Принадлежности для теннисных ракеток,Tennis Racquet Accessories
988,499713,1065,3658,3295,,,Очки для тенісних ракеток,Втулки для теннисных ракеток,Tennis Racquet Grommets
988,499713,1065,3658,3352,,,Амортизатори вібрації для ракеток,Демпферы для ракеток,Racquet Vibration Dampeners
988,499713,1065,3658,3403,,,Гумки та стрічки для ручки тенісної ракетки,Обмотки и ленты для ручек теннисных ракеток,Tennis Racquet Grips & Tape
988,499713,1065,3658,3638,,,Сумки для тенісних ракеток,Сумки для теннисных ракеток,Tennis Racquet Bags
988,499713,1065,3658,3922,,,Струни для тенісних ракеток,Струны для теннисных ракеток,Tennis Racquet String
988,499713,1065,3906,,,,Тенісні ракетки,Теннисные ракетки,Tennis Racquets
988,499713,1065,3961,,,,Тенісні сітки,Теннисные сетки,Tennis Nets
988,499713,1065,3985,,,,Машини для подачі тенісних м'ячів,Машины для запуска теннисных мячей,Tennis Ball Machines
988,499713,1068,,,,,Боротьба,Борьба,Wrestling
988,499713,1068,3057,,,,Захисне спорядження для боротьби,Защитная экипировка для борьбы,Wrestling Protective Gear
988,499713,1068,3057,499790,,,Наколінники для боротьби,Наколенники для рестлинга,Wrestling Knee Pads
988,499713,1068,3057,499791,,,Головний убір для боротьби,Шлемы для рестлинга,Wrestling Headgear
988,499713,1070,,,,,Бейсбол та софтбол,Товары для бейсбола и софтбола,Baseball & Softball
988,499713,1070,1076,,,,Рукавички та мітенки для бейсболу та софтболу,Перчатки и рукавицы для бейсбола и софтбола,Baseball & Softball Gloves & Mitts
988,499713,1070,1077,,,,Машини для кидків,Машины автоматической подачи бейсбольного мяча,Pitching Machines
988,499713,1070,1078,,,,Захисне спорядження для бейсболу та софтболу,Защитная экипировка для бейсбола и софтбола,Baseball & Softball Protective Gear
988,499713,1070,1078,3668,,,Шоломи для удару в бейсболі та софтболі,Шлемы для бейсбола и софтбола,Baseball & Softball Batting Helmets
988,499713,1070,1078,499715,,,Захисні жилети для бейсболу та софтболу,Защита груди для бейсбола и софтбола,Baseball & Softball Chest Protectors
988,499713,1070,1078,499716,,,Комплекти обладнання для кетчерів,Наборы экипировки для кэтчеров,Catchers Equipment Sets
988,499713,1070,1078,499717,,,Шоломи та маски для кетчерів,Шлемы и маски для кэтчеров,Catchers Helmets & Masks
988,499713,1070,1078,499718,,,Наколінники для бейсболу та софтболу,Защита ног для бейсбола и софтбола,Baseball & Softball Leg Guards
988,499713,1070,3544,,,,Бази та плити для бейсболу та софтболу,Бейсбольные и софтбольные базы,Baseball & Softball Bases & Plates
988,499713,1070,3671,,,,М'ячі для софтболу,Мячи для софтбола,Softballs
988,499713,1070,3679,,,,Бейсбольні бити для софтболу,Биты для софтбола,Softball Bats
988,499713,1070,3747,,,,Рукавички для удару в бейсболі та софтболі,Перчатки для бейсбола и софтбола,Baseball & Softball Batting Gloves
988,499713,1070,3783,,,,Бейсбольні м'ячі,Бейсбольные мячи,Baseballs
988,499713,1070,3790,,,,Бейсбольні бити,Бейсбольные биты,Baseball Bats
988,499713,1070,234670,,,,Горби для підкидання в бейсболі та софтболі,Горки для бейсбольных и софтбольных питчеров,Baseball & Softball Pitching Mounds
988,499713,1070,234671,,,,Килимки для підкидання в бейсболі та софтболі,Коврики для бейсбольных и софтбольных питчеров,Baseball & Softball Pitching Mats
988,499713,1081,,,,,Баскетбол,Товары для баскетбола,Basketball
988,499713,1081,1082,,,,Баскетбольні кільця,Баскетбольные корзины,Basketball Hoops
988,499713,1081,1083,,,,Баскетбольні м'ячі,Баскетбольные мячи,Basketballs
988,499713,1081,4676,,,,Деталі та аксесуари для баскетбольних кілець,Детали и принадлежности для баскетбольных корзин,Basketball Hoop Parts & Accessories
988,499713,1081,4676,3829,,,Баскетбольні сітки,Баскетбольные сетки,Basketball Nets
988,499713,1081,4676,4050,,,Стовпи для баскетбольних кілець,Баскетбольные стойки,Basketball Hoop Posts
988,499713,1081,4676,4089,,,Баскетбольні щити,Баскетбольные щиты,Basketball Backboards
988,499713,1081,4676,4192,,,Обідки баскетбольних кілець,Баскетбольные кольца,Basketball Rims
988,499713,1081,4676,7251,,,Накладки на баскетбольні кільця,Амортизирующие подкладки для баскетбола,Basketball Hoop Padding
988,499713,1081,499751,,,,Тренувальні засоби для баскетболу,Баскетбольные тренажеры,Basketball Training Aids
988,499713,1087,,,,,Крикет,Товары для крикета,Cricket
988,499713,1087,3815,,,,Крикетні бити,Биты для крикета,Cricket Bats
988,499713,1087,3870,,,,М'ячі для крикету,Мячи для крикета,Cricket Balls
988,499713,1087,499734,,,,Штовхачі для крикету,Стойки для крикета,Cricket Stumps
988,499713,1087,499735,,,,Комплекти обладнання для крикету,Комплекты инвентаря для крикета,Cricket Equipment Sets
988,499713,1087,499736,,,,Захисне спорядження для крикету,Защитная экипировка для крикета,Cricket Protective Gear
988,499713,1087,499736,3339,,,Рукавички для крикету,Перчатки для крикета,Cricket Gloves
988,499713,1087,499736,3543,,,Шоломи для крикету,Шлемы для крикета,Cricket Helmets
988,499713,1087,499736,499739,,,Наголінники для крикету,Защита ног для крикета,Cricket Leg Guards
988,499713,1087,499737,,,,Аксесуари для біт крикету,Принадлежности для крикетных бит,Cricket Bat Accessories
988,499713,1087,499737,499738,,,Рукоятки для бейсбольних бит,Ручки для крикетных бит,Cricket Bat Grips
988,499713,1093,,,,,Американський футбол,Американский футбол,American Football
988,499713,1093,1094,,,,М'ячі для американського футболу,Мячи для американского футбола,American Footballs
988,499713,1093,1097,,,,Захисне спорядження для американського футболу,Защитное оснащение для американского футбола,American Football Protective Gear
988,499713,1093,1097,1098,,,Шоломи для американського футболу,Шлемы для американского футбола,American Football Helmets
988,499713,1093,1097,3060,,,Аксесуари для шоломів американського футболу,Принадлежности для шлемов для американского футбола,American Football Helmet Accessories
988,499713,1093,1097,3060,3063,,Візори для шоломів американського футболу,Защитные козырьки на шлемы для американского футбола,American Football Helmet Visors
988,499713,1093,1097,3060,3090,,Маски для обличчя для американського футболу,Защитные маски для американского футбола,American Football Face Masks
988,499713,1093,1097,3060,3247,,Ремінці для підборіддя для американського футболу,Предметы защиты подбородка для американского футбола,American Football Chin Straps
988,499713,1093,1097,3060,3343,,Накладки на шоломи для американського футболу,Накладки на шлемы для американского футбола,American Football Helmet Padding
988,499713,1093,1097,3497,,,Накладки на шию для американського футболу,Накладки на шею для американского футбола,American Football Neck Rolls
988,499713,1093,1097,3510,,,Пояси для американського футболу,Защитные пояса для американского футбола,American Football Girdles
988,499713,1093,1097,3621,,,Накладки на плечі для американського футболу,Накладки на плечи для американского футбола,American Football Shoulder Pads
988,499713,1093,1097,499778,,,Сорочки та жилети для захисту ребер у американському футболі,Защитные майки и жилеты для американского футбола,American Football Rib Protection Shirts & Vests
988,499713,1093,3442,,,,Рукавички для американського футболу,Перчатки для американского футбола,American Football Gloves
988,499713,1093,3492,,,,Гол-пости для американського футболу,Штанги ворот для американского футбола,American Football Goal Posts
988,499713,1093,3656,,,,Ті і тримачі для ударів у американському футболі,Подставки для мяча для американского футбола,American Football Kicking Tees & Holders
988,499713,1093,3998,,,,Тренувальне обладнання для американського футболу,Тренировочная форма для американского футбола,American Football Training Equipment
988,499713,1093,3998,499779,,,Манекени та сани для американського футболу,Манекены и тележки для американского футбола,American Football Dummies & Sleds
988,499713,1110,,,,,Регбі,Товары для регби,Rugby
988,499713,1110,3487,,,,Рукавички для регбі,Перчатки для регби,Rugby Gloves
988,499713,1110,3761,,,,М'ячі для регбі,Мячи для регби,Rugby Balls
988,499713,1110,3881,,,,Стовпи для регбі,Стойки для регби,Rugby Posts
988,499713,1110,3983,,,,Тренувальні пристрої для регбі,Тренировочное оборудование для регби,Rugby Training Aids
988,499713,1110,499782,,,,Захисне спорядження для регбі,Защитная экипировка для регби,Rugby Protective Gear
988,499713,1110,499782,3077,,,Головні убори для регбі,Шлемы для регби,Rugby Headgear
988,499713,1111,,,,,Футбол,Товары для футбола,Soccer
988,499713,1111,1112,,,,Футбольні м'ячі,Футбольные мячи,Soccer Balls
988,499713,1111,1113,,,,Футбольні ворота,Футбольные ворота,Soccer Goals
988,499713,1111,3141,,,,Футбольні рукавички,Вратарские футбольные перчатки,Soccer Gloves
988,499713,1111,3973,,,,Кутові прапори для футболу,Угловые флажки,Soccer Corner Flags
988,499713,1111,6055,,,,Аксесуари для футбольних воріт,Принадлежности для футбольных ворот,Soccer Goal Accessories
988,499713,1111,499784,,,,Захисне спорядження для футболу,Защитная экипировка для футбола,Soccer Protective Gear
988,499713,1111,499784,1114,,,Наколінники для футболу,Средства защиты голеней для футбола,Soccer Shin Guards
988,499713,1115,,,,,Волейбол,Товары для волейбола,Volleyball
988,499713,1115,1116,,,,Волейбольні м'ячі,Волейбольные мячи,Volleyballs
988,499713,1115,1117,,,,Сітки для волейболу,Волейбольные сетки,Volleyball Nets
988,499713,1115,499787,,,,Тренувальні пристрої для волейболу,Оборудование для волейбольных тренировок,Volleyball Training Aids
988,499713,1115,499788,,,,Захисне спорядження для волейболу,Защитная экипировка для волейбола,Volleyball Protective Gear
988,499713,1115,499788,499789,,,Наколінники для волейболу,Наколенники для волейбола,Volleyball Knee Pads
988,499713,1145,,,,,Водне поло,Водное поло,Water Polo
988,499713,1145,3575,,,,Шапочки для водного поло,Шапочки для водного поло,Water Polo Caps
988,499713,1145,3678,,,,Ворота для водного поло,Ворота для водного поло,Water Polo Goals
988,499713,1145,3794,,,,М'ячі для водного поло,Мячи для водного поло,Water Polo Balls
988,499713,3354,,,,,Чирлідінг,Чирлидинг,Cheerleading
988,499713,3354,3953,,,,Помпони для чирлідінгу,Помпоны для чирлидинга,Cheerleading Pom Poms
988,499713,6734,,,,,Обладнання для брумболу,Оборудование для брумбола,Broomball Equipment
988,499713,6739,,,,,Тренування та суддівство,Принадлежности для судей и тренеров,Coaching & Officiating
988,499713,6739,6729,,,,Карти та прапорці для пенальті,Штрафные карты и флажки,Penalty Cards & Flags
988,499713,6739,6730,,,,Спортивні та безпекові свистки,Свистки для судей и тренеров,Sport & Safety Whistles
988,499713,6739,6731,,,,Флажки лайнсмена,Флажки для линейных судей,Linesman Flags
988,499713,6739,8505,,,,Табло для підрахунку очок,Спортивные табло,Scoreboards
988,499713,6739,499727,,,,Суддівські гаманці,Судейские сумки,Referee Wallets
988,499713,6739,499729,,,,Капітанські пов'язки,Капитанские повязки,Captains Armbands
988,499713,6739,499730,,,,Індикатори судді,Судейские идикаторы,Umpire Indicators
988,499713,6739,499731,,,,Лічильники кидків,Бейсбольные счетчики,Pitch Counters
988,499713,6739,499732,,,,Монети та диски для підкидання,Монеты и диски для подбрасывания,Flip Coins & Discs
988,499713,6739,499733,,,,Суддівські трибуни та стільці,Судейские стойки и кресла,Referee Stands & Chairs
988,499713,6739,505813,,,,Межові маркери для поля та корту,Инструменты и средства для нанесения разметки на поля и площадки,Field & Court Boundary Markers
988,499713,7156,,,,,Раундерс (вид спорту),Товары для английской лапты,Rounders
988,499713,7156,7157,,,,Рукавички для раундерсу,Перчатки для английской лапты,Rounders Gloves
988,499713,7156,7158,,,,Бити для раундерсу,Биты для английской лапты,Rounders Bats
988,499713,499719,,,,,Бокс та бойові мистецтва,Товары для бокса и боевых искусств,Boxing & Martial Arts
988,499713,499719,3411,,,,Частини боксерського рингу,Элементы боксерского ринга,Boxing Ring Parts
988,499713,499719,3652,,,,Боксерські ринги,Боксерские ринги,Boxing Rings
988,499713,499719,3717,,,,Пояси для бойових мистецтв,Пояса для боевых искусств,Martial Arts Belts
988,499713,499719,4008,,,,Захисне спорядження для боксу та бойових мистецтв,Защитная экипировка для бокса,Boxing & Martial Arts Protective Gear
988,499713,499719,4008,3235,,,Боксерські рукавички та мітени,Боксерские перчатки,Boxing Gloves & Mitts
988,499713,499719,4008,499722,,,Захисні шоломи для боксу та бойових мистецтв,Шлемы для бокса и боевых искусств,Boxing & Martial Arts Headgear
988,499713,499719,4008,499723,,,Захисні елементи для тіла для боксу та бойових мистецтв,Защита корпуса для бокса и боевых искусств,Boxing & Martial Arts Body Protectors
988,499713,499719,4008,499724,,,Наколінники для MMA,Средства защиты голеней для смешанных боевых искусств,MMA Shin Guards
988,499713,499719,4008,499725,,,Накладки на руки для боксу та бойових мистецтв,Щитки для рук для бокса и боевых искусств,Boxing & Martial Arts Arm Guards
988,499713,499719,4008,499726,,,Бинти для рук для боксу та ММА,Бинты для рук для бокса и смешанных боевых искусств,Boxing & MMA Hand Wraps
988,499713,499719,4282,,,,Зброя для бойових мистецтв,Оружие для боевых искусств,Martial Arts Weapons
988,499713,499719,499720,,,,Тренувальне обладнання для боксу та бойових мистецтв,Тренажеры для бокса и боевых искусств,Boxing & Martial Arts Training Equipment
988,499713,499719,499720,3297,,,Боксерські та тренувальні груші,Боксерские груши,Punching & Training Bags
988,499713,499719,499720,7116,,,Манекени для тренувань з боротьби,Манекены для захватов,Grappling Dummies
988,499713,499719,499720,7129,,,Аксесуари для боксерських та тренувальних груш,Принадлежности для боксерских и тренировочных груш,Punching & Training Bag Accessories
988,499713,499719,499720,499721,,,Щити для ударів,Щиты для отработки ударов и макивары,Strike Shields
988,499713,499719,499720,499769,,,Лапи для ударів для боксу та ММА,Лапы для бокса и смешанных боевых искусств,Boxing & MMA Punch Mitts
988,499713,499741,,,,,Польовий хокей та лакрос,Товары для хоккея на траве и лакросса,Field Hockey & Lacrosse
988,499713,499741,1089,,,,М'ячі для польового хокею,Мячи для хоккея на траве,Field Hockey Balls
988,499713,499741,1092,,,,Клюшки для польового хокею,Клюшки для хоккея на траве,Field Hockey Sticks
988,499713,499741,3001,,,,Ворота для польового хокею,Ворота для хоккея на траве,Field Hockey Goals
988,499713,499741,3204,,,,Тренувальні допоміжні засоби для лакросу,Тренировочное оборудование для лакросса,Lacrosse Training Aids
988,499713,499741,3336,,,,Деталі килимків для лакросу,Детали клюшек для лакросса,Lacrosse Stick Parts
988,499713,499741,3336,3418,,,Головки килимків для лакросу,Головки для клюшек для лакроса,Lacrosse Stick Heads
988,499713,499741,3336,3423,,,Рукоятки килимків для лакросу,Ручки для клюшек для лакросса,Lacrosse Stick Shafts
988,499713,499741,3336,3785,,,Сітка та шнур для лакросу,Сетки и шнурки для лакросса,Lacrosse Mesh & String
988,499713,499741,3536,,,,М'ячі для лакросу,Мячи для лакросса,Lacrosse Balls
988,499713,499741,3817,,,,Килимки для лакросу,Клюшки для лакросса,Lacrosse Sticks
988,499713,499741,3970,,,,Ворота для лакросу,Ворота для лакросса,Lacrosse Goals
988,499713,499741,499742,,,,Набори обладнання для лакросу,Наборы оборудования для лакросса,Lacrosse Equipment Sets
988,499713,499741,499744,,,,Захисне спорядження для польового хокею та лакросу,Защитная экипировка для хоккея на траве и лакросса,Field Hockey & Lacrosse Protective Gear
988,499713,499741,499744,499745,,,Рукавички для польового хокею та лакросу,Перчатки для хоккея на траве и лакросса,Field Hockey & Lacrosse Gloves
988,499713,499741,499744,499746,,,Шоломи для польового хокею та лакросу,Шлемы для хоккея на траве и лакросса,Field Hockey & Lacrosse Helmets
988,499713,499741,499744,499747,,,Маски та окуляри для польового хокею та лакросу,Маски и очки для хоккея на траве и лакросса,Field Hockey & Lacrosse Masks & Goggles
988,499713,499741,499744,502970,,,Наколінники для польового хокею та лакросу,Щитки для хоккея на траве и лакросса,Field Hockey & Lacrosse Pads
988,499713,499799,,,,,Спортивне обладнання загального призначення,Спортивное оборудование общего назначения,General Purpose Athletic Equipment
988,499713,499799,3877,,,,Спортивні мегафони,Рупоры для спортивных мероприятий,Sports Megaphones
988,499713,499799,3971,,,,Спрей та крейда для поліпшення зчеплення,Спортивная магнезия,Grip Spray & Chalk
988,499713,499799,6344,,,,Сидіння та подушки для стадіону,Сиденья и подушки для стадионов,Stadium Seats & Cushions
988,499713,499799,7397,,,,Сумки та візки для перенесення м'ячів,Сумки и тележки для мячей,Ball Carrying Bags & Carts
988,499713,499799,7433,,,,Аксесуари для насосів для м'ячів,Принадлежности для насосов для мячей,Ball Pump Accessories
988,499713,499799,7433,7435,,,Голки для насосів до м'ячів,Иглы для насосов для мячей,Ball Pump Needles
988,499713,499799,7434,,,,Насоси для м'ячів,Насосы для мячей,Ball Pumps
988,499713,499799,8077,,,,Тренувальні сітки та екрани,Тренировочные ворота и сетки для них,Practice Nets & Screens
988,499713,499799,8222,,,,Маски для тренувань на висоті,Маски для имитации горных тренировок,Altitude Training Masks
988,499713,499799,8319,,,,Спортивні та тренувальні конуси,Конусы для спортивных тренировок,Sports & Agility Cones
988,499713,499799,499800,,,,Атлетичні чаші (захисні),Спортивные защитные раковины,Athletic Cups
988,499713,499799,499801,,,,Спортивні капи,Капы для спортсменов,Sports Mouthguards
988,499713,499799,499802,,,,Сходи та бар'єри для тренування швидкості та спритності,Лестницы и барьеры для тренировки скорости и ловкости,Speed & Agility Ladders & Hurdles
988,499713,499799,499803,,,,Спортивні мати,Гимнастические маты,Gym Mats
988,499713,499799,499903,,,,Стійки та візки для зберігання килимків для тренувань та спортзалу,Стеллажи и тележки для хранения гимнастических и тренировочных матов,Exercise & Gym Mat Storage Racks & Carts
988,499713,499861,,,,,Обладнання для воліболу,Экипировка для валлибола,Wallyball Equipment
988,499713,499915,,,,,Фігурне катання та хокей,Товары для фигурного катания и хоккея,Figure Skating & Hockey
988,499713,499915,1057,,,,Ковзани,Коньки,Ice Skates
988,499713,499915,1105,,,,Захисне обладнання для хокею,Хоккейное защитное снаряжение,Hockey Protective Gear
988,499713,499915,1105,3615,,,Хокейні штани,Хоккейные штаны,Hockey Pants
988,499713,499915,1105,6078,,,Хокейні рукавички,Хоккейные перчатки,Hockey Gloves
988,499713,499915,1105,6080,,,Хокейні шоломи,Хоккейные шлемы,Hockey Helmets
988,499713,499915,1105,499755,,,Хокейні наколінники та наголінники,Хоккейные щитки для защиты ног,Hockey Shin Guards & Leg Pads
988,499713,499915,1105,499756,,,Хокейні наколінники,Хоккейные щитки для защиты локтей,Hockey Elbow Pads
988,499713,499915,1105,499757,,,Хокейні накидки на плечі та захисники грудей,Хоккейные щитки для защиты груди и плеч,Hockey Shoulder Pads & Chest Protectors
988,499713,499915,1105,499890,,,Комплекти обладнання для голкіпера у хокеї,Наборы экипировки для хоккейных вратарей,Hockey Goalie Equipment Sets
988,499713,499915,1105,499975,,,Хокейні підтяжки та ремені,Хоккейные подтяжки и ремни,Hockey Suspenders & Belts
988,499713,499915,3791,,,,Деталі та аксесуари для ковзанів,Детали и принадлежности для коньков,Ice Skate Parts & Accessories
988,499713,499915,3791,3241,,,Затягувачі для шнурків ковзанів,Затяжки для шнурков коньков,Skate Lace Tighteners
988,499713,499915,3791,3623,,,Заточувачі для ковзанів,Точила для коньков,Ice Skate Sharpeners
988,499713,499915,3791,4019,,,Захисні кришки для лез гірських ковзанів,Накладки на лезвия коньков,Skate Blade Guards
988,499713,499915,3791,6708,,,Чоботи для фігурного катання,Обувь для фигуристов,Figure Skate Boots
988,499713,499915,3791,7000,,,Леза для ковзанів,Лезвия для коньков,Ice Skate Blades
988,499713,499915,6074,,,,Хокейні ворота,Хоккейные ворота,Hockey Goals
988,499713,499915,6076,,,,Хокейні клюшки,Хоккейные клюшки,Hockey Sticks
988,499713,499915,6077,,,,Хокейні м'ячі та шайби,Хоккейные шайбы и мячи,Hockey Balls & Pucks
988,499713,499915,6857,,,,Хокейні санки,Хоккейные сани,Hockey Sledges
988,499713,499915,7011,,,,Деталі хокейної клюшки,Детали для хоккейных клюшек,Hockey Stick Parts
988,499713,499915,7011,6852,,,Леза хокейних клюшок,Крюки для хоккейных клюшек,Hockey Stick Blades
988,499713,499915,7011,6942,,,Рукоятки хокейних клюшок,Черенки для хоккейных клюшек,Hockey Stick Shafts
988,499713,499915,7012,,,,Догляд за хокейною клюшкою,Средства для ухода за хоккейными клюшками,Hockey Stick Care
988,499713,503752,,,,,Ракетбол та сквош,Ракетболл и сквош,Racquetball & Squash
988,499713,503752,3119,,,,Окуляри для ракетболу та сквошу,Защитные очки для сквоша и ракетбола,Racquetball & Squash Eyewear
988,499713,503752,3714,,,,Ракетки для ракетболу,Ракетки для ракетбола,Racquetball Racquets
988,499713,503752,4002,,,,Ракетки для сквошу,Ракетки для сквоша,Squash Racquets
988,499713,503752,499783,,,,Рукавички для ракетболу та сквошу,Перчатки для сквоша и рэкетбола,Racquetball & Squash Gloves
988,499713,503752,503753,,,,М'ячі для ракетболу та сквошу,Мячи для ракетболла и сквоша,Racquetball & Squash Balls
1239,,,,,,,Іграшки та ігри,Игры и игрушки,Toys & Games
1239,1249,,,,,,Вуличне ігрове обладнання,Оборудование для игр на открытом воздухе,Outdoor Play Equipment
1239,1249,1251,,,,,Дитячі будиночки для гри,Домики для детей,Playhouses
1239,1249,1738,,,,,Батути,Батуты,Trampolines
1239,1249,1863,,,,,Палиці-підпригувачі,Пого-стики,Pogo Sticks
1239,1249,2743,,,,,Пісочниці,Песочницы,Sandboxes
1239,1249,2867,,,,,Слайди,Горки,Slides
1239,1249,3948,,,,,Щогли,Прыгающие ходули,Stilts
1239,1249,5524,,,,,Аксесуари для батутів,Принадлежности для батутов,Trampoline Accessories
1239,1249,6269,,,,,Аксесуари для гойдалок та ігрових комплектів,Принадлежности для качелей и детских городков,Swing Set & Playset Accessories
1239,1249,6270,,,,,Дитячі гойдалки,Качели,Play Swings
1239,1249,6271,,,,,Гойдалки та ігрові комплекти,Качели и детские городки,Swing Sets & Playsets
1239,1249,6396,,,,,Надувні батути,Надувные воздушные замки,Inflatable Bouncers
1239,1249,6397,,,,,Дитячі намети та тунелі для гри,Игровые палатки и туннели,Play Tents & Tunnels
1239,1249,6450,,,,,Гойдалки,Качалки-балансиры,See Saws
1239,1249,6464,,,,,Обладнання для водних ігор,Приспособления для водных игр,Water Play Equipment
1239,1249,6464,3556,,,,Водні столи,Водяные столики,Water Tables
1239,1249,6464,6465,,,,Дитячі бризкалки для гри,Игрушечные разбрызгиватели,Play Sprinkers
1239,1249,6464,500095,,,,Аквапарки та гірки,Аквапарки и горки,Water Parks & Slides
1239,1249,7219,,,,,Аксесуари для надувних батутів,Принадлежности для надувных воздушных замков,Inflatable Bouncer Accessories
1239,1253,,,,,,Іграшки,Игрушки,Toys
1239,1253,1254,,,,,Конструктори,Конструкторы и строительные игрушки,Building Toys
1239,1253,1254,3163,,,,Набори для гри в кульки (треки),Горки с шариками,Marble Track Sets
1239,1253,1254,3172,,,,Блоки з пінопласту,Вспененные блоки,Foam Blocks
1239,1253,1254,3287,,,,Блоки з замками,Конструкторы из блоков,Interlocking Blocks
1239,1253,1254,3617,,,,Дерев'яні блоки,Деревянные блоки,Wooden Blocks
1239,1253,1254,3805,,,,Іграшки-конструктори,Игрушечные строительные наборы,Construction Set Toys
1239,1253,1255,,,,,"Ляльки, ігрові набори та іграшкові фігурки","Куклы, фигурки и наборы игрушек","Dolls, Playsets & Toy Figures"
1239,1253,1255,1257,,,,Ляльки,Куклы,Dolls
1239,1253,1255,1258,,,,Ляльки та маріонетки,Куклы и марионетки,Puppets & Marionettes
1239,1253,1255,1259,,,,М'які іграшки,Мягкие игрушки,Stuffed Animals
1239,1253,1255,2497,,,,Аксесуари для лялькових будиночків,Принадлежности для кукольных домиков,Dollhouse Accessories
1239,1253,1255,2499,,,,Лялькові будиночки,Кукольные домики,Dollhouses
1239,1253,1255,3166,,,,Іграшкові набори для гри,Игровые наборы,Toy Playsets
1239,1253,1255,3584,,,,Аксесуари для ляльок та фігурок,Принадлежности для кукол,Doll & Action Figure Accessories
1239,1253,1255,6056,,,,Аксесуари для ляльок та лялькового театру,Принадлежности для марионеток и кукольного театра,Puppet & Puppet Theater Accessories
1239,1253,1255,6057,,,,Лялькові театри,Кукольные театры,Puppet Theaters
1239,1253,1255,6058,,,,Іграшкові фігурки,Игрушки в виде известных персонажей,Action & Toy Figures
1239,1253,1255,7114,,,,Фігурки-боблхеди,Фигурки с качающейся головой,Bobblehead Figures
1239,1253,1255,8021,,,,Паперові та магнітні ляльки,Бумажные и магнитные куклы,Paper & Magnetic Dolls
1239,1253,1261,,,,,Літаючі іграшки,Летающие игрушки,Flying Toys
1239,1253,1261,3263,,,,Іграшкові парашути,Игрушечные парашюты,Toy Parachutes
1239,1253,1261,3378,,,,Іграшкові планери,Игрушечные планеры,Toy Gliders
1239,1253,1261,3460,,,,Паперові змії,Воздушные змеи,Kites
1239,1253,1261,3966,,,,Повітряно-водяні ракети,Воздушно-водяные ракеты,Air & Water Rockets
1239,1253,1262,,,,,Навчальні іграшки,Обучающие игрушки,Educational Toys
1239,1253,1262,3088,,,,Ферми мурах,Домашние муравейники,Ant Farms
1239,1253,1262,3500,,,,Набори для наукових досліджень,Детские научные наборы,Science & Exploration Sets
1239,1253,1262,3928,,,,Набори для збирання комах,Наборы для сбора и изучения насекомых,Bug Collecting Kits
1239,1253,1262,5529,,,,Іграшки для читання,Игрушки для обучения чтению,Reading Toys
1239,1253,1262,6466,,,,Дитячі абакуси,Игрушечные счёты,Toy Abacuses
1239,1253,1262,499938,,,,Іграшки та моделі для вивчення астрономії,Астрономические модели и игрушки,Astronomy Toys & Models
1239,1253,1262,500015,,,,Навчальні картки,Дидактические карточки,Educational Flash Cards
1239,1253,1264,,,,,Музичні іграшки,Музыкальные игрушки,Musical Toys
1239,1253,1264,3252,,,,Іграшкові музичні інструменти,Игрушечные музыкальные инструменты,Toy Instruments
1239,1253,1266,,,,,Спортивні іграшки,Спортивные игрушки,Sports Toys
1239,1253,1266,3199,,,,Фітнес-іграшки,Фитнес-игрушки,Fitness Toys
1239,1253,1266,3199,3215,,,Хула-хупи,Обручи,Hula Hoops
1239,1253,1266,3226,,,,Гольф-іграшки,Детский гольф,Golf Toys
1239,1253,1266,3371,,,,Іграшки для американського футболу,Игрушечные мячи для американского футбола,American Football Toys
1239,1253,1266,3552,,,,Баскетбольні іграшки,Детский баскетбол,Basketball Toys
1239,1253,1266,3665,,,,Іграшки для боулінгу,Детский боулинг,Bowling Toys
1239,1253,1266,3675,,,,Бумеранги,Бумеранги,Boomerangs
1239,1253,1266,3776,,,,Бейсбольні іграшки,Детский бейсбол,Baseball Toys
1239,1253,1266,3909,,,,М'ячі для футбагу,Футбэги,Footbags
1239,1253,1266,3943,,,,Хокейні іграшки,Детский хоккей,Hockey Toys
1239,1253,1266,4167,,,,Літаючі диски,Фрисби,Flying Discs
1239,1253,1266,8529,,,,Іграшки для риболовлі,Игрушечная рыбалка,Fishing Toys
1239,1253,1266,499965,,,,М'ячі для ігор на вулиці,Мячи,Playground Balls
1239,1253,1266,500113,,,,Грифи та набори грифів,Фингерборды и наборы для фингербордов,Fingerboards & Fingerboard Sets
1239,1253,1266,505284,,,,Іграшки для ракеткових видів спорту,Игрушечные ракетки,Racquet Sport Toys
1239,1253,1268,,,,,Пляжні та піщані іграшки,Игрушки для пляжа и песочницы,Beach & Sand Toys
1239,1253,2505,,,,,Іграшкові транспортні засоби,Игрушечные транспортные средства,Play Vehicles
1239,1253,2505,3296,,,,Іграшкові вантажівки та будівельна техніка,Игрушечные грузовые и строительные машины,Toy Trucks & Construction Vehicles
1239,1253,2505,3444,,,,Іграшкові літаки,Игрушечные самолеты,Toy Airplanes
1239,1253,2505,3474,,,,Набори іграшкових автомобілів та треків,Комплекты игрушечных гоночных автомобилей и трасс,Toy Race Car & Track Sets
1239,1253,2505,3506,,,,Іграшкові вертольоти,Игрушечные вертолеты,Toy Helicopters
1239,1253,2505,3551,,,,Іграшкові машинки,Игрушечные машины,Toy Cars
1239,1253,2505,3589,,,,Іграшкові космічні кораблі,Игрушечные космические корабли,Toy Spaceships
1239,1253,2505,3590,,,,Іграшкові мотоцикли,Игрушечные мотоциклы,Toy Motorcycles
1239,1253,2505,3792,,,,Іграшкові човни,Игрушечные лодки,Toy Boats
1239,1253,2505,5152,,,,Іграшкові поїзди та набори залізниць,Игрушечные железные дороги,Toy Trains & Train Sets
1239,1253,2546,,,,,Іграшки на радіокеруванні,Радиоуправляемые игрушки,Remote Control Toys
1239,1253,2546,3532,,,,Човни та водний транспорт з дистанційним керуванням,Радиоуправляемые лодки,Remote Control Boats & Watercraft
1239,1253,2546,3554,,,,Гелікоптери з дистанційним керуванням,Радиоуправляемые вертолеты,Remote Control Helicopters
1239,1253,2546,3601,,,,Автомобілі та вантажівки з дистанційним керуванням,Радиоуправляемые машины,Remote Control Cars & Trucks
1239,1253,2546,3677,,,,Літаки на радіокеруванні,Радиоуправляемые самолёты,Remote Control Planes
1239,1253,2546,5968,,,,Мотоцикли на радіокеруванні,Радиоуправляемые мотоциклы,Remote Control Motorcycles
1239,1253,2546,5969,,,,Танки на радіокеруванні,Радиоуправляемые танки,Remote Control Tanks
1239,1253,2546,6059,,,,Роботи на радіокеруванні,Радиоуправляемые роботы,Remote Control Robots
1239,1253,2546,7090,,,,Дирижаблі та повітряні кулі з дистанційним керуванням,Радиоуправляемые дирижабли,Remote Control Airships & Blimps
1239,1253,2778,,,,,Аксесуари для іграшок на радіокеруванні,Принадлежности для радиоуправляемых игрушек,Remote Control Toy Accessories
1239,1253,2799,,,,,Іграшки для їзди,Игрушки для катания,Riding Toys
1239,1253,2799,2724,,,,Транспортні засоби для штовхання та їзди на педалях,Педальные машины и машины-каталки для детей,Push & Pedal Riding Vehicles
1239,1253,2799,2753,,,,Електричні транспортні засоби,Детские электромобили,Electric Riding Vehicles
1239,1253,2799,3441,,,,Качалки та пружинні іграшки для їзди,Качалки,Rocking & Spring Riding Toys
1239,1253,2799,6379,,,,Візки,Детские тележки,Wagons
1239,1253,2799,6407,,,,Коники-гойдалки,Лошадки-качалки,Hobby Horses
1239,1253,2953,,,,,Механічні іграшки,Заводные игрушки,Wind-Up Toys
1239,1253,3074,,,,,Іграшки для керівників,Сувенирные игрушки,Executive Toys
1239,1253,3074,5872,,,,Магнітні іграшки,Магнитные игрушки,Magnet Toys
1239,1253,3207,,,,,Ігрові басейни з м'ячами,Сухие бассейны,Ball Pits
1239,1253,3229,,,,,Рольові ігри,Сюжетно-ролевые игры,Pretend Play
1239,1253,3229,3129,,,,Імітація професій та рольові ігри,Игрушки для профессий,Pretend Professions & Role Playing
1239,1253,3229,3288,,,,Іграшковий газон та сад,Игрушечные садовые инструменты,Pretend Lawn & Garden
1239,1253,3229,3298,,,,Іграшкові кухні та продукти для гри,Игрушечные кухни и еда,Toy Kitchens & Play Food
1239,1253,3229,3298,543622,,,Іграшкові кухні,Игрушечные кухонные гарнитуры,Toy Kitchens
1239,1253,3229,3298,543623,,,Іграшкові столові прибори,Игрушечная посуда для сервировки стола,Toy Tableware
1239,1253,3229,3298,543624,,,Ігрові продукти,Игрушечная еда,Play Food
1239,1253,3229,3298,543690,,,Іграшкові кухонні прилади,Игрушечная посуда,Toy Cookware
1239,1253,3229,3659,,,,Іграшкова електроніка,Игрушечная электроника,Pretend Electronics
1239,1253,3229,3680,,,,Ігрові гроші та банкінг,Игрушечные деньги,Play Money & Banking
1239,1253,3229,3751,,,,Іграшковий інструмент,Игрушечные инструменты,Toy Tools
1239,1253,3229,4004,,,,Іграшкове прибирання,Игрушечное домашнее хозяйство,Pretend Housekeeping
1239,1253,3229,8295,,,,Іграшковий магазин та продукти,Игрушечные наборы для похода в магазин,Pretend Shopping & Grocery
1239,1253,3562,,,,,Візуальні іграшки,Оптические игрушки,Visual Toys
1239,1253,3562,3301,,,,Калейдоскопи,Калейдоскопы,Kaleidoscopes
1239,1253,3562,3782,,,,Призми,Призмы,Prisms
1239,1253,3625,,,,,Роботизовані іграшки,Игрушки-роботы,Robotic Toys
1239,1253,3627,,,,,Іграшкова зброя та пристрої,Игрушечное оружие,Toy Weapons & Gadgets
1239,1253,3731,,,,,Іграшки для малювання та творчості,Игрушки для творчества,Art & Drawing Toys
1239,1253,3731,3079,,,,Іграшкові малювальні планшети,Доски для рисования,Toy Drawing Tablets
1239,1253,3731,505818,,,,Ліпильна маса та пластилін,Пластилин,Play Dough & Putty
1239,1253,3911,,,,,Іграшки для ванної,Игрушки для купания,Bath Toys
1239,1253,4352,,,,,Іграшки для розвитку активності,Развивающие игрушки,Activity Toys
1239,1253,4352,3212,,,,Розчин для пузирів,Растворы для мыльных пузырей,Bubble Blowing Solution
1239,1253,4352,3466,,,,Іграшки-підкрутки,Волчки,Spinning Tops
1239,1253,4352,3534,,,,Кульки,Марблы,Marbles
1239,1253,4352,3733,,,,М'ячі-стрибунці,Каучуковые шарики,Bouncy Balls
1239,1253,4352,3874,,,,Іграшки для пускання пузирів,Игрушки для выдувания мыльных пузырей,Bubble Blowing Toys
1239,1253,4352,3929,,,,Йо-йо,Йо-йо,Yo-Yos
1239,1253,4352,4177,,,,Іграшки зі спіральними пружинами,Андамании,Coiled Spring Toys
1239,1253,4352,4216,,,,Іграшкові домкрати,Игра в бабки,Toy Jacks
1239,1253,4352,7148,,,,Запчастини та аксесуари для йо-йо,Запасные части и принадлежности для йо-йо,Yo-Yo Parts & Accessories
1239,1253,4352,7425,,,,Іграшки для гри в падл-бол,Игрушки для пэдлбола,Paddle Ball Toys
1239,1253,4352,7473,,,,Іграшки з стрічками та стрічками-стрічками,Игрушки с лентами,Ribbon & Streamer Toys
1239,1253,4352,7519,,,,Ігри з м'ячем та чашкою,Игры бильбоке,Ball & Cup Games
1239,1253,5970,,,,,Аксесуари для іграшкових транспортних засобів,Принадлежности для детских автомобилей,Play Vehicle Accessories
1239,1253,5970,5153,,,,Аксесуари для іграшкового потяга,Принадлежности для игрушечной железной дороги,Toy Train Accessories
1239,1253,5970,5971,,,,Аксесуари для іграшкових автомобілів та треків,Принадлежности для игрушечных гоночных автомобилей,Toy Race Car & Track Accessories
1239,1253,7202,,,,,Аксесуари для іграшок для їзди,Принадлежности для игрушек для катания,Riding Toy Accessories
1239,1253,7311,,,,,Аксесуари для ігрових басейнів з м'ячами,Принадлежности для сухих бассейнов,Ball Pit Accessories
1239,1253,7311,7312,,,,М'ячі для ігрових басейнів,Шарики для сухих бассейнов,Ball Pit Balls
1239,1253,7366,,,,,Аксесуари для літаючих іграшок,Принадлежности для летающих игрушек,Flying Toy Accessories
1239,1253,7366,7368,,,,Аксесуари для паперових зміїв,Принадлежности для воздушных змеев,Kite Accessories
1239,1253,7366,7368,7371,,,Котушки та намотувачі для ліній паперових зміїв,Лебёдки для воздушных змеев,Kite Line Reels & Winders
1239,1253,8127,,,,,Аксесуари до спортивних іграшок,Принадлежности для спортивных игрушек,Sports Toy Accessories
1239,1253,8127,8129,,,,Аксесуари для фітнес-іграшок,Принадлежности для фитнес-игрушек,Fitness Toy Accessories
1239,1253,8127,8129,8128,,,Аксесуари для хула-хупа,Принадлежности для хулахупов,Hula Hoop Accessories
1239,1253,499712,,,,,Подарункові кошики з іграшками,Подарочные корзины с игрушками,Toy Gift Baskets
1239,1253,500005,,,,,Аксесуари до іграшкової зброї та пристроїв,Принадлежности для игрушечного оружия,Toy Weapon & Gadget Accessories
1239,3793,,,,,,Ігри,Игры,Games
1239,3793,1246,,,,,Настільні ігри,Настольные игры,Board Games
1239,3793,1247,,,,,Карткові ігри,Карточные игры,Card Games
1239,3793,3749,,,,,Набори для бінго,Бинго,Bingo Sets
1239,3793,4554,,,,,Переносні електронні ігри,Портативные электронные игры,Portable Electronic Games
1239,3793,5403,,,,,Фішки та набори для покеру,Покерные фишки и наборы,Poker Chips & Sets
1239,3793,6037,,,,,Набори кубиків та ігри,Наборы костей и игры в кости,Dice Sets & Games
1239,3793,6038,,,,,Ігри з плитками,Игры с костяшками,Tile Games
1239,3793,6054,,,,,Ігри на спритність,Игры на складывание,Dexterity Games
1239,3793,6329,,,,,Бойові вертелі,Боевые волчки,Battle Tops
1239,3793,6794,,,,,Аксесуари для бойових вертелів,Принадлежности для боевых волчков,Battle Top Accessories
1239,3793,6853,,,,,Аксесуари для карткових ігор,Принадлежности для карточных игр,Card Game Accessories
1239,3793,7383,,,,,Аксесуари для фішок покеру,Принадлежности для покерных фишек,Poker Chip Accessories
1239,3793,7383,7384,,,,Контейнери та піддони для фішок покеру,Лотки и контейнеры для покерных фишек,Poker Chip Carriers & Trays
1239,3793,7411,,,,,Набори для гри в блекджек і крепс,Наборы для блек-джека и крэпса,Blackjack & Craps Sets
1239,3793,7412,,,,,Колеса та набори для рулетки,Колеса и наборы для рулетки,Roulette Wheels & Sets
1239,3793,8472,,,,,Ігрові автомати,Слот-машины,Slot Machines
1239,3867,,,,,,Головоломки,Пазлы и головоломки,Puzzles
1239,3867,2618,,,,,Пазли,Пазлы,Jigsaw Puzzles
1239,3867,4011,,,,,Механічні головоломки,Механические головоломки,Mechanical Puzzles
1239,3867,6725,,,,,Дерев'яні та штифтові пазли,Деревянные головоломки,Wooden & Pegged Puzzles
1239,3867,7081,,,,,Аксесуари для пазлів,Принадлежности для пазлов,Jigsaw Puzzle Accessories
1239,4648,,,,,,Ігрові таймери,Игровые таймеры,Game Timers
2092,,,,,,,Програмне забезпечення,Программное обеспечение,Software
2092,313,,,,,,Комп'ютерні програми,Программное обеспечение для компьютеров,Computer Software
2092,313,315,,,,,Компілятори та інструменти для програмування,Компиляторы и средства программирования,Compilers & Programming Tools
2092,313,317,,,,,Навчальне програмне забезпечення,Программное обеспечение для обучения,Educational Software
2092,313,318,,,,,Програмне забезпечення для кишенькових комп'ютерів та PDA,Программное обеспечение для КПК,Handheld & PDA Software
2092,313,319,,,,,Мультимедійне та дизайнерське програмне забезпечення,Программное обеспечение для дизайна и обработки мультимедиа,Multimedia & Design Software
2092,313,319,4949,,,,Програмне забезпечення для домашнього видавництва,Программное обеспечение для домашнего издательства,Home Publishing Software
2092,313,319,4950,,,,Програмне забезпечення для редагування анімації,ПО для обработки файлов анимации,Animation Editing Software
2092,313,319,4951,,,,Програмне забезпечення для графічного дизайну та ілюстрації,Программное обеспечение дя графического дизайна,Graphic Design & Illustration Software
2092,313,319,4952,,,,Програмне забезпечення для редагування звуку,Программное обеспечение для обработки звука,Sound Editing Software
2092,313,319,4953,,,,Програмне забезпечення для монтажу відео,Программное обеспечение для обработки видео,Video Editing Software
2092,313,319,4954,,,,Програмне забезпечення для веб-дизайну,Программное обеспечение для веб-дизайна,Web Design Software
2092,313,319,5096,,,,Програмне забезпечення для композиції музики,Программное обеспечение для создания музыки,Music Composition Software
2092,313,319,6027,,,,Програмне забезпечення для 3D моделювання,Программное обеспечение для трехмерного моделирования,3D Modeling Software
2092,313,319,6028,,,,Програмне забезпечення для перегляду медіа,Программное обеспечение для просмотра мультимедиа,Media Viewing Software
2092,313,319,6029,,,,Програмне забезпечення для дизайну дому та інтер'єру,Программное обеспечение для дизайна интерьеров,Home & Interior Design Software
2092,313,321,,,,,Операційні системи,Операционные системы,Operating Systems
2092,313,3283,,,,,Дані та програмне забезпечення для GPS-карт,Программное обеспечение и данные для GPS,GPS Map Data & Software
2092,313,5127,,,,,Словники та програми для перекладу,Программное обеспечение для переводов и словари,Dictionary & Translation Software
2092,313,5299,,,,,Антивірусне та безпекове програмне забезпечення,Антивирусное программное обеспечение,Antivirus & Security Software
2092,313,5300,,,,,Програмне забезпечення для бізнесу та продуктивності,Программное обеспечение для работы и бизнеса,Business & Productivity Software
2092,313,5301,,,,,Програмне забезпечення для утиліт та обслуговування комп'ютера,Утилиты и служебное программное обеспечение для компьютеров,Computer Utilities & Maintenance Software
2092,313,5302,,,,,Мережеве програмне забезпечення,Сетевое программное обеспечение,Network Software
2092,313,5303,,,,,Офісні програми,Офисное программное обеспечение,Office Application Software
2092,313,5304,,,,,"Програмне забезпечення для фінансів, податків та бухгалтерії","Финансовое, бухгалтерское и налоговое программное обеспечение","Financial, Tax & Accounting Software"
2092,313,7225,,,,,Диски відновлення,Диски для восстановления системы,Restore Disks
2092,1279,,,,,,Програмне забезпечення для відеоігор,Видеоигры,Video Game Software
2092,5032,,,,,,Цифрові товари та валюта,Цифровые товары и валюта,Digital Goods & Currency
2092,5032,2065,,,,,Стокові фотографії та відеоматеріали,Фотографии и видеоматериалы для лицензирования,Stock Photographs & Video Footage
2092,5032,5034,,,,,Комп'ютерні іконки,Компьютерные значки,Computer Icons
2092,5032,5035,,,,,Шпалери для робочого столу,Обои для рабочего стола,Desktop Wallpaper
2092,5032,5036,,,,,Шрифти,Шрифты,Fonts
2092,5032,5935,,,,,Віртуальна валюта,Виртуальная валюта,Virtual Currency
2092,5032,8022,,,,,Шаблони документів,Шаблоны документов,Document Templates
2092,5032,500046,,,,,Цифрове мистецтво,Произведения цифрового искусства,Digital Artwork
5181,,,,,,,Багаж та сумки,Багаж и сумки,Luggage & Bags
5181,100,,,,,,Рюкзаки,Рюкзаки,Backpacks
5181,101,,,,,,Делові сумки,Портфели,Briefcases
5181,103,,,,,,Сумки-дюффели,Большие спортивные сумки,Duffel Bags
5181,104,,,,,,Сумки-бананки,Поясные сумки,Fanny Packs
5181,105,,,,,,Сумки для одягу,Сумки-чехлы для одежды,Garment Bags
5181,106,,,,,,Сумки-месенджери,Сумки почтальонов,Messenger Bags
5181,107,,,,,,Валізи,Чемоданы,Suitcases
5181,108,,,,,,Косметички та сумки для туалетних приналежностей,Сумки для туалетных принадлежностей,Cosmetic & Toiletry Bags
5181,110,,,,,,Аксесуари для багажу,Багажные принадлежности,Luggage Accessories
5181,110,5620,,,,,Органайзери для пакування,Органайзеры для багажа,Packing Organizers
5181,110,5650,,,,,Подорожні кишені,Дорожные сумочки,Travel Pouches
5181,110,5651,,,,,Бирки для багажу,Багажные ярлыки,Luggage Tags
5181,110,5652,,,,,Ремені для багажу,Багажные ремни,Luggage Straps
5181,110,6919,,,,,Пляшки та контейнери для подорожей,Дорожные бутылки и контейнеры,Travel Bottles & Containers
5181,110,7521,,,,,Чохли для багажу,Чехлы для рюкзаков,Luggage Covers
5181,110,499691,,,,,Стійки та підставки для багажу,Багажные стеллажи и стойки,Luggage Racks & Stands
5181,110,503014,,,,,Підкладки та вставки для сухих коробок,Прокладочные материалы и вставки для сухих контейнеров,Dry Box Liners & Inserts
5181,549,,,,,,Сумки для підгузків,Сумки для подгузников,Diaper Bags
5181,5608,,,,,,Сумки для покупок,Сумки для покупок,Shopping Totes
5181,6553,,,,,,Кейси для поїздів,Дорожные косметички,Train Cases
5181,502974,,,,,,Сухі коробки,Сухие контейнеры,Dry Boxes
5605,,,,,,,Релігійні та обрядові предмети,Товары для церемоний и религиозных обрядов,Religious & Ceremonial
5605,97,,,,,,Релігійні предмети,Культовые товары,Religious Items
5605,97,1949,,,,,Релігійні вуалі,Накидки для культовых церемоний,Religious Veils
5605,97,3923,,,,,Молитовні чотки,Четки,Prayer Beads
5605,97,7120,,,,,Релігійні алтарі,Религиозные алтари,Religious Altars
5605,97,328060,,,,,Молитовні картки,Открытки с молитвами,Prayer Cards
5605,97,499711,,,,,Таро картки,Карты таро,Tarot Cards
5605,5455,,,,,,Товари для весільної церемонії,Свадебные товары,Wedding Ceremony Supplies
5605,5455,5456,,,,,Кошики для дівчаток з квітами,Цветочницы,Flower Girl Baskets
5605,5455,5457,,,,,Подушечки та тримачі для перснів,Подушки для колец,Ring Pillows & Holders
5605,5455,503723,,,,,Доріжки для проходів,Декоративные дорожки для прохода в церкви,Aisle Runners
5605,5606,,,,,,Товари для пам'ятних церемоній,Товары для мемориальных церемоний,Memorial Ceremony Supplies
5605,5606,5607,,,,,Пам'ятні урни,Мемориальные урны,Memorial Urns
