1,Animals & Pet Supplies
1,2,Pet Supplies
1,2,3,Bird Supplies
1,2,3,4989,Bird Cages & Stands
1,2,3,4990,Bird Food
1,2,3,4991,Bird Ladders & Perches
1,2,3,4992,Bird Toys
1,2,3,4993,Bird Treats
1,2,3,7385,Bird Cage Accessories
1,2,3,7385,7386,Bird Cage Food & Water Dishes
1,2,3,7385,499954,Bird Cage Bird Baths
1,2,3,7398,Bird Gyms & Playstands
1,2,4,Cat Supplies
1,2,4,3367,Cat Food
1,2,4,3367,543683,Prescription Cat Food
1,2,4,3367,543684,Non-prescription Cat Food
1,2,4,4433,Cat Beds
1,2,4,4997,Cat Furniture
1,2,4,4999,Cat Litter
1,2,4,5000,Cat Litter Boxes
1,2,4,5001,Cat Toys
1,2,4,5002,Cat Treats
1,2,4,5082,Cat Apparel
1,2,4,7142,Cat Litter Box Mats
1,2,4,8069,Cat Litter Box Liners
1,2,4,500059,Cat Furniture Accessories
1,2,5,Dog Supplies
1,2,5,3530,Dog Food
1,2,5,3530,543681,Prescription Dog Food
1,2,5,3530,543682,Non-prescription Dog Food
1,2,5,4434,Dog Beds
1,2,5,5004,Dog Apparel
1,2,5,5010,Dog Toys
1,2,5,5011,Dog Treats
1,2,5,5094,Dog Houses
1,2,5,7274,Dog Kennels & Runs
1,2,5,7372,Dog Diaper Pads & Liners
1,2,5,7428,Dog Kennel & Run Accessories
1,2,5,8123,Dog Treadmills
1,2,5,499900,Dog Diapers
1,2,6,Fish Supplies
1,2,6,3238,Aquariums
1,2,6,5019,Aquarium Decor
1,2,6,5020,Aquarium Filters
1,2,6,5021,Aquarium Gravel & Substrates
1,2,6,5023,Aquarium Stands
1,2,6,5024,Fish Food
1,2,6,5079,Aquarium Lighting
1,2,6,5161,Aquarium Water Treatments
1,2,6,6085,Aquatic Plant Fertilizers
1,2,6,6403,Fish Feeders
1,2,6,6951,Aquarium Overflow Boxes
1,2,6,500038,Aquarium Cleaning Supplies
1,2,6,500062,Aquarium Temperature Controllers
1,2,6,505303,Aquarium & Pond Tubing
1,2,6,505306,Aquarium Fish Nets
1,2,6,505307,Aquarium Air Stones & Diffusers
1,2,7,Reptile & Amphibian Supplies
1,2,7,5026,Reptile & Amphibian Food
1,2,7,5027,Reptile & Amphibian Habitat Accessories
1,2,7,5028,Reptile & Amphibian Habitat Heating & Lighting
1,2,7,5029,Reptile & Amphibian Habitats
1,2,7,5030,Reptile & Amphibian Substrates
1,2,4497,Pet Doors
1,2,5013,Small Animal Supplies
1,2,5013,5014,Small Animal Bedding
1,2,5013,5015,Small Animal Food
1,2,5013,5016,Small Animal Habitat Accessories
1,2,5013,5017,Small Animal Habitats & Cages
1,2,5013,7517,Small Animal Treats
1,2,5081,Pet Vitamins & Supplements
1,2,5086,Pet Medicine
1,2,5087,Pet Playpens
1,2,5092,Pet Bells & Charms
1,2,5093,Pet ID Tags
1,2,5144,Pet Muzzles
1,2,5145,Pet Medical Collars
1,2,5162,Pet Food Containers
1,2,5163,Pet Food Scoops
1,2,6248,Pet Flea & Tick Control
1,2,6249,Pet Leashes
1,2,6250,Pet Collars & Harnesses
1,2,6251,Pet Carriers & Crates
1,2,6252,"Pet Bowls, Feeders & Waterers"
1,2,6253,Pet Leash Extensions
1,2,6276,Pet Strollers
1,2,6321,Pet Containment Systems
1,2,6383,Pet Grooming Supplies
1,2,6383,6384,Pet Hair Clippers & Trimmers
1,2,6383,6385,Pet Combs & Brushes
1,2,6383,6406,Pet Shampoo & Conditioner
1,2,6383,7318,Pet Nail Polish
1,2,6383,7319,Pet Nail Tools
1,2,6383,8167,Pet Hair Dryers
1,2,6383,499917,Pet Wipes
1,2,6383,503733,Pet Fragrances & Deodorizing Sprays
1,2,6811,Pet Apparel Hangers
1,2,6861,Pet Medical Tape & Bandages
1,2,6973,Pet Steps & Ramps
1,2,6978,Pet Biometric Monitors
1,2,6978,6980,Pet Glucose Meters
1,2,6978,6981,Pet Thermometers
1,2,6978,6982,Pet Pedometers
1,2,6983,Pet Agility Equipment
1,2,7143,Pet Bowl Mats
1,2,7144,Pet Oral Care Supplies
1,2,7396,Pet Sunscreen
1,2,8050,Pet Eye Drops & Lubricants
1,2,8068,Pet First Aid & Emergency Kits
1,2,8070,Pet Waste Bags
1,2,8474,Vehicle Pet Barriers
1,2,8513,Pet Bowl Stands
1,2,499743,Pet Heating Pads
1,2,500026,Pet Carrier & Crate Accessories
1,2,500084,Pet Bed Accessories
1,2,500110,Pet Heating Pad Accessories
1,2,502982,Pet Waste Bag Dispensers & Holders
1,2,505297,Pet Waste Disposal Systems & Tools
1,2,505314,Pet Training Aids
1,2,505314,6846,Pet Training Pads
1,2,505314,505304,Pet Training Pad Holders
1,2,505314,505311,Pet Training Sprays & Solutions
1,2,505314,505313,Pet Training Clickers & Treat Dispensers
1,2,505811,Pet Door Accessories
1,3237,Live Animals
8,Arts & Entertainment
8,5709,Party & Celebration
8,5709,96,Party Supplies
8,5709,96,1371,Invitations
8,5709,96,1484,Envelope Seals
8,5709,96,1887,Response Cards
8,5709,96,2104,Place Cards
8,5709,96,2531,Banners
8,5709,96,2587,Balloons
8,5709,96,2781,Confetti
8,5709,96,2783,Noisemakers & Party Blowers
8,5709,96,3735,Drinking Games
8,5709,96,3735,3361,Beer Pong
8,5709,96,3735,3361,3440,Beer Pong Tables
8,5709,96,3994,Piñatas
8,5709,96,4351,Spray String
8,5709,96,4730,Birthday Candles
8,5709,96,4914,Fireworks & Firecrackers
8,5709,96,4915,Sparklers
8,5709,96,5043,Drinking Straws & Stirrers
8,5709,96,5452,Party Favors
8,5709,96,5452,5453,Wedding Favors
8,5709,96,5472,Place Card Holders
8,5709,96,6311,Balloon Kits
8,5709,96,6906,Party Hats
8,5709,96,7007,Cocktail Decorations
8,5709,96,7097,Special Occasion Card Boxes & Holders
8,5709,96,7160,Party Games
8,5709,96,8038,Event Programs
8,5709,96,8110,Inflatable Party Decorations
8,5709,96,8216,Decorative Pom-Poms
8,5709,96,328061,Advice Cards
8,5709,96,502972,Party Supply Kits
8,5709,96,502981,Party Streamers & Curtains
8,5709,96,505763,Chair Sashes
8,5709,408,Special Effects
8,5709,408,409,Fog Machines
8,5709,408,410,Special Effects Lighting
8,5709,408,5711,Disco Balls
8,5709,408,5967,Special Effects Controllers
8,5709,408,503028,Special Effects Light Stands
8,5709,2559,Gift Giving
8,5709,2559,53,Gift Cards & Certificates
8,5709,2559,94,Gift Wrapping
8,5709,2559,94,2816,Wrapping Paper
8,5709,2559,94,5091,Gift Boxes & Tins
8,5709,2559,94,5838,Gift Bags
8,5709,2559,94,6712,Tissue Paper
8,5709,2559,94,8213,Gift Tags & Labels
8,5709,2559,95,Greeting & Note Cards
8,5709,2559,2899,Fresh Cut Flowers
8,5709,2559,5916,Corsages & Boutonnières
8,5709,2559,6100,Corsage & Boutonnière Pins
8,5709,5868,Trophies & Awards
8,5709,5868,543653,Trophies
8,5709,5868,543654,Award Ribbons
8,5709,5868,543655,Award Pins & Medals
8,5709,5868,543656,Award Certificates
8,5709,5868,543657,Award Plaques
8,5710,Hobbies & Creative Arts
8,5710,16,Arts & Crafts
8,5710,16,504639,Art & Crafting Tools
8,5710,16,504639,4073,Glue Guns
8,5710,16,504639,5137,Cutting Mats
8,5710,16,504639,5921,Light Boxes
8,5710,16,504639,6101,Safety Pins
8,5710,16,504639,6133,Felting Pads & Mats
8,5710,16,504639,6150,Dress Forms
8,5710,16,504639,6151,Blocking Wires
8,5710,16,504639,6152,Blocking Mats
8,5710,16,504639,6156,Thimbles & Sewing Palms
8,5710,16,504639,6156,543638,Thimbles
8,5710,16,504639,6156,543639,Sewing Palms
8,5710,16,504639,6158,"Frames, Hoops & Stretchers"
8,5710,16,504639,6159,Straight Pins
8,5710,16,504639,504640,Craft Cutting & Embossing Tools
8,5710,16,504639,504640,5136,Craft Knives
8,5710,16,504639,504640,6119,Craft Scoring Tools
8,5710,16,504639,504640,6122,Embossing Pens & Styluses
8,5710,16,504639,504640,6161,Seam Rippers
8,5710,16,504639,504640,6447,Thread & Yarn Cutters
8,5710,16,504639,504640,7340,Embossing Heat Tools
8,5710,16,504639,504640,504641,Craft & Office Scissors
8,5710,16,504639,504640,504642,Craft Cutters & Embossers
8,5710,16,504639,505386,Craft Decoration Makers
8,5710,16,504639,505387,Thread & Yarn Tools
8,5710,16,504639,505387,6138,Hand Spindles
8,5710,16,504639,505387,6153,"Thread, Yarn & Bobbin Winders"
8,5710,16,504639,505387,6154,Thread & Yarn Spools
8,5710,16,504639,505387,6155,Thread & Yarn Guides
8,5710,16,504639,505387,6163,Needle Threaders
8,5710,16,504639,505387,6164,Fiber Cards & Brushes
8,5710,16,504639,505387,6166,Weaving Shuttles
8,5710,16,504639,505387,6167,Weaving Beaters
8,5710,16,504639,505388,Textile Craft Machines
8,5710,16,504639,505388,615,Sewing Machines
8,5710,16,504639,505388,6134,Felting Needles & Machines
8,5710,16,504639,505388,6137,Spinning Wheels
8,5710,16,504639,505388,505421,Mechanical Looms
8,5710,16,504639,505388,505422,Hand Looms
8,5710,16,504639,505391,Color Mixing Tools
8,5710,16,504639,505391,1653,Palette Knives
8,5710,16,504639,505391,1719,Palettes
8,5710,16,504639,505392,Craft Measuring & Marking Tools
8,5710,16,504639,505392,18,Art Brushes
8,5710,16,504639,505392,2671,Stencils & Die Cuts
8,5710,16,504639,505392,3083,Drafting Compasses
8,5710,16,504639,505392,4032,Decorative Stamps
8,5710,16,504639,505392,5883,Stencil Machines
8,5710,16,504639,505392,6125,Screen Printing Squeegees
8,5710,16,504639,505392,6126,Brayer Rollers
8,5710,16,504639,505392,6157,Textile Art Gauges & Rulers
8,5710,16,504639,505392,6160,Stitch Markers & Counters
8,5710,16,504639,505392,505420,Wood Burning Tools
8,5710,16,504639,505393,Needles & Hooks
8,5710,16,504639,505393,4579,Sewing Machine Needles
8,5710,16,504639,505393,5992,Hand-Sewing Needles
8,5710,16,504639,505393,6127,Crochet Hooks
8,5710,16,504639,505393,6139,Knitting Needles
8,5710,16,504639,505393,6168,Latch & Locker Hooks
8,5710,16,504643,Art & Crafting Tool Accessories
8,5710,16,504643,4580,Craft Machine Cases & Covers
8,5710,16,504643,5120,Sewing Machine Feet
8,5710,16,504643,6136,Spinning Wheel Accessories
8,5710,16,504643,232168,Craft Knife Blades
8,5710,16,504643,499918,Stamp Blocks
8,5710,16,504643,503348,Sewing Machine Replacement Parts
8,5710,16,504643,505286,Sewing Machine Extension Tables
8,5710,16,505369,Craft Organization
8,5710,16,505369,499971,Sewing Baskets & Kits
8,5710,16,505369,505394,"Needle, Pin & Hook Organizers"
8,5710,16,505369,505395,Thread & Yarn Organizers
8,5710,16,505370,Art & Craft Kits
8,5710,16,505370,4778,Drawing & Painting Kits
8,5710,16,505370,4986,Toy Craft Kits
8,5710,16,505370,6382,Fabric Repair Kits
8,5710,16,505370,6829,Mosaic Kits
8,5710,16,505370,6989,Incense Making Kits
8,5710,16,505370,7096,Needlecraft Kits
8,5710,16,505370,502979,Jewelry Making Kits
8,5710,16,505370,503758,Scrapbooking & Stamping Kits
8,5710,16,505370,505374,Candle Making Kits
8,5710,16,505371,Crafting Patterns & Molds
8,5710,16,505371,3697,Sewing Patterns
8,5710,16,505371,6135,Felting Molds
8,5710,16,505371,6999,Beading Patterns
8,5710,16,505371,8007,Craft Molds
8,5710,16,505371,505373,Needlecraft Patterns
8,5710,16,505372,Art & Crafting Materials
8,5710,16,505372,24,Art & Craft Paper
8,5710,16,505372,24,2532,Construction Paper
8,5710,16,505372,24,2741,Vellum Paper
8,5710,16,505372,24,2967,Origami Paper
8,5710,16,505372,24,6110,Transfer Paper
8,5710,16,505372,24,8168,Craft Foil
8,5710,16,505372,24,505399,Cardstock & Scrapbooking Paper
8,5710,16,505372,24,505399,543510,Cardstock
8,5710,16,505372,24,505399,543511,Scrapbooking Paper
8,5710,16,505372,24,505400,Drawing & Painting Paper
8,5710,16,505372,44,Pottery & Sculpting Materials
8,5710,16,505372,44,3692,Clay & Modeling Dough
8,5710,16,505372,44,3692,543628,Clay
8,5710,16,505372,44,3692,543629,Modeling Dough
8,5710,16,505372,44,505401,Papier Mache Mixes
8,5710,16,505372,44,505402,Pottery Slips
8,5710,16,505372,44,505804,Plaster Gauze
8,5710,16,505372,6121,Embossing Powder
8,5710,16,505372,6142,Filling & Padding Material
8,5710,16,505372,6142,505405,Pillow Forms
8,5710,16,505372,6142,505406,Filling Pellets
8,5710,16,505372,6142,505407,Batting & Stuffing
8,5710,16,505372,7402,Wicks
8,5710,16,505372,7403,Wick Tabs
8,5710,16,505372,505375,Raw Candle Wax
8,5710,16,505372,505376,Crafting Adhesives & Magnets
8,5710,16,505372,505376,36,Craft Magnets
8,5710,16,505372,505376,6418,Fusible Tape
8,5710,16,505372,505376,7192,Floral Tape
8,5710,16,505372,505376,503745,Craft & Office Glue
8,5710,16,505372,505376,505419,Decorative Tape
8,5710,16,505372,505377,Crafting Wire
8,5710,16,505372,505377,5062,Craft Pipe Cleaners
8,5710,16,505372,505377,6102,Jewelry & Beading Wire
8,5710,16,505372,505377,505418,Floral Wire
8,5710,16,505372,505378,"Craft Paint, Ink & Glaze"
8,5710,16,505372,505378,6558,Paint Mediums
8,5710,16,505372,505378,499879,Ceramic & Pottery Glazes
8,5710,16,505372,505378,500094,Art Fixatives
8,5710,16,505372,505378,505414,Ink Pads
8,5710,16,505372,505378,505415,Craft Dyes
8,5710,16,505372,505378,505416,Art Ink
8,5710,16,505372,505378,505417,Art & Craft Paint
8,5710,16,505372,505379,Embellishments & Trims
8,5710,16,505372,505379,32,Beads
8,5710,16,505372,505379,198,Loose Stones
8,5710,16,505372,505379,1927,Sew-in Labels
8,5710,16,505372,505379,4054,Decorative Stickers
8,5710,16,505372,505379,5982,Rhinestones & Flatbacks
8,5710,16,505372,505379,5996,Jewelry Findings
8,5710,16,505372,505379,6146,Elastic
8,5710,16,505372,505379,6955,Appliques & Patches
8,5710,16,505372,505379,505410,Sequins & Glitter
8,5710,16,505372,505379,505411,Feathers
8,5710,16,505372,505379,505412,Ribbons & Trim
8,5710,16,505372,505379,505413,Bows & Yo-Yos
8,5710,16,505372,505380,Craft Fasteners & Closures
8,5710,16,505372,505380,4174,Zippers
8,5710,16,505372,505380,4226,Buttons & Snaps
8,5710,16,505372,505380,6145,Hook and Loop Fasteners
8,5710,16,505372,505380,500056,Zipper Pulls
8,5710,16,505372,505380,505408,Clasps & Hooks
8,5710,16,505372,505380,505409,Eyelets & Grommets
8,5710,16,505372,505381,Craft Shapes & Bases
8,5710,16,505372,505381,6117,Craft Foam & Styrofoam
8,5710,16,505372,505381,504419,Wreath & Floral Frames
8,5710,16,505372,505381,505403,Papier Mache Shapes
8,5710,16,505372,505381,505404,Craft Wood & Shapes
8,5710,16,505372,505382,Crafting Fibers
8,5710,16,505372,505382,49,Thread & Floss
8,5710,16,505372,505382,2669,Yarn
8,5710,16,505372,505382,6140,Unspun Fiber
8,5710,16,505372,505382,6540,Jewelry & Beading Cord
8,5710,16,505372,505383,Leather & Vinyl
8,5710,16,505372,505384,Textiles
8,5710,16,505372,505384,47,Fabric
8,5710,16,505372,505384,7076,Interfacing
8,5710,16,505372,505384,505396,Printable Fabric
8,5710,16,505372,505384,505397,Crafting Canvas
8,5710,16,505372,505384,505397,19,Painting Canvas
8,5710,16,505372,505384,505397,6144,Plastic Canvas
8,5710,16,505372,505384,505397,505398,Needlecraft Canvas
8,5710,33,Juggling
8,5710,35,Magic & Novelties
8,5710,54,Musical Instruments
8,5710,54,63,Brass Instruments
8,5710,54,63,65,Euphoniums
8,5710,54,63,67,French Horns
8,5710,54,63,70,Trombones
8,5710,54,63,72,Tubas
8,5710,54,63,505769,Alto & Baritone Horns
8,5710,54,63,505770,Trumpets & Cornets
8,5710,54,75,Percussion
8,5710,54,75,2518,Drum Kits
8,5710,54,75,2797,Snare Drums
8,5710,54,75,2856,Electronic Drums
8,5710,54,75,2917,Bass Drums
8,5710,54,75,3005,Tom-Toms
8,5710,54,75,3015,Hi-Hats
8,5710,54,75,3043,Cymbals
8,5710,54,75,6098,Gongs
8,5710,54,75,7232,Practice Pads
8,5710,54,75,7285,Hand Percussion
8,5710,54,75,7285,2515,Tambourines
8,5710,54,75,7285,7286,Musical Scrapers & Ratchets
8,5710,54,75,7285,7287,Musical Shakers
8,5710,54,75,7285,7288,Finger & Hand Cymbals
8,5710,54,75,7285,7289,Claves & Castanets
8,5710,54,75,7285,7290,Musical Triangles
8,5710,54,75,7285,7291,Musical Blocks
8,5710,54,75,7285,7293,Musical Cowbells
8,5710,54,75,7285,7294,Vibraslaps
8,5710,54,75,7285,7295,Hand Drums
8,5710,54,75,7285,7295,7296,Congas
8,5710,54,75,7285,7295,7297,Cajons
8,5710,54,75,7285,7295,7298,Bongos
8,5710,54,75,7285,7295,7299,Goblet Drums
8,5710,54,75,7285,7295,7300,Frame Drums
8,5710,54,75,7285,7295,7301,Talking Drums
8,5710,54,75,7285,7295,7302,Tablas
8,5710,54,75,7285,7555,Hand Bells & Chimes
8,5710,54,75,7431,Glockenspiels & Xylophones
8,5710,54,76,Pianos
8,5710,54,77,String Instruments
8,5710,54,77,78,Upright Basses
8,5710,54,77,79,Cellos
8,5710,54,77,80,Guitars
8,5710,54,77,84,Harps
8,5710,54,77,85,Violas
8,5710,54,77,86,Violins
8,5710,54,87,Woodwinds
8,5710,54,87,88,Clarinets
8,5710,54,87,89,Flutes
8,5710,54,87,90,Recorders
8,5710,54,87,91,Saxophones
8,5710,54,87,4540,Bassoons
8,5710,54,87,4541,Oboes & English Horns
8,5710,54,87,4743,Harmonicas
8,5710,54,87,4744,Jew's Harps
8,5710,54,87,5481,Melodicas
8,5710,54,87,6721,Tin Whistles
8,5710,54,87,6728,Train Whistles
8,5710,54,87,7188,Flutophones
8,5710,54,87,7249,Ocarinas
8,5710,54,87,7250,Musical Pipes
8,5710,54,4983,Accordions & Concertinas
8,5710,54,4984,Bagpipes
8,5710,54,6001,Electronic Musical Instruments
8,5710,54,6001,74,Musical Keyboards
8,5710,54,6001,245,Audio Samplers
8,5710,54,6001,6002,MIDI Controllers
8,5710,54,6001,6003,Sound Synthesizers
8,5710,55,Musical Instrument & Orchestra Accessories
8,5710,55,56,Musical Instrument Amplifiers
8,5710,55,57,Brass Instrument Accessories
8,5710,55,57,4797,Brass Instrument Care & Cleaning
8,5710,55,57,4797,4890,Brass Instrument Cleaning Tools
8,5710,55,57,4797,4891,Brass Instrument Care Kits
8,5710,55,57,4797,4892,Brass Instrument Cleaners & Sanitizers
8,5710,55,57,4797,4893,Brass Instrument Guards
8,5710,55,57,4797,4894,Brass Instrument Lubricants
8,5710,55,57,4797,4895,Brass Instrument Polishing Cloths
8,5710,55,57,4798,Brass Instrument Replacement Parts
8,5710,55,57,505308,Brass Instrument Mouthpieces
8,5710,55,57,505309,Brass Instrument Straps & Stands
8,5710,55,57,505310,Brass Instrument Cases & Gigbags
8,5710,55,57,505768,Brass Instrument Mutes
8,5710,55,60,Musical Keyboard Accessories
8,5710,55,60,3324,Sustain Pedals
8,5710,55,60,3588,Musical Keyboard Stands
8,5710,55,60,7357,Musical Keyboard Bags & Cases
8,5710,55,61,String Instrument Accessories
8,5710,55,61,3502,Guitar Accessories
8,5710,55,61,3502,3176,Guitar Tuning Pegs
8,5710,55,61,3502,3178,Guitar Strings
8,5710,55,61,3502,3392,Guitar Humidifiers
8,5710,55,61,3502,3412,Electric Guitar Pickups
8,5710,55,61,3502,3646,Guitar Stands
8,5710,55,61,3502,3775,Acoustic Guitar Pickups
8,5710,55,61,3502,3882,Guitar Cases & Gig Bags
8,5710,55,61,3502,4111,Guitar Picks
8,5710,55,61,3502,5367,Capos
8,5710,55,61,3502,5368,Guitar Slides
8,5710,55,61,3502,499688,Guitar Straps
8,5710,55,61,3502,503032,Guitar Fittings & Parts
8,5710,55,61,3502,503721,Guitar String Winders
8,5710,55,61,4806,String Instrument Care & Cleaning
8,5710,55,61,4806,3374,Bow Rosin
8,5710,55,61,4806,4911,String Instrument Cleaning Cloths
8,5710,55,61,4806,4912,String Instrument Polish
8,5710,55,61,503033,Orchestral String Instrument Accessories
8,5710,55,61,503033,8209,Orchestral String Instrument Bow Cases
8,5710,55,61,503033,503034,Orchestral String Instrument Strings
8,5710,55,61,503033,503035,Orchestral String Instrument Stands
8,5710,55,61,503033,503036,Orchestral String Instrument Pickups
8,5710,55,61,503033,503037,Orchestral String Instrument Mutes
8,5710,55,61,503033,503038,Orchestral String Instrument Fittings & Parts
8,5710,55,61,503033,503039,Orchestral String Instrument Cases
8,5710,55,61,503033,503040,Orchestral String Instrument Bows
8,5710,55,62,Woodwind Instrument Accessories
8,5710,55,62,4790,Bassoon Accessories
8,5710,55,62,4790,4809,Bassoon Care & Cleaning
8,5710,55,62,4790,4809,4815,Bassoon Swabs
8,5710,55,62,4790,4810,Bassoon Cases & Gigbags
8,5710,55,62,4790,4811,Bassoon Parts
8,5710,55,62,4790,4811,4816,Bassoon Bocals
8,5710,55,62,4790,4811,4817,Bassoon Small Parts
8,5710,55,62,4790,4812,Bassoon Reeds
8,5710,55,62,4790,4813,Bassoon Stands
8,5710,55,62,4790,4814,Bassoon Straps & Supports
8,5710,55,62,4791,Clarinet Accessories
8,5710,55,62,4791,4818,Clarinet Care & Cleaning
8,5710,55,62,4791,4818,4826,Clarinet Care Kits
8,5710,55,62,4791,4818,4827,Clarinet Pad Savers
8,5710,55,62,4791,4818,4828,Clarinet Swabs
8,5710,55,62,4791,4819,Clarinet Cases & Gigbags
8,5710,55,62,4791,4820,Clarinet Ligatures & Caps
8,5710,55,62,4791,4822,Clarinet Parts
8,5710,55,62,4791,4822,4829,Clarinet Barrels
8,5710,55,62,4791,4822,4830,Clarinet Bells
8,5710,55,62,4791,4822,4831,Clarinet Mouthpieces
8,5710,55,62,4791,4822,4832,Clarinet Small Parts
8,5710,55,62,4791,4823,Clarinet Pegs & Stands
8,5710,55,62,4791,4824,Clarinet Reeds
8,5710,55,62,4791,4825,Clarinet Straps & Supports
8,5710,55,62,4792,Flute Accessories
8,5710,55,62,4792,4833,Flute Care & Cleaning
8,5710,55,62,4792,4833,4838,Flute Care Kits
8,5710,55,62,4792,4833,4839,Flute Cleaning Rods
8,5710,55,62,4792,4833,4840,Flute Swabs
8,5710,55,62,4792,4834,Flute Cases & Gigbags
8,5710,55,62,4792,4836,Flute Parts
8,5710,55,62,4792,4836,4841,Flute Headjoints
8,5710,55,62,4792,4836,4842,Flute Small Parts
8,5710,55,62,4792,4837,Flute Pegs & Stands
8,5710,55,62,4793,Oboe & English Horn Accessories
8,5710,55,62,4793,4843,Oboe Care & Cleaning
8,5710,55,62,4793,4843,4849,Oboe Care Kits
8,5710,55,62,4793,4843,4850,Oboe Swabs
8,5710,55,62,4793,4844,Oboe Cases & Gigbags
8,5710,55,62,4793,4845,Oboe Parts
8,5710,55,62,4793,4845,4851,Oboe Small Parts
8,5710,55,62,4793,4846,Oboe Pegs & Stands
8,5710,55,62,4793,4847,Oboe Reeds
8,5710,55,62,4793,4848,Oboe Straps & Supports
8,5710,55,62,4794,Saxophone Accessories
8,5710,55,62,4794,4852,Saxophone Care & Cleaning
8,5710,55,62,4794,4852,4860,Saxophone Care Kits
8,5710,55,62,4794,4852,4861,Saxophone Pad Savers
8,5710,55,62,4794,4852,4862,Saxophone Swabs
8,5710,55,62,4794,4853,Saxophone Cases & Gigbags
8,5710,55,62,4794,4854,Saxophone Ligatures & Caps
8,5710,55,62,4794,4856,Saxophone Parts
8,5710,55,62,4794,4856,4863,Saxophone Mouthpieces
8,5710,55,62,4794,4856,4864,Saxophone Necks
8,5710,55,62,4794,4856,4865,Saxophone Small Parts
8,5710,55,62,4794,4857,Saxophone Pegs & Stands
8,5710,55,62,4794,4858,Saxophone Reeds
8,5710,55,62,4794,4859,Saxophone Straps & Supports
8,5710,55,62,4866,Woodwind Cork Grease
8,5710,55,62,4867,Woodwind Polishing Cloths
8,5710,55,62,4939,Woodwind Reed Knives
8,5710,55,62,4955,Harmonica Accessories
8,5710,55,62,4955,4956,Harmonica Cases
8,5710,55,62,4955,5046,Harmonica Holders
8,5710,55,62,4957,Woodwind Reed Cases
8,5710,55,62,503747,Recorder Accessories
8,5710,55,62,503747,503748,Recorder Cases
8,5710,55,62,503747,503749,Recorder Care & Cleaning
8,5710,55,62,503747,503750,Recorder Parts
8,5710,55,3270,Electronic Tuners
8,5710,55,3465,Percussion Accessories
8,5710,55,3465,59,Drum Sticks & Brushes
8,5710,55,3465,4631,Percussion Mallets
8,5710,55,3465,7099,Drum Kit Hardware
8,5710,55,3465,7099,7101,Drum Pedals
8,5710,55,3465,7099,7102,Drum Kit Mounting Hardware
8,5710,55,3465,7099,7103,Bass Drum Beaters
8,5710,55,3465,7100,Cymbal & Drum Cases
8,5710,55,3465,7150,Drum Stick & Brush Accessories
8,5710,55,3465,7150,7151,Drum Stick & Brush Bags & Holders
8,5710,55,3465,7152,Drum Keys
8,5710,55,3465,7153,Drum Heads
8,5710,55,3465,7231,Cymbal & Drum Mutes
8,5710,55,3465,7282,Hand Percussion Accessories
8,5710,55,3465,7282,7283,Hand Percussion Bags & Cases
8,5710,55,3465,7282,7284,Hand Percussion Stands & Mounts
8,5710,55,3465,7308,Percussion Stands
8,5710,55,3465,7455,Electronic Drum Modules
8,5710,55,4142,Music Stands
8,5710,55,7277,Music Stand Accessories
8,5710,55,7277,7278,Sheet Music Clips
8,5710,55,7277,7279,Music Stand Bags
8,5710,55,7277,7280,Music Stand Lights
8,5710,55,8072,Musical Instrument Amplifier Accessories
8,5710,55,8072,6970,Musical Instrument Amplifier Cabinets
8,5710,55,8072,7364,Musical Instrument Amplifier Stands
8,5710,55,8072,8073,Musical Instrument Amplifier Footswitches
8,5710,55,8072,8461,Musical Instrument Amplifier Covers & Cases
8,5710,55,8072,8462,Musical Instrument Amplifier Knobs
8,5710,55,8072,8480,Musical Instrument Amplifier Tubes
8,5710,55,500001,Music Lyres & Flip Folders
8,5710,55,505288,Conductor Batons
8,5710,55,505328,Music Benches & Stools
8,5710,55,505365,Metronomes
8,5710,216,Collectibles
8,5710,216,37,Scale Models
8,5710,216,217,Collectible Coins & Currency
8,5710,216,217,543606,Collectible Coins
8,5710,216,217,543607,Collectible Banknotes
8,5710,216,218,Rocks & Fossils
8,5710,216,219,Postage Stamps
8,5710,216,220,Collectible Weapons
8,5710,216,220,221,Collectible Swords
8,5710,216,220,1340,Sword Stands & Displays
8,5710,216,220,5311,Collectible Knives
8,5710,216,220,499953,Collectible Guns
8,5710,216,1312,Seal Stamps
8,5710,216,3599,Autographs
8,5710,216,3865,Sports Collectibles
8,5710,216,3865,3515,Sports Fan Accessories
8,5710,216,3865,3515,1051,Auto Racing Fan Accessories
8,5710,216,3865,3515,1074,Baseball & Softball Fan Accessories
8,5710,216,3865,3515,1084,Basketball Fan Accessories
8,5710,216,3865,3515,1095,American Football Fan Accessories
8,5710,216,3865,3515,3576,Soccer Fan Accessories
8,5710,216,3865,3515,4006,Hockey Fan Accessories
8,5710,216,3865,3515,6187,Tennis Fan Accessories
8,5710,216,3865,4333,Autographed Sports Paraphernalia
8,5710,216,3865,4333,4093,Soccer Autographed Paraphernalia
8,5710,216,3865,4333,4124,American Football Autographed Paraphernalia
8,5710,216,3865,4333,4144,Hockey Autographed Paraphernalia
8,5710,216,3865,4333,4149,Baseball & Softball Autographed Paraphernalia
8,5710,216,3865,4333,4180,Auto Racing Autographed Paraphernalia
8,5710,216,3865,4333,4279,Basketball Autographed Paraphernalia
8,5710,216,3865,4333,6186,Tennis Autographed Sports Paraphernalia
8,5710,216,3865,4333,8210,Boxing Autographed Paraphernalia
8,5710,216,3893,Vintage Advertisements
8,5710,216,6000,Scale Model Accessories
8,5710,216,6997,Collectible Trading Cards
8,5710,3577,Homebrewing & Winemaking Supplies
8,5710,3577,2579,Wine Making
8,5710,3577,3014,Beer Brewing Grains & Malts
8,5710,3577,499891,Homebrewing & Winemaking Kits
8,5710,3577,502980,Bottling Bottles
8,5710,5999,Model Making
8,5710,5999,3885,Model Rocketry
8,5710,5999,4175,Scale Model Kits
8,5710,5999,5150,Model Trains & Train Sets
8,5710,5999,5151,Model Train Accessories
8,499969,Event Tickets
111,Business & Industrial
111,112,Agriculture
111,112,6991,Animal Husbandry
111,112,6991,6990,Livestock Feeders & Waterers
111,112,6991,499946,Livestock Halters
111,112,6991,499997,Egg Incubators
111,112,6991,505821,Livestock Feed
111,112,6991,505821,543544,Chicken Feed
111,112,6991,505821,543545,Cattle Feed
111,112,6991,505821,543546,Pig Feed
111,112,6991,505821,543547,Goat & Sheep Feed
111,112,6991,505821,543548,Mixed Herd Feed
111,114,Construction
111,114,134,Surveying
111,114,8278,Traffic Cones & Barrels
111,135,Food Service
111,135,137,Vending Machines
111,135,4096,Food Service Baskets
111,135,4217,Bus Tubs
111,135,4632,Disposable Tableware
111,135,4632,5098,Disposable Bowls
111,135,4632,5099,Disposable Cups
111,135,4632,5100,Disposable Cutlery
111,135,4632,5101,Disposable Plates
111,135,4742,Food Service Carts
111,135,5097,Take-Out Containers
111,135,5102,Concession Food Containers
111,135,5104,Plate & Dish Warmers
111,135,6517,Hot Dog Rollers
111,135,6786,Food Washers & Dryers
111,135,7088,Disposable Serveware
111,135,7088,7089,Disposable Serving Trays
111,135,7303,Bakery Boxes
111,135,7353,Ice Bins
111,135,7553,Tilt Skillets
111,135,8059,Disposable Lids
111,135,8532,Check Presenters
111,135,8533,Sneeze Guards
111,138,Retail
111,138,1837,Paper & Plastic Shopping Bags
111,138,3803,Display Mannequins
111,138,4127,Pricing Guns
111,138,4160,Retail Display Cases
111,138,4181,Money Handling
111,138,4181,3273,Money Changers
111,138,4181,4055,Paper Coin Wrappers & Bill Straps
111,138,4181,4151,Coin & Bill Counters
111,138,4181,4290,Banknote Verifiers
111,138,4181,4329,Money Deposit Bags
111,138,4181,505824,Cash Registers & POS Terminals
111,138,4181,505824,543647,Cash Registers
111,138,4181,505824,543648,POS Terminals
111,138,4181,505825,Cash Register & POS Terminal Accessories
111,138,4181,505825,4283,Cash Drawers & Trays
111,138,4181,505825,5310,Signature Capture Pads
111,138,4181,505825,505808,Credit Card Terminals
111,138,4244,Clothing Display Racks
111,138,7128,Mannequin Parts
111,138,499897,Retail Display Props & Models
111,976,Signage
111,976,4297,Electric Signs
111,976,4297,4070,Neon Signs
111,976,4297,4131,LED Signs
111,976,5892,Safety & Warning Signs
111,976,5893,Security Signs
111,976,5894,Emergency & Exit Signs
111,976,5895,Road & Traffic Signs
111,976,5896,Parking Signs & Permits
111,976,5897,Facility Identification Signs
111,976,5898,Retail & Sale Signs
111,976,5899,Sidewalk & Yard Signs
111,976,5900,Policy Signs
111,976,7322,Business Hour Signs
111,976,7323,Open & Closed Signs
111,976,8155,Digital Signs
111,1470,Manufacturing
111,1475,Hotel & Hospitality
111,1556,Law Enforcement
111,1556,361,Metal Detectors
111,1556,1906,Cuffs
111,1624,Science & Laboratory
111,1624,3002,Laboratory Chemicals
111,1624,4255,Laboratory Supplies
111,1624,4255,4036,Laboratory Flasks
111,1624,4255,4061,Graduated Cylinders
111,1624,4255,4075,Pipettes
111,1624,4255,4140,Wash Bottles
111,1624,4255,4155,Test Tube Racks
111,1624,4255,4276,Petri Dishes
111,1624,4255,4306,Test Tubes
111,1624,4255,4310,Beakers
111,1624,4335,Laboratory Equipment
111,1624,4335,158,Microscopes
111,1624,4335,4116,Autoclaves
111,1624,4335,4133,Laboratory Hot Plates
111,1624,4335,4231,Laboratory Ovens
111,1624,4335,4336,Centrifuges
111,1624,4335,4474,Laboratory Blenders
111,1624,4335,4555,Microscope Accessories
111,1624,4335,4555,4556,Microscope Eyepieces & Adapters
111,1624,4335,4555,4557,Microscope Cameras
111,1624,4335,4555,4558,Microscope Slides
111,1624,4335,4555,4664,Microscope Replacement Bulbs
111,1624,4335,4555,4665,Microscope Objective Lenses
111,1624,4335,7218,Dry Ice Makers
111,1624,4335,7393,Spectrometers
111,1624,4335,7437,Microtomes
111,1624,4335,7468,Spectrometer Accessories
111,1624,4335,500057,Freeze-Drying Machines
111,1624,4335,500114,Laboratory Freezers
111,1624,4335,503722,Laboratory Funnels
111,1624,6975,Biochemicals
111,1624,7325,Dissection Kits
111,1624,8119,Laboratory Specimens
111,1795,Heavy Machinery
111,1795,2072,Chippers
111,1813,Finance & Insurance
111,1813,7565,Bullion
111,1827,Forestry & Logging
111,2047,Work Safety Protective Gear
111,2047,2227,Protective Eyewear
111,2047,2389,Bullet Proof Vests
111,2047,2723,Hardhats
111,2047,2808,Hazardous Material Suits
111,2047,5591,Safety Gloves
111,2047,6764,Protective Aprons
111,2047,7085,Work Safety Tethers
111,2047,8269,Gas Mask & Respirator Accessories
111,2047,499708,Work Safety Harnesses
111,2047,499927,Welding Helmets
111,2047,499961,Safety Knee Pads
111,2047,503724,Protective Masks
111,2047,503724,513,Medical Masks
111,2047,503724,2349,Fireman's Masks
111,2047,503724,2473,Gas Masks & Respirators
111,2047,503724,7407,Dust Masks
111,2155,Film & Television
111,2187,Mining & Quarrying
111,2496,Medical
111,2496,1645,Surgical Gowns
111,2496,1898,Hospital Gowns
111,2496,2907,Medical Supplies
111,2496,2907,511,Disposable Gloves
111,2496,2907,7063,Finger Cots
111,2496,2907,7324,Tongue Depressors
111,2496,2907,499696,Medical Needles & Syringes
111,2496,2907,499696,543670,Medical Needles
111,2496,2907,499696,543671,Medical Syringes
111,2496,2907,499696,543672,Medical Needle & Syringe Sets
111,2496,2907,505828,Ostomy Supplies
111,2496,2928,Scrubs
111,2496,3477,Medical Equipment
111,2496,3477,3230,Automated External Defibrillators
111,2496,3477,4245,Otoscopes & Ophthalmoscopes
111,2496,3477,4364,Stethoscopes
111,2496,3477,6280,Vital Signs Monitors
111,2496,3477,6714,Vital Signs Monitor Accessories
111,2496,3477,6972,Medical Reflex Hammers & Tuning Forks
111,2496,3477,7522,Patient Lifts
111,2496,3477,499858,Medical Stretchers & Gurneys
111,2496,3477,503006,Gait Belts
111,2496,5167,Medical Furniture
111,2496,5167,4435,Homecare & Hospital Beds
111,2496,5167,5168,Chiropractic Tables
111,2496,5167,5169,Examination Chairs & Tables
111,2496,5167,5170,Medical Cabinets
111,2496,5167,5171,Medical Carts
111,2496,5167,5171,5173,Crash Carts
111,2496,5167,5171,5174,IV Poles & Carts
111,2496,5167,5172,Surgical Tables
111,2496,5602,Scrub Caps
111,2496,6275,Hospital Curtains
111,2496,6303,Medical Bedding
111,2496,6490,Medical Teaching Equipment
111,2496,6490,6491,Medical & Emergency Response Training Mannequins
111,2496,230913,Medical Instruments
111,2496,230913,6281,Medical Forceps
111,2496,230913,8026,Scalpels
111,2496,230913,232166,Scalpel Blades
111,2496,230913,499935,Surgical Needles & Sutures
111,4285,Piercing & Tattooing
111,4285,4326,Tattooing Supplies
111,4285,4326,4072,Tattooing Needles
111,4285,4326,4215,Tattooing Inks
111,4285,4326,4379,Tattooing Machines
111,4285,4326,5853,Tattoo Cover-Ups
111,4285,4350,Piercing Supplies
111,4285,4350,4122,Piercing Needles
111,5830,Industrial Storage
111,5830,5831,Shipping Containers
111,5830,5832,Industrial Cabinets
111,5830,5833,Industrial Shelving
111,5830,8274,"Wire Partitions, Enclosures & Doors"
111,5863,Advertising & Marketing
111,5863,5864,Trade Show Counters
111,5863,5865,Trade Show Displays
111,5863,5884,Brochures
111,6987,Material Handling
111,6987,131,Lifts & Hoists
111,6987,131,503767,Personnel Lifts
111,6987,131,503768,"Hoists, Cranes & Trolleys"
111,6987,131,503769,"Pulleys, Blocks & Sheaves"
111,6987,131,503771,Jacks & Lift Trucks
111,6987,131,503772,Winches
111,6987,6988,Conveyors
111,6987,503011,Pallets & Loading Platforms
111,7240,Hairdressing & Cosmetology
111,7240,7241,Salon Chairs
111,7240,7242,Pedicure Chairs
111,7240,505670,Hairdressing Capes & Neck Covers
111,7261,Automation Control Components
111,7261,7262,Variable Frequency & Adjustable Speed Drives
111,7261,7263,Programmable Logic Controllers
111,7497,Dentistry
111,7497,7499,Dental Tools
111,7497,7499,7498,Dental Mirrors
111,7497,7499,7531,Dental Tool Sets
111,7497,7499,8120,Prophy Heads
111,7497,7499,8121,Prophy Cups
111,7497,7499,8490,Dappen Dishes
111,7497,7500,Dental Cement
111,7497,8130,Prophy Paste
111,8025,Industrial Storage Accessories
111,500086,Janitorial Carts & Caddies
141,Cameras & Optics
141,39,Photography
141,39,41,Darkroom
141,39,41,1622,Photographic Chemicals
141,39,41,2234,Developing & Processing Equipment
141,39,41,2234,2516,Retouching Equipment & Supplies
141,39,41,2234,2625,Copystands
141,39,41,2234,2650,Developing Tanks & Reels
141,39,41,2234,2728,"Print Trays, Washers & Dryers"
141,39,41,2234,2999,Darkroom Sinks
141,39,41,2520,Enlarging Equipment
141,39,41,2520,2543,Darkroom Timers
141,39,41,2520,2698,Photographic Enlargers
141,39,41,2520,2815,Photographic Analyzers
141,39,41,2520,2969,Darkroom Easels
141,39,41,2520,3029,Focusing Aids
141,39,41,2600,Safelights
141,39,41,2804,Photographic Paper
141,39,42,Lighting & Studio
141,39,42,1548,Light Meters
141,39,42,1611,Studio Backgrounds
141,39,42,2007,Studio Stands & Mounts
141,39,42,2475,Studio Lighting Controls
141,39,42,2475,2490,Lighting Filters & Gobos
141,39,42,2475,3056,Flash Diffusers
141,39,42,2475,5431,Flash Reflectors
141,39,42,2475,5432,Softboxes
141,39,42,2926,Studio Lights & Flashes
141,39,42,5499,Light Meter Accessories
141,39,42,503017,Studio Stand & Mount Accessories
141,39,42,503018,Studio Light & Flash Accessories
141,39,4368,Photo Negative & Slide Storage
141,39,503735,Photo Mounting Supplies
141,142,Cameras
141,142,152,Digital Cameras
141,142,154,Film Cameras
141,142,155,Video Cameras
141,142,312,Webcams
141,142,362,Surveillance Cameras
141,142,4024,Disposable Cameras
141,142,5402,Trail Cameras
141,142,499976,Borescopes
141,156,Optics
141,156,157,Binoculars
141,156,161,Rangefinders
141,156,4040,Scopes
141,156,4040,165,Telescopes
141,156,4040,1695,Weapon Scopes & Sights
141,156,4040,4136,Spotting Scopes
141,156,4164,Monoculars
141,2096,Camera & Optic Accessories
141,2096,143,Camera Parts & Accessories
141,2096,143,148,Camera Flashes
141,2096,143,153,Camera Film
141,2096,143,2394,Video Camera Lights
141,2096,143,2987,Flash Brackets
141,2096,143,5429,Camera Straps
141,2096,143,5479,Camera Flash Accessories
141,2096,143,5532,Camera Remote Controls
141,2096,143,5937,Surveillance Camera Accessories
141,2096,143,6307,Underwater Camera Housings
141,2096,143,6308,Camera Bags & Cases
141,2096,143,8174,Camera Accessory Sets
141,2096,143,8535,Underwater Camera Housing Accessories
141,2096,143,296246,Camera Body Replacement Panels & Doors
141,2096,143,296247,Camera Replacement Buttons & Knobs
141,2096,143,296248,Camera Image Sensors
141,2096,143,296249,Camera Replacement Screens & Displays
141,2096,143,298420,Camera Digital Backs
141,2096,143,461567,Camera Gears
141,2096,143,461568,Camera Lens Zoom Units
141,2096,143,499998,Camera Stabilizers & Supports
141,2096,143,500037,Camera Grips
141,2096,143,500104,Camera Focus Devices
141,2096,143,500107,On-Camera Monitors
141,2096,143,503019,Camera Sun Hoods & Viewfinder Attachments
141,2096,143,503020,Camera Silencers & Sound Blimps
141,2096,149,Camera & Video Camera Lenses
141,2096,149,4432,Camera Lenses
141,2096,149,5280,Video Camera Lenses
141,2096,149,5346,Surveillance Camera Lenses
141,2096,150,Tripods & Monopods
141,2096,160,Optic Accessories
141,2096,160,4274,Thermal Optic Accessories
141,2096,160,5282,Binocular & Monocular Accessories
141,2096,160,5283,Rangefinder Accessories
141,2096,160,5284,Telescope Accessories
141,2096,160,5542,Spotting Scope Accessories
141,2096,160,5543,Weapon Scope & Sight Accessories
141,2096,160,5545,Optics Bags & Cases
141,2096,2911,Camera Lens Accessories
141,2096,2911,147,Lens Filters
141,2096,2911,2627,Lens Hoods
141,2096,2911,2829,Lens Caps
141,2096,2911,4416,Lens Converters
141,2096,2911,4441,Lens Bags
141,2096,2911,5588,Lens & Filter Adapter Rings
141,2096,4638,Tripod & Monopod Accessories
141,2096,4638,3035,Tripod Collars & Mounts
141,2096,4638,4639,Tripod & Monopod Heads
141,2096,4638,4640,Tripod & Monopod Cases
141,2096,4638,503016,Tripod Spreaders
141,2096,4638,503726,Tripod Handles
141,2096,463625,Camera & Optic Replacement Cables
166,Apparel & Accessories
166,167,Clothing Accessories
166,167,168,Bandanas & Headties
166,167,168,543586,Bandanas
166,167,168,543587,Hair Care Wraps
166,167,169,Belts
166,167,170,Gloves & Mittens
166,167,171,Hair Accessories
166,167,171,181,Wigs
166,167,171,1483,Ponytail Holders
166,167,171,1662,Headbands
166,167,171,1948,Hair Forks & Sticks
166,167,171,2477,Hair Combs
166,167,171,4057,Hair Extensions
166,167,171,5914,Tiaras
166,167,171,5915,Hair Wreaths
166,167,171,6183,Hair Nets
166,167,171,7305,Wig Accessories
166,167,171,7305,7306,Wig Glue & Tape
166,167,171,7305,7307,Wig Caps
166,167,171,8451,Hair Bun & Volume Shapers
166,167,171,502988,"Hair Pins, Claws & Clips"
166,167,171,502988,543644,Hair Pins
166,167,171,502988,543645,Hair Claws & Clips
166,167,171,502988,543646,Barrettes
166,167,173,Hats
166,167,176,Neckties
166,167,177,Scarves & Shawls
166,167,177,543673,Scarves
166,167,177,543674,Shawls
166,167,178,Sunglasses
166,167,179,Suspenders
166,167,180,Tie Clips
166,167,193,Cufflinks
166,167,1786,Balaclavas
166,167,1893,Wristbands
166,167,2020,Headwear
166,167,2020,1922,Headdresses
166,167,2020,5939,Turbans
166,167,2020,7054,Fascinators
166,167,3913,Belt Buckles
166,167,4179,Pinback Buttons
166,167,5114,Decorative Fans
166,167,5207,Handkerchiefs
166,167,5390,Traditional Clothing Accessories
166,167,5390,5685,Tabi Socks
166,167,5390,5686,Obi Accessories
166,167,5390,5687,Obis
166,167,5390,5688,Kimono Underclothes
166,167,5422,Baby & Toddler Clothing Accessories
166,167,5422,5623,Baby & Toddler Belts
166,167,5422,5624,Baby & Toddler Gloves & Mittens
166,167,5422,5625,Baby & Toddler Hats
166,167,5422,5626,Baby Protective Wear
166,167,5443,Bridal Accessories
166,167,5443,5446,Bridal Veils
166,167,5941,Leg Warmers
166,167,5942,Arm Warmers & Sleeves
166,167,6238,Earmuffs
166,167,6268,Leis
166,167,6984,Collar Stays
166,167,6985,Button Studs
166,167,7133,Hand Muffs
166,167,7230,Neck Gaiters
166,167,499972,Sashes
166,167,502987,Maternity Belts & Support Bands
166,184,Costumes & Accessories
166,184,5192,Costume Accessories
166,184,5192,5426,Costume Hats
166,184,5192,5907,Costume Capes
166,184,5192,7304,Bald Caps
166,184,5192,8017,Costume Accessory Sets
166,184,5192,8018,Pretend Jewelry
166,184,5192,8200,Costume Gloves
166,184,5192,500008,Costume Tobacco Products
166,184,5192,500118,Costume Special Effects
166,184,5193,Costumes
166,184,5194,Masks
166,184,5387,Costume Shoes
166,187,Shoes
166,188,Jewelry
166,188,189,Anklets
166,188,190,Body Jewelry
166,188,191,Bracelets
166,188,192,Charms & Pendants
166,188,194,Earrings
166,188,196,Necklaces
166,188,197,Brooches & Lapel Pins
166,188,200,Rings
166,188,201,Watches
166,188,5122,Watch Accessories
166,188,5122,5123,Watch Bands
166,188,5122,6870,Watch Winders
166,188,5122,7471,Watch Stickers & Decals
166,188,6463,Jewelry Sets
166,1604,Clothing
166,1604,182,Baby & Toddler Clothing
166,1604,182,5408,Baby & Toddler Bottoms
166,1604,182,5409,Baby & Toddler Swimwear
166,1604,182,5410,Baby & Toddler Tops
166,1604,182,5411,Baby One-Pieces
166,1604,182,5412,Baby & Toddler Sleepwear
166,1604,182,5423,Baby & Toddler Socks & Tights
166,1604,182,5424,Baby & Toddler Dresses
166,1604,182,5425,Baby & Toddler Outerwear
166,1604,182,5549,Baby & Toddler Diaper Covers
166,1604,182,5621,Toddler Underwear
166,1604,182,5622,Baby & Toddler Outfits
166,1604,203,Outerwear
166,1604,203,1831,Vests
166,1604,203,3066,Rain Suits
166,1604,203,5506,Chaps
166,1604,203,5514,Rain Pants
166,1604,203,5598,Coats & Jackets
166,1604,203,5909,Snow Pants & Suits
166,1604,204,Pants
166,1604,207,Shorts
166,1604,208,Sleepwear & Loungewear
166,1604,208,2302,Robes
166,1604,208,2580,Pajamas
166,1604,208,5513,Nightgowns
166,1604,208,5713,Loungewear
166,1604,211,Swimwear
166,1604,212,Shirts & Tops
166,1604,213,Underwear & Socks
166,1604,213,209,Socks
166,1604,213,214,Bras
166,1604,213,215,Hosiery
166,1604,213,1578,Shapewear
166,1604,213,1772,Lingerie
166,1604,213,1807,Long Johns
166,1604,213,2562,Underwear
166,1604,213,2563,Lingerie Accessories
166,1604,213,2563,1675,Garters
166,1604,213,2563,2160,Garter Belts
166,1604,213,2745,Undershirts
166,1604,213,2963,Petticoats & Pettipants
166,1604,213,5327,Jock Straps
166,1604,213,5834,Underwear Slips
166,1604,213,7207,Bra Accessories
166,1604,213,7207,7208,Bra Strap Pads
166,1604,213,7207,7209,Breast Petals & Concealers
166,1604,213,7207,7210,Breast Enhancing Inserts
166,1604,213,7207,7211,Bra Straps & Extenders
166,1604,1581,Skirts
166,1604,1581,2331,Mini Skirts
166,1604,1581,6228,Long Skirts
166,1604,1581,6229,Knee-Length Skirts
166,1604,1594,Suits
166,1604,1594,1516,Skirt Suits
166,1604,1594,1580,Tuxedos
166,1604,1594,5183,Pant Suits
166,1604,2271,Dresses
166,1604,2306,Uniforms
166,1604,2306,206,School Uniforms
166,1604,2306,2292,White Coats
166,1604,2306,3414,Security Uniforms
166,1604,2306,3598,Sports Uniforms
166,1604,2306,3598,3191,Baseball Uniforms
166,1604,2306,3598,3253,Officiating Uniforms
166,1604,2306,3598,3379,Softball Uniforms
166,1604,2306,3598,3439,Basketball Uniforms
166,1604,2306,3598,3683,Cheerleading Uniforms
166,1604,2306,3598,3724,Cricket Uniforms
166,1604,2306,3598,3852,Wrestling Uniforms
166,1604,2306,3598,3888,American Football Uniforms
166,1604,2306,3598,3958,Hockey Uniforms
166,1604,2306,3598,4003,Martial Arts Uniforms
166,1604,2306,3598,5564,Soccer Uniforms
166,1604,2306,5484,Contractor Pants & Coveralls
166,1604,2306,5878,Flight Suits
166,1604,2306,5949,Military Uniforms
166,1604,2306,7235,Food Service Uniforms
166,1604,2306,7235,2396,Chef's Jackets
166,1604,2306,7235,7236,Chef's Pants
166,1604,2306,7235,7237,Chef's Hats
166,1604,5182,One-Pieces
166,1604,5182,5250,Jumpsuits & Rompers
166,1604,5182,5490,Leotards & Unitards
166,1604,5182,7132,Overalls
166,1604,5322,Activewear
166,1604,5322,3951,American Football Pants
166,1604,5322,5378,Boxing Shorts
166,1604,5322,5379,Martial Arts Shorts
166,1604,5322,5460,Hunting Clothing
166,1604,5322,5460,5461,Hunting & Fishing Vests
166,1604,5322,5460,5462,Ghillie Suits
166,1604,5322,5460,5552,Hunting & Tactical Pants
166,1604,5322,5517,Motorcycle Protective Clothing
166,1604,5322,5517,5463,Motorcycle Suits
166,1604,5322,5517,6006,Motorcycle Jackets
166,1604,5322,5517,7003,Motorcycle Pants
166,1604,5322,5555,Paintball Clothing
166,1604,5322,5697,Bicycle Activewear
166,1604,5322,5697,3128,Bicycle Bibs
166,1604,5322,5697,3188,Bicycle Shorts & Briefs
166,1604,5322,5697,3455,Bicycle Jerseys
166,1604,5322,5697,3729,Bicycle Tights
166,1604,5322,5697,6087,Bicycle Skinsuits
166,1604,5322,499979,"Dance Dresses, Skirts & Costumes"
166,1604,5344,Skorts
166,1604,5388,Traditional & Ceremonial Clothing
166,1604,5388,5343,Kimonos
166,1604,5388,5343,5679,Tomesode & Houmongi Kimonos
166,1604,5388,5343,5680,Komon Kimonos
166,1604,5388,5343,5681,Iromuji Kimonos
166,1604,5388,5343,5682,Furisode Kimonos
166,1604,5388,5343,5683,Casual Kimonos
166,1604,5388,5343,5684,Bridal Kimonos
166,1604,5388,5483,Religious Ceremonial Clothing
166,1604,5388,5483,8149,Baptism & Communion Dresses
166,1604,5388,5673,Kimono Outerwear
166,1604,5388,5673,5677,Kimono Coats
166,1604,5388,5673,5678,Haori Jackets
166,1604,5388,5674,Hakama Trousers
166,1604,5388,5676,Yukata
166,1604,5388,6031,Dirndls
166,1604,5388,6227,Japanese Black Formal Wear
166,1604,5388,7281,Traditional Leather Pants
166,1604,5388,8248,Saris & Lehengas
166,1604,5441,Wedding & Bridal Party Dresses
166,1604,5441,5329,Wedding Dresses
166,1604,5441,5330,Bridal Party Dresses
166,1604,7313,Outfit Sets
166,1933,Shoe Accessories
166,1933,1856,Shoelaces
166,1933,2427,Spurs
166,1933,5385,Shoe Covers
166,1933,5567,Boot Liners
166,1933,7078,Gaiters
166,6551,"Handbags, Wallets & Cases"
166,6551,2668,Wallets & Money Clips
166,6551,3032,Handbags
166,6551,6169,Business Card Cases
166,6551,6170,Badge & Pass Holders
166,6552,Handbag & Wallet Accessories
166,6552,175,Keychains
166,6552,5841,Wallet Chains
166,6552,6277,Lanyards
166,6552,6460,Checkbook Covers
222,Electronics
222,223,Audio
222,223,242,Audio Players & Recorders
222,223,242,225,Boomboxes
222,223,242,226,CD Players & Recorders
222,223,242,230,Karaoke Systems
222,223,242,233,MP3 Players
222,223,242,235,MiniDisc Players & Recorders
222,223,242,243,Cassette Players & Recorders
222,223,242,244,Voice Recorders
222,223,242,251,Stereo Systems
222,223,242,252,Home Theater Systems
222,223,242,256,Turntables & Record Players
222,223,242,4652,Jukeboxes
222,223,242,5434,Multitrack Recorders
222,223,242,6886,Radios
222,223,242,8271,Reel-to-Reel Tape Players & Recorders
222,223,1420,Audio Accessories
222,223,1420,232,MP3 Player Accessories
222,223,1420,232,3055,MP3 Player Cases
222,223,1420,232,7566,MP3 Player & Mobile Phone Accessory Sets
222,223,1420,239,Satellite Radio Accessories
222,223,1420,2372,Turntable Accessories
222,223,1420,3306,Microphone Accessories
222,223,1420,3912,Microphone Stands
222,223,1420,5395,Karaoke System Accessories
222,223,1420,5395,5396,Karaoke Chips
222,223,1420,7163,Speaker Accessories
222,223,1420,7163,8047,Speaker Stand Bags
222,223,1420,7163,8049,Speaker Stands & Mounts
222,223,1420,7163,500112,"Speaker Bags, Covers & Cases"
222,223,1420,7163,500119,Tactile Transducers
222,223,1420,7163,500120,Speaker Components & Kits
222,223,1420,503008,Audio & Video Receiver Accessories
222,223,1420,505797,Headphone & Headset Accessories
222,223,1420,505797,503004,Headphone Cushions & Tips
222,223,2154,Public Address Systems
222,223,2165,Audio Components
222,223,2165,224,Audio Amplifiers
222,223,2165,224,4493,Headphone Amplifiers
222,223,2165,224,5381,Power Amplifiers
222,223,2165,234,Microphones
222,223,2165,236,Audio Mixers
222,223,2165,241,Audio & Video Receivers
222,223,2165,246,Signal Processors
222,223,2165,246,247,Effects Processors
222,223,2165,246,248,Equalizers
222,223,2165,246,3945,Microphone Preamps
222,223,2165,246,5369,Phono Preamps
222,223,2165,246,5435,Crossovers
222,223,2165,246,5596,Noise Gates & Compressors
222,223,2165,246,5597,Loudspeaker Management Systems
222,223,2165,249,Speakers
222,223,2165,5129,Audio Transmitters
222,223,2165,5129,4035,FM Transmitters
222,223,2165,5129,5130,Bluetooth Transmitters
222,223,2165,6545,Channel Strips
222,223,2165,6546,Direct Boxes
222,223,2165,505298,Studio Recording Bundles
222,223,2165,505771,Headphones & Headsets
222,223,2165,505771,543626,Headphones
222,223,2165,505771,543627,Headsets
222,223,3727,Stage Equipment
222,223,3727,3242,Wireless Transmitters
222,223,4921,DJ & Specialty Audio
222,223,4921,4922,DJ CD Players
222,223,4921,4923,DJ Systems
222,223,8159,Bullhorns
222,262,Communications
222,262,263,Communication Radio Accessories
222,262,266,Answering Machines
222,262,268,Pagers
222,262,270,Telephony
222,262,270,264,Mobile Phone Accessories
222,262,270,264,2353,Mobile Phone Cases
222,262,270,264,4550,Mobile Phone Charms & Straps
222,262,270,264,5566,Mobile Phone Stands
222,262,270,264,6030,Mobile Phone Pre-Paid Cards & SIM Cards
222,262,270,264,6030,543515,Mobile Phone Pre-Paid Cards
222,262,270,264,6030,543516,SIM Cards
222,262,270,264,7347,Mobile Phone Replacement Parts
222,262,270,264,8111,Mobile Phone Camera Accessories
222,262,270,264,499916,SIM Card Ejection Tools
222,262,270,265,Telephone Accessories
222,262,270,265,269,Phone Cards
222,262,270,267,Mobile Phones
222,262,270,267,543512,Pre-paid Mobile Phones
222,262,270,267,543513,Contract Mobile Phones
222,262,270,267,543514,Unlocked Mobile Phones
222,262,270,271,Corded Phones
222,262,270,272,Cordless Phones
222,262,270,1924,Satellite Phones
222,262,270,4666,Conference Phones
222,262,274,Video Conferencing
222,262,360,Intercoms
222,262,2471,Communication Radios
222,262,2471,273,Two-Way Radios
222,262,2471,2106,CB Radios
222,262,2471,4415,Radio Scanners
222,262,5275,Caller IDs
222,262,5404,Intercom Accessories
222,278,Computers
222,278,298,Handheld Devices
222,278,298,3539,E-Book Readers
222,278,298,3769,PDAs
222,278,298,5256,Data Collectors
222,278,325,Desktop Computers
222,278,328,Laptops
222,278,331,Computer Servers
222,278,4745,Tablet Computers
222,278,5254,Barebone Computers
222,278,5255,Interactive Kiosks
222,278,8539,Thin & Zero Clients
222,278,8539,543668,Thin Client Computers
222,278,8539,543669,Zero Client Computers
222,278,500002,Smart Glasses
222,278,502995,Touch Table Computers
222,339,GPS Navigation Systems
222,340,Marine Electronics
222,340,1550,Fish Finders
222,340,1552,Marine Radar
222,340,2178,Marine Chartplotters & GPS
222,340,4450,Marine Radios
222,340,8134,Marine Audio & Video Receivers
222,340,8473,Marine Speakers
222,342,Networking
222,342,290,Network Cards & Adapters
222,342,343,Modems
222,342,1350,Bridges & Routers
222,342,1350,2358,VoIP Gateways & Routers
222,342,1350,5496,Wireless Access Points
222,342,1350,5497,Wireless Routers
222,342,1350,5659,Network Bridges
222,342,2121,Repeaters & Transceivers
222,342,2455,Hubs & Switches
222,342,2479,Concentrators & Multiplexers
222,342,3425,Print Servers
222,342,3742,Network Security & Firewall Devices
222,342,5576,Modem Accessories
222,342,6508,Power Over Ethernet Adapters
222,345,"Print, Copy, Scan & Fax"
222,345,284,Scanner Accessories
222,345,306,Scanners
222,345,6865,3D Printers
222,345,499682,3D Printer Accessories
222,345,500106,"Printers, Copiers & Fax Machines"
222,345,502990,"Printer, Copier & Fax Machine Accessories"
222,345,502990,1683,Printer Memory
222,345,502990,5258,Printer Consumables
222,345,502990,5258,356,Toner & Inkjet Cartridges
222,345,502990,5258,5259,Printer Drums & Drum Kits
222,345,502990,5258,5260,Printer Ribbons
222,345,502990,5258,5261,Printheads
222,345,502990,5258,5262,Printer Maintenance Kits
222,345,502990,5258,5266,Printer Filters
222,345,502990,5258,7362,Toner & Inkjet Cartridge Refills
222,345,502990,5265,Printer Duplexers
222,345,502990,5459,Printer Stands
222,345,502990,502991,"Printer, Copier & Fax Machine Replacement Parts"
222,386,Video
222,386,305,Computer Monitors
222,386,387,Video Players & Recorders
222,386,387,388,DVD & Blu-ray Players
222,386,387,389,DVD Recorders
222,386,387,390,Digital Video Recorders
222,386,387,391,VCRs
222,386,387,5276,Streaming & Home Media Players
222,386,396,Projectors
222,386,396,397,Multimedia Projectors
222,386,396,398,Overhead Projectors
222,386,396,399,Slide Projectors
222,386,404,Televisions
222,386,1368,Video Editing Hardware & Production Equipment
222,386,1634,Video Multiplexers
222,386,2027,Video Accessories
222,386,2027,283,Computer Monitor Accessories
222,386,2027,283,5516,Color Calibrators
222,386,2027,393,Projector Accessories
222,386,2027,393,394,Projector Replacement Lamps
222,386,2027,393,395,Projection Screens
222,386,2027,393,4570,Projection Screen Stands
222,386,2027,393,5257,Projector Mounts
222,386,2027,393,5599,Projection & Tripod Skirts
222,386,2027,403,Television Parts & Accessories
222,386,2027,403,4458,TV & Monitor Mounts
222,386,2027,403,5471,TV Replacement Lamps
222,386,2027,403,5503,TV Converter Boxes
222,386,2027,403,43616,TV Replacement Speakers
222,386,2027,2145,Rewinders
222,386,2027,4760,3D Glasses
222,386,5278,Video Servers
222,386,5450,Video Transmitters
222,386,5561,Satellite & Cable TV
222,386,5561,401,Satellite Receivers
222,386,5561,5562,Cable TV Receivers
222,912,Radar Detectors
222,1270,Video Game Console Accessories
222,1270,1505,Home Game Console Accessories
222,1270,2070,Portable Game Console Accessories
222,1294,Video Game Consoles
222,1801,Components
222,1801,1337,Modulators
222,1801,1544,Splitters
222,1801,1977,Electronics Component Connectors
222,1801,2182,Converters
222,1801,2182,2205,Scan Converters
222,1801,2182,503001,Audio Converters
222,1801,7395,Accelerometers
222,2082,Electronics Accessories
222,2082,258,Adapters
222,2082,258,146,Memory Card Adapters
222,2082,258,4463,Audio & Video Cable Adapters & Couplers
222,2082,258,7182,USB Adapters
222,2082,259,Cables
222,2082,259,1480,Network Cables
222,2082,259,1763,System & Power Cables
222,2082,259,1867,Audio & Video Cables
222,2082,259,3461,KVM Cables
222,2082,259,3541,Telephone Cables
222,2082,259,500035,Storage & Data Transfer Cables
222,2082,275,Power
222,2082,275,276,Batteries
222,2082,275,276,1564,Laptop Batteries
222,2082,275,276,1722,Camera Batteries
222,2082,275,276,1745,Mobile Phone Batteries
222,2082,275,276,1880,Cordless Phone Batteries
222,2082,275,276,2222,Video Camera Batteries
222,2082,275,276,4928,General Purpose Batteries
222,2082,275,276,5133,PDA Batteries
222,2082,275,276,6289,UPS Batteries
222,2082,275,276,7438,Tablet Computer Batteries
222,2082,275,276,7551,E-Book Reader Batteries
222,2082,275,276,499810,MP3 Player Batteries
222,2082,275,276,500117,Video Game Console & Controller Batteries
222,2082,275,1348,UPS
222,2082,275,1375,UPS Accessories
222,2082,275,2978,Fuel Cells
222,2082,275,3160,Power Strips & Surge Suppressors
222,2082,275,5274,Power Supply Enclosures
222,2082,275,5380,Surge Protection Devices
222,2082,275,6790,Power Control Units
222,2082,275,6933,Power Adapter & Charger Accessories
222,2082,275,7135,Travel Converters & Adapters
222,2082,275,7166,Battery Accessories
222,2082,275,7166,3130,Camera Battery Chargers
222,2082,275,7166,6817,Battery Charge Controllers
222,2082,275,7166,7167,General Purpose Battery Chargers
222,2082,275,7166,8243,Battery Holders
222,2082,275,7166,499928,General Purpose Battery Testers
222,2082,275,505295,Power Adapters & Chargers
222,2082,279,Computer Accessories
222,2082,279,280,Handheld Device Accessories
222,2082,279,280,4736,E-Book Reader Accessories
222,2082,279,280,4736,4738,E-Book Reader Cases
222,2082,279,280,4737,PDA Accessories
222,2082,279,280,4737,4739,PDA Cases
222,2082,279,300,Laptop Docking Stations
222,2082,279,1993,Mouse Pads
222,2082,279,5308,Stylus Pens
222,2082,279,5489,Computer Risers & Stands
222,2082,279,5669,Stylus Pen Nibs & Refills
222,2082,279,6291,Keyboard & Mouse Wrist Rests
222,2082,279,6979,Keyboard Trays & Platforms
222,2082,279,7530,Computer Covers & Skins
222,2082,279,499956,Tablet Computer Docks & Stands
222,2082,279,500040,Computer Accessory Sets
222,2082,285,Computer Components
222,2082,285,287,I/O Cards & Adapters
222,2082,285,287,286,Audio Cards & Adapters
222,2082,285,287,297,Video Cards & Adapters
222,2082,285,287,1487,TV Tuner Cards & Adapters
222,2082,285,287,503755,Riser Cards
222,2082,285,287,505299,Computer Interface Cards & Adapters
222,2082,285,291,Computer Power Supplies
222,2082,285,292,Computer Processors
222,2082,285,293,Computer Racks & Mounts
222,2082,285,294,Computer Starter Kits
222,2082,285,295,Computer System Cooling Parts
222,2082,285,296,Desktop Computer & Server Cases
222,2082,285,311,USB & FireWire Hubs
222,2082,285,1928,Input Devices
222,2082,285,1928,139,Barcode Scanners
222,2082,285,1928,301,Game Controllers
222,2082,285,1928,301,543588,Joystick Controllers
222,2082,285,1928,301,543589,Gaming Pads
222,2082,285,1928,301,543590,Game Remotes
222,2082,285,1928,301,543591,Game Racing Wheels
222,2082,285,1928,301,543593,Musical Instrument Game Controllers
222,2082,285,1928,302,Graphics Tablets
222,2082,285,1928,303,Keyboards
222,2082,285,1928,304,Mice & Trackballs
222,2082,285,1928,308,Touchpads
222,2082,285,1928,1562,KVM Switches
222,2082,285,1928,3580,Memory Card Readers
222,2082,285,1928,4512,Numeric Keypads
222,2082,285,1928,5309,Digital Note Taking Pens
222,2082,285,1928,5366,Fingerprint Readers
222,2082,285,1928,499950,Gesture Control Input Devices
222,2082,285,1928,505801,Electronic Card Readers
222,2082,285,2414,Storage Devices
222,2082,285,2414,377,Optical Drives
222,2082,285,2414,380,Hard Drives
222,2082,285,2414,385,Tape Drives
222,2082,285,2414,1301,Floppy Drives
222,2082,285,2414,1623,Hard Drive Accessories
222,2082,285,2414,1623,381,Hard Drive Carrying Cases
222,2082,285,2414,1623,4417,Hard Drive Docks
222,2082,285,2414,1623,505767,Hard Drive Enclosures & Mounts
222,2082,285,2414,3712,USB Flash Drives
222,2082,285,2414,5268,Disk Duplicators
222,2082,285,2414,5268,376,CD/DVD Duplicators
222,2082,285,2414,5268,5112,USB Drive Duplicators
222,2082,285,2414,5268,5271,Hard Drive Duplicators
222,2082,285,2414,5269,Network Storage Systems
222,2082,285,2414,5272,Hard Drive Arrays
222,2082,285,4224,Laptop Parts
222,2082,285,4224,4102,Laptop Replacement Screens
222,2082,285,4224,4270,Laptop Housings & Trim
222,2082,285,4224,4301,Laptop Replacement Keyboards
222,2082,285,4224,6416,Laptop Hinges
222,2082,285,4224,7501,Laptop Replacement Cables
222,2082,285,4224,8160,Laptop Screen Digitizers
222,2082,285,4224,43617,Laptop Replacement Speakers
222,2082,285,6475,Input Device Accessories
222,2082,285,6475,6476,Barcode Scanner Stands
222,2082,285,6475,8008,Game Controller Accessories
222,2082,285,6475,500052,Mice & Trackball Accessories
222,2082,285,6475,503003,Keyboard Keys & Caps
222,2082,285,6932,Blade Server Enclosures
222,2082,285,7349,Tablet Computer Parts
222,2082,285,7349,45262,Tablet Computer Replacement Speakers
222,2082,285,7349,500013,Tablet Computer Screens & Screen Digitizers
222,2082,285,7349,503002,Tablet Computer Housings & Trim
222,2082,285,8158,Computer Backplates & I/O Shields
222,2082,285,8162,E-Book Reader Parts
222,2082,285,8162,8163,E-Book Reader Screens & Screen Digitizers
222,2082,288,Memory
222,2082,288,384,Flash Memory
222,2082,288,384,3387,Flash Memory Cards
222,2082,288,1665,Cache Memory
222,2082,288,1733,RAM
222,2082,288,1767,Video Memory
222,2082,288,2130,ROM
222,2082,341,Remote Controls
222,2082,367,Blank Media
222,2082,1718,Antennas
222,2082,3328,Cable Management
222,2082,3328,3764,Cable Clips
222,2082,3328,4016,Wire & Cable Ties
222,2082,3328,5273,Patch Panels
222,2082,3328,6402,Cable Trays
222,2082,3328,6780,Wire & Cable Sleeves
222,2082,3328,499686,Wire & Cable Identification Markers
222,2082,3328,500036,Cable Tie Guns
222,2082,3422,Memory Accessories
222,2082,3422,3672,Memory Cases
222,2082,4617,Electronics Cleaners
222,2082,5466,Electronics Films & Shields
222,2082,5466,5467,Privacy Filters
222,2082,5466,5468,Screen Protectors
222,2082,5466,5469,Keyboard Protectors
222,2082,5466,5523,Electronics Stickers & Decals
222,2082,5473,Signal Boosters
222,2082,5476,Antenna Accessories
222,2082,5476,5477,Antenna Mounts & Brackets
222,2082,5476,5478,Antenna Rotators
222,2082,5476,6016,Satellite LNBs
222,2082,5695,Signal Jammers
222,2082,5695,5589,Radar Jammers
222,2082,5695,5612,GPS Jammers
222,2082,5695,5696,Mobile Phone Jammers
222,2082,8156,Audio & Video Splitters & Switches
222,2082,8156,8164,HDMI Splitters & Switches
222,2082,8156,499944,DVI Splitters & Switches
222,2082,8156,499945,VGA Splitters & Switches
222,2082,499878,Mobile Phone & Tablet Tripods & Monopods
222,3356,Arcade Equipment
222,3356,3117,Video Game Arcade Cabinets
222,3356,3140,Pinball Machines
222,3356,3676,Video Game Arcade Cabinet Accessories
222,3356,3681,Skee-Ball Machines
222,3356,3946,Pinball Machine Accessories
222,3356,8085,Basketball Arcade Games
222,3702,Circuit Boards & Components
222,3702,3635,Passive Circuit Components
222,3702,3635,3121,Inductors
222,3702,3635,3220,Capacitors
222,3702,3635,3424,Resistors
222,3702,3635,7260,Electronic Oscillators
222,3702,3889,Circuit Prototyping
222,3702,3889,4010,Breadboards
222,3702,3991,Semiconductors
222,3702,3991,3094,Transistors
222,3702,3991,3632,Diodes
222,3702,3991,3949,Microcontrollers
222,3702,3991,7257,Integrated Circuits & Chips
222,3702,7258,Electronic Filters
222,3702,7259,Circuit Decoders & Encoders
222,3702,7264,Printed Circuit Boards
222,3702,7264,3416,Development Boards
222,3702,7264,8516,Television Circuit Boards
222,3702,7264,8544,"Printer, Copier, & Fax Machine Circuit Boards"
222,3702,7264,8545,Household Appliance Circuit Boards
222,3702,7264,8549,Pool & Spa Circuit Boards
222,3702,7264,298419,Camera Circuit Boards
222,3702,7264,499675,Scanner Circuit Boards
222,3702,7264,499889,Exercise Machine Circuit Boards
222,3702,7264,499898,Computer Circuit Boards
222,3702,7264,499898,289,Motherboards
222,3702,7264,499898,8546,Hard Drive Circuit Boards
222,3702,7264,499898,499899,Computer Inverter Boards
222,3702,500027,Circuit Board Accessories
222,3895,GPS Accessories
222,3895,3213,GPS Mounts
222,3895,3781,GPS Cases
222,4488,Toll Collection Devices
222,6544,GPS Tracking Devices
222,500091,Speed Radars
412,"Food, Beverages & Tobacco"
412,413,Beverages
412,413,415,Hot Chocolate
412,413,418,Milk
412,413,420,Water
412,413,420,543530,Distilled Water
412,413,420,543531,Carbonated Water
412,413,420,543531,543534,Flavored Carbonated Water
412,413,420,543531,543535,Unflavored Carbonated Water
412,413,420,543532,Spring Water
412,413,420,543533,Flat Mineral Water
412,413,1868,Coffee
412,413,2073,Tea & Infusions
412,413,2628,Soda
412,413,2887,Juice
412,413,5723,Sports & Energy Drinks
412,413,5724,Non-Dairy Milk
412,413,6797,Buttermilk
412,413,6848,Powdered Beverage Mixes
412,413,7528,Vinegar Drinks
412,413,8030,Eggnog
412,413,8036,Fruit Flavored Drinks
412,413,499676,Alcoholic Beverages
412,413,499676,414,Beer
412,413,499676,417,Liquor & Spirits
412,413,499676,417,1671,Gin
412,413,499676,417,1926,Whiskey
412,413,499676,417,2107,Vodka
412,413,499676,417,2220,Tequila
412,413,499676,417,2364,Brandy
412,413,499676,417,2605,Rum
412,413,499676,417,2933,Liqueurs
412,413,499676,417,502976,Shochu & Soju
412,413,499676,417,502976,543642,Shochu
412,413,499676,417,502976,543643,Soju
412,413,499676,417,505761,Absinthe
412,413,499676,421,Wine
412,413,499676,5725,Cocktail Mixes
412,413,499676,5725,543536,Shelf-stable Cocktail Mixes
412,413,499676,5725,543537,Frozen Cocktail Mixes
412,413,499676,5887,Flavored Alcoholic Beverages
412,413,499676,6761,Hard Cider
412,413,499676,7486,Bitters
412,422,Food Items
412,422,136,Food Gift Baskets
412,422,423,Snack Foods
412,422,423,1445,Crackers
412,422,423,1534,Popcorn
412,422,423,2392,Chips
412,422,423,2432,Puffed Rice Cakes
412,422,423,3284,Jerky
412,422,423,3446,Pretzels
412,422,423,5743,Pudding & Gelatin Snacks
412,422,423,5744,Fruit Snacks
412,422,423,5745,Trail & Snack Mixes
412,422,423,5746,Croutons
412,422,423,5747,Cereal & Granola Bars
412,422,423,5747,543651,Cereal Bars
412,422,423,5747,543652,Granola Bars
412,422,423,6192,Cheese Puffs
412,422,423,6194,Pork Rinds
412,422,423,6785,Snack Cakes
412,422,423,6847,Salad Toppings
412,422,423,7159,Breadsticks
412,422,423,7327,Sticky Rice Cakes
412,422,423,7427,Sesame Sticks
412,422,427,Condiments & Sauces
412,422,427,1387,Mustard
412,422,427,1568,Mayonnaise
412,422,427,1969,Salad Dressing
412,422,427,2018,Ketchup
412,422,427,4614,Hot Sauce
412,422,427,4615,Satay Sauce
412,422,427,4616,Soy Sauce
412,422,427,4692,Tahini
412,422,427,4943,Syrup
412,422,427,4947,Honey
412,422,427,5759,Pasta Sauce
412,422,427,5760,Olives & Capers
412,422,427,5762,Gravy
412,422,427,5763,Fish Sauce
412,422,427,6203,Pizza Sauce
412,422,427,6246,Worcestershire Sauce
412,422,427,6772,Cocktail Sauce
412,422,427,6782,Horseradish Sauce
412,422,427,6783,Tartar Sauce
412,422,427,6845,Dessert Toppings
412,422,427,6845,6844,Ice Cream Syrup
412,422,427,6845,6854,Fruit Toppings
412,422,427,6905,Curry Sauce
412,422,427,500074,Marinades & Grilling Sauces
412,422,427,500075,Relish & Chutney
412,422,427,500076,Pickled Fruits & Vegetables
412,422,427,500089,Sweet and Sour Sauces
412,422,427,500105,White & Cream Sauces
412,422,428,Dairy Products
412,422,428,429,Cheese
412,422,428,1855,Cottage Cheese
412,422,428,1954,Yogurt
412,422,428,4418,Coffee Creamer
412,422,428,5786,Cream
412,422,428,5787,Sour Cream
412,422,428,5827,Butter & Margarine
412,422,428,6821,Whipped Cream
412,422,430,Fruits & Vegetables
412,422,430,1755,Dried Fruits
412,422,430,5793,Fresh & Frozen Vegetables
412,422,430,5793,6568,Asparagus
412,422,430,5793,6570,Artichokes
412,422,430,5793,6577,Beans
412,422,430,5793,6580,Beets
412,422,430,5793,6585,Sweet Potatoes
412,422,430,5793,6586,Potatoes
412,422,430,5793,6587,Borage
412,422,430,5793,6590,Brussel Sprouts
412,422,430,5793,6591,Broccoli
412,422,430,5793,6592,Cabbage
412,422,430,5793,6595,Carrots
412,422,430,5793,6596,Cardoon
412,422,430,5793,6598,Celery Roots
412,422,430,5793,6599,Celery
412,422,430,5793,6600,Cauliflower
412,422,430,5793,6608,Cucumbers
412,422,430,5793,6609,Corn
412,422,430,5793,6613,Eggplants
412,422,430,5793,6615,Fiddlehead Ferns
412,422,430,5793,6616,Gai Choy
412,422,430,5793,6617,Gai Lan
412,422,430,5793,6618,Gobo Root
412,422,430,5793,6619,Ginger Root
412,422,430,5793,6620,Garlic
412,422,430,5793,6622,Greens
412,422,430,5793,6622,5792,Salad Mixes
412,422,430,5793,6622,6569,Arugula
412,422,430,5793,6622,6581,Beet Greens
412,422,430,5793,6622,6584,Bok Choy
412,422,430,5793,6622,6597,Chard
412,422,430,5793,6622,6610,Choy Sum
412,422,430,5793,6622,6629,Kale
412,422,430,5793,6622,6637,Lettuce
412,422,430,5793,6622,6656,On Choy
412,422,430,5793,6622,6695,Spinach
412,422,430,5793,6622,6706,Yu Choy
412,422,430,5793,6622,6717,Chicory
412,422,430,5793,6627,Leeks
412,422,430,5793,6628,Kohlrabi
412,422,430,5793,6630,Jicama
412,422,430,5793,6631,Horseradish Root
412,422,430,5793,6643,Malangas
412,422,430,5793,6644,Lotus Roots
412,422,430,5793,6653,Mushrooms
412,422,430,5793,6655,Onions
412,422,430,5793,6657,Okra
412,422,430,5793,6663,Parsnips
412,422,430,5793,6664,Parsley Roots
412,422,430,5793,6668,Peppers
412,422,430,5793,6669,Peas
412,422,430,5793,6681,Rhubarb
412,422,430,5793,6682,Radishes
412,422,430,5793,6692,Tamarillos
412,422,430,5793,6693,Sunchokes
412,422,430,5793,6694,Sugar Cane
412,422,430,5793,6700,Watercress
412,422,430,5793,6701,Water Chestnuts
412,422,430,5793,6703,Tomatoes
412,422,430,5793,6704,Taro Root
412,422,430,5793,6705,Yuca Root
412,422,430,5793,6716,Arracachas
412,422,430,5793,6808,Cactus Leaves
412,422,430,5793,6816,Fennel Bulbs
412,422,430,5793,6818,Shallots
412,422,430,5793,7193,Wheatgrass
412,422,430,5793,8515,Yams
412,422,430,5793,499905,Vegetable Mixes
412,422,430,5793,503761,Sprouts
412,422,430,5793,505329,Turnips & Rutabagas
412,422,430,5793,505354,Squashes & Gourds
412,422,430,5794,Fruit Sauces
412,422,430,5795,Fresh & Frozen Fruits
412,422,430,5795,6566,Apples
412,422,430,5795,6571,Atemoyas
412,422,430,5795,6572,Avocados
412,422,430,5795,6573,Babacos
412,422,430,5795,6574,Bananas
412,422,430,5795,6582,Berries
412,422,430,5795,6589,Breadfruit
412,422,430,5795,6593,Cactus Pears
412,422,430,5795,6594,Starfruits
412,422,430,5795,6602,Cherimoyas
412,422,430,5795,6614,Feijoas
412,422,430,5795,6624,Homely Fruits
412,422,430,5795,6625,Guavas
412,422,430,5795,6626,Grapes
412,422,430,5795,6633,Kiwis
412,422,430,5795,6638,Lychees
412,422,430,5795,6639,Loquats
412,422,430,5795,6640,Longan
412,422,430,5795,6645,Mangosteens
412,422,430,5795,6647,Mamey
412,422,430,5795,6649,Melons
412,422,430,5795,6661,Papayas
412,422,430,5795,6665,Pears
412,422,430,5795,6667,Passion Fruit
412,422,430,5795,6670,Pineapples
412,422,430,5795,6671,Physalis
412,422,430,5795,6672,Persimmons
412,422,430,5795,6673,Pomegranates
412,422,430,5795,6676,Pitahayas
412,422,430,5795,6678,Rambutans
412,422,430,5795,6679,Quince
412,422,430,5795,6687,Sapote
412,422,430,5795,6688,Sapodillo
412,422,430,5795,6691,Soursops
412,422,430,5795,6698,Tamarindo
412,422,430,5795,6809,Coconuts
412,422,430,5795,6810,Figs
412,422,430,5795,6812,Dates
412,422,430,5795,6813,Madroño
412,422,430,5795,6814,Sugar Apples
412,422,430,5795,499906,Fruit Mixes
412,422,430,5795,503759,Citrus Fruits
412,422,430,5795,503759,6621,Grapefruits
412,422,430,5795,503759,6632,Kumquats
412,422,430,5795,503759,6636,Lemons
412,422,430,5795,503759,6641,Limequats
412,422,430,5795,503759,6642,Limes
412,422,430,5795,503759,6658,Oranges
412,422,430,5795,503759,6697,Tangelos
412,422,430,5795,503760,Stone Fruits
412,422,430,5795,503760,6567,Apricots
412,422,430,5795,503760,6601,Cherries
412,422,430,5795,503760,6646,Mangoes
412,422,430,5795,503760,6674,Plums
412,422,430,5795,503760,6675,Plumcots
412,422,430,5795,503760,505301,Peaches & Nectarines
412,422,430,5796,Dry Beans
412,422,430,5797,Canned & Prepared Beans
412,422,430,5798,Canned & Jarred Vegetables
412,422,430,5799,Canned & Jarred Fruits
412,422,430,7387,Dried Vegetables
412,422,431,"Grains, Rice & Cereal"
412,422,431,4682,Rice
412,422,431,4683,Amaranth
412,422,431,4684,Buckwheat
412,422,431,4686,Millet
412,422,431,4687,Barley
412,422,431,4688,Wheat
412,422,431,4689,Cereal & Granola
412,422,431,4690,"Oats, Grits & Hot Cereal"
412,422,431,6259,Quinoa
412,422,431,7196,Couscous
412,422,431,7374,Rye
412,422,432,"Meat, Seafood & Eggs"
412,422,432,4627,Eggs
412,422,432,4627,543554,Egg Whites
412,422,432,4627,543555,Liquid & Frozen Eggs
412,422,432,4627,543556,Prepared Eggs
412,422,432,4627,543557,Whole Eggs
412,422,432,4628,Meat
412,422,432,4628,5804,Lunch & Deli Meats
412,422,432,4628,5805,Fresh & Frozen Meats
412,422,432,4628,5811,Canned Meats
412,422,432,4629,Seafood
412,422,432,4629,5812,Fresh & Frozen Seafood
412,422,432,4629,5813,Canned Seafood
412,422,433,Nuts & Seeds
412,422,434,Pasta & Noodles
412,422,1876,Bakery
412,422,1876,424,Breads & Buns
412,422,1876,1573,Bagels
412,422,1876,1895,Muffins
412,422,1876,2194,Cakes & Dessert Bars
412,422,1876,2229,Cookies
412,422,1876,5054,Fudge
412,422,1876,5748,Tortillas & Wraps
412,422,1876,5749,Pies & Tarts
412,422,1876,5750,Pastries & Scones
412,422,1876,5751,Donuts
412,422,1876,5790,Ice Cream Cones
412,422,1876,5904,Bakery Assortments
412,422,1876,6195,Cupcakes
412,422,1876,6196,Coffee Cakes
412,422,1876,6891,Taco Shells & Tostadas
412,422,2423,Soups & Broths
412,422,2660,Cooking & Baking Ingredients
412,422,2660,2126,Cooking Oils
412,422,2660,2140,Vinegar
412,422,2660,2572,Baking Mixes
412,422,2660,2775,Flour
412,422,2660,2803,Baking Powder
412,422,2660,2905,Yeast
412,422,2660,4613,Bean Paste
412,422,2660,5105,Floss Sugar
412,422,2660,5752,Dough
412,422,2660,5752,5753,Pie Crusts
412,422,2660,5752,5755,Bread & Pastry Dough
412,422,2660,5752,5756,Cookie & Brownie Dough
412,422,2660,5765,Shortening & Lard
412,422,2660,5766,Molasses
412,422,2660,5767,Marshmallows
412,422,2660,5768,Unflavored Gelatin
412,422,2660,5769,Frosting & Icing
412,422,2660,5770,Corn Syrup
412,422,2660,5771,Cooking Starch
412,422,2660,5773,Bread Crumbs
412,422,2660,5774,Baking Soda
412,422,2660,5775,Baking Flavors & Extracts
412,422,2660,5776,Baking Chocolate
412,422,2660,5777,Cooking Wine
412,422,2660,5778,Waffle & Pancake Mixes
412,422,2660,5800,Pie & Pastry Fillings
412,422,2660,6754,Baking Chips
412,422,2660,6774,Batter & Coating Mixes
412,422,2660,6775,Edible Baking Decorations
412,422,2660,6922,Tomato Paste
412,422,2660,7127,Food Coloring
412,422,2660,7354,Starter Cultures
412,422,2660,7506,Cookie Decorating Kits
412,422,2660,8076,Meal
412,422,2660,499707,Tapioca Pearls
412,422,2660,499986,Lemon & Lime Juice
412,422,2660,500093,Canned & Dry Milk
412,422,2660,503734,Sugar & Sweeteners
412,422,2660,543549,Egg Replacers
412,422,4608,Seasonings & Spices
412,422,4608,1529,Herbs & Spices
412,422,4608,4610,MSG
412,422,4608,4611,Salt
412,422,4608,6199,Pepper
412,422,4748,Candy & Chocolate
412,422,5740,Dips & Spreads
412,422,5740,1702,Salsa
412,422,5740,2188,Jams & Jellies
412,422,5740,3965,Nut Butters
412,422,5740,5741,Hummus
412,422,5740,5742,Guacamole
412,422,5740,5785,Cream Cheese
412,422,5740,6204,Apple Butter
412,422,5740,6784,Tapenade
412,422,5740,6830,Vegetable Dip
412,422,5740,6831,Cheese Dips & Spreads
412,422,5788,Frozen Desserts & Novelties
412,422,5788,5789,Ice Pops
412,422,5788,6873,Ice Cream Novelties
412,422,5788,499991,Ice Cream & Frozen Yogurt
412,422,5807,"Tofu, Soy & Vegetarian Products"
412,422,5807,5808,Seitan
412,422,5807,5809,Tofu
412,422,5807,5810,Tempeh
412,422,5807,6839,Cheese Alternatives
412,422,5807,6843,Meat Alternatives
412,422,5814,Prepared Foods
412,422,5814,499988,Prepared Meals & Entrées
412,422,5814,499989,Prepared Appetizers & Side Dishes
412,422,6219,Candied & Chocolate Covered Fruit
412,435,Tobacco Products
412,435,3151,Cigarettes
412,435,3682,Cigars
412,435,3741,Loose Tobacco
412,435,3916,Chewing Tobacco
412,435,4091,Vaporizers & Electronic Cigarettes
412,435,4091,543634,Vaporizers
412,435,4091,543635,Electronic Cigarettes
412,435,499963,Smoking Pipes
436,Furniture
436,441,Benches
436,441,4241,Vanity Benches
436,441,6850,Kitchen & Dining Benches
436,441,6851,Storage & Entryway Benches
436,442,Carts & Islands
436,442,453,Kitchen & Dining Carts
436,442,6374,Kitchen Islands
436,443,Chairs
436,443,438,Bean Bag Chairs
436,443,456,Chaises
436,443,1463,Table & Bar Stools
436,443,2002,Rocking Chairs
436,443,2919,Electric Massaging Chairs
436,443,3358,Folding Chairs & Stools
436,443,5886,Kitchen & Dining Room Chairs
436,443,6499,"Arm Chairs, Recliners & Sleeper Chairs"
436,443,6800,Gaming Chairs
436,443,6859,Slipper Chairs
436,443,7197,Hanging Chairs
436,443,500051,Floor Chairs
436,450,Futons
436,457,Entertainment Centers & TV Stands
436,458,Ottomans
436,460,Sofas
436,464,Shelving
436,464,465,Bookcases & Standing Shelves
436,464,6372,Wall Shelves & Ledges
436,554,Baby & Toddler Furniture
436,554,558,Changing Tables
436,554,559,High Chairs & Booster Seats
436,554,6349,Baby & Toddler Furniture Sets
436,554,6393,Bassinets & Cradles
436,554,6394,Cribs & Toddler Beds
436,554,6969,High Chair & Booster Seat Accessories
436,554,7068,Bassinet & Cradle Accessories
436,554,7070,Crib & Toddler Bed Accessories
436,554,7070,7071,Crib Conversion Kits
436,554,7070,7072,Crib Bumpers & Liners
436,2786,Futon Pads
436,4163,Room Dividers
436,4299,Outdoor Furniture
436,4299,2684,Outdoor Tables
436,4299,6367,Outdoor Furniture Sets
436,4299,6368,Outdoor Seating
436,4299,6368,4105,Sunloungers
436,4299,6368,4513,Outdoor Sofas
436,4299,6368,5044,Outdoor Benches
436,4299,6368,6828,Outdoor Chairs
436,4299,6368,500111,Outdoor Sectional Sofa Units
436,4299,6822,Outdoor Ottomans
436,4299,6892,Outdoor Beds
436,4299,7310,Outdoor Storage Boxes
436,6345,Furniture Sets
436,6345,6346,Bedroom Furniture Sets
436,6345,6347,Kitchen & Dining Furniture Sets
436,6345,6348,Living Room Furniture Sets
436,6345,500000,Bathroom Furniture Sets
436,6356,Cabinets & Storage
436,6356,447,Buffets & Sideboards
436,6356,448,China Cabinets & Hutches
436,6356,463,File Cabinets
436,6356,4063,Armoires & Wardrobes
436,6356,4148,Vanities
436,6356,4148,2081,Bathroom Vanities
436,6356,4148,6360,Bedroom Vanities
436,6356,4195,Dressers
436,6356,4205,Storage Chests
436,6356,4205,4268,Toy Chests
436,6356,4205,6947,Hope Chests
436,6356,5578,Wine Racks
436,6356,5938,Storage Cabinets & Lockers
436,6356,6357,Wine & Liquor Cabinets
436,6356,6358,Media Storage Cabinets & Racks
436,6356,6539,Magazine Racks
436,6356,6934,Kitchen Cabinets
436,6356,465846,Ironing Centers
436,6362,Office Furniture
436,6362,2045,Office Chairs
436,6362,4191,Desks
436,6362,6363,Workspace Tables
436,6362,6363,2242,Art & Drafting Tables
436,6362,6363,4317,Conference Room Tables
436,6362,6908,Workstations & Cubicles
436,6362,500061,Office Furniture Sets
436,6392,Tables
436,6392,462,Nightstands
436,6392,2693,Poker & Game Tables
436,6392,4080,Folding Tables
436,6392,4355,Kitchen & Dining Room Tables
436,6392,4484,Kotatsu
436,6392,5121,Sewing Machine Tables
436,6392,6351,Activity Tables
436,6392,6369,Accent Tables
436,6392,6369,1395,Coffee Tables
436,6392,6369,1549,End Tables
436,6392,6369,1602,Sofa Tables
436,6433,Beds & Accessories
436,6433,451,Headboards & Footboards
436,6433,2696,Mattresses
436,6433,2720,Mattress Foundations
436,6433,4437,Bed & Bed Frame Accessories
436,6433,505764,Beds & Bed Frames
436,6860,Futon Frames
436,6913,Table Accessories
436,6913,6910,Table Tops
436,6913,6911,Table Legs
436,6915,Room Divider Accessories
436,6963,Outdoor Furniture Accessories
436,6963,6964,Outdoor Furniture Covers
436,7212,Sofa Accessories
436,7212,7213,Chair & Sofa Supports
436,7212,500064,Sectional Sofa Units
436,7248,Chair Accessories
436,7248,8206,Hanging Chair Replacement Parts
436,8023,Shelving Accessories
436,8023,8024,Replacement Shelves
436,503765,Office Furniture Accessories
436,503765,6909,Workstation & Cubicle Accessories
436,503765,7559,Office Chair Accessories
436,503765,503766,Desk Parts & Accessories
469,Health & Beauty
469,491,Health Care
469,491,494,Biometric Monitors
469,491,494,495,Blood Pressure Monitors
469,491,494,496,Body Fat Analyzers
469,491,494,497,Cholesterol Analyzers
469,491,494,500,Body Weight Scales
469,491,494,501,Medical Thermometers
469,491,494,2246,Blood Glucose Meters
469,491,494,2633,Breathalyzers
469,491,494,4767,Prenatal Heart Rate Monitors
469,491,494,5551,Pulse Oximeters
469,491,494,500009,Activity Monitors
469,491,494,505822,Fertility Monitors and Ovulation Tests
469,491,494,505822,543679,Fertility Tests & Monitors
469,491,494,505822,543680,Ovulation Tests
469,491,508,First Aid
469,491,508,509,Medical Tape & Bandages
469,491,508,510,First Aid Kits
469,491,508,516,Hot & Cold Therapies
469,491,508,516,4753,Ice Packs
469,491,508,516,5848,Heat Rubs
469,491,508,516,6205,Heating Pads
469,491,508,2954,Antiseptics & Cleaning Supplies
469,491,508,4527,Eye Wash Supplies
469,491,508,6206,Cast & Bandage Protectors
469,491,517,Incontinence Aids
469,491,518,Medicine & Drugs
469,491,519,Mobility & Accessibility
469,491,519,520,Accessibility Equipment
469,491,519,520,3364,Wheelchairs
469,491,519,520,3512,Mobility Scooters
469,491,519,520,7138,Stair Lifts
469,491,519,520,502969,Transfer Boards & Sheets
469,491,519,521,Accessibility Equipment Accessories
469,491,519,5164,Walking Aids
469,491,519,5164,4248,Crutches
469,491,519,5164,5165,Canes & Walking Sticks
469,491,519,5164,5166,Walkers
469,491,519,5488,Accessibility Furniture & Fixtures
469,491,519,5488,7243,Shower Benches & Seats
469,491,519,6929,Walking Aid Accessories
469,491,523,Supports & Braces
469,491,775,Condoms
469,491,2890,Fitness & Nutrition
469,491,2890,525,Vitamins & Supplements
469,491,2890,2984,Nutrition Bars
469,491,2890,5702,Nutrition Drinks & Shakes
469,491,2890,6242,Nutrition Gels & Chews
469,491,2890,6871,Nutritional Food Purées
469,491,2890,7413,Tube Feeding Supplements
469,491,3777,Pillboxes
469,491,4551,Respiratory Care
469,491,4551,4552,Nebulizers
469,491,4551,7316,PAP Masks
469,491,4551,7317,PAP Machines
469,491,4551,499692,Oxygen Tanks
469,491,4551,505669,Steam Inhalers
469,491,5071,Biometric Monitor Accessories
469,491,5071,3688,Blood Glucose Meter Accessories
469,491,5071,3688,3111,Lancing Devices
469,491,5071,3688,3905,Blood Glucose Test Strips
469,491,5071,3688,6323,Blood Glucose Control Solution
469,491,5071,5072,Body Weight Scale Accessories
469,491,5071,6284,Blood Pressure Monitor Accessories
469,491,5071,6284,6285,Blood Pressure Monitor Cuffs
469,491,5071,505819,Activity Monitor Accessories
469,491,5690,Hearing Aids
469,491,5849,Acupuncture
469,491,5849,5850,Acupuncture Models
469,491,5849,5851,Acupuncture Needles
469,491,5870,Occupational & Physical Therapy Equipment
469,491,5870,8541,Electrical Muscle Stimulators
469,491,5870,505352,Therapeutic Swings
469,491,5923,Surgical Lubricants
469,491,5965,Medical Identification Tags & Jewelry
469,491,5966,Medical Alarm Systems
469,491,7002,Contraceptive Cases
469,491,7186,Spermicides
469,491,7220,Bed Pans
469,491,8082,Specimen Cups
469,491,8105,Stump Shrinkers
469,491,500087,Light Therapy Lamps
469,491,505293,Medical Tests
469,491,505293,1680,Pregnancy Tests
469,491,505293,2552,Drug Tests
469,491,505293,7336,HIV Tests
469,491,505293,7337,Blood Typing Test Kits
469,491,505293,499934,Allergy Test Kits
469,491,505293,505294,Urinary Tract Infection Tests
469,491,505820,Conductivity Gels & Lotions
469,2915,Personal Care
469,2915,472,Tanning Beds
469,2915,473,Cosmetics
469,2915,473,474,Bath & Body
469,2915,473,474,2503,Bar Soap
469,2915,473,474,2522,Bath Additives
469,2915,473,474,2747,Body Wash
469,2915,473,474,2875,Bath Sponges & Loofahs
469,2915,473,474,2876,Bath Brushes
469,2915,473,474,3208,Liquid Hand Soap
469,2915,473,474,3691,Hand Sanitizers & Wipes
469,2915,473,474,4049,Shower Caps
469,2915,473,474,7417,Powdered Hand Soap
469,2915,473,474,499913,Adult Hygienic Wipes
469,2915,473,475,Bath & Body Gift Sets
469,2915,473,477,Makeup
469,2915,473,477,2571,Face Makeup
469,2915,473,477,2571,2765,Foundations & Concealers
469,2915,473,477,2571,2980,Face Powder
469,2915,473,477,2571,6304,Highlighters & Luminizers
469,2915,473,477,2571,6305,Blushes & Bronzers
469,2915,473,477,2571,8218,Face Primer
469,2915,473,477,2645,Lip Makeup
469,2915,473,477,2645,2589,Lip Liner
469,2915,473,477,2645,2858,Lip Gloss
469,2915,473,477,2645,3021,Lipstick
469,2915,473,477,2645,6306,Lip & Cheek Stains
469,2915,473,477,2645,8217,Lip Primer
469,2915,473,477,2779,Eye Makeup
469,2915,473,477,2779,2686,Eyebrow Enhancers
469,2915,473,477,2779,2761,False Eyelashes
469,2915,473,477,2779,2807,Eyeliner
469,2915,473,477,2779,2834,Mascara
469,2915,473,477,2779,2904,Eye Shadow
469,2915,473,477,2779,6340,Lash & Brow Growth Treatments
469,2915,473,477,2779,8219,Mascara Primer
469,2915,473,477,2779,8220,Eye Primer
469,2915,473,477,3509,Temporary Tattoos
469,2915,473,477,4779,Costume & Stage Makeup
469,2915,473,477,5978,Body Makeup
469,2915,473,477,5978,5979,Body Paint & Foundation
469,2915,473,477,5978,5981,Body & Hair Glitter
469,2915,473,477,6072,Makeup Finishing Sprays
469,2915,473,478,Nail Care
469,2915,473,478,2683,Nail Polishes
469,2915,473,478,2946,Nail Polish Removers
469,2915,473,478,3009,Cuticle Cream & Oil
469,2915,473,478,4218,False Nails
469,2915,473,478,5975,Nail Art Kits & Accessories
469,2915,473,478,6893,Manicure Glue
469,2915,473,478,7445,Nail Polish Thinners
469,2915,473,478,233419,Nail Polish Drying Drops & Sprays
469,2915,473,479,Perfume & Cologne
469,2915,473,567,Skin Care
469,2915,473,567,481,Acne Treatments & Kits
469,2915,473,567,482,Lip Balms & Treatments
469,2915,473,567,482,543573,Lip Balms
469,2915,473,567,482,543574,Medicated Lip Treatments
469,2915,473,567,2526,Facial Cleansers
469,2915,473,567,2592,Lotion & Moisturizer
469,2915,473,567,2740,Tanning Products
469,2915,473,567,2740,5338,Self Tanner
469,2915,473,567,2740,5339,Tanning Oil & Lotion
469,2915,473,567,2844,Sunscreen
469,2915,473,567,5820,Skin Insect Repellent
469,2915,473,567,5976,Toners & Astringents
469,2915,473,567,5976,543658,Toners
469,2915,473,567,5976,543659,Astringents
469,2915,473,567,5980,Body Powder
469,2915,473,567,6034,Makeup Removers
469,2915,473,567,6104,Body Oil
469,2915,473,567,6262,Skin Care Masks & Peels
469,2915,473,567,6753,Petroleum Jelly
469,2915,473,567,6791,Facial Pore Strips
469,2915,473,567,6863,Wart Removers
469,2915,473,567,7429,Anti-Aging Skin Care Kits
469,2915,473,567,7467,Facial Cleansing Kits
469,2915,473,567,8029,Compressed Skin Care Mask Sheets
469,2915,473,2619,Cosmetic Tools
469,2915,473,2619,2548,Makeup Tools
469,2915,473,2619,2548,476,Face Mirrors
469,2915,473,2619,2548,2780,Eyelash Curlers
469,2915,473,2619,2548,3025,Makeup Brushes
469,2915,473,2619,2548,4106,Makeup Sponges
469,2915,473,2619,2548,4121,Facial Blotting Paper
469,2915,473,2619,2548,6282,Eyelash Curler Refills
469,2915,473,2619,2548,6555,Eyebrow Stencils
469,2915,473,2619,2548,7356,Double Eyelid Glue & Tape
469,2915,473,2619,2548,499822,Refillable Makeup Palettes & Cases
469,2915,473,2619,2548,502996,False Eyelash Accessories
469,2915,473,2619,2548,502996,7256,False Eyelash Adhesive
469,2915,473,2619,2548,502996,7493,False Eyelash Applicators
469,2915,473,2619,2548,502996,502997,False Eyelash Remover
469,2915,473,2619,2958,Skin Care Tools
469,2915,473,2619,2958,2511,Pumice Stones
469,2915,473,2619,2958,6260,Skin Cleansing Brushes & Systems
469,2915,473,2619,2958,6261,Skin Care Extractors
469,2915,473,2619,2958,6760,Facial Saunas
469,2915,473,2619,2958,7018,Skin Care Rollers
469,2915,473,2619,2958,7190,Foot Files
469,2915,473,2619,2958,8132,Skin Cleansing Brush Heads
469,2915,473,2619,2958,499926,Lotion & Sunscreen Applicators
469,2915,473,2619,2975,Nail Tools
469,2915,473,2619,2975,2734,Nail Files & Emery Boards
469,2915,473,2619,2975,2739,Cuticle Pushers
469,2915,473,2619,2975,2828,Nail Clippers
469,2915,473,2619,2975,3037,Cuticle Scissors
469,2915,473,2619,2975,5880,Nail Dryers
469,2915,473,2619,2975,6300,Manicure Tool Sets
469,2915,473,2619,2975,6341,Nail Buffers
469,2915,473,2619,2975,7490,Nail Drills
469,2915,473,2619,2975,7494,Manicure & Pedicure Spacers
469,2915,473,2619,2975,499698,Nail Drill Accessories
469,2915,473,6069,Cosmetic Sets
469,2915,473,6331,Cosmetic Tool Cleansers
469,2915,484,Deodorant & Anti-Perspirant
469,2915,484,543598,Deodorant
469,2915,484,543599,Anti-Perspirant
469,2915,485,Feminine Sanitary Supplies
469,2915,485,2387,Feminine Pads & Protectors
469,2915,485,2564,Tampons
469,2915,485,5821,Feminine Douches & Creams
469,2915,485,6862,Feminine Deodorant
469,2915,485,8122,Menstrual Cups
469,2915,486,Hair Care
469,2915,486,1901,Hair Styling Products
469,2915,486,2441,Shampoo & Conditioner
469,2915,486,2441,543615,Shampoo
469,2915,486,2441,543616,Conditioners
469,2915,486,2441,543617,Shampoo & Conditioner Sets
469,2915,486,2814,Hair Color
469,2915,486,3013,Hair Shears
469,2915,486,4766,Hair Loss Treatments
469,2915,486,5977,Hair Coloring Accessories
469,2915,486,6018,Hair Styling Tool Accessories
469,2915,486,6018,4475,Hair Dryer Accessories
469,2915,486,6018,4569,Hair Iron Accessories
469,2915,486,6018,5317,Hair Curler Clips & Pins
469,2915,486,6019,Hair Styling Tools
469,2915,486,6019,487,Combs & Brushes
469,2915,486,6019,488,Hair Curlers
469,2915,486,6019,489,Curling Irons
469,2915,486,6019,490,Hair Dryers
469,2915,486,6019,3407,Hair Straighteners
469,2915,486,6019,499992,Hair Styling Tool Sets
469,2915,486,6052,Hair Permanents & Straighteners
469,2915,486,6053,Hair Color Removers
469,2915,486,6099,Hair Loss Concealers
469,2915,486,6429,Hair Steamers & Heat Caps
469,2915,486,8452,Hair Care Kits
469,2915,493,Back Care
469,2915,493,7404,Back & Lumbar Support Cushions
469,2915,506,Ear Care
469,2915,506,2596,Earplugs
469,2915,506,5706,Ear Candles
469,2915,506,6559,Ear Drops
469,2915,506,6560,Ear Dryers
469,2915,506,6561,Ear Syringes
469,2915,506,6562,Ear Wax Removal Kits
469,2915,506,7542,Earplug Dispensers
469,2915,506,500024,Ear Picks & Spoons
469,2915,515,Foot Care
469,2915,515,2801,Insoles & Inserts
469,2915,515,2992,Bunion Care Supplies
469,2915,515,3022,Corn & Callus Care Supplies
469,2915,515,3049,Foot Odor Removers
469,2915,515,7495,Toe Spacers
469,2915,526,Oral Care
469,2915,526,527,Toothbrushes
469,2915,526,1360,Toothpaste
469,2915,526,2527,Dentures
469,2915,526,2620,Dental Floss
469,2915,526,2769,Gum Stimulators
469,2915,526,3019,Teeth Whiteners
469,2915,526,3040,Mouthwash
469,2915,526,4316,Toothpicks
469,2915,526,4775,Toothbrush Accessories
469,2915,526,4775,4776,Toothbrush Replacement Heads
469,2915,526,4775,4942,Toothbrush Sanitizers
469,2915,526,4775,6920,Toothbrush Covers
469,2915,526,5154,Toothpaste Squeezers & Dispensers
469,2915,526,5155,Denture Adhesives
469,2915,526,5295,Dental Water Jets
469,2915,526,5823,Dental Mouthguards
469,2915,526,5824,Denture Cleaners
469,2915,526,6189,Breath Spray
469,2915,526,6441,Tongue Scrapers
469,2915,526,6455,Dental Water Jet Replacement Tips
469,2915,526,6715,Power Flossers
469,2915,526,8543,Denture Repair Kits
469,2915,526,505367,Orthodontic Appliance Cases
469,2915,528,Shaving & Grooming
469,2915,528,529,Aftershave
469,2915,528,531,Electric Razor Accessories
469,2915,528,532,Electric Razors
469,2915,528,533,Hair Clippers & Trimmers
469,2915,528,534,Razors & Razor Blades
469,2915,528,2508,Styptic Pencils
469,2915,528,2681,Shaving Brushes
469,2915,528,2971,Shaving Cream
469,2915,528,4507,Hair Removal
469,2915,528,4507,4508,Depilatories
469,2915,528,4507,4509,Electrolysis Devices
469,2915,528,4507,4510,Epilators
469,2915,528,4507,4511,Waxing Kits & Supplies
469,2915,528,4507,7199,Laser & IPL Hair Removal Devices
469,2915,528,4507,8136,Hair Removal Wax Warmers
469,2915,528,5111,Shaving Kits
469,2915,528,6842,Hair Clipper & Trimmer Accessories
469,2915,528,8214,Body & Facial Hair Bleach
469,2915,528,8531,Shaving Bowls & Mugs
469,2915,777,Personal Lubricants
469,2915,1380,Vision Care
469,2915,1380,524,Eyeglasses
469,2915,1380,2521,Eyewear Accessories
469,2915,1380,2521,5507,Eyewear Cases & Holders
469,2915,1380,2521,8204,Eyewear Straps & Chains
469,2915,1380,2521,352853,Eyewear Lens Cleaning Solutions
469,2915,1380,2521,543538,Eyewear Replacement Parts
469,2915,1380,2733,Eyeglass Lenses
469,2915,1380,2922,Eye Drops & Lubricants
469,2915,1380,2923,Contact Lenses
469,2915,1380,3011,Contact Lens Care
469,2915,1380,3011,6509,Contact Lens Solution
469,2915,1380,3011,6510,Contact Lens Cases
469,2915,1380,3011,7363,Contact Lens Care Kits
469,2915,1380,6977,Sunglass Lenses
469,2915,2656,Tweezers
469,2915,2934,Cotton Swabs
469,2915,4076,Sleeping Aids
469,2915,4076,4056,White Noise Machines
469,2915,4076,4211,Travel Pillows
469,2915,4076,4313,Eye Masks
469,2915,4076,6017,Snoring & Sleep Apnea Aids
469,2915,4929,Cotton Balls
469,2915,5663,Massage & Relaxation
469,2915,5663,471,Massagers
469,2915,5663,471,543595,Massage Cushions
469,2915,5663,471,543596,Electric Massagers
469,2915,5663,471,543597,Manual Massage Tools
469,2915,5663,1442,Massage Chairs
469,2915,5663,2074,Massage Tables
469,2915,5663,5664,Massage Oil
469,2915,5663,8135,Massage Stones
469,2915,5663,8530,Massage Stone Warmers
469,2915,5663,233420,Eye Pillows
469,2915,5663,500060,Back Scratchers
469,2915,6921,Spray Tanning Tents
469,2915,7134,Enema Kits & Supplies
469,5573,Jewelry Cleaning & Care
469,5573,5124,Watch Repair Kits
469,5573,5974,Jewelry Holders
469,5573,499919,Jewelry Cleaning Solutions & Polishes
469,5573,500082,Jewelry Cleaning Tools
469,5573,500083,Jewelry Steam Cleaners
536,Home & Garden
536,359,Business & Home Security
536,359,363,Security Lights
536,359,364,Security Monitors & Recorders
536,359,365,Security System Sensors
536,359,2161,Motion Sensors
536,359,3819,Security Safes
536,359,3873,Home Alarm Systems
536,359,5491,Dummy Surveillance Cameras
536,359,499865,Security Safe Accessories
536,359,500025,Safety & Security Mirrors
536,574,Bathroom Accessories
536,574,575,Bath Caddies
536,574,577,Bath Mats & Rugs
536,574,578,Shower Curtain Rings
536,574,579,Facial Tissue Holders
536,574,580,Shower Curtains
536,574,582,Soap Dishes & Holders
536,574,583,Toilet Brushes & Holders
536,574,584,Toilet Paper Holders
536,574,585,Toothbrush Holders
536,574,586,Towel Racks & Holders
536,574,1962,Shower Rods
536,574,2034,Robe Hooks
536,574,2418,Medicine Cabinets
536,574,4366,Bath Pillows
536,574,4971,Soap & Lotion Dispensers
536,574,5141,Hand Dryers
536,574,6858,Bathroom Accessory Sets
536,574,7093,Bathroom Accessory Mounts
536,574,7509,Toilet Brush Replacement Heads
536,574,8016,Hand Dryer Accessories
536,574,8114,Safety Grab Bars
536,594,Lighting
536,594,1436,Emergency Lighting
536,594,1546,Flood & Spot Lights
536,594,2370,Picture Lights
536,594,2425,Light Bulbs
536,594,2425,2690,Fluorescent Tubes
536,594,2425,2944,Incandescent Light Bulbs
536,594,2425,2947,Compact Fluorescent Lamps
536,594,2425,3329,LED Light Bulbs
536,594,2608,Light Ropes & Strings
536,594,3006,Lighting Fixtures
536,594,3006,2249,Chandeliers
536,594,3006,2524,Ceiling Light Fixtures
536,594,3006,2809,Cabinet Light Fixtures
536,594,3006,6073,Wall Light Fixtures
536,594,4636,Lamps
536,594,6274,Track Lighting
536,594,6274,4932,Track Lighting Fixtures
536,594,6274,6272,Track Lighting Accessories
536,594,6274,6273,Track Lighting Rails
536,594,7399,Tiki Torches & Oil Lamps
536,594,7400,Landscape Pathway Lighting
536,594,7401,In-Ground Lights
536,594,500003,Floating & Submersible Lights
536,594,505826,Night Lights & Ambient Lighting
536,600,Smoking Accessories
536,600,4082,Ashtrays
536,600,6878,Humidors
536,600,6879,Cigar Cutters & Punches
536,600,6880,Humidor Accessories
536,600,6881,Cigarette Cases
536,600,6882,Cigar Cases
536,600,500007,Cigarette Holders
536,604,Household Appliances
536,604,609,Garage Door Openers
536,604,616,Floor & Steam Cleaners
536,604,616,543600,Carpet Steamers
536,604,616,543601,Carpet Shampooers
536,604,616,543602,Floor Scrubbers
536,604,616,543603,Steam Mops
536,604,619,Vacuums
536,604,621,Water Heaters
536,604,1626,Climate Control Appliances
536,604,1626,605,Air Conditioners
536,604,1626,606,Air Purifiers
536,604,1626,607,Dehumidifiers
536,604,1626,608,Fans
536,604,1626,608,1700,Ceiling Fans
536,604,1626,608,2535,Desk & Pedestal Fans
536,604,1626,608,4485,Ventilation Fans
536,604,1626,608,7527,Powered Hand Fans & Misters
536,604,1626,608,8090,Wall Mount Fans
536,604,1626,611,Space Heaters
536,604,1626,613,Humidifiers
536,604,1626,2060,Heating Radiators
536,604,1626,2649,Patio Heaters
536,604,1626,3082,Furnaces & Boilers
536,604,1626,6709,Outdoor Misting Systems
536,604,1626,6727,Evaporative Coolers
536,604,1626,7328,Duct Heaters
536,604,2706,Laundry Appliances
536,604,2706,2549,Washing Machines
536,604,2706,2612,Dryers
536,604,2706,2849,Laundry Combo Units
536,604,2706,5138,Garment Steamers
536,604,2706,5139,Irons & Ironing Systems
536,604,2706,5140,Steam Presses
536,604,4483,Futon Dryers
536,604,5294,Floor Polishers & Buffers
536,604,6741,Garage Door Keypads & Remotes
536,604,7121,Wallpaper Steamers
536,604,235920,Floor & Carpet Dryers
536,604,500081,Ultrasonic Cleaners
536,630,Household Supplies
536,630,623,Household Cleaning Supplies
536,630,623,2250,Dusters
536,630,623,2610,Squeegees
536,630,623,2713,Mops
536,630,623,2796,Sponges & Scouring Pads
536,630,623,2857,Brooms
536,630,623,4515,Dustpans
536,630,623,4670,Scrub Brushes
536,630,623,4671,Broom & Mop Handles
536,630,623,4677,Carpet Sweepers
536,630,623,4973,Household Cleaning Products
536,630,623,4973,4974,Carpet Cleaners
536,630,623,4973,4975,Dish Detergent & Soap
536,630,623,4973,4976,Glass & Surface Cleaners
536,630,623,4973,4976,543649,Glass Cleaners
536,630,623,4973,4976,543650,Muti-surface Cleaners
536,630,623,4973,4977,Floor Cleaners
536,630,623,4973,4978,Oven & Grill Cleaners
536,630,623,4973,4979,Pet Odor & Stain Removers
536,630,623,4973,4980,Toilet Bowl Cleaners
536,630,623,4973,4981,Tub & Tile Cleaners
536,630,623,4973,5825,Furniture Cleaners & Polish
536,630,623,4973,6474,Household Disinfectants
536,630,623,4973,7330,All-Purpose Cleaners
536,630,623,4973,7426,Stainless Steel Cleaners & Polishes
536,630,623,4973,7462,Washing Machine Cleaners
536,630,623,4973,7510,Dishwasher Cleaners
536,630,623,4973,7552,Rinse Aids
536,630,623,4973,8043,Fabric & Upholstery Cleaners
536,630,623,4973,500065,Descalers & Decalcifiers
536,630,623,5113,Cleaning Gloves
536,630,623,6263,Duster Refills
536,630,623,6264,Mop Heads & Refills
536,630,623,6419,Fabric & Upholstery Protectors
536,630,623,6437,Buckets
536,630,623,8071,Shop Towels & General-Purpose Cleaning Cloths
536,630,623,499767,Scrub Brush Heads & Refills
536,630,623,499892,Broom Heads
536,630,627,Laundry Supplies
536,630,627,633,Ironing Boards
536,630,627,634,Laundry Baskets
536,630,627,2677,Drying Racks & Hangers
536,630,627,2754,Laundry Detergent
536,630,627,2794,Fabric Softeners & Dryer Sheets
536,630,627,3080,Lint Rollers
536,630,627,4656,Ironing Board Pads & Covers
536,630,627,4657,Fabric Stain Removers
536,630,627,4982,Bleach
536,630,627,5084,Laundry Balls
536,630,627,5085,Laundry Wash Bags & Frames
536,630,627,5704,Clothespins
536,630,627,5705,Fabric Shavers
536,630,627,6240,Fabric Refreshers
536,630,627,6387,Fabric Starch
536,630,627,7320,Dry Cleaning Kits
536,630,627,7457,Garment Shields
536,630,627,7502,Wrinkle Releasers & Anti-Static Sprays
536,630,627,499931,Ironing Board Replacement Parts
536,630,627,499937,Iron Rests
536,630,628,Shoe Care & Tools
536,630,628,1659,Shoe Polishes & Waxes
536,630,628,1874,Shoe Brushes
536,630,628,2301,Shoe Bags
536,630,628,2371,Shoe Dryers
536,630,628,2431,Shoe Trees & Shapers
536,630,628,5600,Boot Pulls
536,630,628,5601,Shoe Horns & Dressing Aids
536,630,628,5604,Shoe Treatments & Dyes
536,630,628,8031,Shoe Scrapers
536,630,628,8032,Shoe Polishers
536,630,628,8033,Shoe Care Kits
536,630,636,Storage & Organization
536,630,636,2446,Storage Hooks & Racks
536,630,636,2446,5494,Umbrella Stands & Racks
536,630,636,2446,5707,Utility Hooks
536,630,636,2446,499930,Ironing Board Hooks & Racks
536,630,636,3561,Household Storage Bags
536,630,636,4360,Photo Storage
536,630,636,4360,40,Photo Albums
536,630,636,4360,4237,Photo Storage Boxes
536,630,636,5128,Flatware Chests
536,630,636,5558,Clothing & Closet Storage
536,630,636,5558,631,Hangers
536,630,636,5558,3722,Charging Valets
536,630,636,5558,5559,Shoe Racks & Organizers
536,630,636,5558,5714,Closet Organizers & Garment Racks
536,630,636,5558,5716,Clothes Valets
536,630,636,5558,7514,Hat Boxes
536,630,636,5631,Household Storage Containers
536,630,636,6986,Household Storage Caddies
536,630,636,7255,Household Storage Drawers
536,630,636,8058,Household Drawer Organizer Inserts
536,630,728,Pest Control
536,630,728,2631,Pest Control Traps
536,630,728,2865,Repellents
536,630,728,2865,512,Household Insect Repellents
536,630,728,2865,7137,Animal & Pet Repellents
536,630,728,2869,Pesticides
536,630,728,4220,Fly Swatters
536,630,2374,Garbage Bags
536,630,2530,Household Paper Products
536,630,2530,624,Facial Tissues
536,630,2530,629,Toilet Paper
536,630,2530,2742,Paper Towels
536,630,2530,3846,Paper Napkins
536,630,3307,Rug Pads
536,630,3355,Household Thermometers
536,630,4516,Waste Containment
536,630,4516,637,Trash Cans & Wastebaskets
536,630,4516,4517,Recycling Containers
536,630,4516,5143,Hazardous Waste Containers
536,630,4516,500039,Dumpsters
536,630,5056,Trash Compactor Accessories
536,630,6757,Waste Containment Accessories
536,630,6757,4717,Waste Container Lids
536,630,6757,6726,Waste Container Enclosures
536,630,6757,6758,Waste Container Wheels
536,630,6757,6765,Waste Container Carts
536,630,6757,500115,Waste Container Labels & Signs
536,630,7214,Furniture Floor Protectors
536,630,7351,Drawer & Shelf Liners
536,630,7406,Moisture Absorbers
536,630,8522,Garage Floor Mats
536,630,499674,Floor Protection Films & Runners
536,630,499885,Stair Treads
536,638,Kitchen & Dining
536,638,649,Barware
536,638,649,650,Decanters
536,638,649,651,Cocktail Shakers & Tools
536,638,649,651,3427,Bottle Openers
536,638,649,651,4222,Bar Ice Picks
536,638,649,651,6956,Cocktail Shakers
536,638,649,651,503757,Muddlers
536,638,649,651,505327,Cocktail Strainers
536,638,649,1817,Beer Dispensers & Taps
536,638,649,2363,Coasters
536,638,649,2976,Corkscrews
536,638,649,4562,Bottle Stoppers & Savers
536,638,649,4563,Wine Aerators
536,638,649,6957,Cocktail & Barware Tool Sets
536,638,649,7008,Wine Glass Charms
536,638,649,7075,Absinthe Fountains
536,638,649,7139,Foil Cutters
536,638,649,7238,Coaster Holders
536,638,649,7569,Beverage Chilling Cubes & Sticks
536,638,649,8493,Wine Bottle Holders
536,638,649,499990,Bottle Caps
536,638,649,505806,Beverage Tubs & Chillers
536,638,668,Kitchen Tools & Utensils
536,638,668,639,Aprons
536,638,668,653,Colanders & Strainers
536,638,668,665,Kitchen Knives
536,638,668,666,Cutting Boards
536,638,668,670,Oven Mitts & Pot Holders
536,638,668,733,Can Openers
536,638,668,741,Electric Knives
536,638,668,2948,Kitchen Organizers
536,638,668,2948,2344,Spice Organizers
536,638,668,2948,3061,Paper Towel Holders & Dispensers
536,638,668,2948,3072,Napkin Holders & Dispensers
536,638,668,2948,3177,Kitchen Counter & Beverage Station Organizers
536,638,668,2948,3479,Drinkware Holders
536,638,668,2948,3831,Utensil & Flatware Trays
536,638,668,2948,3845,Pot Racks
536,638,668,2948,4322,Toothpick Holders & Dispensers
536,638,668,2948,5059,Straw Holders & Dispensers
536,638,668,2948,5157,Knife Blocks & Holders
536,638,668,2948,6415,Sugar Caddies
536,638,668,2948,6480,Can Organizers
536,638,668,2948,6487,Kitchen Cabinet Organizers
536,638,668,2948,8012,Kitchen Utensil Holders & Racks
536,638,668,3091,Cooking Thermometers
536,638,668,3156,Food Graters & Zesters
536,638,668,3175,Scoops
536,638,668,3175,3202,Ice Cream Scoops
536,638,668,3175,3258,Melon Ballers
536,638,668,3175,3708,Ice Scoops
536,638,668,3175,502966,Popcorn & French Fry Scoops
536,638,668,3196,Spatulas
536,638,668,3206,Kitchen Slicers
536,638,668,3248,Meat Tenderizers
536,638,668,3256,Kitchen Scrapers
536,638,668,3256,3086,Bowl Scrapers
536,638,668,3256,3419,Bench Scrapers
536,638,668,3256,3633,Grill Scrapers
536,638,668,3268,Dish Racks & Drain Boards
536,638,668,3294,Mashers
536,638,668,3347,Basters
536,638,668,3381,Food Crackers
536,638,668,3381,3586,Lobster & Crab Crackers
536,638,668,3381,3685,Nutcrackers
536,638,668,3381,3685,4214,Decorative Nutcrackers
536,638,668,3385,Garlic Presses
536,638,668,3421,Pizza Cutters
536,638,668,3430,Basting Brushes
536,638,668,3467,Rolling Pins
536,638,668,3475,Measuring Cups & Spoons
536,638,668,3521,Food Peelers & Corers
536,638,668,3597,Whisks
536,638,668,3620,Ladles
536,638,668,3713,Cooking Timers
536,638,668,3723,Food Dispensers
536,638,668,3768,Baking Peels
536,638,668,3835,Cooling Racks
536,638,668,3850,Cookie Cutters
536,638,668,3914,Salad Spinners
536,638,668,3999,Mortars & Pestles
536,638,668,4005,Tongs
536,638,668,4247,Can Crushers
536,638,668,4332,Pastry Blenders
536,638,668,4334,Spoon Rests
536,638,668,4530,Mixing Bowls
536,638,668,4559,Tea Strainers
536,638,668,4630,Cake Decorating Supplies
536,638,668,4705,Rolling Pin Accessories
536,638,668,4705,4706,Rolling Pin Covers & Sleeves
536,638,668,4705,4707,Rolling Pin Rings
536,638,668,4708,Pastry Cloths
536,638,668,4746,Ice Cube Trays
536,638,668,4762,Spice Grinders
536,638,668,4765,Kitchen Utensil Sets
536,638,668,4771,Oven Bags
536,638,668,4777,Condiment Dispensers
536,638,668,4788,Spice Grinder Accessories
536,638,668,5078,Carving Forks
536,638,668,5080,Sink Mats & Grids
536,638,668,5109,Ricers
536,638,668,5251,Kitchen Shears
536,638,668,5370,Flour Sifters
536,638,668,5928,Cooking Torches
536,638,668,6342,Cookie Presses
536,638,668,6388,Slotted Spoons
536,638,668,6408,Cake Servers
536,638,668,6411,Electric Knife Accessories
536,638,668,6411,6412,Electric Knife Replacement Blades
536,638,668,6497,Salad Dressing Mixers & Shakers
536,638,668,6522,Channel Knives
536,638,668,6526,Oil & Vinegar Dispensers
536,638,668,6554,Food Sticks & Skewers
536,638,668,6723,Dough Wheels
536,638,668,6746,Sink Caddies
536,638,668,6749,Pasta Molds & Stamps
536,638,668,6787,Gelatin Molds
536,638,668,6974,Sugar Dispensers
536,638,668,7149,Beverage Dispensers
536,638,668,7247,Sushi Mats
536,638,668,7329,Food Steaming Bags
536,638,668,7331,Cooking Thermometer Accessories
536,638,668,7365,Pizza Cutter Accessories
536,638,668,7485,Jerky Guns
536,638,668,8006,Kitchen Molds
536,638,668,503005,Funnels
536,638,668,505316,Food & Drink Stencils
536,638,672,Tableware
536,638,672,652,Coffee Servers & Tea Pots
536,638,672,673,Dinnerware
536,638,672,673,3498,Bowls
536,638,672,673,3553,Plates
536,638,672,673,5537,Dinnerware Sets
536,638,672,674,Drinkware
536,638,672,674,2169,Mugs
536,638,672,674,2694,Shot Glasses
536,638,672,674,2712,Stemware
536,638,672,674,2951,Tumblers
536,638,672,674,6049,Coffee & Tea Cups
536,638,672,674,6051,Coffee & Tea Saucers
536,638,672,674,6958,Drinkware Sets
536,638,672,674,7568,Beer Glasses
536,638,672,675,Flatware
536,638,672,675,3699,Chopsticks
536,638,672,675,3844,Table Knives
536,638,672,675,3939,Spoons
536,638,672,675,4015,Forks
536,638,672,675,5647,Flatware Sets
536,638,672,675,6439,Chopstick Accessories
536,638,672,676,Salt & Pepper Shakers
536,638,672,677,Trivets
536,638,672,4026,Serveware
536,638,672,4026,3330,Serving Pitchers & Carafes
536,638,672,4026,3373,Sugar Bowls & Creamers
536,638,672,4026,3703,Gravy Boats
536,638,672,4026,3802,Serving Platters
536,638,672,4026,3941,Tureens
536,638,672,4026,4009,Serving Trays
536,638,672,4026,4372,Cake Stands
536,638,672,4026,4735,Punch Bowls
536,638,672,4026,5135,Cake Boards
536,638,672,4026,6086,Butter Dishes
536,638,672,4026,7550,Egg Cups
536,638,672,6425,Serveware Accessories
536,638,672,6425,6426,Tureen Stands
536,638,672,6425,6427,Tureen Lids
536,638,672,6425,6434,Punch Bowl Stands
536,638,672,6740,Coffee & Tea Sets
536,638,672,8046,Tablecloth Clips & Weights
536,638,730,Kitchen Appliances
536,638,730,610,Garbage Disposals
536,638,730,679,Cooktops
536,638,730,680,Dishwashers
536,638,730,681,Freezers
536,638,730,683,Ovens
536,638,730,684,Range Hoods
536,638,730,685,Ranges
536,638,730,686,Refrigerators
536,638,730,687,Food Smokers
536,638,730,688,Trash Compactors
536,638,730,732,Breadmakers
536,638,730,736,Coffee Makers & Espresso Machines
536,638,730,736,1388,Drip Coffee Makers
536,638,730,736,1557,French Presses
536,638,730,736,1647,Electric & Stovetop Espresso Pots
536,638,730,736,2247,Percolators
536,638,730,736,2422,Espresso Machines
536,638,730,736,5286,Vacuum Coffee Makers
536,638,730,738,Deep Fryers
536,638,730,743,Food Dehydrators
536,638,730,744,Food Grinders & Mills
536,638,730,747,Hot Plates
536,638,730,748,Ice Cream Makers
536,638,730,749,Ice Crushers & Shavers
536,638,730,750,Juicers
536,638,730,751,Electric Kettles
536,638,730,752,Knife Sharpeners
536,638,730,753,Microwave Ovens
536,638,730,755,Pasta Makers
536,638,730,756,Popcorn Makers
536,638,730,763,Vacuum Sealers
536,638,730,765,Water Filters
536,638,730,766,Yogurt Makers
536,638,730,1015,Portable Cooking Stoves
536,638,730,2985,Outdoor Grills
536,638,730,3181,Deli Slicers
536,638,730,3293,Water Coolers
536,638,730,3319,Cotton Candy Machines
536,638,730,3526,Milk Frothers & Steamers
536,638,730,4161,Ice Makers
536,638,730,4421,Electric Skillets & Woks
536,638,730,4482,Mochi Makers
536,638,730,4495,Roaster Ovens & Rotisseries
536,638,730,4528,Tea Makers
536,638,730,4532,Food Cookers & Steamers
536,638,730,4532,737,Slow Cookers
536,638,730,4532,739,Egg Cookers
536,638,730,4532,757,Rice Cookers
536,638,730,4532,760,Food Steamers
536,638,730,4532,6279,Water Ovens
536,638,730,4532,6523,Thermal Cookers
536,638,730,4539,Wine Fridges
536,638,730,4720,Fondue Pots & Sets
536,638,730,5057,Soy Milk Makers
536,638,730,5090,Chocolate Tempering Machines
536,638,730,5103,Food Warmers
536,638,730,5103,4292,Steam Tables
536,638,730,5103,5349,Food Heat Lamps
536,638,730,5103,6548,Chafing Dishes
536,638,730,5103,504633,Rice Keepers
536,638,730,5156,Frozen Drink Makers
536,638,730,5287,Beverage Warmers
536,638,730,5289,Toasters & Grills
536,638,730,5289,759,Sandwich Makers
536,638,730,5289,761,Countertop & Toaster Ovens
536,638,730,5289,762,Toasters
536,638,730,5289,764,Waffle Irons
536,638,730,5289,5291,Pizzelle Makers
536,638,730,5289,5292,Tortilla & Flatbread Makers
536,638,730,5289,5318,Muffin & Cupcake Makers
536,638,730,5289,6278,Pizza Makers & Ovens
536,638,730,5289,6516,Pretzel Makers
536,638,730,5289,6819,Donut Makers
536,638,730,5577,Soda Makers
536,638,730,6524,Gas Griddles
536,638,730,6543,Hot Drink Makers
536,638,730,7165,Electric Griddles & Grills
536,638,730,505666,Food Mixers & Blenders
536,638,2626,Food Storage
536,638,2626,667,Food Storage Containers
536,638,2626,2644,Cookie Jars
536,638,2626,3110,Food Wraps
536,638,2626,3110,1496,Foil
536,638,2626,3110,3750,Plastic Wrap
536,638,2626,3110,3956,Wax Paper
536,638,2626,3110,5642,Parchment Paper
536,638,2626,3337,Bread Boxes & Bags
536,638,2626,3591,Food Storage Bags
536,638,2626,5134,Honey Jars
536,638,2626,6481,Food Container Covers
536,638,2626,6534,Candy Buckets
536,638,2901,Kitchen Appliance Accessories
536,638,2901,1334,Microwave Oven Accessories
536,638,2901,2540,Pasta Maker Accessories
536,638,2901,3443,Dishwasher Parts & Accessories
536,638,2901,3489,Breadmaker Accessories
536,638,2901,3523,Vacuum Sealer Accessories
536,638,2901,3523,3124,Vacuum Sealer Bags
536,638,2901,3684,Outdoor Grill Accessories
536,638,2901,3684,3382,Outdoor Grill Racks & Toppers
536,638,2901,3684,3855,Outdoor Grill Covers
536,638,2901,3684,4560,Outdoor Grill Spits & Baskets
536,638,2901,3684,5670,Outdoor Grill Carts
536,638,2901,3684,5671,Smoking Chips & Pellets
536,638,2901,3684,5672,Outdoor Grilling Planks
536,638,2901,3684,5694,Charcoal Briquettes
536,638,2901,3684,7540,Charcoal Chimneys
536,638,2901,3684,505667,Outdoor Grill Replacement Parts
536,638,2901,3848,Refrigerator Accessories
536,638,2901,3954,Deep Fryer Accessories
536,638,2901,3988,Coffee Maker & Espresso Machine Accessories
536,638,2901,3988,734,Coffee Grinders
536,638,2901,3988,3239,Coffee Decanters
536,638,2901,3988,3450,Coffee Filters
536,638,2901,3988,3838,Portafilters
536,638,2901,3988,4500,Coffee Filter Baskets
536,638,2901,3988,4786,Coffee Grinder Accessories
536,638,2901,3988,5065,Coffee Maker Water Filters
536,638,2901,3988,5066,Frothing Pitchers
536,638,2901,3988,6888,Coffee Decanter Warmers
536,638,2901,3988,503736,Coffee Maker & Espresso Machine Replacement Parts
536,638,2901,4519,Juicer Accessories
536,638,2901,4653,Food Dehydrator Accessories
536,638,2901,4653,4654,Food Dehydrator Trays
536,638,2901,4653,4655,Food Dehydrator Sheets
536,638,2901,4674,Ice Cream Maker Accessories
536,638,2901,4674,4675,Ice Cream Maker Freezer Bowls
536,638,2901,4763,Food Grinder Accessories
536,638,2901,5042,Ice Crusher & Shaver Accessories
536,638,2901,5075,Popcorn Maker Accessories
536,638,2901,5076,Cotton Candy Machine Accessories
536,638,2901,5570,Yogurt Maker Accessories
536,638,2901,6747,Garbage Disposal Accessories
536,638,2901,6944,Fondue Set Accessories
536,638,2901,6944,6945,Fondue Forks
536,638,2901,6944,6946,Fondue Pot Stands
536,638,2901,6944,503725,Cooking Gel Fuels
536,638,2901,7006,Portable Cooking Stove Accessories
536,638,2901,7118,Water Cooler Accessories
536,638,2901,7118,7119,Water Cooler Bottles
536,638,2901,7187,Ice Maker Accessories
536,638,2901,7355,Electric Skillet & Wok Accessories
536,638,2901,7444,Toaster Accessories
536,638,2901,7570,Freezer Accessories
536,638,2901,8051,Steam Table Accessories
536,638,2901,8051,8052,Steam Table Pan Covers
536,638,2901,8051,8053,Steam Table Pans
536,638,2901,8087,Range Hood Accessories
536,638,2901,8106,Wine Fridge Accessories
536,638,2901,499996,Waffle Iron Accessories
536,638,2901,500004,"Cooktop, Oven & Range Accessories"
536,638,2901,500066,Electric Kettle Accessories
536,638,2901,502989,Soda Maker Accessories
536,638,2901,505765,Food Mixer & Blender Accessories
536,638,2920,Food & Beverage Carriers
536,638,2920,669,Lunch Boxes & Totes
536,638,2920,671,Picnic Baskets
536,638,2920,1017,Coolers
536,638,2920,1444,Flasks
536,638,2920,2507,Insulated Bags
536,638,2920,3435,Canteens
536,638,2920,3800,Thermoses
536,638,2920,3809,Water Bottles
536,638,2920,4520,Drink Sleeves
536,638,2920,4520,4521,Can & Bottle Sleeves
536,638,2920,4520,4522,Cup Sleeves
536,638,2920,4722,Airpots
536,638,2920,5060,Replacement Drink Lids
536,638,2920,6449,Wine Carrier Bags
536,638,6070,Cookware & Bakeware
536,638,6070,640,Bakeware
536,638,6070,640,641,Baking & Cookie Sheets
536,638,6070,640,642,Bread Pans & Molds
536,638,6070,640,643,Cake Pans & Molds
536,638,6070,640,644,Muffin & Pastry Pans
536,638,6070,640,645,Pie & Quiche Pans
536,638,6070,640,646,Pizza Stones
536,638,6070,640,647,Ramekins & Souffle Dishes
536,638,6070,640,648,Roasting Pans
536,638,6070,640,2843,Pizza Pans
536,638,6070,640,4764,Bakeware Sets
536,638,6070,640,6756,Broiling Pans
536,638,6070,654,Cookware
536,638,6070,654,655,Casserole Dishes
536,638,6070,654,656,Double Boilers
536,638,6070,654,657,Dutch Ovens
536,638,6070,654,658,Griddles & Grill Pans
536,638,6070,654,659,Stovetop Kettles
536,638,6070,654,660,Pressure Cookers & Canners
536,638,6070,654,661,Saucepans
536,638,6070,654,662,Skillets & Frying Pans
536,638,6070,654,663,Stock Pots
536,638,6070,654,664,Woks
536,638,6070,654,4423,Sauté Pans
536,638,6070,654,4459,Paella Pans
536,638,6070,654,4721,Cookware Sets
536,638,6070,654,5110,Grill Presses
536,638,6070,654,5340,Tagines & Clay Cooking Pots
536,638,6070,654,6518,Fermentation & Pickling Crocks
536,638,6070,654,6838,Crêpe & Blini Pans
536,638,6070,4424,Cookware Accessories
536,638,6070,4424,4427,Wok Accessories
536,638,6070,4424,4427,4662,Wok Rings
536,638,6070,4424,4427,4663,Wok Brushes
536,638,6070,4424,4501,Pressure Cooker & Canner Accessories
536,638,6070,4424,4529,Steamer Baskets
536,638,6070,4424,4660,Pot & Pan Lids
536,638,6070,4424,4661,Pot & Pan Handles
536,638,6070,4502,Bakeware Accessories
536,638,6070,4502,4503,Baking Mats & Liners
536,638,6070,4502,4726,Roasting Pan Racks
536,638,6070,4502,7131,Baking Weights
536,638,6070,6071,Cookware & Bakeware Combo Sets
536,638,6478,Food Storage Accessories
536,638,6478,5837,Twist Ties & Bag Clips
536,638,6478,6479,Oxygen Absorbers
536,638,6478,8039,Food Wrap Dispensers
536,638,6478,499924,Food & Beverage Labels
536,638,8161,Prefabricated Kitchens & Kitchenettes
536,689,Lawn & Garden
536,689,2918,Outdoor Living
536,689,2918,717,Hammocks
536,689,2918,718,Porch Swings
536,689,2918,719,Outdoor Umbrellas & Sunshades
536,689,2918,2613,Outdoor Structures
536,689,2918,2613,700,Garden Bridges
536,689,2918,2613,703,"Garden Arches, Trellises, Arbors & Pergolas"
536,689,2918,2613,716,Canopies & Gazebos
536,689,2918,2613,720,"Sheds, Garages & Carports"
536,689,2918,2613,6105,Canopy & Gazebo Accessories
536,689,2918,2613,6105,6106,Canopy & Gazebo Frames
536,689,2918,2613,6105,6107,Canopy & Gazebo Enclosure Kits
536,689,2918,2613,6105,6108,Canopy & Gazebo Tops
536,689,2918,2613,6105,7423,Canopy Poles
536,689,2918,2613,6105,7424,Canopy Weights
536,689,2918,5910,Outdoor Blankets
536,689,2918,5910,5911,Beach Mats
536,689,2918,5910,5912,Poncho Liners
536,689,2918,5910,5913,Picnic Blankets
536,689,2918,6737,Hammock Parts & Accessories
536,689,2918,6751,Outdoor Umbrella & Sunshade Accessories
536,689,2918,6751,5493,Outdoor Umbrella Bases
536,689,2918,6751,7107,Outdoor Umbrella Covers
536,689,2918,6751,7108,Outdoor Umbrella & Sunshade Fabric
536,689,2918,6751,8020,Outdoor Umbrella Lights
536,689,2918,6751,499948,Outdoor Umbrella Enclosure Kits
536,689,2918,499907,Awnings
536,689,2918,499908,Awning Accessories
536,689,2918,499955,Porch Swing Accessories
536,689,2962,Gardening
536,689,2962,113,Fertilizers
536,689,2962,691,Disease Control
536,689,2962,693,Greenhouses
536,689,2962,721,Pots & Planters
536,689,2962,1794,Sands & Soils
536,689,2962,1794,543677,Sand
536,689,2962,1794,543678,Soil
536,689,2962,2988,Mulch
536,689,2962,3103,Herbicides
536,689,2962,3173,Gardening Tools
536,689,2962,3173,1967,Lawn & Garden Sprayers
536,689,2962,3173,2147,Shovels & Spades
536,689,2962,3173,3071,Gardening Forks
536,689,2962,3173,3388,Rakes
536,689,2962,3173,3616,Wheelbarrows
536,689,2962,3173,3644,Gardening Trowels
536,689,2962,3173,3828,Spreaders
536,689,2962,3173,3841,Pruning Shears
536,689,2962,3173,4000,Cultivating Tools
536,689,2962,3173,6967,Pruning Saws
536,689,2962,3173,7537,Bulb Planting Tools
536,689,2962,3173,499922,Lawn Rollers
536,689,2962,3173,505292,Gardening Sickles & Machetes
536,689,2962,4085,Composting
536,689,2962,4085,690,Compost
536,689,2962,4085,6436,Composters
536,689,2962,4085,6840,Compost Aerators
536,689,2962,5632,Gardening Accessories
536,689,2962,5632,5633,Gardening Totes
536,689,2962,5632,7184,Potting Benches
536,689,2962,5632,503756,"Gardening Scooters, Seats & Kneelers"
536,689,2962,6381,Landscape Fabric
536,689,2962,6413,Landscape Fabric Accessories
536,689,2962,6413,6421,Landscape Fabric Tape
536,689,2962,6413,6422,Landscape Fabric Staples & Pins
536,689,2962,6428,Plant Stands
536,689,2962,6834,Rain Barrels
536,689,2962,499894,Plant Cages & Supports
536,689,2962,499962,Pot & Planter Liners
536,689,2962,500033,Garden Pot Saucers & Trays
536,689,2962,505326,Gardening Tool Accessories
536,689,2962,505326,4972,Wheelbarrow Parts
536,689,2962,505326,505321,Gardening Tool Heads
536,689,2962,505326,505322,Gardening Tool Handles
536,689,3568,Watering & Irrigation
536,689,3568,2313,Garden Hoses
536,689,3568,3780,Sprinkler Accessories
536,689,3568,3780,1302,Sprinkler Controls
536,689,3568,3780,3491,Sprinkler Valves
536,689,3568,4201,Garden Hose Spray Nozzles
536,689,3568,4718,Garden Hose Fittings & Valves
536,689,3568,6318,Watering Cans
536,689,3568,7561,Sprinklers & Sprinkler Heads
536,689,3568,230912,Watering Globes & Spikes
536,689,3568,505814,Watering Can Accesssories
536,689,3798,Outdoor Power Equipment
536,689,3798,694,Lawn Mowers
536,689,3798,694,3311,Riding Mowers
536,689,3798,694,3730,Walk-Behind Mowers
536,689,3798,694,6258,Tow-Behind Mowers
536,689,3798,694,6788,Robotic Mowers
536,689,3798,1223,Weed Trimmers
536,689,3798,1226,Pressure Washers
536,689,3798,1541,Snow Blowers
536,689,3798,2204,Power Tillers & Cultivators
536,689,3798,2218,Grass Edgers
536,689,3798,3120,Hedge Trimmers
536,689,3798,3340,Leaf Blowers
536,689,3798,3610,Chainsaws
536,689,3798,5866,Tractors
536,689,3798,6789,Lawn Vacuums
536,689,3798,7245,Outdoor Power Equipment Sets
536,689,3798,7332,Outdoor Power Equipment Base Units
536,689,3798,500016,Power Sweepers
536,689,3798,500034,Lawn Aerators & Dethatchers
536,689,4564,Outdoor Power Equipment Accessories
536,689,4564,4565,Chainsaw Accessories
536,689,4564,4565,4646,Chainsaw Chains
536,689,4564,4565,4647,Chainsaw Bars
536,689,4564,4566,Lawn Mower Accessories
536,689,4564,4566,4641,Lawn Mower Blades
536,689,4564,4566,4642,Lawn Mower Covers
536,689,4564,4566,4643,Lawn Mower Belts
536,689,4564,4566,4644,Lawn Mower Pulleys & Idlers
536,689,4564,4566,4645,Lawn Mower Bags
536,689,4564,4566,6094,Lawn Mower Wheels
536,689,4564,4566,6095,Lawn Mower Tires
536,689,4564,4566,6541,Lawn Sweepers
536,689,4564,4566,6542,Brush Mower Attachments
536,689,4564,4566,499872,Lawn Mower Tire Tubes
536,689,4564,4566,499921,Lawn Striping Kits
536,689,4564,4566,499923,Lawn Mower Mulch Kits
536,689,4564,4566,499960,Lawn Mower Mulch Plugs & Plates
536,689,4564,4567,Snow Blower Accessories
536,689,4564,5867,Tractor Parts & Accessories
536,689,4564,5867,499880,Tractor Tires
536,689,4564,5867,499881,Tractor Wheels
536,689,4564,6328,Pressure Washer Accessories
536,689,4564,7168,Leaf Blower Accessories
536,689,4564,7168,7171,Leaf Blower Tubes
536,689,4564,7169,Weed Trimmer Accessories
536,689,4564,7169,7170,Weed Trimmer Blades & Spools
536,689,4564,7169,8034,Weed Trimmer Spool Covers
536,689,4564,7265,Hedge Trimmer Accessories
536,689,4564,7333,Outdoor Power Equipment Batteries
536,689,4564,7563,Grass Edger Accessories
536,689,4564,8485,Multifunction Outdoor Power Equipment Attachments
536,689,4564,8485,7334,Hedge Trimmer Attachments
536,689,4564,8485,7335,Weed Trimmer Attachments
536,689,4564,8485,7564,Grass Edger Attachments
536,689,4564,8485,8487,Ground & Leaf Blower Attachments
536,689,4564,8485,8488,Tiller & Cultivator Attachments
536,689,4564,8485,8489,Pole Saw Attachments
536,689,5362,Snow Removal
536,689,5362,5363,Snow Shovels
536,689,5362,5364,Ice Scrapers & Snow Brushes
536,696,Decor
536,696,9,Artwork
536,696,9,11,Sculptures & Statues
536,696,9,500044,"Posters, Prints, & Visual Artwork"
536,696,9,500045,Decorative Tapestries
536,696,572,Address Signs
536,696,573,Baskets
536,696,587,Bookends
536,696,592,Home Fragrances
536,696,592,588,Candles
536,696,592,3686,Incense
536,696,592,3898,Air Fresheners
536,696,592,4740,Potpourri
536,696,592,5847,Fragrance Oil
536,696,592,6767,Wax Tarts
536,696,595,Mirrors
536,696,596,Seasonal & Holiday Decorations
536,696,596,3144,Holiday Ornaments
536,696,596,5359,Advent Calendars
536,696,596,5504,Christmas Tree Skirts
536,696,596,5930,Japanese Traditional Dolls
536,696,596,5990,Holiday Stocking Hangers
536,696,596,5991,Holiday Stockings
536,696,596,6531,Nativity Sets
536,696,596,6532,Holiday Ornament Displays & Stands
536,696,596,6603,Christmas Tree Stands
536,696,596,499804,Holiday Ornament Hooks
536,696,596,499805,Easter Egg Decorating Kits
536,696,596,505809,Seasonal Village Sets & Accessories
536,696,597,Picture Frames
536,696,598,Rugs
536,696,599,Slipcovers
536,696,602,Vases
536,696,603,Window Treatments
536,696,603,2621,Window Valances & Cornices
536,696,603,2882,Curtains & Drapes
536,696,603,2885,Window Blinds & Shades
536,696,603,4375,Window Screens
536,696,603,5989,Window Films
536,696,603,6492,Stained Glass Panels
536,696,697,Bird Baths
536,696,701,Flags & Windsocks
536,696,702,Fountains & Ponds
536,696,702,2763,Ponds
536,696,702,2921,Fountain & Pond Accessories
536,696,702,6763,Fountains & Waterfalls
536,696,704,Garden & Stepping Stones
536,696,706,Mailboxes
536,696,708,Decorative Plaques
536,696,709,Rain Chains
536,696,710,Rain Gauges
536,696,711,Sundials
536,696,712,Weather Vanes & Roof Decor
536,696,714,Wind Chimes
536,696,2334,Wallpaper
536,696,2675,Door Mats
536,696,2839,Wind Wheels & Spinners
536,696,3221,Home Decor Decals
536,696,3262,World Globes
536,696,3473,Music Boxes
536,696,3890,Clocks
536,696,3890,3696,Floor & Grandfather Clocks
536,696,3890,3840,Wall Clocks
536,696,3890,4546,Alarm Clocks
536,696,3890,6912,Desk & Shelf Clocks
536,696,4233,Trunks
536,696,4295,Piggy Banks & Money Jars
536,696,4453,Chair & Sofa Cushions
536,696,4454,Throw Pillows
536,696,4456,Backrest Pillows
536,696,4770,Flameless Candles
536,696,5521,Bird & Wildlife Feeder Accessories
536,696,5609,Figurines
536,696,5708,Coat & Hat Racks
536,696,5875,Decorative Plates
536,696,5876,Refrigerator Magnets
536,696,5885,Novelty Signs
536,696,5922,Shadow Boxes
536,696,6254,Window Treatment Accessories
536,696,6254,6255,Curtain Holdbacks & Tassels
536,696,6254,6256,Curtain & Drape Rings
536,696,6254,6257,Curtain & Drape Rods
536,696,6254,8042,Window Treatment Replacement Parts
536,696,6265,Artificial Flora
536,696,6266,Artificial Food
536,696,6267,Wreaths & Garlands
536,696,6317,Decorative Bottles
536,696,6324,Napkin Rings
536,696,6333,Mailbox Accessories
536,696,6333,6334,Mailbox Posts
536,696,6333,7052,Mailbox Enclosures
536,696,6333,7176,Mailbox Flags
536,696,6333,7177,Mailbox Covers
536,696,6333,7339,Mailbox Replacement Doors
536,696,6424,Vase Fillers & Table Scatters
536,696,6456,Decorative Trays
536,696,6457,Decorative Bowls
536,696,6530,Window Magnets
536,696,6535,Snow Globes
536,696,6547,Lawn Ornaments & Garden Sculptures
536,696,6927,Ottoman Cushions
536,696,6935,Ecospheres
536,696,6936,Dried Flowers
536,696,6993,Bird & Wildlife Feeders
536,696,6993,698,Bird Feeders
536,696,6993,6994,Squirrel Feeders
536,696,6993,6995,Butterfly Feeders
536,696,7113,Decorative Jars
536,696,7172,Dreamcatchers
536,696,7173,Suncatchers
536,696,7206,Decorative Bells
536,696,7380,Cardboard Cutouts
536,696,7382,House Numbers & Letters
536,696,7419,Flag & Windsock Accessories
536,696,7419,7420,Flag & Windsock Pole Lights
536,696,7419,7421,Flag & Windsock Poles
536,696,7419,503010,Flag & Windsock Pole Mounting Hardware & Kits
536,696,7422,Finials
536,696,7436,Mail Slots
536,696,230911,Bird & Wildlife House Accessories
536,696,499693,Growth Charts
536,696,500078,Bird & Wildlife Houses
536,696,500078,699,Birdhouses
536,696,500078,500079,Bat Houses
536,696,500078,500080,Butterfly Houses
536,696,500121,Home Fragrance Accessories
536,696,500121,2784,Candle Holders
536,696,500121,4741,Incense Holders
536,696,500121,6336,Candle & Oil Warmers
536,696,500121,500122,Candle Snuffers
536,696,503000,Hourglasses
536,696,505827,Clock Parts
536,729,Pool & Spa
536,729,2810,Swimming Pools
536,729,2832,Pool & Spa Accessories
536,729,2832,2672,Pool Toys
536,729,2832,2755,Pool Skimmers
536,729,2832,2860,Pool Floats & Loungers
536,729,2832,2939,Diving Boards
536,729,2832,2981,Pool & Spa Filters
536,729,2832,2994,Pool Covers & Ground Cloths
536,729,2832,2997,Pool Sweeps & Vacuums
536,729,2832,3017,Pool Cleaners & Chemicals
536,729,2832,5546,Pool Water Slides
536,729,2832,5654,Pool Heaters
536,729,2832,6766,"Pool Ladders, Steps & Ramps"
536,729,2832,6771,Pool Cleaner Hoses
536,729,2832,6996,Pool Brushes & Brooms
536,729,2832,7496,Pool Deck Kits
536,729,2832,500042,Pool & Spa Chlorine Generators
536,729,2832,500050,Pool Cover Accessories
536,729,2832,503751,Pool Liners
536,729,2832,505815,Pool & Spa Maintenance Kits
536,729,2982,Spas
536,729,3992,Saunas
536,729,543687,Sauna Accessories
536,729,543687,543631,Sauna Kits
536,729,543687,543632,Sauna Heaters
536,729,543687,543633,Sauna Buckets & Ladles
536,985,Plants
536,985,984,Flowers
536,985,1684,Trees
536,985,2802,Seeds
536,985,2802,543561,Plant & Flower Bulbs
536,985,2802,543562,Seeds & Seed Tape
536,985,5590,Aquatic Plants
536,985,6762,Indoor & Outdoor Plants
536,985,6762,543558,Potted Houseplants
536,985,6762,543559,Bushes & Shrubs
536,985,6762,543560,Landscaping & Garden Plants
536,985,505285,Plant & Herb Growing Kits
536,1679,"Flood, Fire & Gas Safety"
536,1679,1306,Water & Flood Detectors
536,1679,1434,Fire Extinguishers
536,1679,1639,Fire Extinguisher & Equipment Storage
536,1679,1871,Fire Alarms
536,1679,1934,Fire Sprinklers
536,1679,7226,Fire Alarm Control Panels
536,1679,7227,Heat Detectors
536,1679,499673,Smoke & Carbon Monoxide Detectors
536,1679,499673,1471,Smoke Detectors
536,1679,499673,2164,Carbon Monoxide Detectors
536,2639,Wood Stoves
536,2862,Fireplace & Wood Stove Accessories
536,2862,625,Firewood & Fuel
536,2862,695,Log Racks & Carriers
536,2862,1530,Fireplace Tools
536,2862,2044,Bellows
536,2862,2365,Fireplace Screens
536,2862,4918,Wood Stove Fans & Blowers
536,2862,6563,Fireplace & Wood Stove Grates
536,2862,7029,Log Rack & Carrier Accessories
536,2862,7091,Hearth Pads
536,2862,7109,Fireplace Reflectors
536,2862,7523,Fireplace Andirons
536,2956,Lighting Accessories
536,2956,3185,Lamp Shades
536,2956,3522,Lighting Timers
536,2956,7338,Lamp Post Bases
536,2956,7447,Lamp Post Mounts
536,2956,505312,Oil Lamp Fuel
536,3348,Household Appliance Accessories
536,3348,618,Vacuum Accessories
536,3348,2367,Air Conditioner Accessories
536,3348,2367,3573,Air Conditioner Filters
536,3348,2367,5826,Air Conditioner Covers
536,3348,2751,Water Heater Accessories
536,3348,2751,1709,Water Heater Vents
536,3348,2751,1744,Water Heater Elements
536,3348,2751,1835,Water Heater Pans
536,3348,2751,2175,Hot Water Tanks
536,3348,2751,2221,Water Heater Stacks
536,3348,2751,2310,Anode Rods
536,3348,2751,500063,Water Heater Expansion Tanks
536,3348,3410,Air Purifier Accessories
536,3348,3410,3667,Air Purifier Filters
536,3348,3456,Laundry Appliance Accessories
536,3348,3456,5158,Garment Steamer Accessories
536,3348,3456,5159,Iron Accessories
536,3348,3456,5160,Steam Press Accessories
536,3348,3456,500085,Washer & Dryer Accessories
536,3348,3862,Humidifier Accessories
536,3348,3862,3402,Humidifier Filters
536,3348,4548,Floor & Steam Cleaner Accessories
536,3348,4650,Patio Heater Accessories
536,3348,4650,4651,Patio Heater Covers
536,3348,4667,Dehumidifier Accessories
536,3348,5089,Fan Accessories
536,3348,6773,Furnace & Boiler Accessories
536,3348,7110,Heating Radiator Accessories
536,3348,7110,7111,Heating Radiator Reflectors
536,4171,Linens & Bedding
536,4171,569,Bedding
536,4171,569,1599,Nap Mats
536,4171,569,1985,Blankets
536,4171,569,2314,Bed Sheets
536,4171,569,2541,Duvet Covers
536,4171,569,2700,Pillows
536,4171,569,2927,Pillowcases & Shams
536,4171,569,2974,Bedskirts
536,4171,569,4452,Mattress Protectors
536,4171,569,4452,2991,Mattress Pads
536,4171,569,4452,4420,Mattress Encasements
536,4171,569,505287,Quilts & Comforters
536,4171,569,505803,Bed Canopies
536,4171,601,Table Linens
536,4171,601,2547,Placemats
536,4171,601,4143,Tablecloths
536,4171,601,4203,Cloth Napkins
536,4171,601,4343,Doilies
536,4171,601,6322,Table Skirts
536,4171,601,6325,Table Runners
536,4171,4077,Towels
536,4171,4077,576,Bath Towels & Washcloths
536,4171,4077,4126,Beach Towels
536,4171,4077,4257,Kitchen Towels
536,4171,505832,Kitchen Linens Sets
536,4358,Parasols & Rain Umbrellas
536,5835,Emergency Preparedness
536,5835,4490,Earthquake Alarms
536,5835,4491,Furniture Anchors
536,5835,5836,Emergency Food Kits
536,5835,6897,Emergency Blankets
536,5835,7058,Emergency Tools & Kits
536,6173,Umbrella Sleeves & Cases
536,6792,Fireplaces
537,Baby & Toddler
537,540,Baby Safety
537,540,541,Baby Monitors
537,540,542,Baby & Pet Gates
537,540,543,Baby Safety Locks & Guards
537,540,544,Baby Safety Rails
537,540,5049,Baby Safety Harnesses & Leashes
537,540,6869,Baby & Pet Gate Accessories
537,548,Diapering
537,548,550,Diaper Pails
537,548,551,Diapers
537,548,553,Baby Wipes
537,548,2949,Diaper Rash Treatments
537,548,5628,Changing Mats & Trays
537,548,6883,Diaper Organizers
537,548,6949,Diaper Liners
537,548,6971,Diaper Wet Bags
537,548,7001,Diaper Pail Accessories
537,548,7014,Diaper Kits
537,548,7200,Baby Wipe Dispensers & Warmers
537,548,502999,Changing Mat & Tray Covers
537,561,Nursing & Feeding
537,561,562,Baby & Toddler Food
537,561,562,563,Baby Formula
537,561,562,5718,Baby Drinks
537,561,562,5719,Baby Food
537,561,562,5720,Baby Snacks
537,561,562,5721,Baby Cereal
537,561,562,8436,Toddler Nutrition Drinks & Shakes
537,561,564,Baby Bottles
537,561,565,Breast Pumps
537,561,2125,Bibs
537,561,4768,Baby Care Timers
537,561,5296,Bottle Warmers & Sterilizers
537,561,5298,Nursing Pillows
537,561,5629,Burp Cloths
537,561,5630,Baby Bottle Nipples & Liners
537,561,5630,543636,Baby Bottle Nipples
537,561,5630,543637,Baby Bottle Liners
537,561,5843,Nursing Covers
537,561,6950,Sippy Cups
537,561,7234,Breast Milk Storage Containers
537,561,8075,Nursing Pillow Covers
537,561,503762,Nursing Pads & Shields
537,561,505366,Breast Pump Accessories
537,2764,Baby Transport
537,2764,538,Baby Carriers
537,2764,547,Baby & Toddler Car Seats
537,2764,568,Baby Strollers
537,2847,Baby Toys & Activity Equipment
537,2847,539,Play Yards
537,2847,555,Baby Bouncers & Rockers
537,2847,560,Baby Jumpers & Swings
537,2847,1241,Baby Walkers & Entertainers
537,2847,1242,Baby Mobiles
537,2847,1243,Play Mats & Gyms
537,2847,1243,543612,Play Mats
537,2847,1243,543613,Play Gyms
537,2847,1244,Rattles
537,2847,3459,Push & Pull Toys
537,2847,3661,Alphabet Toys
537,2847,3860,Sorting & Stacking Toys
537,2847,7191,Baby Mobile Accessories
537,2847,7198,Baby Activity Toys
537,2847,7360,Baby Soothers
537,4386,Baby Transport Accessories
537,4386,4387,Baby Stroller Accessories
537,4386,4486,Baby & Toddler Car Seat Accessories
537,4386,4916,Baby Carrier Accessories
537,4386,5845,Shopping Cart & High Chair Covers
537,4386,8537,Baby Transport Liners & Sacks
537,4678,Baby Bathing
537,4678,4679,Baby Bathtubs & Bath Seats
537,4678,7082,Shower Visors
537,5252,Baby Health
537,5252,566,Pacifiers & Teethers
537,5252,5253,Nasal Aspirators
537,5252,6290,Baby Health & Grooming Kits
537,5252,7016,Pacifier Clips & Holders
537,5252,7309,Pacifier Wipes
537,5859,Baby Gift Sets
537,6899,Swaddling & Receiving Blankets
537,6899,543664,Receiving Blankets
537,6899,543665,Swaddling Blankets
537,6952,Potty Training
537,6952,552,Potty Seats
537,6952,6953,Potty Training Kits
632,Hardware
632,115,Building Materials
632,115,119,Doors
632,115,119,4468,Garage Doors
632,115,119,4634,Home Doors
632,115,120,Glass
632,115,122,Insulation
632,115,123,Roofing
632,115,123,121,Gutters
632,115,123,2008,Roof Flashings
632,115,123,4544,Gutter Accessories
632,115,123,8270,Roofing Shingles & Tiles
632,115,124,Windows
632,115,125,Lumber & Sheet Stock
632,115,2030,Hatches
632,115,2729,Countertops
632,115,2826,Flooring & Carpet
632,115,6343,Door Hardware
632,115,6343,1356,Door Knobs & Handles
632,115,6343,2665,Door Stops
632,115,6343,2795,Door Knockers
632,115,6343,2972,Door Bells & Chimes
632,115,6343,6446,Door Closers
632,115,6343,6458,Door Strikes
632,115,6343,99338,Door Keyhole Escutcheons
632,115,6343,499970,Door Push Plates
632,115,6343,503727,Door Frames
632,115,6943,Shutters
632,115,7004,Staircases
632,115,7053,Wall Paneling
632,115,7112,Molding
632,115,7136,Wall & Ceiling Tile
632,115,7439,Sound Dampening Panels & Foam
632,115,499772,Window Hardware
632,115,499772,499773,Window Cranks
632,115,499772,503728,Window Frames
632,115,499949,Handrails & Railing Systems
632,115,503775,Siding
632,115,503776,Drywall
632,115,503777,Rebar & Remesh
632,115,505300,Weather Stripping & Weatherization Supplies
632,127,Power & Electrical Supplies
632,127,1218,Generators
632,127,1869,Power Outlets & Sockets
632,127,2006,Electrical Mount Boxes & Brackets
632,127,2028,Phone & Data Jacks
632,127,2274,Wire Caps & Nuts
632,127,2345,Electrical Wires & Cable
632,127,2377,Wall Plates & Covers
632,127,2413,Home Automation Kits
632,127,4709,Generator Accessories
632,127,4714,Solar Panels
632,127,4715,Solar Energy Kits
632,127,4789,Extension Cords
632,127,5142,Power Inverters
632,127,5533,Power Converters
632,127,5627,Electrical Plug Caps
632,127,6375,Extension Cord Accessories
632,127,6459,Electrical Switches
632,127,6459,1935,Light Switches
632,127,6459,499932,Specialty Electrical Switches & Relays
632,127,6807,Circuit Breaker Panels
632,127,6833,Wall Socket Controls & Sensors
632,127,7183,Ballasts & Starters
632,127,7275,Electrical Motors
632,127,499768,Conduit & Housings
632,127,499768,3797,Heat-Shrink Tubing
632,127,499768,499770,Electrical Conduit
632,127,499893,Carbon Brushes
632,127,499966,Power Inlets
632,127,500049,"Armatures, Rotors & Stators"
632,127,503729,Wire Terminals & Connectors
632,127,505318,Voltage Transformers & Regulators
632,128,Fencing & Barriers
632,128,1352,Fence Pickets
632,128,1788,Gates
632,128,1919,Fence Posts & Rails
632,128,499958,Safety & Crowd Control Barriers
632,128,502973,Fence Panels
632,128,502983,Fence & Gate Accessories
632,128,502984,Lattice
632,128,502986,Garden Borders & Edging
632,133,Plumbing
632,133,1673,Plumbing Fixtures
632,133,1673,1636,Bathtubs
632,133,1673,1687,Sinks
632,133,1673,1687,2757,Kitchen & Utility Sinks
632,133,1673,1687,2886,Bathroom Sinks
632,133,1673,2032,Faucets
632,133,1673,2062,Toilets & Bidets
632,133,1673,2062,1746,Urinals
632,133,1673,2062,1921,Toilets
632,133,1673,2062,2376,Bidets
632,133,1673,7244,Shower Stalls & Kits
632,133,1673,499999,Bathroom Suites
632,133,1723,Well Supplies
632,133,1810,Plumbing Fittings & Supports
632,133,1810,1694,Plumbing Flanges
632,133,1810,2068,Nozzles
632,133,1810,2359,Pipe Connectors
632,133,1810,2466,Plumbing Valves
632,133,1810,2611,Plumbing Regulators
632,133,1810,2634,Plumbing Pipe Clamps
632,133,1810,2710,Pipe Adapters & Bushings
632,133,1810,2909,Pipe Caps & Plugs
632,133,1810,6732,Gaskets & O-Rings
632,133,1810,499697,In-Wall Carriers & Mounting Frames
632,133,2203,Plumbing Repair Kits
632,133,2216,Plumbing Pipes
632,133,2243,Water Levelers
632,133,2273,Water Dispensing & Filtration
632,133,2273,1390,Water Distillers
632,133,2273,1952,Water Softeners
632,133,2273,2055,In-Line Water Filters
632,133,2273,2171,Water Filtration Accessories
632,133,2273,2171,2063,Water Filter Cartridges
632,133,2273,2171,2406,Water Filter Housings
632,133,2273,2343,Water Dispensers
632,133,2273,2343,1354,Water Chillers
632,133,2273,2343,1821,Drinking Fountains
632,133,2273,5646,Water Softener Salt
632,133,2570,Plumbing Hoses & Supply Lines
632,133,6832,Water Timers
632,133,504635,Plumbing Fixture Hardware & Parts
632,133,504635,1458,Fixture Plates
632,133,504635,1489,Faucet Accessories
632,133,504635,1489,8115,Faucet Aerators
632,133,504635,1489,8116,Faucet Handles & Controls
632,133,504635,1963,Sink Accessories
632,133,504635,1963,2410,Sink Legs
632,133,504635,2206,Shower Parts
632,133,504635,2206,581,Shower Heads
632,133,504635,2206,1779,Shower Doors & Enclosures
632,133,504635,2206,2088,Shower Columns
632,133,504635,2206,4728,Shower Bases
632,133,504635,2206,5048,Shower Water Filters
632,133,504635,2206,7130,Shower Walls & Surrounds
632,133,504635,2206,8277,Electric & Power Showers
632,133,504635,2206,8320,Bathtub & Shower Jets
632,133,504635,2206,504638,Shower Arms & Connectors
632,133,504635,2691,Toilet & Bidet Accessories
632,133,504635,2691,1425,Ballcocks & Flappers
632,133,504635,2691,1865,Toilet & Bidet Seats
632,133,504635,2691,2478,Toilet Trim
632,133,504635,2691,2817,Toilet Tank Levers
632,133,504635,2691,5665,Toilet Tanks
632,133,504635,2691,5666,Toilet Tank Covers
632,133,504635,2691,7358,Toilet Seat Covers
632,133,504635,2691,7446,Toilet Seat Lid Covers
632,133,504635,2691,504634,Bidet Faucets & Sprayers
632,133,504635,2996,Bathtub Accessories
632,133,504635,2996,2463,Bathtub Spouts
632,133,504635,2996,5508,Bathtub Skirts
632,133,504635,2996,505368,Bathtub Bases & Feet
632,133,504635,504636,Drains
632,133,504635,504637,Drain Components
632,133,504635,504637,1319,Plumbing Traps
632,133,504635,504637,1407,Drain Rods
632,133,504635,504637,1514,Drain Frames
632,133,504635,504637,1932,Drain Openers
632,133,504635,504637,2170,Plumbing Wastes
632,133,504635,504637,2257,Drain Liners
632,133,504635,504637,2851,Drain Covers & Strainers
632,1167,Tools
632,1167,126,Dollies & Hand Trucks
632,1167,130,Ladders & Scaffolding
632,1167,130,635,Step Stools
632,1167,130,1809,Work Platforms
632,1167,130,1866,Scaffolding
632,1167,130,2416,Ladder Carts
632,1167,130,6928,Ladders
632,1167,338,Flashlights & Headlamps
632,1167,338,2454,Headlamps
632,1167,338,543689,Flashlights
632,1167,1169,Anvils
632,1167,1171,Axes
632,1167,1174,Carving Chisels & Gouges
632,1167,1179,Pry Bars
632,1167,1180,Cutters
632,1167,1180,1181,Bolt Cutters
632,1167,1180,1182,Glass Cutters
632,1167,1180,1454,Handheld Metal Shears & Nibblers
632,1167,1180,1824,Rebar Cutters
632,1167,1180,2080,Pipe Cutters
632,1167,1180,2411,Utility Knives
632,1167,1180,2726,Tile & Shingle Cutters
632,1167,1180,7562,Nippers
632,1167,1184,Taps & Dies
632,1167,1185,Grips
632,1167,1186,Hammers
632,1167,1186,2208,Manual Hammers
632,1167,1186,505364,Powered Hammers
632,1167,1187,Planes
632,1167,1188,Sanders
632,1167,1193,Masonry Tools
632,1167,1193,1450,Masonry Jointers
632,1167,1193,1555,Construction Lines
632,1167,1193,1668,Brick Tools
632,1167,1193,1799,Masonry Edgers & Groovers
632,1167,1193,2181,Masonry Trowels
632,1167,1193,2305,Cement Mixers
632,1167,1193,2337,Floats
632,1167,1193,4132,Power Trowels
632,1167,1193,7484,Grout Sponges
632,1167,1194,Nail Pullers
632,1167,1195,Socket Drivers
632,1167,1196,Pickup Tools
632,1167,1201,Saw Horses
632,1167,1202,Putty Knives & Scrapers
632,1167,1203,Screwdrivers
632,1167,1206,Nailers & Staplers
632,1167,1215,Caulking Tools
632,1167,1217,Drills
632,1167,1217,1216,Drill Presses
632,1167,1217,1367,Augers
632,1167,1217,1465,Mortisers
632,1167,1217,1994,Pneumatic Drills
632,1167,1217,2629,Handheld Power Drills
632,1167,1219,Grinders
632,1167,1220,Heat Guns
632,1167,1221,Impact Wrenches & Drivers
632,1167,1225,Polishers & Buffers
632,1167,1235,Saws
632,1167,1235,3224,Handheld Circular Saws
632,1167,1235,3494,Reciprocating Saws
632,1167,1235,3516,Cut-Off Saws
632,1167,1235,3517,Miter Saws
632,1167,1235,3582,Band Saws
632,1167,1235,3594,Hand Saws
632,1167,1235,3706,Table Saws
632,1167,1235,3725,Jigsaws
632,1167,1235,4633,Scroll Saws
632,1167,1235,7077,Masonry & Tile Saws
632,1167,1235,499985,Panel Saws
632,1167,1236,Soldering Irons
632,1167,1238,Welding Guns & Plasma Cutters
632,1167,1305,Measuring Tools & Sensors
632,1167,1305,1191,Levels
632,1167,1305,1191,4081,Bubble Levels
632,1167,1305,1191,4294,Sight Levels
632,1167,1305,1191,4931,Laser Levels
632,1167,1305,1198,Protractors
632,1167,1305,1205,Squares
632,1167,1305,1207,Stud Sensors
632,1167,1305,1374,Weather Forecasters & Stations
632,1167,1305,1413,Straight Edges
632,1167,1305,1459,Measuring Wheels
632,1167,1305,1533,Cruising Rods
632,1167,1305,1539,Rebar Locators
632,1167,1305,1640,Flow Meters & Controllers
632,1167,1305,1698,Measuring Scales
632,1167,1305,1732,Gauges
632,1167,1305,1785,Probes & Finders
632,1167,1305,1850,Dividers
632,1167,1305,1991,Gas Detectors
632,1167,1305,2021,Rulers
632,1167,1305,2093,Thermocouples & Thermopiles
632,1167,1305,2192,Calipers
632,1167,1305,2330,Knife Guides
632,1167,1305,2481,Tape Measures
632,1167,1305,3602,Barometers
632,1167,1305,4022,Altimeters
632,1167,1305,4074,pH Meters
632,1167,1305,4340,Theodolites
632,1167,1305,4506,Infrared Thermometers
632,1167,1305,4754,Hygrometers
632,1167,1305,4755,Moisture Meters
632,1167,1305,4756,Seismometer
632,1167,1305,4757,Sound Meters
632,1167,1305,4758,UV Light Meters
632,1167,1305,4759,Vibration Meters
632,1167,1305,5371,Geiger Counters
632,1167,1305,5487,Distance Meters
632,1167,1305,5515,Air Quality Meters
632,1167,1305,6799,Thermal Imaging Cameras
632,1167,1305,7394,Transducers
632,1167,1305,500058,Anemometers
632,1167,1305,503737,Electrical Testing Tools
632,1167,1391,Deburrers
632,1167,1439,Tool Keys
632,1167,1469,Wire & Cable Hand Tools
632,1167,1563,Plungers
632,1167,1584,Threading Machines
632,1167,1603,Light Bulb Changers
632,1167,1632,Wrenches
632,1167,1644,Sharpeners
632,1167,1663,Lathes
632,1167,1667,Pipe & Bar Benders
632,1167,1787,Tap Reseaters
632,1167,1819,Reamers
632,1167,1832,Marking Tools
632,1167,1841,Routing Tools
632,1167,1862,Pipe Brushes
632,1167,1923,Shapers
632,1167,1958,Pliers
632,1167,2015,Compressors
632,1167,2053,Pipe & Tube Cleaners
632,1167,2077,Paint Tools
632,1167,2077,1300,Paint Brushes
632,1167,2077,1699,Paint Sponges
632,1167,2077,1774,Paint Rollers
632,1167,2077,2465,Paint Sprayers
632,1167,2077,2486,Airbrushes
632,1167,2077,6556,Paint Edgers
632,1167,2077,6557,Paint Trays
632,1167,2077,499888,Paint Shakers
632,1167,2077,505325,Paint Strainers
632,1167,2198,Tool Knives
632,1167,2456,Industrial Vibrators
632,1167,2792,Chimney Brushes
632,1167,2835,Tool Clamps & Vises
632,1167,3501,Post Hole Diggers
632,1167,3745,Tool Files
632,1167,3932,Mattocks & Pickaxes
632,1167,4325,Compactors
632,1167,4419,Sanding Blocks
632,1167,4672,Concrete Brooms
632,1167,4919,Tool Sets
632,1167,4919,4716,Power Tool Combo Sets
632,1167,4919,6965,Hand Tool Sets
632,1167,5077,Milling Machines
632,1167,5587,Multifunction Power Tools
632,1167,5592,Work Lights
632,1167,5828,Oil Filter Drains
632,1167,5873,Magnetic Sweepers
632,1167,5927,Hardware Torches
632,1167,6461,Electrician Fish Tape
632,1167,6868,Planers
632,1167,6938,Abrasive Blasters
632,1167,7030,Log Splitters
632,1167,7064,Riveting Tools
632,1167,7064,7065,Rivet Guns
632,1167,7064,7066,Rivet Pliers
632,1167,7271,Carpentry Jointers
632,1167,7416,Inspection Mirrors
632,1167,7556,Grease Guns
632,1167,499887,Handheld Power Mixers
632,1167,503774,Lighters & Matches
632,1167,505315,Punches & Awls
632,1910,Storage Tanks
632,1974,Locks & Keys
632,1974,1870,Key Card Entry Systems
632,1974,6488,Key Blanks
632,1974,8067,Key Caps
632,1974,503730,Locks & Latches
632,2878,Hardware Accessories
632,2878,1318,Coils
632,2878,1771,Hinges
632,2878,1816,Filters & Screens
632,2878,1979,Drop Cloths
632,2878,3974,Tool Storage & Organization
632,2878,3974,2485,Tool & Equipment Belts
632,2878,3974,3280,Tool Cabinets & Chests
632,2878,3974,3919,Work Benches
632,2878,3974,3980,Tool Boxes
632,2878,3974,4031,Tool Sheaths
632,2878,3974,4199,Garden Hose Storage
632,2878,3974,6876,Tool Bags
632,2878,3974,500103,Tool Organizer Liners & Inserts
632,2878,4696,Cabinet Hardware
632,2878,4696,4697,Cabinet Backplates
632,2878,4696,4698,Cabinet Catches
632,2878,4696,4699,Cabinet Doors
632,2878,4696,4700,Cabinet Knobs & Handles
632,2878,4696,232167,Cabinet & Furniture Keyhole Escutcheons
632,2878,4988,Tarps
632,2878,6769,Pneumatic Hoses
632,2878,6770,Lubrication Hoses
632,2878,6841,Gas Hoses
632,2878,7086,Concrete Molds
632,2878,7092,Brackets & Reinforcement Braces
632,2878,7270,Dowel Pins & Rods
632,2878,7557,Flagging & Caution Tape
632,2878,8112,Ground Spikes
632,2878,8113,Post Base Plates
632,2878,8470,Drawer Slides
632,2878,499933,Springs
632,2878,499981,Casters
632,2878,500030,Moving & Soundproofing Blankets & Covers
632,2878,500054,Hardware Fasteners
632,2878,500054,1508,Drywall Anchors
632,2878,500054,1739,Nuts & Bolts
632,2878,500054,2195,Washers
632,2878,500054,2230,Screw Posts
632,2878,500054,2251,Screws
632,2878,500054,2408,Nails
632,2878,500054,7062,Rivets
632,2878,500054,500055,Threaded Rods
632,2878,502977,"Chain, Wire & Rope"
632,2878,502977,1492,Chains
632,2878,502977,3053,Ropes & Hardware Cable
632,2878,502977,4469,Pull Chains
632,2878,502977,5119,Twine
632,2878,502977,6297,Tie Down Straps
632,2878,502977,6298,Bungee Cords
632,2878,502977,6904,Utility Wire
632,2878,503731,Metal Casting Molds
632,2878,503773,"Hooks, Buckles & Fasteners"
632,2878,503773,502978,Gear Ties
632,2878,503773,502992,Utility Buckles
632,2878,503773,503764,Chain Connectors & Links
632,2878,503773,503770,"Lifting Hooks, Clamps & Shackles"
632,2878,505320,Wall Jacks & Braces
632,3650,Tool Accessories
632,3650,2174,Tool Blades
632,3650,2174,2202,Saw Blades
632,3650,2174,505831,Cutter & Scraper Blades
632,3650,2380,Industrial Staples
632,3650,2447,Flashlight Accessories
632,3650,3281,Soldering Iron Accessories
632,3650,3281,3609,Soldering Iron Tips
632,3650,3281,3629,Soldering Iron Stands
632,3650,3470,Shaper Accessories
632,3650,3470,3210,Shaper Cutters
632,3650,3744,Router Accessories
632,3650,3744,3300,Router Tables
632,3650,3744,3673,Router Bits
632,3650,3944,Drill & Screwdriver Accessories
632,3650,3944,1540,Drill & Screwdriver Bits
632,3650,3944,6378,Drill Bit Sharpeners
632,3650,3944,6806,Hole Saws
632,3650,3944,7140,Drill Bit Extensions
632,3650,3944,8275,Drill Stands & Guides
632,3650,3944,8276,Drill Chucks
632,3650,4487,Sanding Accessories
632,3650,4487,3240,Sandpaper & Sanding Sponges
632,3650,4658,Tool Stands
632,3650,4658,4659,Saw Stands
632,3650,5526,Measuring Tool & Sensor Accessories
632,3650,5526,5556,Gas Detector Accessories
632,3650,5526,5557,Electrical Testing Tool Accessories
632,3650,5526,7415,Multimeter Accessories
632,3650,5526,503007,Measuring Scale Accessories
632,3650,5571,Tool Sockets
632,3650,6292,Power Tool Chargers
632,3650,6295,Power Tool Batteries
632,3650,6471,Driver Accessories
632,3650,6549,Saw Accessories
632,3650,6549,6501,Table Saw Accessories
632,3650,6549,6503,Miter Saw Accessories
632,3650,6549,7345,Handheld Circular Saw Accessories
632,3650,6549,7346,Jigsaw Accessories
632,3650,6549,7515,Band Saw Accessories
632,3650,6907,Jigs
632,3650,6939,Abrasive Blaster Accessories
632,3650,6939,6940,Sandblasting Cabinets
632,3650,7019,Paint Tool Accessories
632,3650,7019,6887,Airbrush Accessories
632,3650,7019,7020,Paint Roller Accessories
632,3650,7019,328062,Paint Brush Cleaning Solutions
632,3650,7056,Hammer Accessories
632,3650,7056,7055,Hammer Handles
632,3650,7056,7057,Hammer Heads
632,3650,7056,7087,Air Hammer Accessories
632,3650,7326,Axe Accessories
632,3650,7326,7369,Axe Heads
632,3650,7326,7370,Axe Handles
632,3650,7472,Magnetizers & Demagnetizers
632,3650,8117,Cutter Accessories
632,3650,8117,8118,Nibbler Dies
632,3650,8258,Tool Safety Tethers
632,3650,499859,Grinder Accessories
632,3650,499859,499860,Grinding Wheels & Points
632,3650,499886,Mixing Tool Paddles
632,3650,499947,Welding Accessories
632,3650,505323,Mattock & Pickaxe Accessories
632,3650,505323,505324,Mattock & Pickaxe Handles
632,3650,505810,Tool Handle Wedges
632,3650,505812,Wedge Tools
632,499873,"Heating, Ventilation & Air Conditioning"
632,499873,1519,HVAC Controls
632,499873,1519,1897,Thermostats
632,499873,1519,2238,Control Panels
632,499873,1519,500043,Humidistats
632,499873,2766,Vents & Flues
632,499873,499874,Air Ducts
632,499873,500090,Air & Filter Dryers
632,499982,Small Engines
632,500096,Hardware Pumps
632,500096,500097,"Sprinkler, Booster & Irrigation System Pumps"
632,500096,500098,"Pool, Fountain & Pond Pumps"
632,500096,500099,Home Appliance Pumps
632,500096,500100,Well Pumps & Systems
632,500096,500101,Utility Pumps
632,500096,500102,"Sump, Sewage & Effluent Pumps"
632,502975,Fuel Containers & Tanks
632,503739,Building Consumables
632,503739,1753,Lubricants
632,503739,1995,Solder & Flux
632,503739,2212,Hardware Tape
632,503739,2277,Chemicals
632,503739,2277,1479,Chimney Cleaners
632,503739,2277,1735,Acid Neutralizers
632,503739,2277,1749,Drain Cleaners
632,503739,2277,6191,De-icers
632,503739,2277,6795,Ammonia
632,503739,2277,7470,Septic Tank & Cesspool Treatments
632,503739,2277,7503,Deck & Fence Cleaners
632,503739,2277,7504,Concrete & Masonry Cleaners
632,503739,2277,500088,Lighter Fluid
632,503739,2277,505319,Electrical Freeze Sprays
632,503739,503740,Painting Consumables
632,503739,503740,1361,Paint
632,503739,503740,1648,Stains
632,503739,503740,2058,Primers
632,503739,503740,2474,Paint Binders
632,503739,503740,503738,Varnishes & Finishes
632,503739,503741,"Solvents, Strippers & Thinners"
632,503739,503742,Hardware Glue & Adhesives
632,503739,503743,Masonry Consumables
632,503739,503743,2282,"Cement, Mortar & Concrete Mixes"
632,503739,503743,3031,Bricks & Concrete Blocks
632,503739,503743,499876,Grout
632,503739,503744,Protective Coatings & Sealants
632,503739,505305,Plumbing Primer
632,503739,505802,Wall Patching Compounds & Plaster
632,543575,Fuel
632,543575,543576,Kerosene
632,543575,543576,543578,Dyed Kerosene
632,543575,543576,543579,Clear Kerosene
632,543575,543577,Propane
632,543575,543703,Home Heating Oil
772,Mature
772,773,Erotic
772,773,774,Erotic Clothing
772,773,776,Erotic DVDs & Videos
772,773,778,Sex Toys
772,773,779,Erotic Books
772,773,4060,Erotic Magazines
772,773,5055,Erotic Food & Edibles
772,773,6040,Erotic Games
772,773,6536,Pole Dancing Kits
772,780,Weapons
772,780,726,Mace & Pepper Spray
772,780,727,Stun Guns & Tasers
772,780,782,Guns
772,780,2214,Gun Care & Accessories
772,780,2214,781,Ammunition
772,780,2214,1783,Gun Holsters
772,780,2214,1806,Gun Grips
772,780,2214,1822,Gun Rails
772,780,2214,5067,Gun Lights
772,780,2214,499853,Gun Slings
772,780,2214,500048,Gun Cases & Range Bags
772,780,2214,503021,Gun Cleaning
772,780,2214,503021,499854,Gun Cleaning Solvents
772,780,2214,503021,499855,Gun Cleaning Cloths & Swabs
772,780,2214,503021,499856,Gun Cleaning Patches
772,780,2214,503026,Reloading Supplies & Equipment
772,780,2214,503026,499857,Ammunition Reloading Presses
772,780,2214,505762,Ammunition Cases & Holders
772,780,3092,Nunchucks
772,780,3437,Whips
772,780,3666,Swords
772,780,3694,Throwing Stars
772,780,3833,Brass Knuckles
772,780,3924,Staff & Stick Weapons
772,780,6109,Combat Knives
772,780,7175,Spears
772,780,7567,Clubs & Batons
783,Media
783,784,Books
783,784,543541,Audiobooks
783,784,543542,E-books
783,784,543543,Print Books
783,839,DVDs & Videos
783,839,543527,Film & Television DVDs
783,839,543528,Film & Television VHS Tapes
783,839,543529,Film & Television Digital Downloads
783,855,Music & Sound Recordings
783,855,543522,Music CDs
783,855,543523,Records & LPs
783,855,543524,Music Cassette Tapes
783,855,543525,Spoken Word & Field Recordings
783,855,543526,Digital Music Downloads
783,886,Magazines & Newspapers
783,886,543539,Magazines
783,886,543540,Newspapers
783,887,Sheet Music
783,5037,Product Manuals
783,5037,5038,Electronics Manuals
783,5037,5039,Household Appliance Manuals
783,5037,5040,Kitchen Appliance Manuals
783,5037,5041,Vehicle Service Manuals
783,5037,5860,Model & Toys Manuals
783,5037,5861,Exercise & Fitness Equipment Manuals
783,5037,7516,Power Tool & Equipment Manuals
783,5037,499821,Camera & Optics Manuals
783,5037,499866,Office Supply Manuals
783,499995,Carpentry & Woodworking Project Plans
888,Vehicles & Parts
888,5613,Vehicle Parts & Accessories
888,5613,899,Motor Vehicle Parts
888,5613,899,908,Motor Vehicle Exhaust
888,5613,899,2534,Motor Vehicle Window Parts & Accessories
888,5613,899,2550,Motor Vehicle Engine Oil Circulation
888,5613,899,2641,Motor Vehicle Transmission & Drivetrain Parts
888,5613,899,2642,Motor Vehicle Mirrors
888,5613,899,2727,Motor Vehicle Fuel Systems
888,5613,899,2805,Motor Vehicle Climate Control
888,5613,899,2820,Motor Vehicle Engine Parts
888,5613,899,2935,Motor Vehicle Suspension Parts
888,5613,899,2977,Motor Vehicle Braking
888,5613,899,3020,Motor Vehicle Wheel Systems
888,5613,899,3020,911,Motor Vehicle Tires
888,5613,899,3020,911,6091,Motorcycle Tires
888,5613,899,3020,911,6093,Automotive Tires
888,5613,899,3020,911,7252,Off-Road and All-Terrain Vehicle Tires
888,5613,899,3020,2556,Motor Vehicle Wheel Parts
888,5613,899,3020,2932,Motor Vehicle Rims & Wheels
888,5613,899,3020,2932,6088,Motorcycle Rims & Wheels
888,5613,899,3020,2932,6090,Automotive Rims & Wheels
888,5613,899,3020,2932,7253,Off-Road and All-Terrain Vehicle Rims & Wheels
888,5613,899,3020,2989,Motor Vehicle Tire Accessories
888,5613,899,3318,Motor Vehicle Lighting
888,5613,899,8137,Motor Vehicle Engines
888,5613,899,8227,Motor Vehicle Frame & Body Parts
888,5613,899,8228,Motor Vehicle Towing
888,5613,899,8231,Motor Vehicle Power & Electrical Systems
888,5613,899,8232,Motor Vehicle Carpet & Upholstery
888,5613,899,8233,Motor Vehicle Interior Fittings
888,5613,899,8234,Motor Vehicle Sensors & Gauges
888,5613,899,8235,Motor Vehicle Controls
888,5613,899,8238,Motor Vehicle Seating
888,5613,913,"Vehicle Maintenance, Care & Decor"
888,5613,913,2495,Vehicle Decor
888,5613,913,2495,2248,Vehicle License Plates
888,5613,913,2495,2582,Vehicle Dashboard Accessories
888,5613,913,2495,2588,Vehicle Antenna Balls
888,5613,913,2495,2652,Vehicle Display Flags
888,5613,913,2495,2667,Bumper Stickers
888,5613,913,2495,2722,Vehicle Decals
888,5613,913,2495,2789,Vehicle Air Fresheners
888,5613,913,2495,5994,Vehicle License Plate Frames
888,5613,913,2495,5995,Vehicle Emblems & Hood Ornaments
888,5613,913,2495,7022,Vehicle License Plate Covers
888,5613,913,2495,7532,Vehicle Magnets
888,5613,913,2495,8142,Vehicle Shift Knobs
888,5613,913,2495,8145,Vehicle Hitch Covers
888,5613,913,2495,8202,Vehicle Wraps
888,5613,913,2495,8298,Vehicle License Plate Mounts & Holders
888,5613,913,2495,8463,Vehicle Shift Boots
888,5613,913,2495,8464,Vehicle Steering Wheel Covers
888,5613,913,2495,8469,Vehicle Decor Accessory Sets
888,5613,913,2495,8478,Vehicle Rear View Mirror Ornaments
888,5613,913,2788,Vehicle Fluids
888,5613,913,2788,2513,Vehicle Power Steering Fluid
888,5613,913,2788,2517,Vehicle Cooling System Additives
888,5613,913,2788,2635,Vehicle Antifreeze
888,5613,913,2788,2688,Vehicle Transmission Fluid
888,5613,913,2788,2719,Vehicle Fuel System Cleaners
888,5613,913,2788,2735,Vehicle Greases
888,5613,913,2788,2770,Vehicle Performance Additives
888,5613,913,2788,2881,Vehicle Engine Degreasers
888,5613,913,2788,2916,Vehicle Hydraulic Clutch Fluid
888,5613,913,2788,2943,Vehicle Windshield Fluid
888,5613,913,2788,3044,Vehicle Motor Oil
888,5613,913,2788,3051,Vehicle Brake Fluid
888,5613,913,2895,Vehicle Cleaning
888,5613,913,2895,2590,Car Wash Solutions
888,5613,913,2895,2643,"Vehicle Waxes, Polishes & Protectants"
888,5613,913,2895,2704,Vehicle Carpet & Upholstery Cleaners
888,5613,913,2895,2846,Vehicle Glass Cleaners
888,5613,913,2895,2894,Car Wash Brushes
888,5613,913,2895,499766,Vehicle Fuel Injection Cleaning Kits
888,5613,913,3436,Vehicle Covers
888,5613,913,3436,2494,Vehicle Hardtops
888,5613,913,3436,7031,Vehicle Soft Tops
888,5613,913,3436,8306,Golf Cart Enclosures
888,5613,913,3436,8308,Tonneau Covers
888,5613,913,3436,8309,Vehicle Storage Covers
888,5613,913,3436,8309,8310,Automotive Storage Covers
888,5613,913,3436,8309,8311,Recreational Vehicle Storage Covers
888,5613,913,3436,8309,8312,Watercraft Storage Covers
888,5613,913,3436,8309,8313,Motorcycle Storage Covers
888,5613,913,3436,8309,8314,Golf Cart Storage Covers
888,5613,913,3436,8316,Motor Vehicle Windshield Covers
888,5613,913,3812,Vehicle Paint
888,5613,913,3812,8144,Motor Vehicle Brake Caliper Paint
888,5613,913,3812,8450,Motor Vehicle Body Paint
888,5613,913,8236,Vehicle Repair & Specialty Tools
888,5613,913,8236,2647,Windshield Repair Kits
888,5613,913,8236,3326,Vehicle Jumper Cables
888,5613,913,8236,5068,Vehicle Jump Starters
888,5613,913,8236,6482,Vehicle Diagnostic Scanners
888,5613,913,8236,7414,Vehicle Battery Chargers
888,5613,913,8236,8259,Motor Vehicle Clutch Alignment & Removal Tools
888,5613,913,8236,8260,Motor Vehicle Brake Service Kits
888,5613,913,8236,8261,Vehicle Tire Repair & Tire Changing Tools
888,5613,913,8236,499774,Vehicle Body Filler
888,5613,913,8236,499929,Vehicle Battery Testers
888,5613,913,8534,Portable Fuel Cans
888,5613,3391,Watercraft Parts & Accessories
888,5613,3391,1122,Watercraft Care
888,5613,3391,1122,3866,Watercraft Cleaners
888,5613,3391,1122,3955,Watercraft Polishes
888,5613,3391,1125,Watercraft Engines & Motors
888,5613,3391,1132,Sailboat Parts
888,5613,3391,3315,Docking & Anchoring
888,5613,3391,3315,3189,Anchors
888,5613,3391,3315,3362,Anchor Lines & Ropes
888,5613,3391,3315,3452,Anchor Chains
888,5613,3391,3315,3480,Anchor Windlasses
888,5613,3391,3315,3572,Dock Cleats
888,5613,3391,3315,3655,Boat Hooks
888,5613,3391,3315,3718,Boat Ladders
888,5613,3391,3315,3899,Dock Steps
888,5613,3391,3400,Watercraft Fuel Systems
888,5613,3391,3400,3415,Watercraft Fuel Lines & Parts
888,5613,3391,3400,3648,Watercraft Fuel Tanks & Parts
888,5613,3391,3400,3892,Watercraft Fuel Pumps & Parts
888,5613,3391,3400,3968,Watercraft Fuel Meters
888,5613,3391,3606,Watercraft Engine Parts
888,5613,3391,3606,3097,Watercraft Impellers
888,5613,3391,3606,3143,Watercraft Alternators
888,5613,3391,3606,3277,Watercraft Pistons & Parts
888,5613,3391,3606,3321,Watercraft Engine Controls
888,5613,3391,3606,3463,Watercraft Carburetors & Parts
888,5613,3391,3606,3507,Watercraft Motor Locks
888,5613,3391,3606,3566,Watercraft Motor Mounts
888,5613,3391,3606,3743,Watercraft Ignition Parts
888,5613,3391,3606,3806,Watercraft Propellers
888,5613,3391,3619,Watercraft Exhaust Parts
888,5613,3391,3619,3232,Watercraft Manifolds
888,5613,3391,3619,3309,Watercraft Mufflers & Parts
888,5613,3391,3995,Watercraft Steering Parts
888,5613,3391,3995,3308,Watercraft Steering Cables
888,5613,3391,3995,3663,Watercraft Steering Wheels
888,5613,3391,6293,Watercraft Lighting
888,5613,3977,Aircraft Parts & Accessories
888,5613,8237,Vehicle Storage & Cargo
888,5613,8237,2290,Vehicle Organizers
888,5613,8237,3472,Motor Vehicle Carrying Racks
888,5613,8237,3472,2836,Vehicle Bicycle Racks
888,5613,8237,3472,4240,Vehicle Cargo Racks
888,5613,8237,3472,6041,Vehicle Base Rack Systems
888,5613,8237,3472,6042,Vehicle Water Sport Board Racks
888,5613,8237,3472,6043,Vehicle Ski & Snowboard Racks
888,5613,8237,3472,6044,Vehicle Motorcycle & Scooter Racks
888,5613,8237,3472,6046,Vehicle Fishing Rod Racks
888,5613,8237,3472,6047,Vehicle Boat Racks
888,5613,8237,3472,7115,Vehicle Gun Racks
888,5613,8237,4027,Motor Vehicle Trailers
888,5613,8237,4027,1133,Boat Trailers
888,5613,8237,4027,4037,Horse & Livestock Trailers
888,5613,8237,4027,4044,Utility & Cargo Trailers
888,5613,8237,4027,4243,Travel Trailers
888,5613,8237,5512,Motorcycle Bags & Panniers
888,5613,8237,6454,Motor Vehicle Carrying Rack Accessories
888,5613,8237,6454,7122,Vehicle Bicycle Rack Accessories
888,5613,8237,6454,8086,Vehicle Ski & Snowboard Rack Accessories
888,5613,8237,6744,Motor Vehicle Cargo Nets
888,5613,8237,8147,Motor Vehicle Loading Ramps
888,5613,8237,8378,Truck Bed Storage Boxes & Organizers
888,5613,8237,8475,Vehicle Headrest Hangers & Hooks
888,5613,8301,Vehicle Safety & Security
888,5613,8301,2768,Vehicle Alarms & Locks
888,5613,8301,2768,1802,Automotive Alarm Systems
888,5613,8301,2768,2699,Vehicle Remote Keyless Systems
888,5613,8301,2768,2750,Vehicle Steering Wheel Locks
888,5613,8301,2768,3024,Vehicle Immobilizers
888,5613,8301,2768,6083,Motorcycle Alarms & Locks
888,5613,8301,2768,6084,Automotive Alarm Accessories
888,5613,8301,2768,8302,Vehicle Door Locks & Parts
888,5613,8301,2768,8302,8303,Vehicle Door Locks & Locking Systems
888,5613,8301,2768,8302,8304,Vehicle Door Lock Knobs
888,5613,8301,2768,8302,8305,Vehicle Door Lock Actuators
888,5613,8301,2768,235921,Vehicle Hitch Locks
888,5613,8301,2768,500077,Vehicle Wheel Clamps
888,5613,8301,2879,Vehicle Safety Equipment
888,5613,8301,2879,6966,Vehicle Warning Whips
888,5613,8301,2879,8445,Emergency Road Flares
888,5613,8301,2879,8446,Motor Vehicle Roll Cages & Bars
888,5613,8301,2879,8447,Car Window Nets
888,5613,8301,2879,8448,Motor Vehicle Airbag Parts
888,5613,8301,2879,8449,Vehicle Seat Belts
888,5613,8301,2879,8476,Vehicle Seat Belt Straps
888,5613,8301,2879,8477,Vehicle Seat Belt Buckles
888,5613,8301,2879,8506,Vehicle Wheel Chocks
888,5613,8301,2879,326120,Vehicle Seat Belt Covers
888,5613,8301,5547,Motorcycle Protective Gear
888,5613,8301,5547,2110,Motorcycle Helmets
888,5613,8301,5547,5106,Motorcycle Goggles
888,5613,8301,5547,5908,Motorcycle Gloves
888,5613,8301,5547,5959,Motorcycle Chest & Back Protectors
888,5613,8301,5547,5960,Motorcycle Kidney Belts
888,5613,8301,5547,5961,Motorcycle Neck Braces
888,5613,8301,5547,5962,Motorcycle Knee & Shin Guards
888,5613,8301,5547,5963,Motorcycle Elbow & Wrist Guards
888,5613,8301,5547,6493,Motorcycle Helmet Parts & Accessories
888,5613,8301,5547,8507,Motorcycle Hand Guards
888,5613,8301,362737,Off-Road & All-Terrain Vehicle Protective Gear
888,5613,8301,362737,362738,ATV & UTV Bar Pads
888,5613,8526,Motor Vehicle Electronics
888,5613,8526,891,Motor Vehicle Amplifiers
888,5613,8526,894,Motor Vehicle Equalizers & Crossovers
888,5613,8526,895,Motor Vehicle Speakers
888,5613,8526,2833,Motor Vehicle Subwoofers
888,5613,8526,5438,Motor Vehicle Cassette Players
888,5613,8526,5525,Motor Vehicle Cassette Adapters
888,5613,8526,5572,Motor Vehicle Speakerphones
888,5613,8526,6968,Motor Vehicle Parking Cameras
888,5613,8526,8483,Motor Vehicle Video Monitor Mounts
888,5613,8526,505766,Motor Vehicle A/V Players & In-Dash Systems
888,5614,Vehicles
888,5614,1267,Motor Vehicles
888,5614,1267,916,"Cars, Trucks & Vans"
888,5614,1267,919,Motorcycles & Scooters
888,5614,1267,920,Recreational Vehicles
888,5614,1267,3549,Snowmobiles
888,5614,1267,3931,Golf Carts
888,5614,1267,503031,Off-Road and All-Terrain Vehicles
888,5614,1267,503031,2528,Go Karts & Dune Buggies
888,5614,1267,503031,3018,ATVs & UTVs
888,5614,3395,Aircraft
888,5614,3540,Watercraft
888,5614,3540,1130,Personal Watercraft
888,5614,3540,3087,Sailboats
888,5614,3540,3095,Motor Boats
888,5614,3540,5644,Yachts
922,Office Supplies
922,923,Filing & Organization
922,923,925,File Boxes
922,923,926,CD/DVD Cases & Organizers
922,923,927,"Calendars, Organizers & Planners"
922,923,928,Cash Boxes
922,923,930,File Folders
922,923,939,Desk Organizers
922,923,3062,Pen & Pencil Cases
922,923,4312,Binding Supplies
922,923,4312,4086,Binder Accessories
922,923,4312,4086,2139,Sheet Protectors
922,923,4312,4086,4183,Index Dividers
922,923,4312,4086,4212,Binder Rings
922,923,4312,4182,Binding Combs & Spines
922,923,4312,4303,Binders
922,923,4312,7080,Binding Machines
922,923,5070,Greeting Card Organizers
922,923,5531,Card Files
922,923,5997,Address Books
922,923,6171,Business Card Stands
922,923,6177,Card Sleeves
922,923,6190,Business Card Books
922,923,6779,Recipe Card Boxes
922,923,6884,Folders & Report Covers
922,923,6884,543662,Report Covers
922,923,6884,543663,Pocket Folders
922,923,6885,Portfolios & Padfolios
922,923,6885,543640,Portfolios
922,923,6885,543641,Padfolios
922,923,6962,Mail Sorters
922,932,General Office Supplies
922,932,934,Office Tape
922,932,936,Paper Clips & Clamps
922,932,936,543675,Paper Clips
922,932,936,543676,Binder Clips
922,932,938,Erasers
922,932,944,Rubber Bands
922,932,948,Staples
922,932,949,Tacks & Pushpins
922,932,956,Paper Products
922,932,956,957,Business Cards
922,932,956,958,Envelopes
922,932,956,959,Index Cards
922,932,956,961,Notebooks & Notepads
922,932,956,962,Printer & Copier Paper
922,932,956,1513,Cover Paper
922,932,956,2658,Binder Paper
922,932,956,2689,Sticky Notes
922,932,956,3457,Stationery
922,932,956,3871,Post Cards
922,932,956,5264,Blank ID Cards
922,932,956,5918,Business Forms & Receipts
922,932,956,5919,Receipt & Adding Machine Paper Rolls
922,932,956,6930,Checks
922,932,960,Labels & Tags
922,932,960,4117,Shipping Tags
922,932,960,4137,Label Clips
922,932,960,4154,Folder Tabs
922,932,960,4200,Shipping Labels
922,932,960,4377,Address Labels
922,932,960,5502,Label Tapes & Refill Rolls
922,932,2591,"Correction Fluids, Pens & Tapes"
922,932,2591,543618,Correction Fluids
922,932,2591,543619,Correction Tapes
922,932,2591,543620,Correction Pens
922,932,6319,Brass Fasteners
922,932,8015,"Laminating Film, Pouches & Sheets"
922,932,505805,Mounting Putty
922,950,Office Equipment
922,950,333,Calculators
922,950,333,543517,Graphing Calculators
922,950,333,543518,Basic Calculators
922,950,333,543519,Financial Calculators
922,950,333,543520,Scientific Calculators
922,950,333,543521,Construction Calculators
922,950,337,Electronic Dictionaries & Translators
922,950,952,Label Makers
922,950,953,Office Shredders
922,950,954,Transcribers & Dictation Systems
922,950,955,Typewriters
922,950,1625,Laminators
922,950,1708,Postage Meters
922,950,6404,Time & Attendance Clocks
922,950,499864,Calculator Accessories
922,964,Presentation Supplies
922,964,963,Transparencies
922,964,965,Chalkboards
922,964,966,Display Boards
922,964,966,1627,Mounting Boards
922,964,966,2263,Foam Boards
922,964,966,2401,Bulletin Boards
922,964,966,2674,Poster Boards
922,964,966,7525,Bulletin Board Accessories
922,964,966,7525,7526,Bulletin Board Trim
922,964,966,7525,543688,Bulletin Board Trim Sets
922,964,967,Easel Pads
922,964,968,Easels
922,964,969,Laser Pointers
922,964,970,Lecterns
922,964,971,Dry-Erase Boards
922,964,4465,Wireless Presenters
922,964,4492,Document Cameras
922,2014,Paper Handling
922,2014,1803,Paperweights
922,2014,1836,Paper Joggers
922,2014,2207,Paper Folding Machines
922,2014,6178,Pencil Boards
922,2014,6467,Hole Punches
922,2014,6486,Fingertip Grips
922,2435,Name Plates
922,2636,Shipping Supplies
922,2636,973,Moving & Shipping Boxes
922,2636,974,Packing Materials
922,2636,975,Packing Tape
922,2986,Office Instruments
922,2986,935,Clipboards
922,2986,941,Magnifiers
922,2986,943,Pencil Sharpeners
922,2986,947,Staplers
922,2986,977,Writing & Drawing Instruments
922,2986,977,978,Chalk
922,2986,977,979,Crayons
922,2986,977,980,Markers & Highlighters
922,2986,977,980,543608,Markers
922,2986,977,980,543609,Highlighters
922,2986,977,2623,Art Charcoals
922,2986,977,4752,Pastels
922,2986,977,6065,Pens & Pencils
922,2986,977,6065,982,Pens
922,2986,977,6065,6066,Pen & Pencil Sets
922,2986,977,6065,6068,Pencils
922,2986,977,6065,6068,981,Writing Pencils
922,2986,977,6065,6068,981,543660,Mechanical Pencils
922,2986,977,6065,6068,981,543661,Wooden Pencils
922,2986,977,6065,6068,3026,Art Pencils
922,2986,977,6067,Multifunction Writing Instruments
922,2986,2883,Call Bells
922,2986,4341,Office Rubber Stamps
922,2986,4470,Writing & Drawing Instrument Accessories
922,2986,4470,4471,Pen Ink & Refills
922,2986,4470,4472,Pencil Lead & Refills
922,2986,4470,7117,Marker & Highlighter Ink Refills
922,2986,4470,7117,543666,Marker Refills
922,2986,4470,7117,543667,Highlighter Refills
922,2986,4499,Staple Removers
922,2986,503746,Tape Dispensers
922,2986,505830,Letter Openers
922,5829,Impulse Sealers
922,6174,Book Accessories
922,6174,93,Bookmarks
922,6174,4941,Book Lights
922,6174,6175,Book Stands & Rests
922,6174,6176,Book Covers
922,6373,Office Carts
922,6373,1996,AV Carts
922,6373,6179,Utility Carts
922,6373,6180,File Carts
922,6373,6181,Mail Carts
922,6373,6182,Book Carts
922,6519,Office & Chair Mats
922,6519,6462,Anti-Fatigue Mats
922,6519,6520,Office Mats
922,6519,6521,Chair Mats
922,8078,Desk Pads & Blotters
922,8499,Lap Desks
988,Sporting Goods
988,990,Exercise & Fitness
988,990,993,Exercise Balls
988,990,999,Yoga & Pilates
988,990,999,3640,Yoga & Pilates Mats
988,990,999,3810,Pilates Machines
988,990,999,5107,Yoga Mat Bags & Straps
988,990,999,6743,Yoga & Pilates Towels
988,990,999,6750,Yoga & Pilates Blocks
988,990,3938,Medicine Balls
988,990,4669,Exercise Equipment Mats
988,990,5319,Foam Rollers
988,990,5693,Stopwatches
988,990,5869,Exercise Bands
988,990,6103,Weighted Clothing
988,990,6337,Foam Roller Accessories
988,990,6337,6338,Foam Roller Storage Bags
988,990,6867,Hand Exercisers
988,990,7174,Reaction Balls
988,990,8062,Speed & Resistance Parachutes
988,990,8066,Vibration Exercise Machines
988,990,8215,Push Up & Pull Up Bars
988,990,8471,Exercise Wedges
988,990,237166,Aerobic Steps
988,990,355576,Inversion Tables & Systems
988,990,499792,Cardio
988,990,499792,2614,Jump Ropes
988,990,499792,4589,Cardio Machines
988,990,499792,4589,992,Elliptical Trainers
988,990,499792,4589,994,Exercise Bikes
988,990,499792,4589,995,Rowing Machines
988,990,499792,4589,996,Stair Climbers & Steppers
988,990,499792,4589,996,543610,Stair Climbers
988,990,499792,4589,996,543611,Stair Steppers
988,990,499792,4589,997,Treadmills
988,990,499792,4598,Cardio Machine Accessories
988,990,499792,4598,499699,Treadmill Accessories
988,990,499792,4598,499700,Stair Climber & Stepper Accessories
988,990,499792,4598,499701,Rowing Machine Accessories
988,990,499792,4598,499702,Exercise Bike Accessories
988,990,499792,4598,499703,Elliptical Trainer Accessories
988,990,499793,Weight Lifting
988,990,499793,3164,Free Weights
988,990,499793,3217,Weight Lifting Machine & Exercise Bench Accessories
988,990,499793,3542,Weight Lifting Machines & Racks
988,990,499793,3654,Weight Lifting Belts
988,990,499793,3858,Weight Lifting Gloves & Hand Supports
988,990,499793,6452,Free Weight Accessories
988,990,499793,6452,3271,Weight Bars
988,990,499793,6452,8083,Free Weight Storage Racks
988,990,499793,6452,499794,Weight Bar Collars
988,990,499795,Exercise Benches
988,990,499796,Balance Trainers
988,990,499797,Ab Wheels & Rollers
988,990,499798,Suspension Trainers
988,990,499912,Power Towers
988,990,499978,Exercise Machine & Equipment Sets
988,990,505302,Sport Safety Lights & Reflectors
988,1001,Indoor Games
988,1001,1002,Air Hockey
988,1001,1002,3245,Air Hockey Tables
988,1001,1002,3548,Air Hockey Table Parts
988,1001,1002,505330,Air Hockey Equipment
988,1001,1003,Billiards
988,1001,1003,3059,Billiard Ball Racks
988,1001,1003,3135,Billiard Balls
988,1001,1003,3139,Billiard Tables
988,1001,1003,3183,Billiard Table Parts & Accessories
988,1001,1003,3183,3547,Billiard Table Cloth
988,1001,1003,3183,3574,Billiard Pockets
988,1001,1003,3183,3754,Billiard Table Brushes
988,1001,1003,3183,8065,Billiard Table Covers
988,1001,1003,3222,Billiard Cue Accessories
988,1001,1003,3222,3720,Billiard Cue Racks
988,1001,1003,3222,499993,Billiard Cue Cases
988,1001,1003,3222,499994,Billiard Cue Chalk
988,1001,1003,3469,Billiard Table Lights
988,1001,1003,3755,Billiard Gloves
988,1001,1003,3910,Billiard Cues & Bridges
988,1001,1004,Bowling
988,1001,1004,3219,Bowling Balls
988,1001,1004,3260,Bowling Wrist Supports
988,1001,1004,3535,Bowling Gloves
988,1001,1004,3669,Bowling Pins
988,1001,1004,3698,Bowling Ball Bags
988,1001,1005,Throwing Darts
988,1001,1005,3327,Dart Parts
988,1001,1005,3327,3109,Dart Shafts
988,1001,1005,3327,3250,Dart Tips
988,1001,1005,3327,3766,Dart Flights
988,1001,1005,3559,Dartboards
988,1001,1005,3839,Darts
988,1001,1005,3957,Dart Backboards
988,1001,1007,Foosball
988,1001,1007,3524,Foosball Table Parts & Accessories
988,1001,1007,3641,Foosball Balls
988,1001,1007,3847,Foosball Tables
988,1001,1008,Ping Pong
988,1001,1008,3132,Ping Pong Robot Accessories
988,1001,1008,3345,Ping Pong Tables
988,1001,1008,3375,Ping Pong Paddles & Sets
988,1001,1008,3546,Ping Pong Robots
988,1001,1008,3788,Ping Pong Nets & Posts
988,1001,1008,3900,Ping Pong Paddle Accessories
988,1001,1008,3964,Ping Pong Balls
988,1001,1009,Table Shuffleboard
988,1001,1009,3148,Shuffleboard Tables
988,1001,1009,3996,Table Shuffleboard Powder
988,1001,1009,4021,Table Shuffleboard Pucks
988,1001,7010,Multi-Game Tables
988,1011,Outdoor Recreation
988,1011,1013,Camping & Hiking
988,1011,1013,1014,Camp Furniture
988,1011,1013,1014,3089,Cots
988,1011,1013,1014,3695,Air Mattresses
988,1011,1013,1014,4451,Air Mattress & Sleeping Pad Accessories
988,1011,1013,1016,Camping Cookware & Dinnerware
988,1011,1013,1019,Camping Lights & Lanterns
988,1011,1013,1020,Sleeping Bags
988,1011,1013,1021,Sleeping Pads
988,1011,1013,1022,Tents
988,1011,1013,1023,Portable Water Filters & Purifiers
988,1011,1013,3508,Chemical Hand Warmers
988,1011,1013,3538,Mosquito Nets & Insect Screens
988,1011,1013,3738,Hiking Poles
988,1011,1013,3937,Camping Tools
988,1011,1013,3937,3495,Hunting & Survival Knives
988,1011,1013,3937,4095,Multifunction Tools & Knives
988,1011,1013,4785,Navigational Compasses
988,1011,1013,5636,Compression Sacks
988,1011,1013,5655,Tent Accessories
988,1011,1013,5655,5656,Tent Footprints
988,1011,1013,5655,5657,Tent Vestibules
988,1011,1013,5655,5658,Tent Poles & Stakes
988,1011,1013,5655,499680,Inner Tents
988,1011,1013,5881,Sleeping Bag Liners
988,1011,1013,7154,Hiking Pole Accessories
988,1011,1013,8079,Windbreaks
988,1011,1013,502993,Portable Toilets & Showers
988,1011,1013,502993,502994,Portable Showers & Privacy Enclosures
988,1011,1013,502993,503009,Portable Toilets & Urination Devices
988,1011,1025,Cycling
988,1011,1025,1026,Bicycles
988,1011,1025,1030,Unicycles
988,1011,1025,3070,Unicycle Accessories
988,1011,1025,3214,Bicycle Accessories
988,1011,1025,3214,1027,Bicycle Locks
988,1011,1025,3214,1028,Bicycle Front & Rear Racks
988,1011,1025,3214,3243,Bicycle Computers
988,1011,1025,3214,3341,Bicycle Baskets
988,1011,1025,3214,3368,Bicycle Mirrors
988,1011,1025,3214,3428,Bicycle Stands & Storage
988,1011,1025,3214,3558,Bicycle Transport Bags & Cases
988,1011,1025,3214,3631,Bicycle Training Wheels
988,1011,1025,3214,3719,Bicycle Fenders
988,1011,1025,3214,3778,Bicycle Bags & Panniers
988,1011,1025,3214,3811,Bicycle Trailers
988,1011,1025,3214,3827,Bicycle Pumps
988,1011,1025,3214,3868,Bicycle Trainers
988,1011,1025,3214,3879,Bicycle Bells & Horns
988,1011,1025,3214,4145,Bicycle Cages
988,1011,1025,3214,5540,Bicycle Computer Accessories
988,1011,1025,3214,5842,Bicycle Child Seats
988,1011,1025,3214,6048,Bicycle Water Sport Board Racks
988,1011,1025,3214,6442,Bicycle Covers
988,1011,1025,3214,6445,Bicycle Saddle Pads & Seat Covers
988,1011,1025,3214,6506,Bicycle Shock Pumps
988,1011,1025,3214,7223,Bicycle Toe Straps & Clips
988,1011,1025,3214,7448,Bicycle Spoke Beads
988,1011,1025,3214,499694,Bicycle Tire Repair Supplies & Kits
988,1011,1025,3214,500067,Bicycle Child Seat Accessories
988,1011,1025,3214,500092,Bicycle Handlebar Grips & Decor
988,1011,1025,3214,500109,Electric Bicycle Conversion Kits
988,1011,1025,3214,505668,Bicycle Tools
988,1011,1025,3531,Tricycles
988,1011,1025,3618,Bicycle Parts
988,1011,1025,3618,3216,Bicycle Wheels
988,1011,1025,3618,3292,Bicycle Saddles
988,1011,1025,3618,3639,Bicycle Frames
988,1011,1025,3618,3740,Bicycle Brake Parts
988,1011,1025,3618,3740,4574,Bicycle Brake Calipers
988,1011,1025,3618,3740,4575,Bicycle Brake Levers
988,1011,1025,3618,3740,4576,Bicycle Brake Rotors
988,1011,1025,3618,3740,4577,Bicycle Brake Sets
988,1011,1025,3618,4194,Bicycle Seatposts
988,1011,1025,3618,4571,Bicycle Tires
988,1011,1025,3618,4572,Bicycle Tubes
988,1011,1025,3618,4582,Bicycle Handlebars
988,1011,1025,3618,4583,Bicycle Stems
988,1011,1025,3618,4585,Bicycle Drivetrain Parts
988,1011,1025,3618,4585,4586,Bicycle Cassettes & Freewheels
988,1011,1025,3618,4585,4587,Bicycle Chains
988,1011,1025,3618,4585,4588,Bicycle Derailleurs
988,1011,1025,3618,4585,4590,Bicycle Bottom Brackets
988,1011,1025,3618,4585,4591,Bicycle Chainrings
988,1011,1025,3618,4585,4592,Bicycle Cranks
988,1011,1025,3618,4585,4593,Bicycle Pedals
988,1011,1025,3618,4585,4594,Bicycle Shifters
988,1011,1025,3618,4595,Bicycle Seatpost Clamps
988,1011,1025,3618,4596,Bicycle Small Parts
988,1011,1025,3618,4597,Bicycle Wheel Parts
988,1011,1025,3618,4597,4599,Bicycle Hubs
988,1011,1025,3618,4597,4600,Bicycle Spokes
988,1011,1025,3618,4597,4601,Bicycle Wheel Nipples
988,1011,1025,3618,4597,4602,Bicycle Wheel Rims
988,1011,1025,3618,4597,7538,Bicycle Foot Pegs
988,1011,1025,3618,4597,8528,Bicycle Wheel Axles & Skewers
988,1011,1025,3618,4597,499875,Bicycle Rim Strips
988,1011,1025,3618,4597,500053,Bicycle Hub Parts
988,1011,1025,3618,4603,Bicycle Forks
988,1011,1025,3618,6960,Bicycle Handlebar Extensions
988,1011,1025,3618,7477,Bicycle Headsets
988,1011,1025,3618,7478,Bicycle Headset Parts
988,1011,1025,3618,7478,7479,Bicycle Headset Spacers
988,1011,1025,3618,7478,7480,Bicycle Headset Bearings
988,1011,1025,3618,8239,Bicycle Kickstands
988,1011,1025,3618,499684,Bicycle Cable Housings
988,1011,1025,3618,499685,Bicycle Cables
988,1011,1025,3618,499868,Bicycle Groupsets
988,1011,1025,3618,499869,Bicycle Tire Valve Caps
988,1011,1025,3618,499870,Bicycle Tire Valves
988,1011,1025,3618,499871,Bicycle Tire Valve Adapters
988,1011,1025,3634,Tricycle Accessories
988,1011,1025,3982,Cycling Apparel & Accessories
988,1011,1025,3982,1029,Bicycle Helmets
988,1011,1025,3982,3118,Bicycle Cleats
988,1011,1025,3982,3246,Bicycle Gloves
988,1011,1025,3982,3272,Bicycle Shoe Covers
988,1011,1025,3982,7474,Bicycle Cleat Accessories
988,1011,1025,3982,7474,7453,Bicycle Cleat Covers
988,1011,1025,3982,7474,7475,Bicycle Cleat Shims & Wedges
988,1011,1025,3982,7474,7476,Bicycle Cleat Bolts
988,1011,1025,3982,8061,Bicycle Protective Pads
988,1011,1025,3982,500028,Bicycle Helmet Parts & Accessories
988,1011,1031,Equestrian
988,1011,1031,3257,Horse Care
988,1011,1031,3257,5025,Horse Grooming
988,1011,1031,3257,5025,6386,Horse Clippers & Trimmers
988,1011,1031,3257,5025,499818,"Horse Grooming Combs, Brushes & Mitts"
988,1011,1031,3257,5569,Horse Boots & Leg Wraps
988,1011,1031,3257,6898,Horse Blankets & Sheets
988,1011,1031,3257,7459,Horse Vitamins & Supplements
988,1011,1031,3257,7481,Horse Treats
988,1011,1031,3257,7482,Horse Feed
988,1011,1031,3257,499817,Horse Fly Masks
988,1011,1031,3257,499819,Horse Wormers
988,1011,1031,5593,Horse Tack
988,1011,1031,5593,1491,Cinches
988,1011,1031,5593,1754,Reins
988,1011,1031,5593,2210,Saddles
988,1011,1031,5593,2756,Horse Harnesses
988,1011,1031,5593,3426,Bridles
988,1011,1031,5593,4018,Bridle Bits
988,1011,1031,5593,8109,Stirrups
988,1011,1031,5593,499709,Horse Leads
988,1011,1031,5593,499710,Horse Halters
988,1011,1031,5594,Riding Apparel & Accessories
988,1011,1031,5594,3084,Equestrian Gloves
988,1011,1031,5594,3265,Riding Crops & Whips
988,1011,1031,5594,3821,Equestrian Helmets
988,1011,1031,5594,6914,Riding Pants
988,1011,1031,7215,Horse Tack Accessories
988,1011,1031,7215,8107,Saddle Accessories
988,1011,1031,7215,8107,7216,Saddle Racks
988,1011,1031,7215,8107,8108,Saddle Pads & Blankets
988,1011,1031,7215,8107,326122,Saddle Bags & Panniers
988,1011,1031,7215,8107,499959,Saddle Covers & Cases
988,1011,1031,7215,499820,Horse Tack Boxes
988,1011,1043,Golf
988,1011,1043,1044,Golf Bags
988,1011,1043,1045,Golf Balls
988,1011,1043,1046,Golf Clubs
988,1011,1043,3106,Golf Tees
988,1011,1043,3578,Golf Flags
988,1011,1043,3642,Golf Club Parts & Accessories
988,1011,1043,3642,4043,Golf Club Headcovers
988,1011,1043,3642,4254,Golf Club Grips
988,1011,1043,3642,499780,Golf Club Shafts
988,1011,1043,3772,Golf Training Aids
988,1011,1043,4466,Golf Gloves
988,1011,1043,4467,Golf Towels
988,1011,1043,4605,Golf Bag Accessories
988,1011,1043,4605,4525,Golf Bag Covers & Cases
988,1011,1043,4605,4537,Golf Bag Carts
988,1011,1043,6864,Golf Ball Markers
988,1011,1043,7314,Golf Accessory Sets
988,1011,1043,8044,Divot Tools
988,1011,3276,Skateboarding
988,1011,3276,1059,Skateboards
988,1011,3276,3067,Skateboarding Protective Gear
988,1011,3276,3067,3488,Skateboarding Pads
988,1011,3276,3067,7789,Skateboarding Gloves
988,1011,3276,3067,499776,Skate Helmets
988,1011,3276,3127,Skate Rails
988,1011,3276,3626,Skate Ramps
988,1011,3276,3670,Skateboard Parts
988,1011,3276,3670,3192,Skateboard Trucks
988,1011,3276,3670,3637,Skateboard Wheels
988,1011,3276,3670,3869,Skateboard Decks
988,1011,3276,3670,505817,Skateboard Small Parts
988,1011,3334,Fishing
988,1011,3334,1037,Fishing Lines & Leaders
988,1011,3334,1041,Tackle Bags & Boxes
988,1011,3334,3096,Live Bait
988,1011,3334,3614,Fishing Nets
988,1011,3334,4926,Fishing Reels
988,1011,3334,4927,Fishing Rods
988,1011,3334,5406,Fishing & Hunting Waders
988,1011,3334,6495,Fishing Bait & Chum Containers
988,1011,3334,7217,Fly Tying Materials
988,1011,3334,7217,6440,Fishing Yarn
988,1011,3334,7217,7125,Fishing Beads
988,1011,3334,7221,Fishing Traps
988,1011,3334,7342,Fishing Gaffs
988,1011,3334,7343,Fishing Spears
988,1011,3334,7344,Fishing Hook Removal Tools
988,1011,3334,8064,Bite Alarms
988,1011,3334,8092,Fishing Reel Accessories
988,1011,3334,8092,8094,Fishing Reel Lubricants
988,1011,3334,8092,8208,Fishing Reel Replacement Spools
988,1011,3334,8092,8273,Fishing Reel Bags & Cases
988,1011,3334,8093,Fishing Rod Accessories
988,1011,3334,8093,8272,Fishing Rod Bags & Cases
988,1011,3334,8093,499942,Fishing Rod Holders & Storage Racks
988,1011,3334,499823,Fishing Tackle
988,1011,3334,499823,3359,Fishing Hooks
988,1011,3334,499823,3603,Fishing Baits & Lures
988,1011,3334,499823,3651,Fishing Sinkers
988,1011,3334,499823,3859,Fishing Floats
988,1011,3334,499823,7222,Fishing Snaps & Swivels
988,1011,3789,Hang Gliding & Skydiving
988,1011,3789,4023,Parachutes
988,1011,3789,4327,Hang Gliders
988,1011,3789,5877,Air Suits
988,1011,5635,Hydration Systems
988,1011,5879,Riding Scooters
988,1011,5998,Hydration System Accessories
988,1011,7059,Climbing
988,1011,7059,3201,Climbing Rope Bags
988,1011,7059,3211,Climbing Chalk Bags
988,1011,7059,3218,Climbing Harnesses
988,1011,7059,3266,Climbing Protection Devices
988,1011,7059,3322,Climbing Crash Pads
988,1011,7059,3363,Belay Devices
988,1011,7059,3369,Climbing Webbing
988,1011,7059,3454,Climbing Ascenders & Descenders
988,1011,7059,3518,Indoor Climbing Holds
988,1011,7059,3746,Carabiners
988,1011,7059,3825,Climbing Rope
988,1011,7059,3849,Quickdraws
988,1011,7059,7060,Ice Climbing Tools
988,1011,7059,7061,Ice Screws
988,1011,7059,499815,Climbing Apparel & Accessories
988,1011,7059,499815,3314,Climbing Helmets
988,1011,7059,499815,5394,Crampons
988,1011,7059,499815,499816,Climbing Gloves
988,1011,7375,Kite Buggying
988,1011,7375,7376,Kite Buggies
988,1011,7375,7377,Kite Buggy Accessories
988,1011,499761,Inline & Roller Skating
988,1011,499761,1058,Inline Skates
988,1011,499761,2837,Roller Skates
988,1011,499761,499759,Inline Skate Parts
988,1011,499761,499760,Roller Skate Parts
988,1011,499761,499771,Inline & Roller Skating Protective Gear
988,1011,499761,499771,499775,Roller Skating Pads
988,1011,499761,500029,Roller Skis
988,1011,499811,Boating & Water Sports
988,1011,499811,1120,Boating & Rafting
988,1011,499811,1120,1124,Canoes
988,1011,499811,1120,1127,Kayaks
988,1011,499811,1120,1129,Paddles & Oars
988,1011,499811,1120,3406,Row Boats
988,1011,499811,1120,3476,Whitewater Rafts
988,1011,499811,1120,6097,Pedal Boats
988,1011,499811,1120,6312,Kayak Accessories
988,1011,499811,1120,6314,Canoe Accessories
988,1011,499811,1120,7449,Boating Gloves
988,1011,499811,1120,499964,Paddle Leashes
988,1011,499811,1135,Diving & Snorkeling
988,1011,499811,1135,1136,Buoyancy Compensators
988,1011,499811,1135,1137,Dive Computers
988,1011,499811,1135,1139,Diving & Snorkeling Fins
988,1011,499811,1135,1140,Diving & Snorkeling Masks
988,1011,499811,1135,1141,Diving Regulators
988,1011,499811,1135,1142,Snorkels
988,1011,499811,1135,5312,Diving Knives & Shears
988,1011,499811,1135,6514,Diving Belts
988,1011,499811,1135,499867,Diving & Snorkeling Equipment Sets
988,1011,499811,1143,Surfing
988,1011,499811,1143,3320,Surfboards
988,1011,499811,1143,3525,Surfboard Fins
988,1011,499811,1143,3579,Surfboard Cases & Bags
988,1011,499811,1143,3649,Surf Leashes
988,1011,499811,1143,3762,Surfing Tail Pads
988,1011,499811,1143,3801,Surfboard Wax
988,1011,499811,1143,6286,Skimboards
988,1011,499811,1143,6287,Bodyboards
988,1011,499811,1143,6288,Paddleboards
988,1011,499811,1143,7451,Surfing Gloves
988,1011,499811,1144,Swimming
988,1011,499811,1144,2966,Kickboards
988,1011,499811,1144,3304,Swim Gloves
988,1011,499811,1144,3360,Swim Goggles & Masks
988,1011,499811,1144,3595,Pull Buoys
988,1011,499811,1144,3596,Swimming Machines
988,1011,499811,1144,3807,Swim Caps
988,1011,499811,1144,6330,Swim Goggle & Mask Accessories
988,1011,499811,1144,6473,Hand Paddles
988,1011,499811,1144,6511,Swimming Fins
988,1011,499811,1144,6511,2512,Training Fins
988,1011,499811,1144,6511,6512,Monofins
988,1011,499811,1144,6513,Swim Belts
988,1011,499811,1144,6515,Swimming Nose Clips
988,1011,499811,1144,6550,Swim Weights
988,1011,499811,1144,7104,Child Swimming Aids
988,1011,499811,1148,Windsurfing
988,1011,499811,1148,3413,Windsurfing Sails
988,1011,499811,1148,3624,Windsurfing Board Parts
988,1011,499811,1148,3624,3285,Windsurfing Board Masts
988,1011,499811,1148,3624,3908,Windsurfing Board Fins
988,1011,499811,1148,3894,Windsurfing Boards
988,1011,499811,3195,Towed Water Sports
988,1011,499811,3195,1146,Water Skiing
988,1011,499811,3195,1146,3289,Sit-Down Hydrofoils
988,1011,499811,3195,1146,3350,Water Skis
988,1011,499811,3195,1146,6296,Water Ski Cases & Bags
988,1011,499811,3195,1146,6302,Water Ski Bindings
988,1011,499811,3195,3282,Wakeboarding
988,1011,499811,3195,3282,3353,Wakeboards
988,1011,499811,3195,3282,505291,Wakeboard Parts
988,1011,499811,3195,3282,505317,Kiteboard & Wakeboard Bindings
988,1011,499811,3195,3370,Kneeboarding
988,1011,499811,3195,3370,3101,Kneeboards
988,1011,499811,3195,3636,Water Sport Tow Cables
988,1011,499811,3195,6301,Towable Rafts & Tubes
988,1011,499811,3195,7452,Towed Water Sport Gloves
988,1011,499811,5579,Kitesurfing
988,1011,499811,5579,5580,Kiteboards
988,1011,499811,5579,5581,Kiteboard Parts
988,1011,499811,5579,5582,Kitesurfing Kites
988,1011,499811,5579,5583,Kitesurfing & Windsurfing Harnesses
988,1011,499811,5579,5584,Kiteboard Cases
988,1011,499811,7178,Watercraft Storage Racks
988,1011,499811,7178,8172,Boat Storage Racks
988,1011,499811,7178,8173,Water Sport Board Storage Racks
988,1011,499811,499813,Boating & Water Sport Apparel
988,1011,499811,499813,1128,Life Jackets
988,1011,499811,499813,1138,Drysuits
988,1011,499811,499813,1147,Wetsuits
988,1011,499811,499813,3376,Rash Guards & Swim Shirts
988,1011,499811,499813,6496,Life Jacket Accessories
988,1011,499811,499813,499687,Water Sport Helmets
988,1011,499811,499813,499814,Wetsuit Pieces
988,1011,499811,499813,499814,5399,"Wetsuit Hoods, Gloves & Boots"
988,1011,499811,499813,499814,5400,Wetsuit Bottoms
988,1011,499811,499813,499814,5401,Wetsuit Tops
988,1011,499824,Hunting & Shooting
988,1011,499824,1033,Archery
988,1011,499824,1033,3291,Arrow Parts & Accessories
988,1011,499824,1033,3291,499830,Broadheads & Field Points
988,1011,499824,1033,3291,499831,Arrow Fletchings
988,1011,499824,1033,3291,499832,Arrow Nocks
988,1011,499824,1033,3533,Arrows & Bolts
988,1011,499824,1033,3757,Quivers
988,1011,499824,1033,3773,Archery Armguards
988,1011,499824,1033,3883,Archery Targets
988,1011,499824,1033,499825,Bows & Crossbows
988,1011,499824,1033,499825,3332,Compound Bows
988,1011,499824,1033,499825,3505,Crossbows
988,1011,499824,1033,499825,3715,Recurve & Longbows
988,1011,499824,1033,499826,Bow & Crossbow Accessories
988,1011,499824,1033,499833,Archery Gloves & Releases
988,1011,499824,3125,Clay Pigeon Shooting
988,1011,499824,3125,3305,Clay Pigeon Throwers
988,1011,499824,3125,3528,Clay Pigeons
988,1011,499824,3136,Hunting
988,1011,499824,3136,1034,Hunting Blinds & Screens
988,1011,499824,3136,3674,Animal Traps
988,1011,499824,3136,3748,Tree Stands
988,1011,499824,3136,5917,Hunting Dog Equipment
988,1011,499824,3136,6992,Wild Game Feeders
988,1011,499824,3136,7373,Hearing Enhancers
988,1011,499824,3136,8011,Wildlife Attractants
988,1011,499824,3136,8011,3583,Hunting & Wildlife Decoys
988,1011,499824,3136,8011,3756,Hunting & Wildlife Calls
988,1011,499824,3136,8011,8080,Cover Scents & Scent Attractants
988,1011,499824,3136,8011,8081,"Wildlife Bait, Feed & Minerals"
988,1011,499824,7460,Hunting & Shooting Protective Gear
988,1011,499824,7460,7461,Hunting & Shooting Gloves
988,1011,499824,7460,7518,Hunting & Shooting Jackets
988,1011,499824,499834,Paintball & Airsoft
988,1011,499824,499834,1049,Paintball
988,1011,499824,499834,1049,3187,Paintball Gun Parts & Accessories
988,1011,499824,499834,1049,3187,3152,Paintball Hoppers
988,1011,499824,499834,1049,3187,3244,Paintball Air Tanks
988,1011,499824,499834,1049,3187,3690,Paintball Gun Barrels
988,1011,499824,499834,1049,3187,8514,Paintball Gun Drop Forwards
988,1011,499824,499834,1049,3234,Paintball Guns
988,1011,499824,499834,1049,3408,Paintball Grenades
988,1011,499824,499834,1049,3438,Paintballs
988,1011,499824,499834,1049,6748,Paintball Grenade Launchers
988,1011,499824,499834,1049,6781,Paintball Harnesses & Packs
988,1011,499824,499834,2443,Airsoft
988,1011,499824,499834,2443,3093,Airsoft Guns
988,1011,499824,499834,2443,3116,Airsoft Gun Parts & Accessories
988,1011,499824,499834,2443,3116,8005,Airsoft Gun Batteries
988,1011,499824,499834,2443,3925,Airsoft Pellets
988,1011,499824,499834,499835,Paintball & Airsoft Protective Gear
988,1011,499824,499834,499835,499836,Paintball & Airsoft Gloves
988,1011,499824,499834,499835,499837,Paintball & Airsoft Vests
988,1011,499824,499834,499835,499838,Paintball & Airsoft Goggles & Masks
988,1011,499824,499834,499835,499839,Paintball & Airsoft Pads
988,1011,499824,499840,Shooting & Range Accessories
988,1011,499824,499840,3170,Shooting Targets
988,1011,499824,499840,499841,Shooting Sticks & Bipods
988,1011,499824,499840,499842,Shooting Rests
988,1011,499844,Winter Sports & Activities
988,1011,499844,1166,Snowshoeing
988,1011,499844,1166,3064,Snowshoes
988,1011,499844,1166,3073,Snowshoe Bindings
988,1011,499844,7539,Sleds
988,1011,499844,499845,Skiing & Snowboarding
988,1011,499844,499845,1157,Ski Poles
988,1011,499844,499845,1161,Ski & Snowboard Helmets
988,1011,499844,499845,1162,Snowboard Bindings
988,1011,499844,499845,1163,Snowboard Boots
988,1011,499844,499845,1164,Snowboards
988,1011,499844,499845,3550,Ski & Snowboard Goggles
988,1011,499844,499845,5088,Snowboard Binding Parts
988,1011,499844,499845,6062,Ski Boots
988,1011,499844,499845,6063,Ski Bindings
988,1011,499844,499845,6064,Skis
988,1011,499844,499845,6064,1158,Downhill Skis
988,1011,499844,499845,6064,3331,Cross-Country Skis
988,1011,499844,499845,7224,Ski & Snowboard Bags
988,1011,499844,499845,7558,Ski & Snowboard Storage Racks
988,1011,499844,499845,8074,Ski & Snowboard Wax
988,1011,499844,499845,8203,Ski & Snowboard Goggle Accessories
988,1011,499844,499845,8203,5050,Ski & Snowboard Goggle Lenses
988,1011,499844,499845,499681,Ski & Snowboard Leashes
988,1011,499844,499845,505296,Ski Binding Parts
988,1011,499844,499845,505772,Ski & Snowboard Tuning Tools
988,1011,499844,499951,Avalanche Safety
988,1011,499844,499951,499877,Avalanche Safety Airbags
988,1011,499844,499951,499952,Avalanche Probes
988,1011,499846,Outdoor Games
988,1011,499846,1062,Badminton
988,1011,499846,1062,3107,Badminton Nets
988,1011,499846,1062,3907,Shuttlecocks
988,1011,499846,1062,3950,Badminton Racquets & Sets
988,1011,499846,3126,Tetherball
988,1011,499846,3126,499882,Tetherball Poles
988,1011,499846,3126,499883,Tetherball Sets
988,1011,499846,3126,499884,Tetherballs
988,1011,499846,3390,Pickleball
988,1011,499846,3390,499847,Pickleballs
988,1011,499846,3390,499848,Pickleball Paddles
988,1011,499846,3405,Lawn Games
988,1011,499846,3484,Disc Golf
988,1011,499846,3484,3227,Disc Golf Baskets
988,1011,499846,3484,3993,Disc Golf Bags
988,1011,499846,3787,Deck Shuffleboard
988,1011,499846,3787,3190,Deck Shuffleboard Pucks
988,1011,499846,3787,3689,Deck Shuffleboard Cues
988,1011,499846,7430,Paddle Ball Sets
988,1011,499846,499904,Platform & Paddle Tennis
988,1011,499846,499904,499849,Platform Tennis Balls
988,1011,499846,499904,499850,Platform & Paddle Tennis Paddles
988,499713,Athletics
988,499713,989,Dancing
988,499713,989,3269,Ballet Barres
988,499713,1000,Gymnastics
988,499713,1000,3123,Gymnastics Springboards
988,499713,1000,3182,Pommel Horses
988,499713,1000,3774,Gymnastics Rings
988,499713,1000,3779,Vaulting Horses
988,499713,1000,3808,Gymnastics Protective Gear
988,499713,1000,3808,499781,Gymnastics Grips
988,499713,1000,503763,Gymnastics Bars & Balance Beams
988,499713,1006,Fencing
988,499713,1006,3261,Fencing Protective Gear
988,499713,1006,3261,3366,Fencing Gloves & Cuffs
988,499713,1006,3261,3707,Fencing Masks
988,499713,1006,3261,499740,Fencing Jackets & Lamés
988,499713,1006,3622,Fencing Weapons
988,499713,1047,Team Handball
988,499713,1047,499785,Handballs
988,499713,1060,Track & Field
988,499713,1060,3149,Track Hurdles
988,499713,1060,3389,Javelins
988,499713,1060,3445,High Jump Crossbars
988,499713,1060,3478,Discus
988,499713,1060,3770,Shot Puts
988,499713,1060,3864,High Jump Pits
988,499713,1060,3878,Relay Batons
988,499713,1060,3880,Throwing Hammers
988,499713,1060,3987,Pole Vault Pits
988,499713,1060,3997,Starter Pistols
988,499713,1060,4020,Vaulting Poles
988,499713,1060,499786,Track Starting Blocks
988,499713,1065,Tennis
988,499713,1065,3105,Tennis Ball Hoppers & Carts
988,499713,1065,3113,Tennis Balls
988,499713,1065,3565,Tennis Ball Savers
988,499713,1065,3658,Tennis Racquet Accessories
988,499713,1065,3658,3295,Tennis Racquet Grommets
988,499713,1065,3658,3352,Racquet Vibration Dampeners
988,499713,1065,3658,3403,Tennis Racquet Grips & Tape
988,499713,1065,3658,3638,Tennis Racquet Bags
988,499713,1065,3658,3922,Tennis Racquet String
988,499713,1065,3906,Tennis Racquets
988,499713,1065,3961,Tennis Nets
988,499713,1065,3985,Tennis Ball Machines
988,499713,1068,Wrestling
988,499713,1068,3057,Wrestling Protective Gear
988,499713,1068,3057,499790,Wrestling Knee Pads
988,499713,1068,3057,499791,Wrestling Headgear
988,499713,1070,Baseball & Softball
988,499713,1070,1076,Baseball & Softball Gloves & Mitts
988,499713,1070,1077,Pitching Machines
988,499713,1070,1078,Baseball & Softball Protective Gear
988,499713,1070,1078,3668,Baseball & Softball Batting Helmets
988,499713,1070,1078,499715,Baseball & Softball Chest Protectors
988,499713,1070,1078,499716,Catchers Equipment Sets
988,499713,1070,1078,499717,Catchers Helmets & Masks
988,499713,1070,1078,499718,Baseball & Softball Leg Guards
988,499713,1070,3544,Baseball & Softball Bases & Plates
988,499713,1070,3671,Softballs
988,499713,1070,3679,Softball Bats
988,499713,1070,3747,Baseball & Softball Batting Gloves
988,499713,1070,3783,Baseballs
988,499713,1070,3790,Baseball Bats
988,499713,1070,234670,Baseball & Softball Pitching Mounds
988,499713,1070,234671,Baseball & Softball Pitching Mats
988,499713,1081,Basketball
988,499713,1081,1082,Basketball Hoops
988,499713,1081,1083,Basketballs
988,499713,1081,4676,Basketball Hoop Parts & Accessories
988,499713,1081,4676,3829,Basketball Nets
988,499713,1081,4676,4050,Basketball Hoop Posts
988,499713,1081,4676,4089,Basketball Backboards
988,499713,1081,4676,4192,Basketball Rims
988,499713,1081,4676,7251,Basketball Hoop Padding
988,499713,1081,499751,Basketball Training Aids
988,499713,1087,Cricket
988,499713,1087,3815,Cricket Bats
988,499713,1087,3870,Cricket Balls
988,499713,1087,499734,Cricket Stumps
988,499713,1087,499735,Cricket Equipment Sets
988,499713,1087,499736,Cricket Protective Gear
988,499713,1087,499736,3339,Cricket Gloves
988,499713,1087,499736,3543,Cricket Helmets
988,499713,1087,499736,499739,Cricket Leg Guards
988,499713,1087,499737,Cricket Bat Accessories
988,499713,1087,499737,499738,Cricket Bat Grips
988,499713,1093,American Football
988,499713,1093,1094,American Footballs
988,499713,1093,1097,American Football Protective Gear
988,499713,1093,1097,1098,American Football Helmets
988,499713,1093,1097,3060,American Football Helmet Accessories
988,499713,1093,1097,3060,3063,American Football Helmet Visors
988,499713,1093,1097,3060,3090,American Football Face Masks
988,499713,1093,1097,3060,3247,American Football Chin Straps
988,499713,1093,1097,3060,3343,American Football Helmet Padding
988,499713,1093,1097,3497,American Football Neck Rolls
988,499713,1093,1097,3510,American Football Girdles
988,499713,1093,1097,3621,American Football Shoulder Pads
988,499713,1093,1097,499778,American Football Rib Protection Shirts & Vests
988,499713,1093,3442,American Football Gloves
988,499713,1093,3492,American Football Goal Posts
988,499713,1093,3656,American Football Kicking Tees & Holders
988,499713,1093,3998,American Football Training Equipment
988,499713,1093,3998,499779,American Football Dummies & Sleds
988,499713,1110,Rugby
988,499713,1110,3487,Rugby Gloves
988,499713,1110,3761,Rugby Balls
988,499713,1110,3881,Rugby Posts
988,499713,1110,3983,Rugby Training Aids
988,499713,1110,499782,Rugby Protective Gear
988,499713,1110,499782,3077,Rugby Headgear
988,499713,1111,Soccer
988,499713,1111,1112,Soccer Balls
988,499713,1111,1113,Soccer Goals
988,499713,1111,3141,Soccer Gloves
988,499713,1111,3973,Soccer Corner Flags
988,499713,1111,6055,Soccer Goal Accessories
988,499713,1111,499784,Soccer Protective Gear
988,499713,1111,499784,1114,Soccer Shin Guards
988,499713,1115,Volleyball
988,499713,1115,1116,Volleyballs
988,499713,1115,1117,Volleyball Nets
988,499713,1115,499787,Volleyball Training Aids
988,499713,1115,499788,Volleyball Protective Gear
988,499713,1115,499788,499789,Volleyball Knee Pads
988,499713,1145,Water Polo
988,499713,1145,3575,Water Polo Caps
988,499713,1145,3678,Water Polo Goals
988,499713,1145,3794,Water Polo Balls
988,499713,3354,Cheerleading
988,499713,3354,3953,Cheerleading Pom Poms
988,499713,6734,Broomball Equipment
988,499713,6739,Coaching & Officiating
988,499713,6739,6729,Penalty Cards & Flags
988,499713,6739,6730,Sport & Safety Whistles
988,499713,6739,6731,Linesman Flags
988,499713,6739,8505,Scoreboards
988,499713,6739,499727,Referee Wallets
988,499713,6739,499729,Captains Armbands
988,499713,6739,499730,Umpire Indicators
988,499713,6739,499731,Pitch Counters
988,499713,6739,499732,Flip Coins & Discs
988,499713,6739,499733,Referee Stands & Chairs
988,499713,6739,505813,Field & Court Boundary Markers
988,499713,7156,Rounders
988,499713,7156,7157,Rounders Gloves
988,499713,7156,7158,Rounders Bats
988,499713,499719,Boxing & Martial Arts
988,499713,499719,3411,Boxing Ring Parts
988,499713,499719,3652,Boxing Rings
988,499713,499719,3717,Martial Arts Belts
988,499713,499719,4008,Boxing & Martial Arts Protective Gear
988,499713,499719,4008,3235,Boxing Gloves & Mitts
988,499713,499719,4008,499722,Boxing & Martial Arts Headgear
988,499713,499719,4008,499723,Boxing & Martial Arts Body Protectors
988,499713,499719,4008,499724,MMA Shin Guards
988,499713,499719,4008,499725,Boxing & Martial Arts Arm Guards
988,499713,499719,4008,499726,Boxing & MMA Hand Wraps
988,499713,499719,4282,Martial Arts Weapons
988,499713,499719,499720,Boxing & Martial Arts Training Equipment
988,499713,499719,499720,3297,Punching & Training Bags
988,499713,499719,499720,7116,Grappling Dummies
988,499713,499719,499720,7129,Punching & Training Bag Accessories
988,499713,499719,499720,499721,Strike Shields
988,499713,499719,499720,499769,Boxing & MMA Punch Mitts
988,499713,499741,Field Hockey & Lacrosse
988,499713,499741,1089,Field Hockey Balls
988,499713,499741,1092,Field Hockey Sticks
988,499713,499741,3001,Field Hockey Goals
988,499713,499741,3204,Lacrosse Training Aids
988,499713,499741,3336,Lacrosse Stick Parts
988,499713,499741,3336,3418,Lacrosse Stick Heads
988,499713,499741,3336,3423,Lacrosse Stick Shafts
988,499713,499741,3336,3785,Lacrosse Mesh & String
988,499713,499741,3536,Lacrosse Balls
988,499713,499741,3817,Lacrosse Sticks
988,499713,499741,3970,Lacrosse Goals
988,499713,499741,499742,Lacrosse Equipment Sets
988,499713,499741,499744,Field Hockey & Lacrosse Protective Gear
988,499713,499741,499744,499745,Field Hockey & Lacrosse Gloves
988,499713,499741,499744,499746,Field Hockey & Lacrosse Helmets
988,499713,499741,499744,499747,Field Hockey & Lacrosse Masks & Goggles
988,499713,499741,499744,502970,Field Hockey & Lacrosse Pads
988,499713,499799,General Purpose Athletic Equipment
988,499713,499799,3877,Sports Megaphones
988,499713,499799,3971,Grip Spray & Chalk
988,499713,499799,6344,Stadium Seats & Cushions
988,499713,499799,7397,Ball Carrying Bags & Carts
988,499713,499799,7433,Ball Pump Accessories
988,499713,499799,7433,7435,Ball Pump Needles
988,499713,499799,7434,Ball Pumps
988,499713,499799,8077,Practice Nets & Screens
988,499713,499799,8222,Altitude Training Masks
988,499713,499799,8319,Sports & Agility Cones
988,499713,499799,499800,Athletic Cups
988,499713,499799,499801,Sports Mouthguards
988,499713,499799,499802,Speed & Agility Ladders & Hurdles
988,499713,499799,499803,Gym Mats
988,499713,499799,499903,Exercise & Gym Mat Storage Racks & Carts
988,499713,499861,Wallyball Equipment
988,499713,499915,Figure Skating & Hockey
988,499713,499915,1057,Ice Skates
988,499713,499915,1105,Hockey Protective Gear
988,499713,499915,1105,3615,Hockey Pants
988,499713,499915,1105,6078,Hockey Gloves
988,499713,499915,1105,6080,Hockey Helmets
988,499713,499915,1105,499755,Hockey Shin Guards & Leg Pads
988,499713,499915,1105,499756,Hockey Elbow Pads
988,499713,499915,1105,499757,Hockey Shoulder Pads & Chest Protectors
988,499713,499915,1105,499890,Hockey Goalie Equipment Sets
988,499713,499915,1105,499975,Hockey Suspenders & Belts
988,499713,499915,3791,Ice Skate Parts & Accessories
988,499713,499915,3791,3241,Skate Lace Tighteners
988,499713,499915,3791,3623,Ice Skate Sharpeners
988,499713,499915,3791,4019,Skate Blade Guards
988,499713,499915,3791,6708,Figure Skate Boots
988,499713,499915,3791,7000,Ice Skate Blades
988,499713,499915,6074,Hockey Goals
988,499713,499915,6076,Hockey Sticks
988,499713,499915,6077,Hockey Balls & Pucks
988,499713,499915,6857,Hockey Sledges
988,499713,499915,7011,Hockey Stick Parts
988,499713,499915,7011,6852,Hockey Stick Blades
988,499713,499915,7011,6942,Hockey Stick Shafts
988,499713,499915,7012,Hockey Stick Care
988,499713,503752,Racquetball & Squash
988,499713,503752,3119,Racquetball & Squash Eyewear
988,499713,503752,3714,Racquetball Racquets
988,499713,503752,4002,Squash Racquets
988,499713,503752,499783,Racquetball & Squash Gloves
988,499713,503752,503753,Racquetball & Squash Balls
1239,Toys & Games
1239,1249,Outdoor Play Equipment
1239,1249,1251,Playhouses
1239,1249,1738,Trampolines
1239,1249,1863,Pogo Sticks
1239,1249,2743,Sandboxes
1239,1249,2867,Slides
1239,1249,3948,Stilts
1239,1249,5524,Trampoline Accessories
1239,1249,6269,Swing Set & Playset Accessories
1239,1249,6270,Play Swings
1239,1249,6271,Swing Sets & Playsets
1239,1249,6396,Inflatable Bouncers
1239,1249,6397,Play Tents & Tunnels
1239,1249,6450,See Saws
1239,1249,6464,Water Play Equipment
1239,1249,6464,3556,Water Tables
1239,1249,6464,6465,Play Sprinkers
1239,1249,6464,500095,Water Parks & Slides
1239,1249,7219,Inflatable Bouncer Accessories
1239,1253,Toys
1239,1253,1254,Building Toys
1239,1253,1254,3163,Marble Track Sets
1239,1253,1254,3172,Foam Blocks
1239,1253,1254,3287,Interlocking Blocks
1239,1253,1254,3617,Wooden Blocks
1239,1253,1254,3805,Construction Set Toys
1239,1253,1255,"Dolls, Playsets & Toy Figures"
1239,1253,1255,1257,Dolls
1239,1253,1255,1258,Puppets & Marionettes
1239,1253,1255,1259,Stuffed Animals
1239,1253,1255,2497,Dollhouse Accessories
1239,1253,1255,2499,Dollhouses
1239,1253,1255,3166,Toy Playsets
1239,1253,1255,3584,Doll & Action Figure Accessories
1239,1253,1255,6056,Puppet & Puppet Theater Accessories
1239,1253,1255,6057,Puppet Theaters
1239,1253,1255,6058,Action & Toy Figures
1239,1253,1255,7114,Bobblehead Figures
1239,1253,1255,8021,Paper & Magnetic Dolls
1239,1253,1261,Flying Toys
1239,1253,1261,3263,Toy Parachutes
1239,1253,1261,3378,Toy Gliders
1239,1253,1261,3460,Kites
1239,1253,1261,3966,Air & Water Rockets
1239,1253,1262,Educational Toys
1239,1253,1262,3088,Ant Farms
1239,1253,1262,3500,Science & Exploration Sets
1239,1253,1262,3928,Bug Collecting Kits
1239,1253,1262,5529,Reading Toys
1239,1253,1262,6466,Toy Abacuses
1239,1253,1262,499938,Astronomy Toys & Models
1239,1253,1262,500015,Educational Flash Cards
1239,1253,1264,Musical Toys
1239,1253,1264,3252,Toy Instruments
1239,1253,1266,Sports Toys
1239,1253,1266,3199,Fitness Toys
1239,1253,1266,3199,3215,Hula Hoops
1239,1253,1266,3226,Golf Toys
1239,1253,1266,3371,American Football Toys
1239,1253,1266,3552,Basketball Toys
1239,1253,1266,3665,Bowling Toys
1239,1253,1266,3675,Boomerangs
1239,1253,1266,3776,Baseball Toys
1239,1253,1266,3909,Footbags
1239,1253,1266,3943,Hockey Toys
1239,1253,1266,4167,Flying Discs
1239,1253,1266,8529,Fishing Toys
1239,1253,1266,499965,Playground Balls
1239,1253,1266,500113,Fingerboards & Fingerboard Sets
1239,1253,1266,505284,Racquet Sport Toys
1239,1253,1268,Beach & Sand Toys
1239,1253,2505,Play Vehicles
1239,1253,2505,3296,Toy Trucks & Construction Vehicles
1239,1253,2505,3444,Toy Airplanes
1239,1253,2505,3474,Toy Race Car & Track Sets
1239,1253,2505,3506,Toy Helicopters
1239,1253,2505,3551,Toy Cars
1239,1253,2505,3589,Toy Spaceships
1239,1253,2505,3590,Toy Motorcycles
1239,1253,2505,3792,Toy Boats
1239,1253,2505,5152,Toy Trains & Train Sets
1239,1253,2546,Remote Control Toys
1239,1253,2546,3532,Remote Control Boats & Watercraft
1239,1253,2546,3554,Remote Control Helicopters
1239,1253,2546,3601,Remote Control Cars & Trucks
1239,1253,2546,3677,Remote Control Planes
1239,1253,2546,5968,Remote Control Motorcycles
1239,1253,2546,5969,Remote Control Tanks
1239,1253,2546,6059,Remote Control Robots
1239,1253,2546,7090,Remote Control Airships & Blimps
1239,1253,2778,Remote Control Toy Accessories
1239,1253,2799,Riding Toys
1239,1253,2799,2724,Push & Pedal Riding Vehicles
1239,1253,2799,2753,Electric Riding Vehicles
1239,1253,2799,3441,Rocking & Spring Riding Toys
1239,1253,2799,6379,Wagons
1239,1253,2799,6407,Hobby Horses
1239,1253,2953,Wind-Up Toys
1239,1253,3074,Executive Toys
1239,1253,3074,5872,Magnet Toys
1239,1253,3207,Ball Pits
1239,1253,3229,Pretend Play
1239,1253,3229,3129,Pretend Professions & Role Playing
1239,1253,3229,3288,Pretend Lawn & Garden
1239,1253,3229,3298,Toy Kitchens & Play Food
1239,1253,3229,3298,543622,Toy Kitchens
1239,1253,3229,3298,543623,Toy Tableware
1239,1253,3229,3298,543624,Play Food
1239,1253,3229,3298,543690,Toy Cookware
1239,1253,3229,3659,Pretend Electronics
1239,1253,3229,3680,Play Money & Banking
1239,1253,3229,3751,Toy Tools
1239,1253,3229,4004,Pretend Housekeeping
1239,1253,3229,8295,Pretend Shopping & Grocery
1239,1253,3562,Visual Toys
1239,1253,3562,3301,Kaleidoscopes
1239,1253,3562,3782,Prisms
1239,1253,3625,Robotic Toys
1239,1253,3627,Toy Weapons & Gadgets
1239,1253,3731,Art & Drawing Toys
1239,1253,3731,3079,Toy Drawing Tablets
1239,1253,3731,505818,Play Dough & Putty
1239,1253,3911,Bath Toys
1239,1253,4352,Activity Toys
1239,1253,4352,3212,Bubble Blowing Solution
1239,1253,4352,3466,Spinning Tops
1239,1253,4352,3534,Marbles
1239,1253,4352,3733,Bouncy Balls
1239,1253,4352,3874,Bubble Blowing Toys
1239,1253,4352,3929,Yo-Yos
1239,1253,4352,4177,Coiled Spring Toys
1239,1253,4352,4216,Toy Jacks
1239,1253,4352,7148,Yo-Yo Parts & Accessories
1239,1253,4352,7425,Paddle Ball Toys
1239,1253,4352,7473,Ribbon & Streamer Toys
1239,1253,4352,7519,Ball & Cup Games
1239,1253,5970,Play Vehicle Accessories
1239,1253,5970,5153,Toy Train Accessories
1239,1253,5970,5971,Toy Race Car & Track Accessories
1239,1253,7202,Riding Toy Accessories
1239,1253,7311,Ball Pit Accessories
1239,1253,7311,7312,Ball Pit Balls
1239,1253,7366,Flying Toy Accessories
1239,1253,7366,7368,Kite Accessories
1239,1253,7366,7368,7371,Kite Line Reels & Winders
1239,1253,8127,Sports Toy Accessories
1239,1253,8127,8129,Fitness Toy Accessories
1239,1253,8127,8129,8128,Hula Hoop Accessories
1239,1253,499712,Toy Gift Baskets
1239,1253,500005,Toy Weapon & Gadget Accessories
1239,3793,Games
1239,3793,1246,Board Games
1239,3793,1247,Card Games
1239,3793,3749,Bingo Sets
1239,3793,4554,Portable Electronic Games
1239,3793,5403,Poker Chips & Sets
1239,3793,6037,Dice Sets & Games
1239,3793,6038,Tile Games
1239,3793,6054,Dexterity Games
1239,3793,6329,Battle Tops
1239,3793,6794,Battle Top Accessories
1239,3793,6853,Card Game Accessories
1239,3793,7383,Poker Chip Accessories
1239,3793,7383,7384,Poker Chip Carriers & Trays
1239,3793,7411,Blackjack & Craps Sets
1239,3793,7412,Roulette Wheels & Sets
1239,3793,8472,Slot Machines
1239,3867,Puzzles
1239,3867,2618,Jigsaw Puzzles
1239,3867,4011,Mechanical Puzzles
1239,3867,6725,Wooden & Pegged Puzzles
1239,3867,7081,Jigsaw Puzzle Accessories
1239,4648,Game Timers
2092,Software
2092,313,Computer Software
2092,313,315,Compilers & Programming Tools
2092,313,317,Educational Software
2092,313,318,Handheld & PDA Software
2092,313,319,Multimedia & Design Software
2092,313,319,4949,Home Publishing Software
2092,313,319,4950,Animation Editing Software
2092,313,319,4951,Graphic Design & Illustration Software
2092,313,319,4952,Sound Editing Software
2092,313,319,4953,Video Editing Software
2092,313,319,4954,Web Design Software
2092,313,319,5096,Music Composition Software
2092,313,319,6027,3D Modeling Software
2092,313,319,6028,Media Viewing Software
2092,313,319,6029,Home & Interior Design Software
2092,313,321,Operating Systems
2092,313,3283,GPS Map Data & Software
2092,313,5127,Dictionary & Translation Software
2092,313,5299,Antivirus & Security Software
2092,313,5300,Business & Productivity Software
2092,313,5301,Computer Utilities & Maintenance Software
2092,313,5302,Network Software
2092,313,5303,Office Application Software
2092,313,5304,"Financial, Tax & Accounting Software"
2092,313,7225,Restore Disks
2092,1279,Video Game Software
2092,5032,Digital Goods & Currency
2092,5032,2065,Stock Photographs & Video Footage
2092,5032,5034,Computer Icons
2092,5032,5035,Desktop Wallpaper
2092,5032,5036,Fonts
2092,5032,5935,Virtual Currency
2092,5032,8022,Document Templates
2092,5032,500046,Digital Artwork
5181,Luggage & Bags
5181,100,Backpacks
5181,101,Briefcases
5181,103,Duffel Bags
5181,104,Fanny Packs
5181,105,Garment Bags
5181,106,Messenger Bags
5181,107,Suitcases
5181,108,Cosmetic & Toiletry Bags
5181,110,Luggage Accessories
5181,110,5620,Packing Organizers
5181,110,5650,Travel Pouches
5181,110,5651,Luggage Tags
5181,110,5652,Luggage Straps
5181,110,6919,Travel Bottles & Containers
5181,110,7521,Luggage Covers
5181,110,499691,Luggage Racks & Stands
5181,110,503014,Dry Box Liners & Inserts
5181,549,Diaper Bags
5181,5608,Shopping Totes
5181,6553,Train Cases
5181,502974,Dry Boxes
5605,Religious & Ceremonial
5605,97,Religious Items
5605,97,1949,Religious Veils
5605,97,3923,Prayer Beads
5605,97,7120,Religious Altars
5605,97,328060,Prayer Cards
5605,97,499711,Tarot Cards
5605,5455,Wedding Ceremony Supplies
5605,5455,5456,Flower Girl Baskets
5605,5455,5457,Ring Pillows & Holders
5605,5455,503723,Aisle Runners
5605,5606,Memorial Ceremony Supplies
5605,5606,5607,Memorial Urns
