1,Животные и товары для питомцев
2,Животные и товары для питомцев,Товары для домашних животных
3,Животные и товары для питомцев,Товары для домашних животных,Товары для птиц
4989,Животные и товары для питомцев,Товары для домашних животных,Товары для птиц,Клетки и подставки для птиц
4990,Животные и товары для питомцев,Товары для домашних животных,Товары для птиц,Корма для птиц
4991,Животные и товары для питомцев,Товары для домашних животных,Товары для птиц,Лесенки и жердочки для птиц
4992,Животные и товары для питомцев,Товары для домашних животных,Товары для птиц,Игрушки для птиц
4993,Животные и товары для питомцев,Товары для домашних животных,Товары для птиц,Лакомства для птиц
7385,Животные и товары для питомцев,Товары для домашних животных,Товары для птиц,Принадлежности для птичьих клеток
7386,Животные и товары для питомцев,Товары для домашних животных,Товары для птиц,Принадлежности для птичьих клеток,Кормушки и поилки для птичьих клеток
499954,Животные и товары для питомцев,Товары для домашних животных,Товары для птиц,Принадлежности для птичьих клеток,Поилки для птичьих клеток
7398,Животные и товары для питомцев,Товары для домашних животных,Товары для птиц,Игровые площадки для птиц
4,Животные и товары для питомцев,Товары для домашних животных,Товары для кошек
3367,Животные и товары для питомцев,Товары для домашних животных,Товары для кошек,Корм для кошек
543683,Животные и товары для питомцев,Товары для домашних животных,Товары для кошек,Корм для кошек,Ветеринарные корма для кошек
543684,Животные и товары для питомцев,Товары для домашних животных,Товары для кошек,Корм для кошек,Обычные корма для кошек
4433,Животные и товары для питомцев,Товары для домашних животных,Товары для кошек,Лежаки для кошек
4997,Животные и товары для питомцев,Товары для домашних животных,Товары для кошек,Мебель для кошек
4999,Животные и товары для питомцев,Товары для домашних животных,Товары для кошек,Наполнитель для кошачьих лотков
5000,Животные и товары для питомцев,Товары для домашних животных,Товары для кошек,Кошачьи лотки
5001,Животные и товары для питомцев,Товары для домашних животных,Товары для кошек,Игрушки для кошек
5002,Животные и товары для питомцев,Товары для домашних животных,Товары для кошек,Лакомства для кошек
5082,Животные и товары для питомцев,Товары для домашних животных,Товары для кошек,Костюмы для кошек
7142,Животные и товары для питомцев,Товары для домашних животных,Товары для кошек,Коврики для кошачьих лотков
8069,Животные и товары для питомцев,Товары для домашних животных,Товары для кошек,Подкладки для кошачьих лотков
500059,Животные и товары для питомцев,Товары для домашних животных,Товары для кошек,Принадлежности для кошачьей мебели
5,Животные и товары для питомцев,Товары для домашних животных,Товары для собак
3530,Животные и товары для питомцев,Товары для домашних животных,Товары для собак,Корма для собак
543681,Животные и товары для питомцев,Товары для домашних животных,Товары для собак,Корма для собак,Ветеринарные корма для собак
543682,Животные и товары для питомцев,Товары для домашних животных,Товары для собак,Корма для собак,Обычные корма для собак
4434,Животные и товары для питомцев,Товары для домашних животных,Товары для собак,Лежаки для собак
5004,Животные и товары для питомцев,Товары для домашних животных,Товары для собак,Костюмы для собак
5010,Животные и товары для питомцев,Товары для домашних животных,Товары для собак,Игрушки для собак
5011,Животные и товары для питомцев,Товары для домашних животных,Товары для собак,Лакомства для собак
5094,Животные и товары для питомцев,Товары для домашних животных,Товары для собак,Домики для собак
7274,Животные и товары для питомцев,Товары для домашних животных,Товары для собак,Собачьи конуры и вольеры
7372,Животные и товары для питомцев,Товары для домашних животных,Товары для собак,Пеленки и подгузники для собак
7428,Животные и товары для питомцев,Товары для домашних животных,Товары для собак,Принадлежности для собачьих конур и вольеров
8123,Животные и товары для питомцев,Товары для домашних животных,Товары для собак,Беговые дорожки для собак
499900,Животные и товары для питомцев,Товары для домашних животных,Товары для собак,Подгузники для собак
6,Животные и товары для питомцев,Товары для домашних животных,Товары для рыб
3238,Животные и товары для питомцев,Товары для домашних животных,Товары для рыб,Аквариумы
5019,Животные и товары для питомцев,Товары для домашних животных,Товары для рыб,Предметы декоративного оформления аквариума
5020,Животные и товары для питомцев,Товары для домашних животных,Товары для рыб,Фильтры для аквариумов
5021,Животные и товары для питомцев,Товары для домашних животных,Товары для рыб,Гравий и грунт для аквариумов
5023,Животные и товары для питомцев,Товары для домашних животных,Товары для рыб,Подставки для аквариумов
5024,Животные и товары для питомцев,Товары для домашних животных,Товары для рыб,Корм для рыб
5079,Животные и товары для питомцев,Товары для домашних животных,Товары для рыб,Устройства для освещения аквариумов
5161,Животные и товары для питомцев,Товары для домашних животных,Товары для рыб,Средства для обработки аквариумной воды
6085,Животные и товары для питомцев,Товары для домашних животных,Товары для рыб,Удобрения для водных растений
6403,Животные и товары для питомцев,Товары для домашних животных,Товары для рыб,Кормушки для рыб
6951,Животные и товары для питомцев,Товары для домашних животных,Товары для рыб,Переливные коробки для аквариума
500038,Животные и товары для питомцев,Товары для домашних животных,Товары для рыб,Средства и инструменты для чистки аквариумов
500062,Животные и товары для питомцев,Товары для домашних животных,Товары для рыб,Терморегуляторы для аквариума
505303,Животные и товары для питомцев,Товары для домашних животных,Товары для рыб,Трубки для аквариумов и прудов
505306,Животные и товары для питомцев,Товары для домашних животных,Товары для рыб,Сети для аквариумных рыб
505307,Животные и товары для питомцев,Товары для домашних животных,Товары для рыб,Распылители воздуха для аквариума
7,Животные и товары для питомцев,Товары для домашних животных,Товары для рептилий и амфибий
5026,Животные и товары для питомцев,Товары для домашних животных,Товары для рептилий и амфибий,Корм для рептилий и амфибий
5027,Животные и товары для питомцев,Товары для домашних животных,Товары для рептилий и амфибий,Принадлежности для террариумов
5028,Животные и товары для питомцев,Товары для домашних животных,Товары для рептилий и амфибий,Устройства для обогрева и освещения террариумов
5029,Животные и товары для питомцев,Товары для домашних животных,Товары для рептилий и амфибий,Террариумы
5030,Животные и товары для питомцев,Товары для домашних животных,Товары для рептилий и амфибий,Грунт для террариумов
4497,Животные и товары для питомцев,Товары для домашних животных,Дверцы для домашних животных
5013,Животные и товары для питомцев,Товары для домашних животных,Товары для мелких животных
5014,Животные и товары для питомцев,Товары для домашних животных,Товары для мелких животных,Подстилки для небольших животных
5015,Животные и товары для питомцев,Товары для домашних животных,Товары для мелких животных,Корм для небольших животных
5016,Животные и товары для питомцев,Товары для домашних животных,Товары для мелких животных,Принадлежности для сред обитания небольших животных
5017,Животные и товары для питомцев,Товары для домашних животных,Товары для мелких животных,Террариумы и клетки для мелких животных
7517,Животные и товары для питомцев,Товары для домашних животных,Товары для мелких животных,Лакомства для небольших животных
5081,Животные и товары для питомцев,Товары для домашних животных,Витамины и пищевые добавки для домашних животных
5086,Животные и товары для питомцев,Товары для домашних животных,Лекарственные средства для домашних животных
5087,Животные и товары для питомцев,Товары для домашних животных,Манежи для домашних животных
5092,Животные и товары для питомцев,Товары для домашних животных,Бубенчики и талисманы для домашних животных
5093,Животные и товары для питомцев,Товары для домашних животных,Номерные жетоны и бирки для домашних животных
5144,Животные и товары для питомцев,Товары для домашних животных,Намордники для домашних животных
5145,Животные и товары для питомцев,Товары для домашних животных,Ветеринарные воротники для домашних животных
5162,Животные и товары для питомцев,Товары для домашних животных,Контейнеры для корма для домашних животных
5163,Животные и товары для питомцев,Товары для домашних животных,Совки для корма для домашних животных
6248,Животные и товары для питомцев,Товары для домашних животных,Средства для лечения педикулёза у домашних животных
6249,Животные и товары для питомцев,Товары для домашних животных,Поводки для домашних животных
6250,Животные и товары для питомцев,Товары для домашних животных,Ошейники и сбруи для домашних животных
6251,Животные и товары для питомцев,Товары для домашних животных,Переноски и ящики для животных
6252,Животные и товары для питомцев,Товары для домашних животных,"Миски, кормушки и поилки для домашних животных"
6253,Животные и товары для питомцев,Товары для домашних животных,Удлинители поводков для домашних животных
6276,Животные и товары для питомцев,Товары для домашних животных,Коляски для домашних животных
6321,Животные и товары для питомцев,Товары для домашних животных,Системы дрессировки домашних животных
6383,Животные и товары для питомцев,Товары для домашних животных,Средства для ухода за домашними животными
6384,Животные и товары для питомцев,Товары для домашних животных,Средства для ухода за домашними животными,Триммеры для домашних животных
6385,Животные и товары для питомцев,Товары для домашних животных,Средства для ухода за домашними животными,Щетки и расчески для домашних животных
6406,Животные и товары для питомцев,Товары для домашних животных,Средства для ухода за домашними животными,Шампуни и кондиционеры для домашних животных
7318,Животные и товары для питомцев,Товары для домашних животных,Средства для ухода за домашними животными,Лак для когтей домашних животных
7319,Животные и товары для питомцев,Товары для домашних животных,Средства для ухода за домашними животными,Инструменты для ухода за когтями домашних животных
8167,Животные и товары для питомцев,Товары для домашних животных,Средства для ухода за домашними животными,Фены для сушки домашних животных
499917,Животные и товары для питомцев,Товары для домашних животных,Средства для ухода за домашними животными,Влажные салфетки для домашних животных
503733,Животные и товары для питомцев,Товары для домашних животных,Средства для ухода за домашними животными,Духи и дезодорирующие спреи для домашних животных
6811,Животные и товары для питомцев,Товары для домашних животных,Вешалки для одежды для домашних животных
6861,Животные и товары для питомцев,Товары для домашних животных,Медицинская лента и бинты для домашних животных
6973,Животные и товары для питомцев,Товары для домашних животных,Лесенки и рампы для животных
6978,Животные и товары для питомцев,Товары для домашних животных,Биометрические мониторы для домашних животных
6980,Животные и товары для питомцев,Товары для домашних животных,Биометрические мониторы для домашних животных,Глюкометры для домашних животных
6981,Животные и товары для питомцев,Товары для домашних животных,Биометрические мониторы для домашних животных,Термометры для домашних животных
6982,Животные и товары для питомцев,Товары для домашних животных,Биометрические мониторы для домашних животных,Педометры для домашних животных
6983,Животные и товары для питомцев,Товары для домашних животных,Снаряжение для тренировки домашних животных
7143,Животные и товары для питомцев,Товары для домашних животных,Коврики под миску для домашних животных
7144,Животные и товары для питомцев,Товары для домашних животных,Средства для ухода за полостью рта домашних животных
7396,Животные и товары для питомцев,Товары для домашних животных,Солнцезащитные средства для домашних животных
8050,Животные и товары для питомцев,Товары для домашних животных,Глазные капли и мази для домашних животных
8068,Животные и товары для питомцев,Товары для домашних животных,Наборы первой помощи для домашних животных
8070,Животные и товары для питомцев,Товары для домашних животных,Пакеты для фекалий домашних животных
8474,Животные и товары для питомцев,Товары для домашних животных,Автомобильные барьеры для домашних животных
8513,Животные и товары для питомцев,Товары для домашних животных,Подставки для мисок для домашних животных
499743,Животные и товары для питомцев,Товары для домашних животных,Электрогрелки для домашних животных
500026,Животные и товары для питомцев,Товары для домашних животных,Принадлежности для переносок и ящиков
500084,Животные и товары для питомцев,Товары для домашних животных,Принадлежности для лежанок
500110,Животные и товары для питомцев,Товары для домашних животных,Принадлежности для подогреваемых лежанок для домашних животных
502982,Животные и товары для питомцев,Товары для домашних животных,Ёмкости для удобного хранения и извлечения пакетов для фекалий домашних животных
505297,Животные и товары для питомцев,Товары для домашних животных,Принадлежности для уборки фекалий домашних животных
505314,Животные и товары для питомцев,Товары для домашних животных,Товары для дрессировки домашних животных
6846,Животные и товары для питомцев,Товары для домашних животных,Товары для дрессировки домашних животных,Туалетные подстилки для домашних животных
505304,Животные и товары для питомцев,Товары для домашних животных,Товары для дрессировки домашних животных,Держатели коврика для дрессировки домашних животных
505311,Животные и товары для питомцев,Товары для домашних животных,Товары для дрессировки домашних животных,Спреи для дрессировки домашних животных
505313,Животные и товары для питомцев,Товары для домашних животных,Товары для дрессировки домашних животных,Кликеры для дрессировки домашних животных и контейнеры для лакомств
505811,Животные и товары для питомцев,Товары для домашних животных,Принадлежности для дверей с окошком для домашних животных
3237,Животные и товары для питомцев,Живые животные
8,Искусство и развлечения
5709,Искусство и развлечения,Вечеринки и праздники
96,Искусство и развлечения,Вечеринки и праздники,Товары для вечеринок
1371,Искусство и развлечения,Вечеринки и праздники,Товары для вечеринок,Приглашения
1484,Искусство и развлечения,Вечеринки и праздники,Товары для вечеринок,Наклейки для запечатывания конвертов
1887,Искусство и развлечения,Вечеринки и праздники,Товары для вечеринок,Карточки для ответов на приглашения
2104,Искусство и развлечения,Вечеринки и праздники,Товары для вечеринок,Именные карточки для официальных приемов
2531,Искусство и развлечения,Вечеринки и праздники,Товары для вечеринок,Праздничные транспаранты
2587,Искусство и развлечения,Вечеринки и праздники,Товары для вечеринок,Воздушные шарики
2781,Искусство и развлечения,Вечеринки и праздники,Товары для вечеринок,Конфетти
2783,Искусство и развлечения,Вечеринки и праздники,Товары для вечеринок,Трещотки и свистки
3735,Искусство и развлечения,Вечеринки и праздники,Товары для вечеринок,Игры с выпивкой
3361,Искусство и развлечения,Вечеринки и праздники,Товары для вечеринок,Игры с выпивкой,Пивной понг
3440,Искусство и развлечения,Вечеринки и праздники,Товары для вечеринок,Игры с выпивкой,Пивной понг,Столы для игры в пивной понг
3994,Искусство и развлечения,Вечеринки и праздники,Товары для вечеринок,Пиньяты
4351,Искусство и развлечения,Вечеринки и праздники,Товары для вечеринок,Баллончики с серпантином
4730,Искусство и развлечения,Вечеринки и праздники,Товары для вечеринок,Свечи для тортов
4914,Искусство и развлечения,Вечеринки и праздники,Товары для вечеринок,Фейерверки и петарды
4915,Искусство и развлечения,Вечеринки и праздники,Товары для вечеринок,Бенгальские огни
5043,Искусство и развлечения,Вечеринки и праздники,Товары для вечеринок,Соломинки
5452,Искусство и развлечения,Вечеринки и праздники,Товары для вечеринок,Сувениры для вечеринок
5453,Искусство и развлечения,Вечеринки и праздники,Товары для вечеринок,Сувениры для вечеринок,Свадебные сувениры
5472,Искусство и развлечения,Вечеринки и праздники,Товары для вечеринок,Держатели для табличек
6311,Искусство и развлечения,Вечеринки и праздники,Товары для вечеринок,Наборы воздушных шариков
6906,Искусство и развлечения,Вечеринки и праздники,Товары для вечеринок,Шляпы для вечеринок
7007,Искусство и развлечения,Вечеринки и праздники,Товары для вечеринок,Украшения для коктейлей
7097,Искусство и развлечения,Вечеринки и праздники,Товары для вечеринок,Коробки и держатели для праздничных открыток
7160,Искусство и развлечения,Вечеринки и праздники,Товары для вечеринок,Игры для вечеринок
8038,Искусство и развлечения,Вечеринки и праздники,Товары для вечеринок,Программы мероприятий
8110,Искусство и развлечения,Вечеринки и праздники,Товары для вечеринок,Надувные украшения для вечеринок
8216,Искусство и развлечения,Вечеринки и праздники,Товары для вечеринок,Декоративные помпоны
328061,Искусство и развлечения,Вечеринки и праздники,Товары для вечеринок,Открытки для советов
502972,Искусство и развлечения,Вечеринки и праздники,Товары для вечеринок,Наборы для вечеринок
502981,Искусство и развлечения,Вечеринки и праздники,Товары для вечеринок,Серпантин и праздничные занавески
505763,Искусство и развлечения,Вечеринки и праздники,Товары для вечеринок,Накидки на стулья
408,Искусство и развлечения,Вечеринки и праздники,Товары для спецэффектов
409,Искусство и развлечения,Вечеринки и праздники,Товары для спецэффектов,Дымовые машины
410,Искусство и развлечения,Вечеринки и праздники,Товары для спецэффектов,Осветительные приборы для спецэффектов
5711,Искусство и развлечения,Вечеринки и праздники,Товары для спецэффектов,Шары для дискотек
5967,Искусство и развлечения,Вечеринки и праздники,Товары для спецэффектов,Системы управления спецэффектами
503028,Искусство и развлечения,Вечеринки и праздники,Товары для спецэффектов,Стойки для компонентов осветительной системы
2559,Искусство и развлечения,Вечеринки и праздники,Подарки
53,Искусство и развлечения,Вечеринки и праздники,Подарки,Подарочные сертификаты
94,Искусство и развлечения,Вечеринки и праздники,Подарки,Упаковка подарков
2816,Искусство и развлечения,Вечеринки и праздники,Подарки,Упаковка подарков,Обёрточная бумага
5091,Искусство и развлечения,Вечеринки и праздники,Подарки,Упаковка подарков,Коробки для подарков
5838,Искусство и развлечения,Вечеринки и праздники,Подарки,Упаковка подарков,Подарочные сумки
6712,Искусство и развлечения,Вечеринки и праздники,Подарки,Упаковка подарков,Шёлковая бумага
8213,Искусство и развлечения,Вечеринки и праздники,Подарки,Упаковка подарков,Ярлыки и наклейки для подарков
95,Искусство и развлечения,Вечеринки и праздники,Подарки,Поздравительные открытки
2899,Искусство и развлечения,Вечеринки и праздники,Подарки,Свежие цветы
5916,Искусство и развлечения,Вечеринки и праздники,Подарки,Цветки для петлиц и бутоньерки
6100,Искусство и развлечения,Вечеринки и праздники,Подарки,Булавки для цветков и бутоньерок
5868,Искусство и развлечения,Вечеринки и праздники,Призы и награды
543653,Искусство и развлечения,Вечеринки и праздники,Призы и награды,Трофеи
543654,Искусство и развлечения,Вечеринки и праздники,Призы и награды,Наградные розетки
543655,Искусство и развлечения,Вечеринки и праздники,Призы и награды,Значки и медали
543656,Искусство и развлечения,Вечеринки и праздники,Призы и награды,Наградные сертификаты
543657,Искусство и развлечения,Вечеринки и праздники,Призы и награды,Наградные плакетки
5710,Искусство и развлечения,Хобби и творчество
16,Искусство и развлечения,Хобби и творчество,Рукоделие и хобби
504639,Искусство и развлечения,Хобби и творчество,Рукоделие и хобби,Инструменты для рукоделия и хобби
4073,Искусство и развлечения,Хобби и творчество,Рукоделие и хобби,Инструменты для рукоделия и хобби,Пистолеты для склеивания
5137,Искусство и развлечения,Хобби и творчество,Рукоделие и хобби,Инструменты для рукоделия и хобби,Коврики для резки
5921,Искусство и развлечения,Хобби и творчество,Рукоделие и хобби,Инструменты для рукоделия и хобби,Столы с подсветкой
6101,Искусство и развлечения,Хобби и творчество,Рукоделие и хобби,Инструменты для рукоделия и хобби,Английские булавки
6133,Искусство и развлечения,Хобби и творчество,Рукоделие и хобби,Инструменты для рукоделия и хобби,Коврики для валяния
6150,Искусство и развлечения,Хобби и творчество,Рукоделие и хобби,Инструменты для рукоделия и хобби,Манекены для платьев
6151,Искусство и развлечения,Хобби и творчество,Рукоделие и хобби,Инструменты для рукоделия и хобби,Леска для вязания
6152,Искусство и развлечения,Хобби и творчество,Рукоделие и хобби,Инструменты для рукоделия и хобби,Коврики для вышивания
6156,Искусство и развлечения,Хобби и творчество,Рукоделие и хобби,Инструменты для рукоделия и хобби,Напёрстки
543638,Искусство и развлечения,Хобби и творчество,Рукоделие и хобби,Инструменты для рукоделия и хобби,Напёрстки,Защитные колпачки для пальцев
543639,Искусство и развлечения,Хобби и творчество,Рукоделие и хобби,Инструменты для рукоделия и хобби,Напёрстки,Защитные накладки на руку для шитья
6158,Искусство и развлечения,Хобби и творчество,Рукоделие и хобби,Инструменты для рукоделия и хобби,"Рамки, обручи и распорки для текстильного искусства"
6159,Искусство и развлечения,Хобби и творчество,Рукоделие и хобби,Инструменты для рукоделия и хобби,Прямые булавки
504640,Искусство и развлечения,Хобби и творчество,Рукоделие и хобби,Инструменты для рукоделия и хобби,Инструменты для резки бумаги и тиснения
5136,Искусство и развлечения,Хобби и творчество,Рукоделие и хобби,Инструменты для рукоделия и хобби,Инструменты для резки бумаги и тиснения,Отделочные ножи с выдвижным лезвием
6119,Искусство и развлечения,Хобби и творчество,Рукоделие и хобби,Инструменты для рукоделия и хобби,Инструменты для резки бумаги и тиснения,Устройства для рилевки и гофрирования бумаги
6122,Искусство и развлечения,Хобби и творчество,Рукоделие и хобби,Инструменты для рукоделия и хобби,Инструменты для резки бумаги и тиснения,Ручки для тиснения
6161,Искусство и развлечения,Хобби и творчество,Рукоделие и хобби,Инструменты для рукоделия и хобби,Инструменты для резки бумаги и тиснения,Вспарыватели швов
6447,Искусство и развлечения,Хобби и творчество,Рукоделие и хобби,Инструменты для рукоделия и хобби,Инструменты для резки бумаги и тиснения,Резаки для нитей и пряжи
7340,Искусство и развлечения,Хобби и творчество,Рукоделие и хобби,Инструменты для рукоделия и хобби,Инструменты для резки бумаги и тиснения,Термоинструменты для тиснения
504641,Искусство и развлечения,Хобби и творчество,Рукоделие и хобби,Инструменты для рукоделия и хобби,Инструменты для резки бумаги и тиснения,Канцелярские ножницы и ножницы для рукоделия
504642,Искусство и развлечения,Хобби и творчество,Рукоделие и хобби,Инструменты для рукоделия и хобби,Инструменты для резки бумаги и тиснения,Станки для раскроя ткани и тиснения
505386,Искусство и развлечения,Хобби и творчество,Рукоделие и хобби,Инструменты для рукоделия и хобби,Принадлежности для изготовления украшений
505387,Искусство и развлечения,Хобби и творчество,Рукоделие и хобби,Инструменты для рукоделия и хобби,Инструменты для работы с пряжей и нитями
6138,Искусство и развлечения,Хобби и творчество,Рукоделие и хобби,Инструменты для рукоделия и хобби,Инструменты для работы с пряжей и нитями,Веретена
6153,Искусство и развлечения,Хобби и творчество,Рукоделие и хобби,Инструменты для рукоделия и хобби,Инструменты для работы с пряжей и нитями,Моталки для нитей и пряжи
6154,Искусство и развлечения,Хобби и творчество,Рукоделие и хобби,Инструменты для рукоделия и хобби,Инструменты для работы с пряжей и нитями,Катушки для нитей и пряжи
6155,Искусство и развлечения,Хобби и творчество,Рукоделие и хобби,Инструменты для рукоделия и хобби,Инструменты для работы с пряжей и нитями,Направляющие для нитей и пряжи
6163,Искусство и развлечения,Хобби и творчество,Рукоделие и хобби,Инструменты для рукоделия и хобби,Инструменты для работы с пряжей и нитями,Нитевдеватели
6164,Искусство и развлечения,Хобби и творчество,Рукоделие и хобби,Инструменты для рукоделия и хобби,Инструменты для работы с пряжей и нитями,Чесальные инструменты и машины
6166,Искусство и развлечения,Хобби и творчество,Рукоделие и хобби,Инструменты для рукоделия и хобби,Инструменты для работы с пряжей и нитями,Ткацкие челноки
6167,Искусство и развлечения,Хобби и творчество,Рукоделие и хобби,Инструменты для рукоделия и хобби,Инструменты для работы с пряжей и нитями,Ткацкие трепала
505388,Искусство и развлечения,Хобби и творчество,Рукоделие и хобби,Инструменты для рукоделия и хобби,Устройства для работы с текстилем
615,Искусство и развлечения,Хобби и творчество,Рукоделие и хобби,Инструменты для рукоделия и хобби,Устройства для работы с текстилем,Швейные машины
6134,Искусство и развлечения,Хобби и творчество,Рукоделие и хобби,Инструменты для рукоделия и хобби,Устройства для работы с текстилем,Иглы для валяния
6137,Искусство и развлечения,Хобби и творчество,Рукоделие и хобби,Инструменты для рукоделия и хобби,Устройства для работы с текстилем,Прялки
505421,Искусство и развлечения,Хобби и творчество,Рукоделие и хобби,Инструменты для рукоделия и хобби,Устройства для работы с текстилем,Механические ткацкие станки
505422,Искусство и развлечения,Хобби и творчество,Рукоделие и хобби,Инструменты для рукоделия и хобби,Устройства для работы с текстилем,Ручные ткацкие станки
505391,Искусство и развлечения,Хобби и творчество,Рукоделие и хобби,Инструменты для рукоделия и хобби,Инструменты для смешивания красок
1653,Искусство и развлечения,Хобби и творчество,Рукоделие и хобби,Инструменты для рукоделия и хобби,Инструменты для смешивания красок,Мастихины
1719,Искусство и развлечения,Хобби и творчество,Рукоделие и хобби,Инструменты для рукоделия и хобби,Инструменты для смешивания красок,Палитры
505392,Искусство и развлечения,Хобби и творчество,Рукоделие и хобби,Инструменты для рукоделия и хобби,Инструменты для измерения и разметки
18,Искусство и развлечения,Хобби и творчество,Рукоделие и хобби,Инструменты для рукоделия и хобби,Инструменты для измерения и разметки,Художественные кисти
2671,Искусство и развлечения,Хобби и творчество,Рукоделие и хобби,Инструменты для рукоделия и хобби,Инструменты для измерения и разметки,Трафареты
3083,Искусство и развлечения,Хобби и творчество,Рукоделие и хобби,Инструменты для рукоделия и хобби,Инструменты для измерения и разметки,Циркули
4032,Искусство и развлечения,Хобби и творчество,Рукоделие и хобби,Инструменты для рукоделия и хобби,Инструменты для измерения и разметки,Декоративные резиновые штампы
5883,Искусство и развлечения,Хобби и творчество,Рукоделие и хобби,Инструменты для рукоделия и хобби,Инструменты для измерения и разметки,Трафаретные машины
6125,Искусство и развлечения,Хобби и творчество,Рукоделие и хобби,Инструменты для рукоделия и хобби,Инструменты для измерения и разметки,Резиновые валики для нанесения краски
6126,Искусство и развлечения,Хобби и творчество,Рукоделие и хобби,Инструменты для рукоделия и хобби,Инструменты для измерения и разметки,Ролики для нанесения краски
6157,Искусство и развлечения,Хобби и творчество,Рукоделие и хобби,Инструменты для рукоделия и хобби,Инструменты для измерения и разметки,Линейки для текстильного искусства
6160,Искусство и развлечения,Хобби и творчество,Рукоделие и хобби,Инструменты для рукоделия и хобби,Инструменты для измерения и разметки,Маркеры и счетчики стежков
505420,Искусство и развлечения,Хобби и творчество,Рукоделие и хобби,Инструменты для рукоделия и хобби,Инструменты для измерения и разметки,Приспособления для выжигания по дереву
505393,Искусство и развлечения,Хобби и творчество,Рукоделие и хобби,Инструменты для рукоделия и хобби,Иглы и крючки
4579,Искусство и развлечения,Хобби и творчество,Рукоделие и хобби,Инструменты для рукоделия и хобби,Иглы и крючки,Иглы для швейных машин
5992,Искусство и развлечения,Хобби и творчество,Рукоделие и хобби,Инструменты для рукоделия и хобби,Иглы и крючки,Швейные иглы
6127,Искусство и развлечения,Хобби и творчество,Рукоделие и хобби,Инструменты для рукоделия и хобби,Иглы и крючки,Вязальные крючки
6139,Искусство и развлечения,Хобби и творчество,Рукоделие и хобби,Инструменты для рукоделия и хобби,Иглы и крючки,Вязальные спицы
6168,Искусство и развлечения,Хобби и творчество,Рукоделие и хобби,Инструменты для рукоделия и хобби,Иглы и крючки,Крючки для вязания ковров
504643,Искусство и развлечения,Хобби и творчество,Рукоделие и хобби,Принадлежности для инструментов для рукоделия и хобби
4580,Искусство и развлечения,Хобби и творчество,Рукоделие и хобби,Принадлежности для инструментов для рукоделия и хобби,Футляры и чехлы для швейных машин
5120,Искусство и развлечения,Хобби и творчество,Рукоделие и хобби,Принадлежности для инструментов для рукоделия и хобби,Лапки для швейных машин
6136,Искусство и развлечения,Хобби и творчество,Рукоделие и хобби,Принадлежности для инструментов для рукоделия и хобби,Принадлежности для прялок
232168,Искусство и развлечения,Хобби и творчество,Рукоделие и хобби,Принадлежности для инструментов для рукоделия и хобби,Лезвия для канцелярских ножей
499918,Искусство и развлечения,Хобби и творчество,Рукоделие и хобби,Принадлежности для инструментов для рукоделия и хобби,Блоки для штампов
503348,Искусство и развлечения,Хобби и творчество,Рукоделие и хобби,Принадлежности для инструментов для рукоделия и хобби,Запасные детали для швейных машин
505286,Искусство и развлечения,Хобби и творчество,Рукоделие и хобби,Принадлежности для инструментов для рукоделия и хобби,Раздвижные столы для швейных машин
505369,Искусство и развлечения,Хобби и творчество,Рукоделие и хобби,Органайзеры для принадлежностей для рукоделия
499971,Искусство и развлечения,Хобби и творчество,Рукоделие и хобби,Органайзеры для принадлежностей для рукоделия,Наборы для шитья и текстильных работ
505394,Искусство и развлечения,Хобби и творчество,Рукоделие и хобби,Органайзеры для принадлежностей для рукоделия,"Органайзеры для иголок, булавок и крючков"
505395,Искусство и развлечения,Хобби и творчество,Рукоделие и хобби,Органайзеры для принадлежностей для рукоделия,Органайзеры для пряжи и нитей
505370,Искусство и развлечения,Хобби и творчество,Рукоделие и хобби,Наборы для рукоделия и хобби
4778,Искусство и развлечения,Хобби и творчество,Рукоделие и хобби,Наборы для рукоделия и хобби,Наборы для рисования
4986,Искусство и развлечения,Хобби и творчество,Рукоделие и хобби,Наборы для рукоделия и хобби,Наборы для детского творчества
6382,Искусство и развлечения,Хобби и творчество,Рукоделие и хобби,Наборы для рукоделия и хобби,Наборы для ремонта ткани
6829,Искусство и развлечения,Хобби и творчество,Рукоделие и хобби,Наборы для рукоделия и хобби,Наборы мозаики
6989,Искусство и развлечения,Хобби и творчество,Рукоделие и хобби,Наборы для рукоделия и хобби,Наборы для изготовления благовоний
7096,Искусство и развлечения,Хобби и творчество,Рукоделие и хобби,Наборы для рукоделия и хобби,Наборы для вышивания
502979,Искусство и развлечения,Хобби и творчество,Рукоделие и хобби,Наборы для рукоделия и хобби,Наборы для изготовления ювелирных украшений
503758,Искусство и развлечения,Хобби и творчество,Рукоделие и хобби,Наборы для рукоделия и хобби,Наборы для изготовления фотоальбомов и тиснения
505374,Искусство и развлечения,Хобби и творчество,Рукоделие и хобби,Наборы для рукоделия и хобби,Наборы для изготовления свечей
505371,Искусство и развлечения,Хобби и творчество,Рукоделие и хобби,Шаблоны и формы для рукоделия
3697,Искусство и развлечения,Хобби и творчество,Рукоделие и хобби,Шаблоны и формы для рукоделия,Выкройки
6135,Искусство и развлечения,Хобби и творчество,Рукоделие и хобби,Шаблоны и формы для рукоделия,Формы для валяния
6999,Искусство и развлечения,Хобби и творчество,Рукоделие и хобби,Шаблоны и формы для рукоделия,Шаблоны для вышивки бисером
8007,Искусство и развлечения,Хобби и творчество,Рукоделие и хобби,Шаблоны и формы для рукоделия,Формы для рукоделия и ремесёл
505373,Искусство и развлечения,Хобби и творчество,Рукоделие и хобби,Шаблоны и формы для рукоделия,Шаблоны для вышивки
505372,Искусство и развлечения,Хобби и творчество,Рукоделие и хобби,Материалы для рукоделия и хобби
24,Искусство и развлечения,Хобби и творчество,Рукоделие и хобби,Материалы для рукоделия и хобби,Бумага для художественных работ
2532,Искусство и развлечения,Хобби и творчество,Рукоделие и хобби,Материалы для рукоделия и хобби,Бумага для художественных работ,Бумага для черчения
2741,Искусство и развлечения,Хобби и творчество,Рукоделие и хобби,Материалы для рукоделия и хобби,Бумага для художественных работ,Велень
2967,Искусство и развлечения,Хобби и творчество,Рукоделие и хобби,Материалы для рукоделия и хобби,Бумага для художественных работ,Бумага для оригами
6110,Искусство и развлечения,Хобби и творчество,Рукоделие и хобби,Материалы для рукоделия и хобби,Бумага для художественных работ,Переводная бумага
8168,Искусство и развлечения,Хобби и творчество,Рукоделие и хобби,Материалы для рукоделия и хобби,Бумага для художественных работ,Фольга для рукоделия
505399,Искусство и развлечения,Хобби и творчество,Рукоделие и хобби,Материалы для рукоделия и хобби,Бумага для художественных работ,Бумага для открыток и фотоальбомов
543510,Искусство и развлечения,Хобби и творчество,Рукоделие и хобби,Материалы для рукоделия и хобби,Бумага для художественных работ,Бумага для открыток и фотоальбомов,Карточная бумага
543511,Искусство и развлечения,Хобби и творчество,Рукоделие и хобби,Материалы для рукоделия и хобби,Бумага для художественных работ,Бумага для открыток и фотоальбомов,Бумага для скрапбукинга
505400,Искусство и развлечения,Хобби и творчество,Рукоделие и хобби,Материалы для рукоделия и хобби,Бумага для художественных работ,Бумага для рисования
44,Искусство и развлечения,Хобби и творчество,Рукоделие и хобби,Материалы для рукоделия и хобби,Гончарное дело и лепка
3692,Искусство и развлечения,Хобби и творчество,Рукоделие и хобби,Материалы для рукоделия и хобби,Гончарное дело и лепка,Глина и пластилин
543628,Искусство и развлечения,Хобби и творчество,Рукоделие и хобби,Материалы для рукоделия и хобби,Гончарное дело и лепка,Глина и пластилин,Формовочная глина
543629,Искусство и развлечения,Хобби и творчество,Рукоделие и хобби,Материалы для рукоделия и хобби,Гончарное дело и лепка,Глина и пластилин,Тесто для лепки
505401,Искусство и развлечения,Хобби и творчество,Рукоделие и хобби,Материалы для рукоделия и хобби,Гончарное дело и лепка,Основа для папье-маше
505402,Искусство и развлечения,Хобби и творчество,Рукоделие и хобби,Материалы для рукоделия и хобби,Гончарное дело и лепка,Шликер
505804,Искусство и развлечения,Хобби и творчество,Рукоделие и хобби,Материалы для рукоделия и хобби,Гончарное дело и лепка,Гипсовая ткань
6121,Искусство и развлечения,Хобби и творчество,Рукоделие и хобби,Материалы для рукоделия и хобби,Порошок для тиснения
6142,Искусство и развлечения,Хобби и творчество,Рукоделие и хобби,Материалы для рукоделия и хобби,Материалы для набивки
505405,Искусство и развлечения,Хобби и творчество,Рукоделие и хобби,Материалы для рукоделия и хобби,Материалы для набивки,Наполнитель для подушек
505406,Искусство и развлечения,Хобби и творчество,Рукоделие и хобби,Материалы для рукоделия и хобби,Материалы для набивки,Мягкие шарики
505407,Искусство и развлечения,Хобби и творчество,Рукоделие и хобби,Материалы для рукоделия и хобби,Материалы для набивки,Ватная прокладка и набивка
7402,Искусство и развлечения,Хобби и творчество,Рукоделие и хобби,Материалы для рукоделия и хобби,Фитили
7403,Искусство и развлечения,Хобби и творчество,Рукоделие и хобби,Материалы для рукоделия и хобби,Вкладки для фитилей
505375,Искусство и развлечения,Хобби и творчество,Рукоделие и хобби,Материалы для рукоделия и хобби,Воск для свечей
505376,Искусство и развлечения,Хобби и творчество,Рукоделие и хобби,Материалы для рукоделия и хобби,Склеивающие вещества и магниты
36,Искусство и развлечения,Хобби и творчество,Рукоделие и хобби,Материалы для рукоделия и хобби,Склеивающие вещества и магниты,Фигурные магниты
6418,Искусство и развлечения,Хобби и творчество,Рукоделие и хобби,Материалы для рукоделия и хобби,Склеивающие вещества и магниты,Плавкая тканевая лента
7192,Искусство и развлечения,Хобби и творчество,Рукоделие и хобби,Материалы для рукоделия и хобби,Склеивающие вещества и магниты,Лента для цветов
503745,Искусство и развлечения,Хобби и творчество,Рукоделие и хобби,Материалы для рукоделия и хобби,Склеивающие вещества и магниты,Канцелярский клей и клей для рукодельных работ
505419,Искусство и развлечения,Хобби и творчество,Рукоделие и хобби,Материалы для рукоделия и хобби,Склеивающие вещества и магниты,Декоративная клейкая лента
505377,Искусство и развлечения,Хобби и творчество,Рукоделие и хобби,Материалы для рукоделия и хобби,Проволока для рукоделия
5062,Искусство и развлечения,Хобби и творчество,Рукоделие и хобби,Материалы для рукоделия и хобби,Проволока для рукоделия,Ёршики для чистки трубок
6102,Искусство и развлечения,Хобби и творчество,Рукоделие и хобби,Материалы для рукоделия и хобби,Проволока для рукоделия,Ювелирная проволока
505418,Искусство и развлечения,Хобби и творчество,Рукоделие и хобби,Материалы для рукоделия и хобби,Проволока для рукоделия,Проволока для создания цветочных композиций
505378,Искусство и развлечения,Хобби и творчество,Рукоделие и хобби,Материалы для рукоделия и хобби,"Краски, чернила и глазурь для рукодельных работ"
6558,Искусство и развлечения,Хобби и творчество,Рукоделие и хобби,Материалы для рукоделия и хобби,"Краски, чернила и глазурь для рукодельных работ",Основы для рисования красками
499879,Искусство и развлечения,Хобби и творчество,Рукоделие и хобби,Материалы для рукоделия и хобби,"Краски, чернила и глазурь для рукодельных работ",Глазурь для фаянса и керамики
500094,Искусство и развлечения,Хобби и творчество,Рукоделие и хобби,Материалы для рукоделия и хобби,"Краски, чернила и глазурь для рукодельных работ",Фиксативы
505414,Искусство и развлечения,Хобби и творчество,Рукоделие и хобби,Материалы для рукоделия и хобби,"Краски, чернила и глазурь для рукодельных работ",Штемпельные подушечки
505415,Искусство и развлечения,Хобби и творчество,Рукоделие и хобби,Материалы для рукоделия и хобби,"Краски, чернила и глазурь для рукодельных работ",Красители для рукодельных работ
505416,Искусство и развлечения,Хобби и творчество,Рукоделие и хобби,Материалы для рукоделия и хобби,"Краски, чернила и глазурь для рукодельных работ",Художественные чернила
505417,Искусство и развлечения,Хобби и творчество,Рукоделие и хобби,Материалы для рукоделия и хобби,"Краски, чернила и глазурь для рукодельных работ",Краски для рукоделия и хобби
505379,Искусство и развлечения,Хобби и творчество,Рукоделие и хобби,Материалы для рукоделия и хобби,Украшения и декоративные элементы
32,Искусство и развлечения,Хобби и творчество,Рукоделие и хобби,Материалы для рукоделия и хобби,Украшения и декоративные элементы,Бисер
198,Искусство и развлечения,Хобби и творчество,Рукоделие и хобби,Материалы для рукоделия и хобби,Украшения и декоративные элементы,Драгоценные камни
1927,Искусство и развлечения,Хобби и творчество,Рукоделие и хобби,Материалы для рукоделия и хобби,Украшения и декоративные элементы,Нашивки
4054,Искусство и развлечения,Хобби и творчество,Рукоделие и хобби,Материалы для рукоделия и хобби,Украшения и декоративные элементы,Декоративные наклейки
5982,Искусство и развлечения,Хобби и творчество,Рукоделие и хобби,Материалы для рукоделия и хобби,Украшения и декоративные элементы,Стразы
5996,Искусство и развлечения,Хобби и творчество,Рукоделие и хобби,Материалы для рукоделия и хобби,Украшения и декоративные элементы,Ювелирная фурнитура
6146,Искусство и развлечения,Хобби и творчество,Рукоделие и хобби,Материалы для рукоделия и хобби,Украшения и декоративные элементы,Эластичные материалы
6955,Искусство и развлечения,Хобби и творчество,Рукоделие и хобби,Материалы для рукоделия и хобби,Украшения и декоративные элементы,Тканевые заплатки
505410,Искусство и развлечения,Хобби и творчество,Рукоделие и хобби,Материалы для рукоделия и хобби,Украшения и декоративные элементы,Блёстки
505411,Искусство и развлечения,Хобби и творчество,Рукоделие и хобби,Материалы для рукоделия и хобби,Украшения и декоративные элементы,Перья
505412,Искусство и развлечения,Хобби и творчество,Рукоделие и хобби,Материалы для рукоделия и хобби,Украшения и декоративные элементы,Ленты и накладки
505413,Искусство и развлечения,Хобби и творчество,Рукоделие и хобби,Материалы для рукоделия и хобби,Украшения и декоративные элементы,Бабочки и вязаные цветы
505380,Искусство и развлечения,Хобби и творчество,Рукоделие и хобби,Материалы для рукоделия и хобби,Застежки и крепления для рукодельных работ
4174,Искусство и развлечения,Хобби и творчество,Рукоделие и хобби,Материалы для рукоделия и хобби,Застежки и крепления для рукодельных работ,Молнии
4226,Искусство и развлечения,Хобби и творчество,Рукоделие и хобби,Материалы для рукоделия и хобби,Застежки и крепления для рукодельных работ,Пуговицы и кнопки
6145,Искусство и развлечения,Хобби и творчество,Рукоделие и хобби,Материалы для рукоделия и хобби,Застежки и крепления для рукодельных работ,Застежки-липучки
500056,Искусство и развлечения,Хобби и творчество,Рукоделие и хобби,Материалы для рукоделия и хобби,Застежки и крепления для рукодельных работ,Бегунки для молний
505408,Искусство и развлечения,Хобби и творчество,Рукоделие и хобби,Материалы для рукоделия и хобби,Застежки и крепления для рукодельных работ,Пряжки и крючки
505409,Искусство и развлечения,Хобби и творчество,Рукоделие и хобби,Материалы для рукоделия и хобби,Застежки и крепления для рукодельных работ,Кнопки для застежек
505381,Искусство и развлечения,Хобби и творчество,Рукоделие и хобби,Материалы для рукоделия и хобби,Формы и основы для рукодельных работ
6117,Искусство и развлечения,Хобби и творчество,Рукоделие и хобби,Материалы для рукоделия и хобби,Формы и основы для рукодельных работ,Листовая пена и пенопласт
504419,Искусство и развлечения,Хобби и творчество,Рукоделие и хобби,Материалы для рукоделия и хобби,Формы и основы для рукодельных работ,Каркасы в виде венков и рамки с цветочным узором
505403,Искусство и развлечения,Хобби и творчество,Рукоделие и хобби,Материалы для рукоделия и хобби,Формы и основы для рукодельных работ,Формы из папье-маше
505404,Искусство и развлечения,Хобби и творчество,Рукоделие и хобби,Материалы для рукоделия и хобби,Формы и основы для рукодельных работ,Деревянные детали и формы для рукодельных работ
505382,Искусство и развлечения,Хобби и творчество,Рукоделие и хобби,Материалы для рукоделия и хобби,Нитки для рукоделия
49,Искусство и развлечения,Хобби и творчество,Рукоделие и хобби,Материалы для рукоделия и хобби,Нитки для рукоделия,Нитки
2669,Искусство и развлечения,Хобби и творчество,Рукоделие и хобби,Материалы для рукоделия и хобби,Нитки для рукоделия,Пряжа
6140,Искусство и развлечения,Хобби и творчество,Рукоделие и хобби,Материалы для рукоделия и хобби,Нитки для рукоделия,Нетканое волокно
6540,Искусство и развлечения,Хобби и творчество,Рукоделие и хобби,Материалы для рукоделия и хобби,Нитки для рукоделия,Ювелирные цепи
505383,Искусство и развлечения,Хобби и творчество,Рукоделие и хобби,Материалы для рукоделия и хобби,Кожа и винил
505384,Искусство и развлечения,Хобби и творчество,Рукоделие и хобби,Материалы для рукоделия и хобби,Текстиль
47,Искусство и развлечения,Хобби и творчество,Рукоделие и хобби,Материалы для рукоделия и хобби,Текстиль,Ткани
7076,Искусство и развлечения,Хобби и творчество,Рукоделие и хобби,Материалы для рукоделия и хобби,Текстиль,Флизелин
505396,Искусство и развлечения,Хобби и творчество,Рукоделие и хобби,Материалы для рукоделия и хобби,Текстиль,Ткань для печати рисунка
505397,Искусство и развлечения,Хобби и творчество,Рукоделие и хобби,Материалы для рукоделия и хобби,Текстиль,Холст для рукоделия
19,Искусство и развлечения,Хобби и творчество,Рукоделие и хобби,Материалы для рукоделия и хобби,Текстиль,Холст для рукоделия,Холсты и доски
6144,Искусство и развлечения,Хобби и творчество,Рукоделие и хобби,Материалы для рукоделия и хобби,Текстиль,Холст для рукоделия,Пластиковая канва
505398,Искусство и развлечения,Хобби и творчество,Рукоделие и хобби,Материалы для рукоделия и хобби,Текстиль,Холст для рукоделия,Холст для вышивки
33,Искусство и развлечения,Хобби и творчество,Предметы для жонглирования
35,Искусство и развлечения,Хобби и творчество,Товары для демонстрации фокусов
54,Искусство и развлечения,Хобби и творчество,Музыкальные инструменты
63,Искусство и развлечения,Хобби и творчество,Музыкальные инструменты,Медные духовые инструменты
65,Искусство и развлечения,Хобби и творчество,Музыкальные инструменты,Медные духовые инструменты,Баритоны
67,Искусство и развлечения,Хобби и творчество,Музыкальные инструменты,Медные духовые инструменты,Валторны
70,Искусство и развлечения,Хобби и творчество,Музыкальные инструменты,Медные духовые инструменты,Тромбоны
72,Искусство и развлечения,Хобби и творчество,Музыкальные инструменты,Медные духовые инструменты,Тубы
505769,Искусство и развлечения,Хобби и творчество,Музыкальные инструменты,Медные духовые инструменты,Альтгорны и баритоны
505770,Искусство и развлечения,Хобби и творчество,Музыкальные инструменты,Медные духовые инструменты,Трубы и корнеты
75,Искусство и развлечения,Хобби и творчество,Музыкальные инструменты,Ударные музыкальные инструменты
2518,Искусство и развлечения,Хобби и творчество,Музыкальные инструменты,Ударные музыкальные инструменты,Ударные установки
2797,Искусство и развлечения,Хобби и творчество,Музыкальные инструменты,Ударные музыкальные инструменты,Малые барабаны
2856,Искусство и развлечения,Хобби и творчество,Музыкальные инструменты,Ударные музыкальные инструменты,Электронные ударные установки
2917,Искусство и развлечения,Хобби и творчество,Музыкальные инструменты,Ударные музыкальные инструменты,Большие барабаны
3005,Искусство и развлечения,Хобби и творчество,Музыкальные инструменты,Ударные музыкальные инструменты,Том-томы
3015,Искусство и развлечения,Хобби и творчество,Музыкальные инструменты,Ударные музыкальные инструменты,Хай-хеты
3043,Искусство и развлечения,Хобби и творчество,Музыкальные инструменты,Ударные музыкальные инструменты,Ударные тарелки
6098,Искусство и развлечения,Хобби и творчество,Музыкальные инструменты,Ударные музыкальные инструменты,Гонги
7232,Искусство и развлечения,Хобби и творчество,Музыкальные инструменты,Ударные музыкальные инструменты,Коврики для барабанов
7285,Искусство и развлечения,Хобби и творчество,Музыкальные инструменты,Ударные музыкальные инструменты,Ручная перкуссия
2515,Искусство и развлечения,Хобби и творчество,Музыкальные инструменты,Ударные музыкальные инструменты,Ручная перкуссия,Тамбурины
7286,Искусство и развлечения,Хобби и творчество,Музыкальные инструменты,Ударные музыкальные инструменты,Ручная перкуссия,Терки и трещотки
7287,Искусство и развлечения,Хобби и творчество,Музыкальные инструменты,Ударные музыкальные инструменты,Ручная перкуссия,Музыкальные шейкеры
7288,Искусство и развлечения,Хобби и творчество,Музыкальные инструменты,Ударные музыкальные инструменты,Ручная перкуссия,Сагаты и ручные ударные тарелки
7289,Искусство и развлечения,Хобби и творчество,Музыкальные инструменты,Ударные музыкальные инструменты,Ручная перкуссия,Клавесы и кастаньеты
7290,Искусство и развлечения,Хобби и творчество,Музыкальные инструменты,Ударные музыкальные инструменты,Ручная перкуссия,Музыкальные треугольники
7291,Искусство и развлечения,Хобби и творчество,Музыкальные инструменты,Ударные музыкальные инструменты,Ручная перкуссия,Музыкальные блоки
7293,Искусство и развлечения,Хобби и творчество,Музыкальные инструменты,Ударные музыкальные инструменты,Ручная перкуссия,Ковбеллы
7294,Искусство и развлечения,Хобби и творчество,Музыкальные инструменты,Ударные музыкальные инструменты,Ручная перкуссия,Вибраслэпы
7295,Искусство и развлечения,Хобби и творчество,Музыкальные инструменты,Ударные музыкальные инструменты,Ручная перкуссия,Ручные барабаны
7296,Искусство и развлечения,Хобби и творчество,Музыкальные инструменты,Ударные музыкальные инструменты,Ручная перкуссия,Ручные барабаны,Конги
7297,Искусство и развлечения,Хобби и творчество,Музыкальные инструменты,Ударные музыкальные инструменты,Ручная перкуссия,Ручные барабаны,Кахоны
7298,Искусство и развлечения,Хобби и творчество,Музыкальные инструменты,Ударные музыкальные инструменты,Ручная перкуссия,Ручные барабаны,Бонго
7299,Искусство и развлечения,Хобби и творчество,Музыкальные инструменты,Ударные музыкальные инструменты,Ручная перкуссия,Ручные барабаны,Дарбуки
7300,Искусство и развлечения,Хобби и творчество,Музыкальные инструменты,Ударные музыкальные инструменты,Ручная перкуссия,Ручные барабаны,Бубны
7301,Искусство и развлечения,Хобби и творчество,Музыкальные инструменты,Ударные музыкальные инструменты,Ручная перкуссия,Ручные барабаны,Говорящие барабаны
7302,Искусство и развлечения,Хобби и творчество,Музыкальные инструменты,Ударные музыкальные инструменты,Ручная перкуссия,Ручные барабаны,Таблы
7555,Искусство и развлечения,Хобби и творчество,Музыкальные инструменты,Ударные музыкальные инструменты,Ручная перкуссия,Ручные колокольчики и колокола
7431,Искусство и развлечения,Хобби и творчество,Музыкальные инструменты,Ударные музыкальные инструменты,Ксилофоны и глокеншпили
76,Искусство и развлечения,Хобби и творчество,Музыкальные инструменты,Фортепиано
77,Искусство и развлечения,Хобби и творчество,Музыкальные инструменты,Струнные инструменты
78,Искусство и развлечения,Хобби и творчество,Музыкальные инструменты,Струнные инструменты,Контрабасы
79,Искусство и развлечения,Хобби и творчество,Музыкальные инструменты,Струнные инструменты,Виолончели
80,Искусство и развлечения,Хобби и творчество,Музыкальные инструменты,Струнные инструменты,Гитары
84,Искусство и развлечения,Хобби и творчество,Музыкальные инструменты,Струнные инструменты,Арфы
85,Искусство и развлечения,Хобби и творчество,Музыкальные инструменты,Струнные инструменты,Альты
86,Искусство и развлечения,Хобби и творчество,Музыкальные инструменты,Струнные инструменты,Скрипки
87,Искусство и развлечения,Хобби и творчество,Музыкальные инструменты,Деревянные духовые инструменты
88,Искусство и развлечения,Хобби и творчество,Музыкальные инструменты,Деревянные духовые инструменты,Кларнеты
89,Искусство и развлечения,Хобби и творчество,Музыкальные инструменты,Деревянные духовые инструменты,Флейты
90,Искусство и развлечения,Хобби и творчество,Музыкальные инструменты,Деревянные духовые инструменты,Блокфлейты
91,Искусство и развлечения,Хобби и творчество,Музыкальные инструменты,Деревянные духовые инструменты,Саксофоны
4540,Искусство и развлечения,Хобби и творчество,Музыкальные инструменты,Деревянные духовые инструменты,Фаготы
4541,Искусство и развлечения,Хобби и творчество,Музыкальные инструменты,Деревянные духовые инструменты,Гобои
4743,Искусство и развлечения,Хобби и творчество,Музыкальные инструменты,Деревянные духовые инструменты,Гармоники
4744,Искусство и развлечения,Хобби и творчество,Музыкальные инструменты,Деревянные духовые инструменты,Варганы
5481,Искусство и развлечения,Хобби и творчество,Музыкальные инструменты,Деревянные духовые инструменты,Мелодические гармоники
6721,Искусство и развлечения,Хобби и творчество,Музыкальные инструменты,Деревянные духовые инструменты,Вистлы
6728,Искусство и развлечения,Хобби и творчество,Музыкальные инструменты,Деревянные духовые инструменты,Локомотивные гудки
7188,Искусство и развлечения,Хобби и творчество,Музыкальные инструменты,Деревянные духовые инструменты,Флейтофоны
7249,Искусство и развлечения,Хобби и творчество,Музыкальные инструменты,Деревянные духовые инструменты,Окарины
7250,Искусство и развлечения,Хобби и творчество,Музыкальные инструменты,Деревянные духовые инструменты,Дудки
4983,Искусство и развлечения,Хобби и творчество,Музыкальные инструменты,Аккордеоны и концертины
4984,Искусство и развлечения,Хобби и творчество,Музыкальные инструменты,Волынки
6001,Искусство и развлечения,Хобби и творчество,Музыкальные инструменты,Электронные музыкальные инструменты
74,Искусство и развлечения,Хобби и творчество,Музыкальные инструменты,Электронные музыкальные инструменты,Клавишные инструменты
245,Искусство и развлечения,Хобби и творчество,Музыкальные инструменты,Электронные музыкальные инструменты,Музыкальные сэмплеры
6002,Искусство и развлечения,Хобби и творчество,Музыкальные инструменты,Электронные музыкальные инструменты,MIDI-контроллеры
6003,Искусство и развлечения,Хобби и творчество,Музыкальные инструменты,Электронные музыкальные инструменты,Синтезаторы звука
55,Искусство и развлечения,Хобби и творчество,Принадлежности для музыкальных инструментов
56,Искусство и развлечения,Хобби и творчество,Принадлежности для музыкальных инструментов,Усилители для музыкальных инструментов
57,Искусство и развлечения,Хобби и творчество,Принадлежности для музыкальных инструментов,Принадлежности для медных инструментов
4797,Искусство и развлечения,Хобби и творчество,Принадлежности для музыкальных инструментов,Принадлежности для медных инструментов,Средства для чистки медных духовых инструментов и ухода за ними
4890,Искусство и развлечения,Хобби и творчество,Принадлежности для музыкальных инструментов,Принадлежности для медных инструментов,Средства для чистки медных духовых инструментов и ухода за ними,"Щётки, тросики и стержни для медных духовых инструментов"
4891,Искусство и развлечения,Хобби и творчество,Принадлежности для музыкальных инструментов,Принадлежности для медных инструментов,Средства для чистки медных духовых инструментов и ухода за ними,Принадлежности для ухода за медными духовыми инструментами
4892,Искусство и развлечения,Хобби и творчество,Принадлежности для музыкальных инструментов,Принадлежности для медных инструментов,Средства для чистки медных духовых инструментов и ухода за ними,Средства для чистки медных духовых инструментов
4893,Искусство и развлечения,Хобби и творчество,Принадлежности для музыкальных инструментов,Принадлежности для медных инструментов,Средства для чистки медных духовых инструментов и ухода за ними,Защита помпового механизма для медных духовых инструментов
4894,Искусство и развлечения,Хобби и творчество,Принадлежности для музыкальных инструментов,Принадлежности для медных инструментов,Средства для чистки медных духовых инструментов и ухода за ними,Смазки для медных духовых инструментов
4895,Искусство и развлечения,Хобби и творчество,Принадлежности для музыкальных инструментов,Принадлежности для медных инструментов,Средства для чистки медных духовых инструментов и ухода за ними,Ткань для полировки медных духовых инструментов
4798,Искусство и развлечения,Хобби и творчество,Принадлежности для музыкальных инструментов,Принадлежности для медных инструментов,Запчасти для медных духовых инструментов
505308,Искусство и развлечения,Хобби и творчество,Принадлежности для музыкальных инструментов,Принадлежности для медных инструментов,Мундштуки для медных духовых инструментов
505309,Искусство и развлечения,Хобби и творчество,Принадлежности для музыкальных инструментов,Принадлежности для медных инструментов,Ремни и подставки для медных духовых инструментов
505310,Искусство и развлечения,Хобби и творчество,Принадлежности для музыкальных инструментов,Принадлежности для медных инструментов,Футляры для медных духовых инструментов
505768,Искусство и развлечения,Хобби и творчество,Принадлежности для музыкальных инструментов,Принадлежности для медных инструментов,Сурдины для медных духовых инструментов
60,Искусство и развлечения,Хобби и творчество,Принадлежности для музыкальных инструментов,Принадлежности для клавишных музыкальных инструментов
3324,Искусство и развлечения,Хобби и творчество,Принадлежности для музыкальных инструментов,Принадлежности для клавишных музыкальных инструментов,Аккустические педали
3588,Искусство и развлечения,Хобби и творчество,Принадлежности для музыкальных инструментов,Принадлежности для клавишных музыкальных инструментов,Подставки для клавишных музыкальных инструментов
7357,Искусство и развлечения,Хобби и творчество,Принадлежности для музыкальных инструментов,Принадлежности для клавишных музыкальных инструментов,Сумки и чехлы для клавишных инструментов
61,Искусство и развлечения,Хобби и творчество,Принадлежности для музыкальных инструментов,Принадлежности для струнных инструментов
3502,Искусство и развлечения,Хобби и творчество,Принадлежности для музыкальных инструментов,Принадлежности для струнных инструментов,Принадлежности для гитар
3176,Искусство и развлечения,Хобби и творчество,Принадлежности для музыкальных инструментов,Принадлежности для струнных инструментов,Принадлежности для гитар,Гитарные тюнеры
3178,Искусство и развлечения,Хобби и творчество,Принадлежности для музыкальных инструментов,Принадлежности для струнных инструментов,Принадлежности для гитар,Гитарные струны
3392,Искусство и развлечения,Хобби и творчество,Принадлежности для музыкальных инструментов,Принадлежности для струнных инструментов,Принадлежности для гитар,Увлажнители для гитары
3412,Искусство и развлечения,Хобби и творчество,Принадлежности для музыкальных инструментов,Принадлежности для струнных инструментов,Принадлежности для гитар,Звукосниматели для электрогитар
3646,Искусство и развлечения,Хобби и творчество,Принадлежности для музыкальных инструментов,Принадлежности для струнных инструментов,Принадлежности для гитар,Стойки для гитар
3775,Искусство и развлечения,Хобби и творчество,Принадлежности для музыкальных инструментов,Принадлежности для струнных инструментов,Принадлежности для гитар,Звукосниматели для акустических гитар
3882,Искусство и развлечения,Хобби и творчество,Принадлежности для музыкальных инструментов,Принадлежности для струнных инструментов,Принадлежности для гитар,Чехлы и футляры для гитар
4111,Искусство и развлечения,Хобби и творчество,Принадлежности для музыкальных инструментов,Принадлежности для струнных инструментов,Принадлежности для гитар,Гитарные медиаторы
5367,Искусство и развлечения,Хобби и творчество,Принадлежности для музыкальных инструментов,Принадлежности для струнных инструментов,Принадлежности для гитар,Каподастры
5368,Искусство и развлечения,Хобби и творчество,Принадлежности для музыкальных инструментов,Принадлежности для струнных инструментов,Принадлежности для гитар,Гитарные слайды
499688,Искусство и развлечения,Хобби и творчество,Принадлежности для музыкальных инструментов,Принадлежности для струнных инструментов,Принадлежности для гитар,Ремни для гитар
503032,Искусство и развлечения,Хобби и творчество,Принадлежности для музыкальных инструментов,Принадлежности для струнных инструментов,Принадлежности для гитар,Фурнитура и детали для гитары
503721,Искусство и развлечения,Хобби и творчество,Принадлежности для музыкальных инструментов,Принадлежности для струнных инструментов,Принадлежности для гитар,Натяжители струн для гитары
4806,Искусство и развлечения,Хобби и творчество,Принадлежности для музыкальных инструментов,Принадлежности для струнных инструментов,Средства для чистки струнных инструментов и ухода за ними
3374,Искусство и развлечения,Хобби и творчество,Принадлежности для музыкальных инструментов,Принадлежности для струнных инструментов,Средства для чистки струнных инструментов и ухода за ними,Канифоль для смычков
4911,Искусство и развлечения,Хобби и творчество,Принадлежности для музыкальных инструментов,Принадлежности для струнных инструментов,Средства для чистки струнных инструментов и ухода за ними,Ткань для чистки струнных инструментов
4912,Искусство и развлечения,Хобби и творчество,Принадлежности для музыкальных инструментов,Принадлежности для струнных инструментов,Средства для чистки струнных инструментов и ухода за ними,Средства для полировки струнных инструментов
503033,Искусство и развлечения,Хобби и творчество,Принадлежности для музыкальных инструментов,Принадлежности для струнных инструментов,Принадлежности для оркестровых струнных инструментов
8209,Искусство и развлечения,Хобби и творчество,Принадлежности для музыкальных инструментов,Принадлежности для струнных инструментов,Принадлежности для оркестровых струнных инструментов,Чехлы для смычков для струнных инструментов
503034,Искусство и развлечения,Хобби и творчество,Принадлежности для музыкальных инструментов,Принадлежности для струнных инструментов,Принадлежности для оркестровых струнных инструментов,Струны для оркестровых струнных инструментов
503035,Искусство и развлечения,Хобби и творчество,Принадлежности для музыкальных инструментов,Принадлежности для струнных инструментов,Принадлежности для оркестровых струнных инструментов,Подставки для оркестровых струнных инструментов
503036,Искусство и развлечения,Хобби и творчество,Принадлежности для музыкальных инструментов,Принадлежности для струнных инструментов,Принадлежности для оркестровых струнных инструментов,Звукосниматели для оркестровых струнных инструментов
503037,Искусство и развлечения,Хобби и творчество,Принадлежности для музыкальных инструментов,Принадлежности для струнных инструментов,Принадлежности для оркестровых струнных инструментов,Сурдины для оркестровых струнных инструментов
503038,Искусство и развлечения,Хобби и творчество,Принадлежности для музыкальных инструментов,Принадлежности для струнных инструментов,Принадлежности для оркестровых струнных инструментов,Фурнитура и детали для оркестровых струнных инструментов
503039,Искусство и развлечения,Хобби и творчество,Принадлежности для музыкальных инструментов,Принадлежности для струнных инструментов,Принадлежности для оркестровых струнных инструментов,Футляры для оркестровых струнных инструментов
503040,Искусство и развлечения,Хобби и творчество,Принадлежности для музыкальных инструментов,Принадлежности для струнных инструментов,Принадлежности для оркестровых струнных инструментов,Смычки для оркестровых струнных инструментов
62,Искусство и развлечения,Хобби и творчество,Принадлежности для музыкальных инструментов,Принадлежности для деревянных духовых инструментов
4790,Искусство и развлечения,Хобби и творчество,Принадлежности для музыкальных инструментов,Принадлежности для деревянных духовых инструментов,Принадлежности для фаготов
4809,Искусство и развлечения,Хобби и творчество,Принадлежности для музыкальных инструментов,Принадлежности для деревянных духовых инструментов,Принадлежности для фаготов,Средства для чистки фаготов и ухода за ними
4815,Искусство и развлечения,Хобби и творчество,Принадлежности для музыкальных инструментов,Принадлежности для деревянных духовых инструментов,Принадлежности для фаготов,Средства для чистки фаготов и ухода за ними,Шомполы для чистки фаготов
4810,Искусство и развлечения,Хобби и творчество,Принадлежности для музыкальных инструментов,Принадлежности для деревянных духовых инструментов,Принадлежности для фаготов,Футляры и чехлы для фаготов
4811,Искусство и развлечения,Хобби и творчество,Принадлежности для музыкальных инструментов,Принадлежности для деревянных духовых инструментов,Принадлежности для фаготов,Детали для фаготов
4816,Искусство и развлечения,Хобби и творчество,Принадлежности для музыкальных инструментов,Принадлежности для деревянных духовых инструментов,Принадлежности для фаготов,Детали для фаготов,Шейки для фаготов
4817,Искусство и развлечения,Хобби и творчество,Принадлежности для музыкальных инструментов,Принадлежности для деревянных духовых инструментов,Принадлежности для фаготов,Детали для фаготов,Мелкие детали для фаготов
4812,Искусство и развлечения,Хобби и творчество,Принадлежности для музыкальных инструментов,Принадлежности для деревянных духовых инструментов,Принадлежности для фаготов,Трости для фаготов
4813,Искусство и развлечения,Хобби и творчество,Принадлежности для музыкальных инструментов,Принадлежности для деревянных духовых инструментов,Принадлежности для фаготов,Стойки для фаготов
4814,Искусство и развлечения,Хобби и творчество,Принадлежности для музыкальных инструментов,Принадлежности для деревянных духовых инструментов,Принадлежности для фаготов,Ремни и подставки для фаготов
4791,Искусство и развлечения,Хобби и творчество,Принадлежности для музыкальных инструментов,Принадлежности для деревянных духовых инструментов,Принадлежности для кларнетов
4818,Искусство и развлечения,Хобби и творчество,Принадлежности для музыкальных инструментов,Принадлежности для деревянных духовых инструментов,Принадлежности для кларнетов,Средства для чистки кларнетов и ухода за ними
4826,Искусство и развлечения,Хобби и творчество,Принадлежности для музыкальных инструментов,Принадлежности для деревянных духовых инструментов,Принадлежности для кларнетов,Средства для чистки кларнетов и ухода за ними,Наборы для ухода за кларнетами
4827,Искусство и развлечения,Хобби и творчество,Принадлежности для музыкальных инструментов,Принадлежности для деревянных духовых инструментов,Принадлежности для кларнетов,Средства для чистки кларнетов и ухода за ними,Защитные вставки для кларнетов
4828,Искусство и развлечения,Хобби и творчество,Принадлежности для музыкальных инструментов,Принадлежности для деревянных духовых инструментов,Принадлежности для кларнетов,Средства для чистки кларнетов и ухода за ними,Шомполы для чистки кларнетов
4819,Искусство и развлечения,Хобби и творчество,Принадлежности для музыкальных инструментов,Принадлежности для деревянных духовых инструментов,Принадлежности для кларнетов,Футляры и чехлы для кларнетов
4820,Искусство и развлечения,Хобби и творчество,Принадлежности для музыкальных инструментов,Принадлежности для деревянных духовых инструментов,Принадлежности для кларнетов,Лигатуры и колпачки для кларнетов
4822,Искусство и развлечения,Хобби и творчество,Принадлежности для музыкальных инструментов,Принадлежности для деревянных духовых инструментов,Принадлежности для кларнетов,Детали для кларнетов
4829,Искусство и развлечения,Хобби и творчество,Принадлежности для музыкальных инструментов,Принадлежности для деревянных духовых инструментов,Принадлежности для кларнетов,Детали для кларнетов,Бочонки для кларнетов
4830,Искусство и развлечения,Хобби и творчество,Принадлежности для музыкальных инструментов,Принадлежности для деревянных духовых инструментов,Принадлежности для кларнетов,Детали для кларнетов,Раструбы для кларнетов
4831,Искусство и развлечения,Хобби и творчество,Принадлежности для музыкальных инструментов,Принадлежности для деревянных духовых инструментов,Принадлежности для кларнетов,Детали для кларнетов,Мундштуки для кларнетов
4832,Искусство и развлечения,Хобби и творчество,Принадлежности для музыкальных инструментов,Принадлежности для деревянных духовых инструментов,Принадлежности для кларнетов,Детали для кларнетов,Мелкие детали для кларнетов
4823,Искусство и развлечения,Хобби и творчество,Принадлежности для музыкальных инструментов,Принадлежности для деревянных духовых инструментов,Принадлежности для кларнетов,Подставки и стойки для кларнетов
4824,Искусство и развлечения,Хобби и творчество,Принадлежности для музыкальных инструментов,Принадлежности для деревянных духовых инструментов,Принадлежности для кларнетов,Трости для кларнетов
4825,Искусство и развлечения,Хобби и творчество,Принадлежности для музыкальных инструментов,Принадлежности для деревянных духовых инструментов,Принадлежности для кларнетов,Ремни и подставки для кларнетов
4792,Искусство и развлечения,Хобби и творчество,Принадлежности для музыкальных инструментов,Принадлежности для деревянных духовых инструментов,Принадлежности для флейт
4833,Искусство и развлечения,Хобби и творчество,Принадлежности для музыкальных инструментов,Принадлежности для деревянных духовых инструментов,Принадлежности для флейт,Средства для чистки флейт и ухода за ними
4838,Искусство и развлечения,Хобби и творчество,Принадлежности для музыкальных инструментов,Принадлежности для деревянных духовых инструментов,Принадлежности для флейт,Средства для чистки флейт и ухода за ними,Принадлежности для ухода за флейтами
4839,Искусство и развлечения,Хобби и творчество,Принадлежности для музыкальных инструментов,Принадлежности для деревянных духовых инструментов,Принадлежности для флейт,Средства для чистки флейт и ухода за ними,Стержни для чистки флейт
4840,Искусство и развлечения,Хобби и творчество,Принадлежности для музыкальных инструментов,Принадлежности для деревянных духовых инструментов,Принадлежности для флейт,Средства для чистки флейт и ухода за ними,Шомполы для чистки флейт
4834,Искусство и развлечения,Хобби и творчество,Принадлежности для музыкальных инструментов,Принадлежности для деревянных духовых инструментов,Принадлежности для флейт,Футляры и чехлы для флейт
4836,Искусство и развлечения,Хобби и творчество,Принадлежности для музыкальных инструментов,Принадлежности для деревянных духовых инструментов,Принадлежности для флейт,Детали для флейт
4841,Искусство и развлечения,Хобби и творчество,Принадлежности для музыкальных инструментов,Принадлежности для деревянных духовых инструментов,Принадлежности для флейт,Детали для флейт,Колена для флейт
4842,Искусство и развлечения,Хобби и творчество,Принадлежности для музыкальных инструментов,Принадлежности для деревянных духовых инструментов,Принадлежности для флейт,Детали для флейт,Мелкие детали для флейт
4837,Искусство и развлечения,Хобби и творчество,Принадлежности для музыкальных инструментов,Принадлежности для деревянных духовых инструментов,Принадлежности для флейт,Подставки и стойки для флейт
4793,Искусство и развлечения,Хобби и творчество,Принадлежности для музыкальных инструментов,Принадлежности для деревянных духовых инструментов,Аксессуары для гобоя
4843,Искусство и развлечения,Хобби и творчество,Принадлежности для музыкальных инструментов,Принадлежности для деревянных духовых инструментов,Аксессуары для гобоя,Средства для чистки гобоев и ухода за ними
4849,Искусство и развлечения,Хобби и творчество,Принадлежности для музыкальных инструментов,Принадлежности для деревянных духовых инструментов,Аксессуары для гобоя,Средства для чистки гобоев и ухода за ними,Наборы для ухода за гобоями
4850,Искусство и развлечения,Хобби и творчество,Принадлежности для музыкальных инструментов,Принадлежности для деревянных духовых инструментов,Аксессуары для гобоя,Средства для чистки гобоев и ухода за ними,Шомполы для чистки гобоев
4844,Искусство и развлечения,Хобби и творчество,Принадлежности для музыкальных инструментов,Принадлежности для деревянных духовых инструментов,Аксессуары для гобоя,Футляры и чехлы для гобоев
4845,Искусство и развлечения,Хобби и творчество,Принадлежности для музыкальных инструментов,Принадлежности для деревянных духовых инструментов,Аксессуары для гобоя,Детали для гобоев
4851,Искусство и развлечения,Хобби и творчество,Принадлежности для музыкальных инструментов,Принадлежности для деревянных духовых инструментов,Аксессуары для гобоя,Детали для гобоев,Мелкие детали для гобоев
4846,Искусство и развлечения,Хобби и творчество,Принадлежности для музыкальных инструментов,Принадлежности для деревянных духовых инструментов,Аксессуары для гобоя,Подставки и стойки для гобоев
4847,Искусство и развлечения,Хобби и творчество,Принадлежности для музыкальных инструментов,Принадлежности для деревянных духовых инструментов,Аксессуары для гобоя,Трости для гобоев
4848,Искусство и развлечения,Хобби и творчество,Принадлежности для музыкальных инструментов,Принадлежности для деревянных духовых инструментов,Аксессуары для гобоя,Подвесы и держатели для гобоев
4794,Искусство и развлечения,Хобби и творчество,Принадлежности для музыкальных инструментов,Принадлежности для деревянных духовых инструментов,Принадлежности для саксофонов
4852,Искусство и развлечения,Хобби и творчество,Принадлежности для музыкальных инструментов,Принадлежности для деревянных духовых инструментов,Принадлежности для саксофонов,Средства для чистки саксофонов и ухода за ними
4860,Искусство и развлечения,Хобби и творчество,Принадлежности для музыкальных инструментов,Принадлежности для деревянных духовых инструментов,Принадлежности для саксофонов,Средства для чистки саксофонов и ухода за ними,Наборы для ухода за саксофонами
4861,Искусство и развлечения,Хобби и творчество,Принадлежности для музыкальных инструментов,Принадлежности для деревянных духовых инструментов,Принадлежности для саксофонов,Средства для чистки саксофонов и ухода за ними,Защитные вставки для саксофонов
4862,Искусство и развлечения,Хобби и творчество,Принадлежности для музыкальных инструментов,Принадлежности для деревянных духовых инструментов,Принадлежности для саксофонов,Средства для чистки саксофонов и ухода за ними,Шомполы для чистки саксофонов
4853,Искусство и развлечения,Хобби и творчество,Принадлежности для музыкальных инструментов,Принадлежности для деревянных духовых инструментов,Принадлежности для саксофонов,Футляры и чехлы для саксофонов
4854,Искусство и развлечения,Хобби и творчество,Принадлежности для музыкальных инструментов,Принадлежности для деревянных духовых инструментов,Принадлежности для саксофонов,Лигатуры и колпачки для саксофонов
4856,Искусство и развлечения,Хобби и творчество,Принадлежности для музыкальных инструментов,Принадлежности для деревянных духовых инструментов,Принадлежности для саксофонов,Детали для саксофонов
4863,Искусство и развлечения,Хобби и творчество,Принадлежности для музыкальных инструментов,Принадлежности для деревянных духовых инструментов,Принадлежности для саксофонов,Детали для саксофонов,Мундштуки для саксофонов
4864,Искусство и развлечения,Хобби и творчество,Принадлежности для музыкальных инструментов,Принадлежности для деревянных духовых инструментов,Принадлежности для саксофонов,Детали для саксофонов,Шейки для саксофонов
4865,Искусство и развлечения,Хобби и творчество,Принадлежности для музыкальных инструментов,Принадлежности для деревянных духовых инструментов,Принадлежности для саксофонов,Детали для саксофонов,Мелкие детали для саксофонов
4857,Искусство и развлечения,Хобби и творчество,Принадлежности для музыкальных инструментов,Принадлежности для деревянных духовых инструментов,Принадлежности для саксофонов,Подставки и стойки для саксофонов
4858,Искусство и развлечения,Хобби и творчество,Принадлежности для музыкальных инструментов,Принадлежности для деревянных духовых инструментов,Принадлежности для саксофонов,Трости для саксофонов
4859,Искусство и развлечения,Хобби и творчество,Принадлежности для музыкальных инструментов,Принадлежности для деревянных духовых инструментов,Принадлежности для саксофонов,Ремни и подставки для саксофонов
4866,Искусство и развлечения,Хобби и творчество,Принадлежности для музыкальных инструментов,Принадлежности для деревянных духовых инструментов,Смазка для пробки для деревянных духовых инструментов
4867,Искусство и развлечения,Хобби и творчество,Принадлежности для музыкальных инструментов,Принадлежности для деревянных духовых инструментов,Ткань для полировки деревянных духовых инструментов
4939,Искусство и развлечения,Хобби и творчество,Принадлежности для музыкальных инструментов,Принадлежности для деревянных духовых инструментов,Ножи для тростей для деревянных духовых инструментов
4955,Искусство и развлечения,Хобби и творчество,Принадлежности для музыкальных инструментов,Принадлежности для деревянных духовых инструментов,Принадлежности для губных гармоник
4956,Искусство и развлечения,Хобби и творчество,Принадлежности для музыкальных инструментов,Принадлежности для деревянных духовых инструментов,Принадлежности для губных гармоник,Футляры для губных гармоник
5046,Искусство и развлечения,Хобби и творчество,Принадлежности для музыкальных инструментов,Принадлежности для деревянных духовых инструментов,Принадлежности для губных гармоник,Ремешки для губных гармоник
4957,Искусство и развлечения,Хобби и творчество,Принадлежности для музыкальных инструментов,Принадлежности для деревянных духовых инструментов,Футляры для тростей для деревянных духовых инструментов
503747,Искусство и развлечения,Хобби и творчество,Принадлежности для музыкальных инструментов,Принадлежности для деревянных духовых инструментов,Принадлежности для блок-флейты
503748,Искусство и развлечения,Хобби и творчество,Принадлежности для музыкальных инструментов,Принадлежности для деревянных духовых инструментов,Принадлежности для блок-флейты,Футляры для блок-флейты
503749,Искусство и развлечения,Хобби и творчество,Принадлежности для музыкальных инструментов,Принадлежности для деревянных духовых инструментов,Принадлежности для блок-флейты,Средства для ухода за блок-флейтой
503750,Искусство и развлечения,Хобби и творчество,Принадлежности для музыкальных инструментов,Принадлежности для деревянных духовых инструментов,Принадлежности для блок-флейты,Детали для блок-флейты
3270,Искусство и развлечения,Хобби и творчество,Принадлежности для музыкальных инструментов,Электронные тюнеры
3465,Искусство и развлечения,Хобби и творчество,Принадлежности для музыкальных инструментов,Принадлежности для ударных музыкальных инструментов
59,Искусство и развлечения,Хобби и творчество,Принадлежности для музыкальных инструментов,Принадлежности для ударных музыкальных инструментов,Барабанные палочки и кисти
4631,Искусство и развлечения,Хобби и творчество,Принадлежности для музыкальных инструментов,Принадлежности для ударных музыкальных инструментов,Палочки для ударных музыкальных инструментов
7099,Искусство и развлечения,Хобби и творчество,Принадлежности для музыкальных инструментов,Принадлежности для ударных музыкальных инструментов,Оборудование для ударных установок
7101,Искусство и развлечения,Хобби и творчество,Принадлежности для музыкальных инструментов,Принадлежности для ударных музыкальных инструментов,Оборудование для ударных установок,Педали для барабанов
7102,Искусство и развлечения,Хобби и творчество,Принадлежности для музыкальных инструментов,Принадлежности для ударных музыкальных инструментов,Оборудование для ударных установок,Крепёж для ударных установок
7103,Искусство и развлечения,Хобби и творчество,Принадлежности для музыкальных инструментов,Принадлежности для ударных музыкальных инструментов,Оборудование для ударных установок,Колотушки для бас-барабанов
7100,Искусство и развлечения,Хобби и творчество,Принадлежности для музыкальных инструментов,Принадлежности для ударных музыкальных инструментов,Чехлы для ударных тарелок и барабанов
7150,Искусство и развлечения,Хобби и творчество,Принадлежности для музыкальных инструментов,Принадлежности для ударных музыкальных инструментов,Принадлежности для барабанных палочек и кистей
7151,Искусство и развлечения,Хобби и творчество,Принадлежности для музыкальных инструментов,Принадлежности для ударных музыкальных инструментов,Принадлежности для барабанных палочек и кистей,Сумки и чехлы для барабанных палочек и кистей
7152,Искусство и развлечения,Хобби и творчество,Принадлежности для музыкальных инструментов,Принадлежности для ударных музыкальных инструментов,Ключи для барабанов
7153,Искусство и развлечения,Хобби и творчество,Принадлежности для музыкальных инструментов,Принадлежности для ударных музыкальных инструментов,Кожа для барабанов
7231,Искусство и развлечения,Хобби и творчество,Принадлежности для музыкальных инструментов,Принадлежности для ударных музыкальных инструментов,Сурдины для ударных тарелок и барабанов
7282,Искусство и развлечения,Хобби и творчество,Принадлежности для музыкальных инструментов,Принадлежности для ударных музыкальных инструментов,Принадлежности для ручной перкуссии
7283,Искусство и развлечения,Хобби и творчество,Принадлежности для музыкальных инструментов,Принадлежности для ударных музыкальных инструментов,Принадлежности для ручной перкуссии,Сумки и чехлы для ручной перкуссии
7284,Искусство и развлечения,Хобби и творчество,Принадлежности для музыкальных инструментов,Принадлежности для ударных музыкальных инструментов,Принадлежности для ручной перкуссии,Стойки и крепления для ручной перкуссии
7308,Искусство и развлечения,Хобби и творчество,Принадлежности для музыкальных инструментов,Принадлежности для ударных музыкальных инструментов,Стойки для ударных музыкальных инструментов
7455,Искусство и развлечения,Хобби и творчество,Принадлежности для музыкальных инструментов,Принадлежности для ударных музыкальных инструментов,Модули для электронных ударных установок
4142,Искусство и развлечения,Хобби и творчество,Принадлежности для музыкальных инструментов,Пюпитры
7277,Искусство и развлечения,Хобби и творчество,Принадлежности для музыкальных инструментов,Принадлежности для пюпитров
7278,Искусство и развлечения,Хобби и творчество,Принадлежности для музыкальных инструментов,Принадлежности для пюпитров,Зажимы для нот
7279,Искусство и развлечения,Хобби и творчество,Принадлежности для музыкальных инструментов,Принадлежности для пюпитров,Сумки для пюпитров
7280,Искусство и развлечения,Хобби и творчество,Принадлежности для музыкальных инструментов,Принадлежности для пюпитров,Светильники для пюпитров
8072,Искусство и развлечения,Хобби и творчество,Принадлежности для музыкальных инструментов,Принадлежности для усилителей для музыкальных инструментов
6970,Искусство и развлечения,Хобби и творчество,Принадлежности для музыкальных инструментов,Принадлежности для усилителей для музыкальных инструментов,Шкафы для музыкальных усилителей
7364,Искусство и развлечения,Хобби и творчество,Принадлежности для музыкальных инструментов,Принадлежности для усилителей для музыкальных инструментов,Стойки для усилителей для музыкальных инструментов
8073,Искусство и развлечения,Хобби и творчество,Принадлежности для музыкальных инструментов,Принадлежности для усилителей для музыкальных инструментов,Педали для усилителей для музыкальных инструментов
8461,Искусство и развлечения,Хобби и творчество,Принадлежности для музыкальных инструментов,Принадлежности для усилителей для музыкальных инструментов,Чехлы и ящики для усилителей для музыкальных инструментов
8462,Искусство и развлечения,Хобби и творчество,Принадлежности для музыкальных инструментов,Принадлежности для усилителей для музыкальных инструментов,Регуляторы для усилителей для музыкальных инструментов
8480,Искусство и развлечения,Хобби и творчество,Принадлежности для музыкальных инструментов,Принадлежности для усилителей для музыкальных инструментов,Электронные лампы для усилителей для музыкальных инструментов
500001,Искусство и развлечения,Хобби и творчество,Принадлежности для музыкальных инструментов,Маршевые лиры и пюпитры
505288,Искусство и развлечения,Хобби и творчество,Принадлежности для музыкальных инструментов,Дирижерские палочки
505328,Искусство и развлечения,Хобби и творчество,Принадлежности для музыкальных инструментов,Банкетки и стулья
505365,Искусство и развлечения,Хобби и творчество,Принадлежности для музыкальных инструментов,Метрономы
216,Искусство и развлечения,Хобби и творчество,Коллекционные предметы
37,Искусство и развлечения,Хобби и творчество,Коллекционные предметы,Масштабные модели
217,Искусство и развлечения,Хобби и творчество,Коллекционные предметы,Коллекционные монеты и банкноты
543606,Искусство и развлечения,Хобби и творчество,Коллекционные предметы,Коллекционные монеты и банкноты,Коллекционные монеты
543607,Искусство и развлечения,Хобби и творчество,Коллекционные предметы,Коллекционные монеты и банкноты,Коллекционные банкноты
218,Искусство и развлечения,Хобби и творчество,Коллекционные предметы,Горные породы и окаменелости
219,Искусство и развлечения,Хобби и творчество,Коллекционные предметы,Почтовые марки
220,Искусство и развлечения,Хобби и творчество,Коллекционные предметы,Коллекционное оружие
221,Искусство и развлечения,Хобби и творчество,Коллекционные предметы,Коллекционное оружие,Коллекционные мечи
1340,Искусство и развлечения,Хобби и творчество,Коллекционные предметы,Коллекционное оружие,Подставки и стенды для мечей
5311,Искусство и развлечения,Хобби и творчество,Коллекционные предметы,Коллекционное оружие,Коллекционные ножи
499953,Искусство и развлечения,Хобби и творчество,Коллекционные предметы,Коллекционное оружие,Коллекционные пистолеты и ружья
1312,Искусство и развлечения,Хобби и творчество,Коллекционные предметы,Штемпели
3599,Искусство и развлечения,Хобби и творчество,Коллекционные предметы,Автографы
3865,Искусство и развлечения,Хобби и творчество,Коллекционные предметы,Спортивные реликвии для коллекционеров
3515,Искусство и развлечения,Хобби и творчество,Коллекционные предметы,Спортивные реликвии для коллекционеров,Товары для спортивных болельщиков
1051,Искусство и развлечения,Хобби и творчество,Коллекционные предметы,Спортивные реликвии для коллекционеров,Товары для спортивных болельщиков,Товары для болельщиков автогонок
1074,Искусство и развлечения,Хобби и творчество,Коллекционные предметы,Спортивные реликвии для коллекционеров,Товары для спортивных болельщиков,Товары для бейсбольных и софтбольных болельщиков
1084,Искусство и развлечения,Хобби и творчество,Коллекционные предметы,Спортивные реликвии для коллекционеров,Товары для спортивных болельщиков,Товары для баскетбольных болельщиков
1095,Искусство и развлечения,Хобби и творчество,Коллекционные предметы,Спортивные реликвии для коллекционеров,Товары для спортивных болельщиков,Товары для болельщиков американского футбола
3576,Искусство и развлечения,Хобби и творчество,Коллекционные предметы,Спортивные реликвии для коллекционеров,Товары для спортивных болельщиков,Товары для футбольных болельщиков
4006,Искусство и развлечения,Хобби и творчество,Коллекционные предметы,Спортивные реликвии для коллекционеров,Товары для спортивных болельщиков,Товары для хоккейных болельщиков
6187,Искусство и развлечения,Хобби и творчество,Коллекционные предметы,Спортивные реликвии для коллекционеров,Товары для спортивных болельщиков,Товары для теннисных болельщиков
4333,Искусство и развлечения,Хобби и творчество,Коллекционные предметы,Спортивные реликвии для коллекционеров,Спортивная атрибутика с автографами
4093,Искусство и развлечения,Хобби и творчество,Коллекционные предметы,Спортивные реликвии для коллекционеров,Спортивная атрибутика с автографами,Футбольная атрибутика с автографами
4124,Искусство и развлечения,Хобби и творчество,Коллекционные предметы,Спортивные реликвии для коллекционеров,Спортивная атрибутика с автографами,Атрибутика с автографами звёзд американского футбола
4144,Искусство и развлечения,Хобби и творчество,Коллекционные предметы,Спортивные реликвии для коллекционеров,Спортивная атрибутика с автографами,Хоккейная атрибутика с автографами
4149,Искусство и развлечения,Хобби и творчество,Коллекционные предметы,Спортивные реликвии для коллекционеров,Спортивная атрибутика с автографами,Бейсбольная и софтбольная атрибутика с автографами
4180,Искусство и развлечения,Хобби и творчество,Коллекционные предметы,Спортивные реликвии для коллекционеров,Спортивная атрибутика с автографами,Автоспортивная атрибутика с автографами
4279,Искусство и развлечения,Хобби и творчество,Коллекционные предметы,Спортивные реликвии для коллекционеров,Спортивная атрибутика с автографами,Баскетбольная атрибутика с автографами
6186,Искусство и развлечения,Хобби и творчество,Коллекционные предметы,Спортивные реликвии для коллекционеров,Спортивная атрибутика с автографами,Теннисная атрибутика с автографами
8210,Искусство и развлечения,Хобби и творчество,Коллекционные предметы,Спортивные реликвии для коллекционеров,Спортивная атрибутика с автографами,Боксерская атрибутика с автографами
3893,Искусство и развлечения,Хобби и творчество,Коллекционные предметы,Коллекционные рекламные объявления
6000,Искусство и развлечения,Хобби и творчество,Коллекционные предметы,Принадлежности для масштабных моделей
6997,Искусство и развлечения,Хобби и творчество,Коллекционные предметы,Коллекционные карточки
3577,Искусство и развлечения,Хобби и творчество,Сырьё для домашнего пивоварения и виноделия
2579,Искусство и развлечения,Хобби и творчество,Сырьё для домашнего пивоварения и виноделия,Виноделие
3014,Искусство и развлечения,Хобби и творчество,Сырьё для домашнего пивоварения и виноделия,Зерно и солод для пивоварения
499891,Искусство и развлечения,Хобби и творчество,Сырьё для домашнего пивоварения и виноделия,Наборы для домашнего пивоварения и виноделия
502980,Искусство и развлечения,Хобби и творчество,Сырьё для домашнего пивоварения и виноделия,Бутылки для розлива
5999,Искусство и развлечения,Хобби и творчество,Моделизм
3885,Искусство и развлечения,Хобби и творчество,Моделизм,Сборные модели ракет
4175,Искусство и развлечения,Хобби и творчество,Моделизм,Сборные модели
5150,Искусство и развлечения,Хобби и творчество,Моделизм,Модели железных дорог
5151,Искусство и развлечения,Хобби и творчество,Моделизм,Принадлежности для моделей железных дорог
499969,Искусство и развлечения,Билеты на мероприятия
111,Бизнес и промышленность
112,Бизнес и промышленность,Сельское хозяйство
6991,Бизнес и промышленность,Сельское хозяйство,Животноводство
6990,Бизнес и промышленность,Сельское хозяйство,Животноводство,Кормушки для скота
499946,Бизнес и промышленность,Сельское хозяйство,Животноводство,Поводья для скота
499997,Бизнес и промышленность,Сельское хозяйство,Животноводство,Инкубаторы для яиц
505821,Бизнес и промышленность,Сельское хозяйство,Животноводство,Корм для скота
543544,Бизнес и промышленность,Сельское хозяйство,Животноводство,Корм для скота,Корм для кур
543545,Бизнес и промышленность,Сельское хозяйство,Животноводство,Корм для скота,Корм для крупного рогатого скота
543546,Бизнес и промышленность,Сельское хозяйство,Животноводство,Корм для скота,Корм для свиней
543547,Бизнес и промышленность,Сельское хозяйство,Животноводство,Корм для скота,Корм для коз и овец
543548,Бизнес и промышленность,Сельское хозяйство,Животноводство,Корм для скота,Корм для смешанного стада
114,Бизнес и промышленность,Строительство
134,Бизнес и промышленность,Строительство,Товары для межевания
8278,Бизнес и промышленность,Строительство,Дорожные конусы и буферы
135,Бизнес и промышленность,Общественное питание
137,Бизнес и промышленность,Общественное питание,Торговые автоматы
4096,Бизнес и промышленность,Общественное питание,Пластиковые корзины для продуктов
4217,Бизнес и промышленность,Общественное питание,Контейнеры для грязной посуды
4632,Бизнес и промышленность,Общественное питание,Одноразовая посуда
5098,Бизнес и промышленность,Общественное питание,Одноразовая посуда,Одноразовые миски
5099,Бизнес и промышленность,Общественное питание,Одноразовая посуда,Одноразовые стаканы
5100,Бизнес и промышленность,Общественное питание,Одноразовая посуда,Одноразовые столовые приборы
5101,Бизнес и промышленность,Общественное питание,Одноразовая посуда,Одноразовые тарелки
4742,Бизнес и промышленность,Общественное питание,Сервировочные столики
5097,Бизнес и промышленность,Общественное питание,Контейнеры для еды и напитков на вынос
5102,Бизнес и промышленность,Общественное питание,Рекламные пищевые контейнеры
5104,Бизнес и промышленность,Общественное питание,Плитки для подогрева тарелок и блюд
6517,Бизнес и промышленность,Общественное питание,Грили для хот-догов
6786,Бизнес и промышленность,Общественное питание,Машины для мойки и сушки пищевых продуктов
7088,Бизнес и промышленность,Общественное питание,Одноразовые приборы для сервировки
7089,Бизнес и промышленность,Общественное питание,Одноразовые приборы для сервировки,Одноразовые подносы
7303,Бизнес и промышленность,Общественное питание,Хлебобулочные контейнеры
7353,Бизнес и промышленность,Общественное питание,Бункеры для льда
7553,Бизнес и промышленность,Общественное питание,Наклонные сковороды
8059,Бизнес и промышленность,Общественное питание,Одноразовые крышки
8532,Бизнес и промышленность,Общественное питание,Держатели для банковских чеков
8533,Бизнес и промышленность,Общественное питание,Защитные буфетные экраны
138,Бизнес и промышленность,Розничная торговля
1837,Бизнес и промышленность,Розничная торговля,Бумажные и полиэтиленовые пакеты для покупок
3803,Бизнес и промышленность,Розничная торговля,Манекены для одежды
4127,Бизнес и промышленность,Розничная торговля,Пистолеты для нанесения ценников
4160,Бизнес и промышленность,Розничная торговля,Витрины для розничных магазинов
4181,Бизнес и промышленность,Розничная торговля,Счётно-денежное оборудование
3273,Бизнес и промышленность,Розничная торговля,Счётно-денежное оборудование,Автоматы для размена денег
4055,Бизнес и промышленность,Розничная торговля,Счётно-денежное оборудование,Бумажная упаковка для монет и ленты для банкнот
4151,Бизнес и промышленность,Розничная торговля,Счётно-денежное оборудование,Счётно-денежные машины
4290,Бизнес и промышленность,Розничная торговля,Счётно-денежное оборудование,Оборудование для проверки банкнот
4329,Бизнес и промышленность,Розничная торговля,Счётно-денежное оборудование,Инкассаторские сумки
505824,Бизнес и промышленность,Розничная торговля,Счётно-денежное оборудование,Кассовые аппараты и терминалы в торговых точках
543647,Бизнес и промышленность,Розничная торговля,Счётно-денежное оборудование,Кассовые аппараты и терминалы в торговых точках,Кассовые аппараты
543648,Бизнес и промышленность,Розничная торговля,Счётно-денежное оборудование,Кассовые аппараты и терминалы в торговых точках,POS-терминалы
505825,Бизнес и промышленность,Розничная торговля,Счётно-денежное оборудование,Принадлежности для кассовых аппаратов и терминалов в торговых точках
4283,Бизнес и промышленность,Розничная торговля,Счётно-денежное оборудование,Принадлежности для кассовых аппаратов и терминалов в торговых точках,Выдвижные ящики-кассы
5310,Бизнес и промышленность,Розничная торговля,Счётно-денежное оборудование,Принадлежности для кассовых аппаратов и терминалов в торговых точках,Устройства ввода подписи
505808,Бизнес и промышленность,Розничная торговля,Счётно-денежное оборудование,Принадлежности для кассовых аппаратов и терминалов в торговых точках,Терминалы для приема платежей с пластиковых карт
4244,Бизнес и промышленность,Розничная торговля,Стеллажи и вешалки для одежды
7128,Бизнес и промышленность,Розничная торговля,Детали манекенов
499897,Бизнес и промышленность,Розничная торговля,Макеты и модели для витрин
976,Бизнес и промышленность,Знаки и обозначения
4297,Бизнес и промышленность,Знаки и обозначения,Электрические вывески
4070,Бизнес и промышленность,Знаки и обозначения,Электрические вывески,Неоновые вывески
4131,Бизнес и промышленность,Знаки и обозначения,Электрические вывески,Светодиодные вывески
5892,Бизнес и промышленность,Знаки и обозначения,Знаки безопасности и предупреждающие надписи
5893,Бизнес и промышленность,Знаки и обозначения,Знаки для охраняемых объектов
5894,Бизнес и промышленность,Знаки и обозначения,Аварийные знаки и знаки выхода
5895,Бизнес и промышленность,Знаки и обозначения,Дорожные знаки и указатели
5896,Бизнес и промышленность,Знаки и обозначения,Знаки автостоянки
5897,Бизнес и промышленность,Знаки и обозначения,Знаки идентификации помещений
5898,Бизнес и промышленность,Знаки и обозначения,Вывески для розничной торговли
5899,Бизнес и промышленность,Знаки и обозначения,Знаки и вывески для тротуаров и дворов
5900,Бизнес и промышленность,Знаки и обозначения,Знаки с правилами
7322,Бизнес и промышленность,Знаки и обозначения,Вывески с часами работы
7323,Бизнес и промышленность,Знаки и обозначения,"Знаки ""Открыто"" и ""Закрыто"""
8155,Бизнес и промышленность,Знаки и обозначения,Цифровые вывески
1470,Бизнес и промышленность,Производство
1475,Бизнес и промышленность,Гостиничный бизнес
1556,Бизнес и промышленность,Товары для обеспечения правопорядка
361,Бизнес и промышленность,Товары для обеспечения правопорядка,Металлоискатели
1906,Бизнес и промышленность,Товары для обеспечения правопорядка,Кандалы
1624,Бизнес и промышленность,Лабораторное и научное оборудование
3002,Бизнес и промышленность,Лабораторное и научное оборудование,Лабораторные химикаты
4255,Бизнес и промышленность,Лабораторное и научное оборудование,Лабораторные принадлежности
4036,Бизнес и промышленность,Лабораторное и научное оборудование,Лабораторные принадлежности,Лабораторные колбы
4061,Бизнес и промышленность,Лабораторное и научное оборудование,Лабораторные принадлежности,Мерные цилиндры
4075,Бизнес и промышленность,Лабораторное и научное оборудование,Лабораторные принадлежности,Пипетки
4140,Бизнес и промышленность,Лабораторное и научное оборудование,Лабораторные принадлежности,Промывные склянки
4155,Бизнес и промышленность,Лабораторное и научное оборудование,Лабораторные принадлежности,Штативы для пробирок
4276,Бизнес и промышленность,Лабораторное и научное оборудование,Лабораторные принадлежности,Чашки Петри
4306,Бизнес и промышленность,Лабораторное и научное оборудование,Лабораторные принадлежности,Пробирки
4310,Бизнес и промышленность,Лабораторное и научное оборудование,Лабораторные принадлежности,Лабораторные стаканы
4335,Бизнес и промышленность,Лабораторное и научное оборудование,Лабораторное оборудование
158,Бизнес и промышленность,Лабораторное и научное оборудование,Лабораторное оборудование,Микроскопы
4116,Бизнес и промышленность,Лабораторное и научное оборудование,Лабораторное оборудование,Автоклавы
4133,Бизнес и промышленность,Лабораторное и научное оборудование,Лабораторное оборудование,Лабораторные электроплитки
4231,Бизнес и промышленность,Лабораторное и научное оборудование,Лабораторное оборудование,Лабораторные печи
4336,Бизнес и промышленность,Лабораторное и научное оборудование,Лабораторное оборудование,Центрифуги
4474,Бизнес и промышленность,Лабораторное и научное оборудование,Лабораторное оборудование,Лабораторные смесители
4555,Бизнес и промышленность,Лабораторное и научное оборудование,Лабораторное оборудование,Принадлежности для микроскопов
4556,Бизнес и промышленность,Лабораторное и научное оборудование,Лабораторное оборудование,Принадлежности для микроскопов,Окуляры и адаптеры для микроскопов
4557,Бизнес и промышленность,Лабораторное и научное оборудование,Лабораторное оборудование,Принадлежности для микроскопов,Камеры для микроскопов
4558,Бизнес и промышленность,Лабораторное и научное оборудование,Лабораторное оборудование,Принадлежности для микроскопов,Предметные стекла для микроскопов
4664,Бизнес и промышленность,Лабораторное и научное оборудование,Лабораторное оборудование,Принадлежности для микроскопов,Сменные лампы для микроскопов
4665,Бизнес и промышленность,Лабораторное и научное оборудование,Лабораторное оборудование,Принадлежности для микроскопов,Объективы для микроскопов
7218,Бизнес и промышленность,Лабораторное и научное оборудование,Лабораторное оборудование,Генераторы сухого льда
7393,Бизнес и промышленность,Лабораторное и научное оборудование,Лабораторное оборудование,Спектрометры
7437,Бизнес и промышленность,Лабораторное и научное оборудование,Лабораторное оборудование,Микротомы
7468,Бизнес и промышленность,Лабораторное и научное оборудование,Лабораторное оборудование,Принадлежности для спектрометров
500057,Бизнес и промышленность,Лабораторное и научное оборудование,Лабораторное оборудование,Лиофильные сушилки
500114,Бизнес и промышленность,Лабораторное и научное оборудование,Лабораторное оборудование,Лабораторные холодильники
503722,Бизнес и промышленность,Лабораторное и научное оборудование,Лабораторное оборудование,Лабораторные воронки
6975,Бизнес и промышленность,Лабораторное и научное оборудование,Биохимические реагенты
7325,Бизнес и промышленность,Лабораторное и научное оборудование,Препаровальные наборы
8119,Бизнес и промышленность,Лабораторное и научное оборудование,Лабораторные образцы
1795,Бизнес и промышленность,Тяжелое оборудование
2072,Бизнес и промышленность,Тяжелое оборудование,Рубительные машины
1813,Бизнес и промышленность,Финансы и страхование
7565,Бизнес и промышленность,Финансы и страхование,Слитки
1827,Бизнес и промышленность,Лесное хозяйство и заготовка леса
2047,Бизнес и промышленность,Рабочее защитное снаряжение
2227,Бизнес и промышленность,Рабочее защитное снаряжение,Средства для защиты глаз
2389,Бизнес и промышленность,Рабочее защитное снаряжение,Пуленепробиваемые жилеты
2723,Бизнес и промышленность,Рабочее защитное снаряжение,Каски
2808,Бизнес и промышленность,Рабочее защитное снаряжение,Защитные костюмы
5591,Бизнес и промышленность,Рабочее защитное снаряжение,Защитные перчатки
6764,Бизнес и промышленность,Рабочее защитное снаряжение,Защитные фартуки
7085,Бизнес и промышленность,Рабочее защитное снаряжение,Рабочие страховочные фалы
8269,Бизнес и промышленность,Рабочее защитное снаряжение,Принадлежности для противогазов и респираторов
499708,Бизнес и промышленность,Рабочее защитное снаряжение,Рабочие страховочные привязи
499927,Бизнес и промышленность,Рабочее защитное снаряжение,Сварочные маски
499961,Бизнес и промышленность,Рабочее защитное снаряжение,Защитные наколенники
503724,Бизнес и промышленность,Рабочее защитное снаряжение,Защитные маски
513,Бизнес и промышленность,Рабочее защитное снаряжение,Защитные маски,Медицинские маски
2349,Бизнес и промышленность,Рабочее защитное снаряжение,Защитные маски,Защитные маски для пожарных
2473,Бизнес и промышленность,Рабочее защитное снаряжение,Защитные маски,Противогазы и респираторы
7407,Бизнес и промышленность,Рабочее защитное снаряжение,Защитные маски,Пылезащитные маски
2155,Бизнес и промышленность,Кино и телевидение
2187,Бизнес и промышленность,Горное дело
2496,Бизнес и промышленность,Медицина
1645,Бизнес и промышленность,Медицина,Хирургические халаты
1898,Бизнес и промышленность,Медицина,Больничные халаты
2907,Бизнес и промышленность,Медицина,Медицинские расходные материалы
511,Бизнес и промышленность,Медицина,Медицинские расходные материалы,Одноразовые перчатки
7063,Бизнес и промышленность,Медицина,Медицинские расходные материалы,Медицинские напальчники
7324,Бизнес и промышленность,Медицина,Медицинские расходные материалы,Медицинские шпатели
499696,Бизнес и промышленность,Медицина,Медицинские расходные материалы,Медицинские иглы и шприцы
543670,Бизнес и промышленность,Медицина,Медицинские расходные материалы,Медицинские иглы и шприцы,Иглы медицинские
543671,Бизнес и промышленность,Медицина,Медицинские расходные материалы,Медицинские иглы и шприцы,Шприцы медицинские
543672,Бизнес и промышленность,Медицина,Медицинские расходные материалы,Медицинские иглы и шприцы,Шприцы в комплекте с иглами
505828,Бизнес и промышленность,Медицина,Медицинские расходные материалы,Средства для ухода за стомой
2928,Бизнес и промышленность,Медицина,Медицинские костюмы
3477,Бизнес и промышленность,Медицина,Медицинское оборудование
3230,Бизнес и промышленность,Медицина,Медицинское оборудование,Автоматические наружные дефибрилляторы
4245,Бизнес и промышленность,Медицина,Медицинское оборудование,Отоскопы и офтальмоскопы
4364,Бизнес и промышленность,Медицина,Медицинское оборудование,Стетоскопы
6280,Бизнес и промышленность,Медицина,Медицинское оборудование,Мониторы показателей жизнедеятельности
6714,Бизнес и промышленность,Медицина,Медицинское оборудование,Принадлежности для мониторов показателей жизнедеятельности
6972,Бизнес и промышленность,Медицина,Медицинское оборудование,Неврологические молотки
7522,Бизнес и промышленность,Медицина,Медицинское оборудование,Медицинские подъёмники
499858,Бизнес и промышленность,Медицина,Медицинское оборудование,Медицинские носилки и тележки
503006,Бизнес и промышленность,Медицина,Медицинское оборудование,Пояса для перемещения пациентов
5167,Бизнес и промышленность,Медицина,Медицинская мебель
4435,Бизнес и промышленность,Медицина,Медицинская мебель,Больничные койки
5168,Бизнес и промышленность,Медицина,Медицинская мебель,Столы для хиропрактики
5169,Бизнес и промышленность,Медицина,Медицинская мебель,Смотровые кресла и столы
5170,Бизнес и промышленность,Медицина,Медицинская мебель,Медицинские шкафы
5171,Бизнес и промышленность,Медицина,Медицинская мебель,Медицинские тележки
5173,Бизнес и промышленность,Медицина,Медицинская мебель,Медицинские тележки,Реанимационные тележки
5174,Бизнес и промышленность,Медицина,Медицинская мебель,Медицинские тележки,Штативы и тележки для внутривенных инъекций
5172,Бизнес и промышленность,Медицина,Медицинская мебель,Операционные столы
5602,Бизнес и промышленность,Медицина,Медицинские шапочки
6275,Бизнес и промышленность,Медицина,Больничные занавески
6303,Бизнес и промышленность,Медицина,Медицинское бельё
6490,Бизнес и промышленность,Медицина,Медицинское оборудование для обучения
6491,Бизнес и промышленность,Медицина,Медицинское оборудование для обучения,Медицинские манекены для обучения
230913,Бизнес и промышленность,Медицина,Медицинские инструменты
6281,Бизнес и промышленность,Медицина,Медицинские инструменты,Медицинские щипцы
8026,Бизнес и промышленность,Медицина,Медицинские инструменты,Скальпели
232166,Бизнес и промышленность,Медицина,Медицинские инструменты,Лезвия для скальпелей
499935,Бизнес и промышленность,Медицина,Медицинские инструменты,Ххирургические иглы и нити
4285,Бизнес и промышленность,Пирсинг и татуировка
4326,Бизнес и промышленность,Пирсинг и татуировка,Оборудование для татуировки
4072,Бизнес и промышленность,Пирсинг и татуировка,Оборудование для татуировки,Иглы для татуировки
4215,Бизнес и промышленность,Пирсинг и татуировка,Оборудование для татуировки,Краски для татуировки
4379,Бизнес и промышленность,Пирсинг и татуировка,Оборудование для татуировки,Машинки для татуировки
5853,Бизнес и промышленность,Пирсинг и татуировка,Оборудование для татуировки,Коррекция и исправление татуировок
4350,Бизнес и промышленность,Пирсинг и татуировка,Материалы для пирсинга
4122,Бизнес и промышленность,Пирсинг и татуировка,Материалы для пирсинга,Иглы для пирсинга
5830,Бизнес и промышленность,Товары для хранения промышленной продукции
5831,Бизнес и промышленность,Товары для хранения промышленной продукции,Контейнеры для транспортировки
5832,Бизнес и промышленность,Товары для хранения промышленной продукции,Промышленные шкафы
5833,Бизнес и промышленность,Товары для хранения промышленной продукции,Промышленные стеллажи
8274,Бизнес и промышленность,Товары для хранения промышленной продукции,"Перегородки, барьеры и двери из проволочной сетки"
5863,Бизнес и промышленность,Реклама и маркетинг
5864,Бизнес и промышленность,Реклама и маркетинг,Выставочные стойки
5865,Бизнес и промышленность,Реклама и маркетинг,Выставочные стенды
5884,Бизнес и промышленность,Реклама и маркетинг,Брошюры
6987,Бизнес и промышленность,Оборудование для транспортировки материалов
131,Бизнес и промышленность,Оборудование для транспортировки материалов,Подъёмные устройства
503767,Бизнес и промышленность,Оборудование для транспортировки материалов,Подъёмные устройства,Лифты для персонала
503768,Бизнес и промышленность,Оборудование для транспортировки материалов,Подъёмные устройства,"Тали, краны и вагонетки"
503769,Бизнес и промышленность,Оборудование для транспортировки материалов,Подъёмные устройства,"Ролики, блоки и шкивы"
503771,Бизнес и промышленность,Оборудование для транспортировки материалов,Подъёмные устройства,Подъёмники и погрузчики
503772,Бизнес и промышленность,Оборудование для транспортировки материалов,Подъёмные устройства,Лебёдки
6988,Бизнес и промышленность,Оборудование для транспортировки материалов,Конвейеры
503011,Бизнес и промышленность,Оборудование для транспортировки материалов,Паллеты и погрузочные платформы
7240,Бизнес и промышленность,Парикмахерское дело и косметология
7241,Бизнес и промышленность,Парикмахерское дело и косметология,Кресла для парикмахерских
7242,Бизнес и промышленность,Парикмахерское дело и косметология,Кресла для педикюра
505670,Бизнес и промышленность,Парикмахерское дело и косметология,Парикмахерские накидки и воротнички
7261,Бизнес и промышленность,Компоненты автоматики
7262,Бизнес и промышленность,Компоненты автоматики,Частотно-регулируемые приводы
7263,Бизнес и промышленность,Компоненты автоматики,Программируемые логические контроллеры
7497,Бизнес и промышленность,Стоматология
7499,Бизнес и промышленность,Стоматология,Стоматологические инструменты
7498,Бизнес и промышленность,Стоматология,Стоматологические инструменты,Стоматологические зеркала
7531,Бизнес и промышленность,Стоматология,Стоматологические инструменты,Наборы стоматологических инструментов
8120,Бизнес и промышленность,Стоматология,Стоматологические инструменты,Профилактические стоматологические головки
8121,Бизнес и промышленность,Стоматология,Стоматологические инструменты,Профилактические стоматологические насадки
8490,Бизнес и промышленность,Стоматология,Стоматологические инструменты,Двусторонние стаканчики
7500,Бизнес и промышленность,Стоматология,Зубной цемент
8130,Бизнес и промышленность,Стоматология,Профилактические стоматологические пасты
8025,Бизнес и промышленность,Принадлежности для хранения промышленной продукции
500086,Бизнес и промышленность,Уборочные тележки
141,Камеры и оптика
39,Камеры и оптика,Фотография
41,Камеры и оптика,Фотография,Фотолаборатория
1622,Камеры и оптика,Фотография,Фотолаборатория,Химические реагенты для фотографий
2234,Камеры и оптика,Фотография,Фотолаборатория,Оборудование для проявки и обработки
2516,Камеры и оптика,Фотография,Фотолаборатория,Оборудование для проявки и обработки,Оборудование и материалы для ретуширования
2625,Камеры и оптика,Фотография,Фотолаборатория,Оборудование для проявки и обработки,Столы для сканирования
2650,Камеры и оптика,Фотография,Фотолаборатория,Оборудование для проявки и обработки,Проявочные бачки и катушки
2728,Камеры и оптика,Фотография,Фотолаборатория,Оборудование для проявки и обработки,"Лотки, мойки и сушилки для печати фотографий"
2999,Камеры и оптика,Фотография,Фотолаборатория,Оборудование для проявки и обработки,Раковины для фотолабораторий
2520,Камеры и оптика,Фотография,Фотолаборатория,Увеличительное оборудование
2543,Камеры и оптика,Фотография,Фотолаборатория,Увеличительное оборудование,Таймеры для фотолабораторий
2698,Камеры и оптика,Фотография,Фотолаборатория,Увеличительное оборудование,Фотоувеличители
2815,Камеры и оптика,Фотография,Фотолаборатория,Увеличительное оборудование,Анализаторы и экспонометры
2969,Камеры и оптика,Фотография,Фотолаборатория,Увеличительное оборудование,Столики фотоувеличителя
3029,Камеры и оптика,Фотография,Фотолаборатория,Увеличительное оборудование,Фокусирующие устройства
2600,Камеры и оптика,Фотография,Фотолаборатория,Фотолабораторные фонари
2804,Камеры и оптика,Фотография,Фотолаборатория,Фотобумага
42,Камеры и оптика,Фотография,Освещение и оборудование для студий
1548,Камеры и оптика,Фотография,Освещение и оборудование для студий,Экспонометры
1611,Камеры и оптика,Фотография,Освещение и оборудование для студий,Оснащение для заднего плана
2007,Камеры и оптика,Фотография,Освещение и оборудование для студий,Стойки и крепления для студийного осветительного оборудования
2475,Камеры и оптика,Фотография,Освещение и оборудование для студий,Оборудование для управления освещением
2490,Камеры и оптика,Фотография,Освещение и оборудование для студий,Оборудование для управления освещением,Осветительные фильтры и маски
3056,Камеры и оптика,Фотография,Освещение и оборудование для студий,Оборудование для управления освещением,Рассеиватели для вспышек
5431,Камеры и оптика,Фотография,Освещение и оборудование для студий,Оборудование для управления освещением,Отражатели для вспышки
5432,Камеры и оптика,Фотография,Освещение и оборудование для студий,Оборудование для управления освещением,Софтбоксы
2926,Камеры и оптика,Фотография,Освещение и оборудование для студий,Павильонное освещение и вспышки
5499,Камеры и оптика,Фотография,Освещение и оборудование для студий,Принадлежности для экспонометров
503017,Камеры и оптика,Фотография,Освещение и оборудование для студий,Принадлежности для студийных стоек и штативов
503018,Камеры и оптика,Фотография,Освещение и оборудование для студий,Принадлежности для павильонного освещения и вспышек
4368,Камеры и оптика,Фотография,Принадлежности для хранения фотонегативов и слайдов
503735,Камеры и оптика,Фотография,Средства для обработки фотографий
142,Камеры и оптика,Камеры
152,Камеры и оптика,Камеры,Цифровые камеры
154,Камеры и оптика,Камеры,Пленочные камеры
155,Камеры и оптика,Камеры,Видеокамеры
312,Камеры и оптика,Камеры,Веб-камеры
362,Камеры и оптика,Камеры,Камеры систем наблюдения
4024,Камеры и оптика,Камеры,Одноразовые камеры
5402,Камеры и оптика,Камеры,Лесные камеры
499976,Камеры и оптика,Камеры,Бороскопы
156,Камеры и оптика,Оптика
157,Камеры и оптика,Оптика,Бинокли
161,Камеры и оптика,Оптика,Дальномеры
4040,Камеры и оптика,Оптика,Наблюдательные приборы
165,Камеры и оптика,Оптика,Наблюдательные приборы,Телескопы
1695,Камеры и оптика,Оптика,Наблюдательные приборы,Оружейные прицелы и оптические приборы
4136,Камеры и оптика,Оптика,Наблюдательные приборы,Зрительные трубы
4164,Камеры и оптика,Оптика,Монокуляры
2096,Камеры и оптика,Принадлежности для камер и другой оптики
143,Камеры и оптика,Принадлежности для камер и другой оптики,Детали и принадлежности для камер
148,Камеры и оптика,Принадлежности для камер и другой оптики,Детали и принадлежности для камер,Вспышки для камер
153,Камеры и оптика,Принадлежности для камер и другой оптики,Детали и принадлежности для камер,Фотопленка
2394,Камеры и оптика,Принадлежности для камер и другой оптики,Детали и принадлежности для камер,Лампы для видеокамер
2987,Камеры и оптика,Принадлежности для камер и другой оптики,Детали и принадлежности для камер,Держатели для вспышки
5429,Камеры и оптика,Принадлежности для камер и другой оптики,Детали и принадлежности для камер,Ремни для камер
5479,Камеры и оптика,Принадлежности для камер и другой оптики,Детали и принадлежности для камер,Принадлежности для вспышек
5532,Камеры и оптика,Принадлежности для камер и другой оптики,Детали и принадлежности для камер,Пульты дистанционного управления для фотоаппаратов
5937,Камеры и оптика,Принадлежности для камер и другой оптики,Детали и принадлежности для камер,Принадлежности для камер видеонаблюдения
6307,Камеры и оптика,Принадлежности для камер и другой оптики,Детали и принадлежности для камер,Боксы для подводной съемки
6308,Камеры и оптика,Принадлежности для камер и другой оптики,Детали и принадлежности для камер,Сумки для камер
8174,Камеры и оптика,Принадлежности для камер и другой оптики,Детали и принадлежности для камер,Наборы принадлежностей для фотоаппаратов
8535,Камеры и оптика,Принадлежности для камер и другой оптики,Детали и принадлежности для камер,Принадлежности для боксов для подводной съемки
296246,Камеры и оптика,Принадлежности для камер и другой оптики,Детали и принадлежности для камер,Сменные панели и дверцы для корпусов фотоаппаратов
296247,Камеры и оптика,Принадлежности для камер и другой оптики,Детали и принадлежности для камер,Сменные кнопки и регуляторы для фотоаппаратов
296248,Камеры и оптика,Принадлежности для камер и другой оптики,Детали и принадлежности для камер,Светочувствительные матрицы для фотоаппаратов
296249,Камеры и оптика,Принадлежности для камер и другой оптики,Детали и принадлежности для камер,Сменные экраны для фотоаппаратов
298420,Камеры и оптика,Принадлежности для камер и другой оптики,Детали и принадлежности для камер,Цифровые задники для фотоаппаратов
461567,Камеры и оптика,Принадлежности для камер и другой оптики,Детали и принадлежности для камер,Зубчатые механизмы для фотоаппаратов
461568,Камеры и оптика,Принадлежности для камер и другой оптики,Детали и принадлежности для камер,Механизмы трансфокации для фотоаппаратов
499998,Камеры и оптика,Принадлежности для камер и другой оптики,Детали и принадлежности для камер,Стабилизаторы для камер
500037,Камеры и оптика,Принадлежности для камер и другой оптики,Детали и принадлежности для камер,Держатели для камер
500104,Камеры и оптика,Принадлежности для камер и другой оптики,Детали и принадлежности для камер,Приспособления для фокусировки
500107,Камеры и оптика,Принадлежности для камер и другой оптики,Детали и принадлежности для камер,Внешние мониторы для камер и фотоаппаратов
503019,Камеры и оптика,Принадлежности для камер и другой оптики,Детали и принадлежности для камер,Защитные противосолнечные козырьки для экранов и видоискателей фотоаппаратов
503020,Камеры и оптика,Принадлежности для камер и другой оптики,Детали и принадлежности для камер,Шумопоглощающие футляры и принадлежности для фотоаппаратов
149,Камеры и оптика,Принадлежности для камер и другой оптики,Объективы для фотоаппаратов и видеокамер
4432,Камеры и оптика,Принадлежности для камер и другой оптики,Объективы для фотоаппаратов и видеокамер,Объективы для камер
5280,Камеры и оптика,Принадлежности для камер и другой оптики,Объективы для фотоаппаратов и видеокамер,Объективы для видеокамер
5346,Камеры и оптика,Принадлежности для камер и другой оптики,Объективы для фотоаппаратов и видеокамер,Объективы для камер видеонаблюдения
150,Камеры и оптика,Принадлежности для камер и другой оптики,Штативы и одиночные опоры
160,Камеры и оптика,Принадлежности для камер и другой оптики,Принадлежности для оптики
4274,Камеры и оптика,Принадлежности для камер и другой оптики,Принадлежности для оптики,Принадлежности для приборов ночного видения
5282,Камеры и оптика,Принадлежности для камер и другой оптики,Принадлежности для оптики,Принадлежности для бинокулярных и монокулярных приборов
5283,Камеры и оптика,Принадлежности для камер и другой оптики,Принадлежности для оптики,Принадлежности для дальномеров
5284,Камеры и оптика,Принадлежности для камер и другой оптики,Принадлежности для оптики,Принадлежности для телескопов
5542,Камеры и оптика,Принадлежности для камер и другой оптики,Принадлежности для оптики,Принадлежности для зрительных труб
5543,Камеры и оптика,Принадлежности для камер и другой оптики,Принадлежности для оптики,Принадлежности для оружейных прицелов
5545,Камеры и оптика,Принадлежности для камер и другой оптики,Принадлежности для оптики,Сумки и чехлы для оптики
2911,Камеры и оптика,Принадлежности для камер и другой оптики,Принадлежности для объективов фотоаппаратов
147,Камеры и оптика,Принадлежности для камер и другой оптики,Принадлежности для объективов фотоаппаратов,Фильтры для объективов
2627,Камеры и оптика,Принадлежности для камер и другой оптики,Принадлежности для объективов фотоаппаратов,Светозащитные бленды
2829,Камеры и оптика,Принадлежности для камер и другой оптики,Принадлежности для объективов фотоаппаратов,Крышки для объективов
4416,Камеры и оптика,Принадлежности для камер и другой оптики,Принадлежности для объективов фотоаппаратов,Телеконвертеры и расширители
4441,Камеры и оптика,Принадлежности для камер и другой оптики,Принадлежности для объективов фотоаппаратов,Сумки для объективов
5588,Камеры и оптика,Принадлежности для камер и другой оптики,Принадлежности для объективов фотоаппаратов,Адаптеры для объективов и фильтров
4638,Камеры и оптика,Принадлежности для камер и другой оптики,Принадлежности для штативов и одиночных опор
3035,Камеры и оптика,Принадлежности для камер и другой оптики,Принадлежности для штативов и одиночных опор,Хомуты и крепления для штативов
4639,Камеры и оптика,Принадлежности для камер и другой оптики,Принадлежности для штативов и одиночных опор,Головки штативов и одиночных опор
4640,Камеры и оптика,Принадлежности для камер и другой оптики,Принадлежности для штативов и одиночных опор,Чемоданчики для штативов и одиночных опор
503016,Камеры и оптика,Принадлежности для камер и другой оптики,Принадлежности для штативов и одиночных опор,Распорки для штативов
503726,Камеры и оптика,Принадлежности для камер и другой оптики,Принадлежности для штативов и одиночных опор,Ручки для штативов
463625,Камеры и оптика,Принадлежности для камер и другой оптики,Сменные кабели для фотоаппаратов и оптических устройств
166,Предметы одежды и принадлежности
167,Предметы одежды и принадлежности,Принадлежности для одежды
168,Предметы одежды и принадлежности,Принадлежности для одежды,Банданы и косынки
543586,Предметы одежды и принадлежности,Принадлежности для одежды,Банданы и косынки,Банданы
543587,Предметы одежды и принадлежности,Принадлежности для одежды,Банданы и косынки,Шапочки для ухода за волосами
169,Предметы одежды и принадлежности,Принадлежности для одежды,Поясные ремни
170,Предметы одежды и принадлежности,Принадлежности для одежды,Перчатки и варежки
171,Предметы одежды и принадлежности,Принадлежности для одежды,Аксессуары для волос
181,Предметы одежды и принадлежности,Принадлежности для одежды,Аксессуары для волос,Парики
1483,Предметы одежды и принадлежности,Принадлежности для одежды,Аксессуары для волос,Резинки для волос
1662,Предметы одежды и принадлежности,Принадлежности для одежды,Аксессуары для волос,Повязки на голову
1948,Предметы одежды и принадлежности,Принадлежности для одежды,Аксессуары для волос,Шпильки для волос
2477,Предметы одежды и принадлежности,Принадлежности для одежды,Аксессуары для волос,Расчёски для волос
4057,Предметы одежды и принадлежности,Принадлежности для одежды,Аксессуары для волос,Шиньоны
5914,Предметы одежды и принадлежности,Принадлежности для одежды,Аксессуары для волос,Тиары
5915,Предметы одежды и принадлежности,Принадлежности для одежды,Аксессуары для волос,Венки для волос
6183,Предметы одежды и принадлежности,Принадлежности для одежды,Аксессуары для волос,Сетки для волос
7305,Предметы одежды и принадлежности,Принадлежности для одежды,Аксессуары для волос,Принадлежности для париков
7306,Предметы одежды и принадлежности,Принадлежности для одежды,Аксессуары для волос,Принадлежности для париков,Клей и ленты для париков
7307,Предметы одежды и принадлежности,Принадлежности для одежды,Аксессуары для волос,Принадлежности для париков,Колпаки для париков
8451,Предметы одежды и принадлежности,Принадлежности для одежды,Аксессуары для волос,Валики для пучков
502988,Предметы одежды и принадлежности,Принадлежности для одежды,Аксессуары для волос,Шпильки и заколки
543644,Предметы одежды и принадлежности,Принадлежности для одежды,Аксессуары для волос,Шпильки и заколки,Шпильки
543645,Предметы одежды и принадлежности,Принадлежности для одежды,Аксессуары для волос,Шпильки и заколки,Заколки-крабы
543646,Предметы одежды и принадлежности,Принадлежности для одежды,Аксессуары для волос,Шпильки и заколки,Заколки
173,Предметы одежды и принадлежности,Принадлежности для одежды,Шляпы
176,Предметы одежды и принадлежности,Принадлежности для одежды,Галстуки и бабочки
177,Предметы одежды и принадлежности,Принадлежности для одежды,Шарфы и шали
543673,Предметы одежды и принадлежности,Принадлежности для одежды,Шарфы и шали,Шарфы
543674,Предметы одежды и принадлежности,Принадлежности для одежды,Шарфы и шали,Шали
178,Предметы одежды и принадлежности,Принадлежности для одежды,Солнечные очки
179,Предметы одежды и принадлежности,Принадлежности для одежды,Подтяжки
180,Предметы одежды и принадлежности,Принадлежности для одежды,Зажимы для галстуков
193,Предметы одежды и принадлежности,Принадлежности для одежды,Запонки
1786,Предметы одежды и принадлежности,Принадлежности для одежды,Балаклавы
1893,Предметы одежды и принадлежности,Принадлежности для одежды,Манжеты
2020,Предметы одежды и принадлежности,Принадлежности для одежды,Головные уборы и платки
1922,Предметы одежды и принадлежности,Принадлежности для одежды,Головные уборы и платки,Головные уборы
5939,Предметы одежды и принадлежности,Принадлежности для одежды,Головные уборы и платки,Тюрбаны
7054,Предметы одежды и принадлежности,Принадлежности для одежды,Головные уборы и платки,Вуалетки
3913,Предметы одежды и принадлежности,Принадлежности для одежды,Пряжки для ремней
4179,Предметы одежды и принадлежности,Принадлежности для одежды,Значки
5114,Предметы одежды и принадлежности,Принадлежности для одежды,Декоративные веера
5207,Предметы одежды и принадлежности,Принадлежности для одежды,Нагрудные платки
5390,Предметы одежды и принадлежности,Принадлежности для одежды,Принадлежности для традиционной одежды
5685,Предметы одежды и принадлежности,Принадлежности для одежды,Принадлежности для традиционной одежды,Таби
5686,Предметы одежды и принадлежности,Принадлежности для одежды,Принадлежности для традиционной одежды,Аксессуары для оби
5687,Предметы одежды и принадлежности,Принадлежности для одежды,Принадлежности для традиционной одежды,Оби
5688,Предметы одежды и принадлежности,Принадлежности для одежды,Принадлежности для традиционной одежды,Нижнее белье для кимоно
5422,Предметы одежды и принадлежности,Принадлежности для одежды,Принадлежности для детской одежды
5623,Предметы одежды и принадлежности,Принадлежности для одежды,Принадлежности для детской одежды,Пояса для младенцев
5624,Предметы одежды и принадлежности,Принадлежности для одежды,Принадлежности для детской одежды,Варежки и перчатки для младенцев
5625,Предметы одежды и принадлежности,Принадлежности для одежды,Принадлежности для детской одежды,Детские шапки
5626,Предметы одежды и принадлежности,Принадлежности для одежды,Принадлежности для детской одежды,Детская защитная одежда
5443,Предметы одежды и принадлежности,Принадлежности для одежды,Принадлежности для невест
5446,Предметы одежды и принадлежности,Принадлежности для одежды,Принадлежности для невест,Фата
5941,Предметы одежды и принадлежности,Принадлежности для одежды,Теплые изделия для ног
5942,Предметы одежды и принадлежности,Принадлежности для одежды,Теплые изделия для рук
6238,Предметы одежды и принадлежности,Принадлежности для одежды,Наушники от холода
6268,Предметы одежды и принадлежности,Принадлежности для одежды,Леи
6984,Предметы одежды и принадлежности,Принадлежности для одежды,Упругие пластинки для воротников
6985,Предметы одежды и принадлежности,Принадлежности для одежды,Сменные пуговицы
7133,Предметы одежды и принадлежности,Принадлежности для одежды,Муфты для рук
7230,Предметы одежды и принадлежности,Принадлежности для одежды,Шарфы-трубы
499972,Предметы одежды и принадлежности,Принадлежности для одежды,Наградные ленты
502987,Предметы одежды и принадлежности,Принадлежности для одежды,Бандажи для беременных и поясничные корсеты
184,Предметы одежды и принадлежности,Маскарадные костюмы и принадлежности
5192,Предметы одежды и принадлежности,Маскарадные костюмы и принадлежности,Принадлежности для маскарадных костюмов
5426,Предметы одежды и принадлежности,Маскарадные костюмы и принадлежности,Принадлежности для маскарадных костюмов,Шляпы для маскарадных костюмов
5907,Предметы одежды и принадлежности,Маскарадные костюмы и принадлежности,Принадлежности для маскарадных костюмов,Маскарадные плащи
7304,Предметы одежды и принадлежности,Маскарадные костюмы и принадлежности,Принадлежности для маскарадных костюмов,Накладные лысины
8017,Предметы одежды и принадлежности,Маскарадные костюмы и принадлежности,Принадлежности для маскарадных костюмов,Наборы маскарадных принадлежностей
8018,Предметы одежды и принадлежности,Маскарадные костюмы и принадлежности,Принадлежности для маскарадных костюмов,Имитация драгоценностей
8200,Предметы одежды и принадлежности,Маскарадные костюмы и принадлежности,Принадлежности для маскарадных костюмов,Перчатки для маскарадных костюмов
500008,Предметы одежды и принадлежности,Маскарадные костюмы и принадлежности,Принадлежности для маскарадных костюмов,Имитация табачных изделий
500118,Предметы одежды и принадлежности,Маскарадные костюмы и принадлежности,Принадлежности для маскарадных костюмов,Специальные аксессуары для маскарадных костюмов
5193,Предметы одежды и принадлежности,Маскарадные костюмы и принадлежности,Маскарадные костюмы
5194,Предметы одежды и принадлежности,Маскарадные костюмы и принадлежности,Маски
5387,Предметы одежды и принадлежности,Маскарадные костюмы и принадлежности,Обувь для маскарадных костюмов
187,Предметы одежды и принадлежности,Обувь
188,Предметы одежды и принадлежности,Ювелирные украшения
189,Предметы одежды и принадлежности,Ювелирные украшения,Браслеты для ног
190,Предметы одежды и принадлежности,Ювелирные украшения,Украшения для пирсинга
191,Предметы одежды и принадлежности,Ювелирные украшения,Браслеты
192,Предметы одежды и принадлежности,Ювелирные украшения,Подвески и брелоки
194,Предметы одежды и принадлежности,Ювелирные украшения,Серьги
196,Предметы одежды и принадлежности,Ювелирные украшения,Ожерелья
197,Предметы одежды и принадлежности,Ювелирные украшения,Броши и значки
200,Предметы одежды и принадлежности,Ювелирные украшения,Кольца
201,Предметы одежды и принадлежности,Ювелирные украшения,Наручные и карманные часы
5122,Предметы одежды и принадлежности,Ювелирные украшения,Принадлежности для наручных часов
5123,Предметы одежды и принадлежности,Ювелирные украшения,Принадлежности для наручных часов,Ремешки для часов
6870,Предметы одежды и принадлежности,Ювелирные украшения,Принадлежности для наручных часов,Устройства для завода часов
7471,Предметы одежды и принадлежности,Ювелирные украшения,Принадлежности для наручных часов,Наклейки для наручных часов
6463,Предметы одежды и принадлежности,Ювелирные украшения,Ювелирные наборы
1604,Предметы одежды и принадлежности,Одежда
182,Предметы одежды и принадлежности,Одежда,Одежда для младенцев
5408,Предметы одежды и принадлежности,Одежда,Одежда для младенцев,Детские штаны и юбки
5409,Предметы одежды и принадлежности,Одежда,Одежда для младенцев,Купальные костюмы для младенцев
5410,Предметы одежды и принадлежности,Одежда,Одежда для младенцев,Детские топы
5411,Предметы одежды и принадлежности,Одежда,Одежда для младенцев,Детские песочники
5412,Предметы одежды и принадлежности,Одежда,Одежда для младенцев,"Пеленки, распашонки, ползунки"
5423,Предметы одежды и принадлежности,Одежда,Одежда для младенцев,Детские носки
5424,Предметы одежды и принадлежности,Одежда,Одежда для младенцев,Детские платья
5425,Предметы одежды и принадлежности,Одежда,Одежда для младенцев,Верхняя одежда для детей
5549,Предметы одежды и принадлежности,Одежда,Одежда для младенцев,Пеленальные штанишки для малышей
5621,Предметы одежды и принадлежности,Одежда,Одежда для младенцев,Детское нижнее белье
5622,Предметы одежды и принадлежности,Одежда,Одежда для младенцев,Наборы одежды для младенцев
203,Предметы одежды и принадлежности,Одежда,Верхняя одежда
1831,Предметы одежды и принадлежности,Одежда,Верхняя одежда,Жилеты
3066,Предметы одежды и принадлежности,Одежда,Верхняя одежда,Дождевая одежда
5506,Предметы одежды и принадлежности,Одежда,Верхняя одежда,Краги
5514,Предметы одежды и принадлежности,Одежда,Верхняя одежда,Непромокаемые брюки
5598,Предметы одежды и принадлежности,Одежда,Верхняя одежда,Пальто и куртки
5909,Предметы одежды и принадлежности,Одежда,Верхняя одежда,Зимние штаны и комбинезоны
204,Предметы одежды и принадлежности,Одежда,Штаны
207,Предметы одежды и принадлежности,Одежда,Шорты
208,Предметы одежды и принадлежности,Одежда,Пижамы и одежда для отдыха
2302,Предметы одежды и принадлежности,Одежда,Пижамы и одежда для отдыха,Свободные халаты
2580,Предметы одежды и принадлежности,Одежда,Пижамы и одежда для отдыха,Пижамы
5513,Предметы одежды и принадлежности,Одежда,Пижамы и одежда для отдыха,Ночные рубашки
5713,Предметы одежды и принадлежности,Одежда,Пижамы и одежда для отдыха,Одежда для отдыха
211,Предметы одежды и принадлежности,Одежда,Купальные костюмы
212,Предметы одежды и принадлежности,Одежда,Рубашки и топы
213,Предметы одежды и принадлежности,Одежда,Носки и нижнее белье
209,Предметы одежды и принадлежности,Одежда,Носки и нижнее белье,Носки
214,Предметы одежды и принадлежности,Одежда,Носки и нижнее белье,Бюстгальтеры
215,Предметы одежды и принадлежности,Одежда,Носки и нижнее белье,Чулочно-носочные изделия
1578,Предметы одежды и принадлежности,Одежда,Носки и нижнее белье,Моделирующее белье
1772,Предметы одежды и принадлежности,Одежда,Носки и нижнее белье,Женское белье
1807,Предметы одежды и принадлежности,Одежда,Носки и нижнее белье,Теплые кальсоны
2562,Предметы одежды и принадлежности,Одежда,Носки и нижнее белье,Нижнее белье
2563,Предметы одежды и принадлежности,Одежда,Носки и нижнее белье,Принадлежности для женского белья
1675,Предметы одежды и принадлежности,Одежда,Носки и нижнее белье,Принадлежности для женского белья,Подвязки
2160,Предметы одежды и принадлежности,Одежда,Носки и нижнее белье,Принадлежности для женского белья,Пояса с резинками
2745,Предметы одежды и принадлежности,Одежда,Носки и нижнее белье,Нижние рубашки
2963,Предметы одежды и принадлежности,Одежда,Носки и нижнее белье,Нижние юбки и шортики
5327,Предметы одежды и принадлежности,Одежда,Носки и нижнее белье,Суспензории
5834,Предметы одежды и принадлежности,Одежда,Носки и нижнее белье,Трусы-слипы
7207,Предметы одежды и принадлежности,Одежда,Носки и нижнее белье,Принадлежности для бюстгальтеров
7208,Предметы одежды и принадлежности,Одежда,Носки и нижнее белье,Принадлежности для бюстгальтеров,Подкладки под бретели бюстгальтеров
7209,Предметы одежды и принадлежности,Одежда,Носки и нижнее белье,Принадлежности для бюстгальтеров,Стикини
7210,Предметы одежды и принадлежности,Одежда,Носки и нижнее белье,Принадлежности для бюстгальтеров,"Подкладки, увеличивающие грудь"
7211,Предметы одежды и принадлежности,Одежда,Носки и нижнее белье,Принадлежности для бюстгальтеров,Бретельки и экстендеры для бюстгальтеров
1581,Предметы одежды и принадлежности,Одежда,Юбки
2331,Предметы одежды и принадлежности,Одежда,Юбки,Мини-юбки
6228,Предметы одежды и принадлежности,Одежда,Юбки,Длинные юбки
6229,Предметы одежды и принадлежности,Одежда,Юбки,Юбки до колен
1594,Предметы одежды и принадлежности,Одежда,Выходные костюмы
1516,Предметы одежды и принадлежности,Одежда,Выходные костюмы,Юбочные костюмы
1580,Предметы одежды и принадлежности,Одежда,Выходные костюмы,Смокинги
5183,Предметы одежды и принадлежности,Одежда,Выходные костюмы,Брючные костюмы
2271,Предметы одежды и принадлежности,Одежда,Платья
2306,Предметы одежды и принадлежности,Одежда,Униформа
206,Предметы одежды и принадлежности,Одежда,Униформа,Школьная форма
2292,Предметы одежды и принадлежности,Одежда,Униформа,Белые халаты
3414,Предметы одежды и принадлежности,Одежда,Униформа,Форма для охранников
3598,Предметы одежды и принадлежности,Одежда,Униформа,Спортивная форма
3191,Предметы одежды и принадлежности,Одежда,Униформа,Спортивная форма,Бейсбольная форма
3253,Предметы одежды и принадлежности,Одежда,Униформа,Спортивная форма,Судейская форма
3379,Предметы одежды и принадлежности,Одежда,Униформа,Спортивная форма,Форма для софтбола
3439,Предметы одежды и принадлежности,Одежда,Униформа,Спортивная форма,Баскетбольная форма
3683,Предметы одежды и принадлежности,Одежда,Униформа,Спортивная форма,Форма для чирлидинга
3724,Предметы одежды и принадлежности,Одежда,Униформа,Спортивная форма,Форма для крикета
3852,Предметы одежды и принадлежности,Одежда,Униформа,Спортивная форма,Одежда для борьбы
3888,Предметы одежды и принадлежности,Одежда,Униформа,Спортивная форма,Форма для американского футбола
3958,Предметы одежды и принадлежности,Одежда,Униформа,Спортивная форма,Хоккейная форма
4003,Предметы одежды и принадлежности,Одежда,Униформа,Спортивная форма,Одежда для боевых искусств
5564,Предметы одежды и принадлежности,Одежда,Униформа,Спортивная форма,Футбольная форма
5484,Предметы одежды и принадлежности,Одежда,Униформа,Форменные брюки и комбинезоны
5878,Предметы одежды и принадлежности,Одежда,Униформа,Летные комбинезоны
5949,Предметы одежды и принадлежности,Одежда,Униформа,Военная форма
7235,Предметы одежды и принадлежности,Одежда,Униформа,Униформа для работников общественного питания
2396,Предметы одежды и принадлежности,Одежда,Униформа,Униформа для работников общественного питания,Жакеты для поваров
7236,Предметы одежды и принадлежности,Одежда,Униформа,Униформа для работников общественного питания,Поварские штаны
7237,Предметы одежды и принадлежности,Одежда,Униформа,Униформа для работников общественного питания,Поварские колпаки
5182,Предметы одежды и принадлежности,Одежда,Одежда из цельного куска ткани
5250,Предметы одежды и принадлежности,Одежда,Одежда из цельного куска ткани,Комбинезоны и ромперы
5490,Предметы одежды и принадлежности,Одежда,Одежда из цельного куска ткани,Леотарды и юнитарды
7132,Предметы одежды и принадлежности,Одежда,Одежда из цельного куска ткани,Комбинезоны с длинными рукавами
5322,Предметы одежды и принадлежности,Одежда,Спортивная одежда
3951,Предметы одежды и принадлежности,Одежда,Спортивная одежда,Штаны для американского футбола
5378,Предметы одежды и принадлежности,Одежда,Спортивная одежда,Шорты для бокса
5379,Предметы одежды и принадлежности,Одежда,Спортивная одежда,Шорты для боевых искусств
5460,Предметы одежды и принадлежности,Одежда,Спортивная одежда,Одежда для охоты
5461,Предметы одежды и принадлежности,Одежда,Спортивная одежда,Одежда для охоты,Жилеты для охоты и рыбалки
5462,Предметы одежды и принадлежности,Одежда,Спортивная одежда,Одежда для охоты,Камуфляжные костюмы
5552,Предметы одежды и принадлежности,Одежда,Спортивная одежда,Одежда для охоты,Брюки для охоты
5517,Предметы одежды и принадлежности,Одежда,Спортивная одежда,Защитная одежда для мотоциклистов
5463,Предметы одежды и принадлежности,Одежда,Спортивная одежда,Защитная одежда для мотоциклистов,Мотоциклетные костюмы
6006,Предметы одежды и принадлежности,Одежда,Спортивная одежда,Защитная одежда для мотоциклистов,Куртки для мотоциклистов
7003,Предметы одежды и принадлежности,Одежда,Спортивная одежда,Защитная одежда для мотоциклистов,Штаны для мотоциклистов
5555,Предметы одежды и принадлежности,Одежда,Спортивная одежда,Одежда для пейнтбола
5697,Предметы одежды и принадлежности,Одежда,Спортивная одежда,Одежда для велосипедного спорта
3128,Предметы одежды и принадлежности,Одежда,Спортивная одежда,Одежда для велосипедного спорта,Велосипедные комбинезоны
3188,Предметы одежды и принадлежности,Одежда,Спортивная одежда,Одежда для велосипедного спорта,Велосипедные шорты и трусы
3455,Предметы одежды и принадлежности,Одежда,Спортивная одежда,Одежда для велосипедного спорта,Велосипедные майки
3729,Предметы одежды и принадлежности,Одежда,Спортивная одежда,Одежда для велосипедного спорта,Велосипедные штаны
6087,Предметы одежды и принадлежности,Одежда,Спортивная одежда,Одежда для велосипедного спорта,Трико для велосипедистов
499979,Предметы одежды и принадлежности,Одежда,Спортивная одежда,"Танцевальные костюмы, платья и юбки"
5344,Предметы одежды и принадлежности,Одежда,Юбки-шорты
5388,Предметы одежды и принадлежности,Одежда,Традиционная и церемониальная одежда
5343,Предметы одежды и принадлежности,Одежда,Традиционная и церемониальная одежда,Кимоно
5679,Предметы одежды и принадлежности,Одежда,Традиционная и церемониальная одежда,Кимоно,Кимоно томесоде и хомонги
5680,Предметы одежды и принадлежности,Одежда,Традиционная и церемониальная одежда,Кимоно,Кимоно комон
5681,Предметы одежды и принадлежности,Одежда,Традиционная и церемониальная одежда,Кимоно,Кимоно иромудзи
5682,Предметы одежды и принадлежности,Одежда,Традиционная и церемониальная одежда,Кимоно,Кимоно фурисодэ
5683,Предметы одежды и принадлежности,Одежда,Традиционная и церемониальная одежда,Кимоно,Повседневные кимоно
5684,Предметы одежды и принадлежности,Одежда,Традиционная и церемониальная одежда,Кимоно,Свадебные кимоно
5483,Предметы одежды и принадлежности,Одежда,Традиционная и церемониальная одежда,Одежда для религиозных обрядов
8149,Предметы одежды и принадлежности,Одежда,Традиционная и церемониальная одежда,Одежда для религиозных обрядов,Одежда для крещения
5673,Предметы одежды и принадлежности,Одежда,Традиционная и церемониальная одежда,Кимоно для улицы
5677,Предметы одежды и принадлежности,Одежда,Традиционная и церемониальная одежда,Кимоно для улицы,Пальто-кимоно
5678,Предметы одежды и принадлежности,Одежда,Традиционная и церемониальная одежда,Кимоно для улицы,Хаори
5674,Предметы одежды и принадлежности,Одежда,Традиционная и церемониальная одежда,Хакама
5676,Предметы одежды и принадлежности,Одежда,Традиционная и церемониальная одежда,Юката
6031,Предметы одежды и принадлежности,Одежда,Традиционная и церемониальная одежда,Дирндли
6227,Предметы одежды и принадлежности,Одежда,Традиционная и церемониальная одежда,Японские смокинги
7281,Предметы одежды и принадлежности,Одежда,Традиционная и церемониальная одежда,Традиционные кожаные штаны
8248,Предметы одежды и принадлежности,Одежда,Традиционная и церемониальная одежда,Сари и лехенга
5441,Предметы одежды и принадлежности,Одежда,Свадебные наряды
5329,Предметы одежды и принадлежности,Одежда,Свадебные наряды,Свадебные платья
5330,Предметы одежды и принадлежности,Одежда,Свадебные наряды,Платья для подружек невесты
7313,Предметы одежды и принадлежности,Одежда,Наборы одежды
1933,Предметы одежды и принадлежности,Принадлежности для обуви
1856,Предметы одежды и принадлежности,Принадлежности для обуви,Шнурки для обуви
2427,Предметы одежды и принадлежности,Принадлежности для обуви,Шпоры
5385,Предметы одежды и принадлежности,Принадлежности для обуви,Бахилы
5567,Предметы одежды и принадлежности,Принадлежности для обуви,Вставки для обуви
7078,Предметы одежды и принадлежности,Принадлежности для обуви,Гетры
6551,Предметы одежды и принадлежности,"Ручные сумки, кошельки и чехлы"
2668,Предметы одежды и принадлежности,"Ручные сумки, кошельки и чехлы",Кошельки и зажимы для денег
3032,Предметы одежды и принадлежности,"Ручные сумки, кошельки и чехлы",Дамские ручные сумки
6169,Предметы одежды и принадлежности,"Ручные сумки, кошельки и чехлы",Ящики для визиток
6170,Предметы одежды и принадлежности,"Ручные сумки, кошельки и чехлы",Держатели для бейджей и пропусков
6552,Предметы одежды и принадлежности,Принадлежности для ручных сумок и кошельков
175,Предметы одежды и принадлежности,Принадлежности для ручных сумок и кошельков,Брелоки для ключей
5841,Предметы одежды и принадлежности,Принадлежности для ручных сумок и кошельков,Цепи для кошельков
6277,Предметы одежды и принадлежности,Принадлежности для ручных сумок и кошельков,Ремешки
6460,Предметы одежды и принадлежности,Принадлежности для ручных сумок и кошельков,Обложки для чековых книжек
222,Электроника
223,Электроника,Аудиосистемы
242,Электроника,Аудиосистемы,Устройства для воспроизведения и записи звука
225,Электроника,Аудиосистемы,Устройства для воспроизведения и записи звука,Бумбоксы
226,Электроника,Аудиосистемы,Устройства для воспроизведения и записи звука,CD-плееры
230,Электроника,Аудиосистемы,Устройства для воспроизведения и записи звука,Системы караоке
233,Электроника,Аудиосистемы,Устройства для воспроизведения и записи звука,MP3-Плееры
235,Электроника,Аудиосистемы,Устройства для воспроизведения и записи звука,Проигрыватели минидисков
243,Электроника,Аудиосистемы,Устройства для воспроизведения и записи звука,Кассетные проигрыватели
244,Электроника,Аудиосистемы,Устройства для воспроизведения и записи звука,Диктофоны
251,Электроника,Аудиосистемы,Устройства для воспроизведения и записи звука,Стереосистемы
252,Электроника,Аудиосистемы,Устройства для воспроизведения и записи звука,Системы домашних кинотеатров
256,Электроника,Аудиосистемы,Устройства для воспроизведения и записи звука,Проигрыватели грампластинок
4652,Электроника,Аудиосистемы,Устройства для воспроизведения и записи звука,Музыкальные автоматы
5434,Электроника,Аудиосистемы,Устройства для воспроизведения и записи звука,Многодорожечные рекордеры
6886,Электроника,Аудиосистемы,Устройства для воспроизведения и записи звука,Радиоприемники
8271,Электроника,Аудиосистемы,Устройства для воспроизведения и записи звука,Катушечные магнитофоны и плееры
1420,Электроника,Аудиосистемы,Принадлежности для аудиосистем
232,Электроника,Аудиосистемы,Принадлежности для аудиосистем,Принадлежности для MP3-плееров
3055,Электроника,Аудиосистемы,Принадлежности для аудиосистем,Принадлежности для MP3-плееров,Футляры для MP3-плееров
7566,Электроника,Аудиосистемы,Принадлежности для аудиосистем,Принадлежности для MP3-плееров,Наборы принадлежностей для MP3-плееров и мобильных телефонов
239,Электроника,Аудиосистемы,Принадлежности для аудиосистем,Принадлежности для спутниковых радиосистем
2372,Электроника,Аудиосистемы,Принадлежности для аудиосистем,Принадлежности для проигрывателей грампластинок
3306,Электроника,Аудиосистемы,Принадлежности для аудиосистем,Принадлежности для микрофонов
3912,Электроника,Аудиосистемы,Принадлежности для аудиосистем,Подставки для микрофонов
5395,Электроника,Аудиосистемы,Принадлежности для аудиосистем,Принадлежности для систем караоке
5396,Электроника,Аудиосистемы,Принадлежности для аудиосистем,Принадлежности для систем караоке,Карты с песнями караоке
7163,Электроника,Аудиосистемы,Принадлежности для аудиосистем,Принадлежности для акустических колонок
8047,Электроника,Аудиосистемы,Принадлежности для аудиосистем,Принадлежности для акустических колонок,Сумки для подставок для акустических колонок
8049,Электроника,Аудиосистемы,Принадлежности для аудиосистем,Принадлежности для акустических колонок,Подставки для акустических колонок
500112,Электроника,Аудиосистемы,Принадлежности для аудиосистем,Принадлежности для акустических колонок,"Сумки, футляры и чехлы для колонок"
500119,Электроника,Аудиосистемы,Принадлежности для аудиосистем,Принадлежности для акустических колонок,Тактильные преобразователи
500120,Электроника,Аудиосистемы,Принадлежности для аудиосистем,Принадлежности для акустических колонок,Детали и наборы деталей для аудиоколонок
503008,Электроника,Аудиосистемы,Принадлежности для аудиосистем,Принадлежности для аудио- и видеоресиверов
505797,Электроника,Аудиосистемы,Принадлежности для аудиосистем,Принадлежности для наушников и гарнитур
503004,Электроника,Аудиосистемы,Принадлежности для аудиосистем,Принадлежности для наушников и гарнитур,Насадки для наушников
2154,Электроника,Аудиосистемы,Системы громкой связи
2165,Электроника,Аудиосистемы,Аудиокомпоненты
224,Электроника,Аудиосистемы,Аудиокомпоненты,Звуковые усилители
4493,Электроника,Аудиосистемы,Аудиокомпоненты,Звуковые усилители,Усилители для наушников
5381,Электроника,Аудиосистемы,Аудиокомпоненты,Звуковые усилители,Стереоусилители
234,Электроника,Аудиосистемы,Аудиокомпоненты,Микрофоны
236,Электроника,Аудиосистемы,Аудиокомпоненты,Аудиомикшеры
241,Электроника,Аудиосистемы,Аудиокомпоненты,Аудио- и видеоресиверы
246,Электроника,Аудиосистемы,Аудиокомпоненты,Процессоры сигналов
247,Электроника,Аудиосистемы,Аудиокомпоненты,Процессоры сигналов,Эффект-процессоры
248,Электроника,Аудиосистемы,Аудиокомпоненты,Процессоры сигналов,Эквалайзеры
3945,Электроника,Аудиосистемы,Аудиокомпоненты,Процессоры сигналов,Предварительные усилители для микрофонов
5369,Электроника,Аудиосистемы,Аудиокомпоненты,Процессоры сигналов,Фонокорректоры
5435,Электроника,Аудиосистемы,Аудиокомпоненты,Процессоры сигналов,Кроссоверы
5596,Электроника,Аудиосистемы,Аудиокомпоненты,Процессоры сигналов,Пороговые шумоподавители и компрессоры
5597,Электроника,Аудиосистемы,Аудиокомпоненты,Процессоры сигналов,Системы управления громкой связью
249,Электроника,Аудиосистемы,Аудиокомпоненты,Акустические колонки
5129,Электроника,Аудиосистемы,Аудиокомпоненты,Аудиопередатчики
4035,Электроника,Аудиосистемы,Аудиокомпоненты,Аудиопередатчики,FM-передатчики
5130,Электроника,Аудиосистемы,Аудиокомпоненты,Аудиопередатчики,Передатчики Bluetooth
6545,Электроника,Аудиосистемы,Аудиокомпоненты,Канальные линейки
6546,Электроника,Аудиосистемы,Аудиокомпоненты,Директ-боксы
505298,Электроника,Аудиосистемы,Аудиокомпоненты,Комплекты для студийной записи
505771,Электроника,Аудиосистемы,Аудиокомпоненты,Наушники и гарнитуры
543626,Электроника,Аудиосистемы,Аудиокомпоненты,Наушники и гарнитуры,Накладные наушники
543627,Электроника,Аудиосистемы,Аудиокомпоненты,Наушники и гарнитуры,Головные гарнитуры
3727,Электроника,Аудиосистемы,Сценическое оборудование
3242,Электроника,Аудиосистемы,Сценическое оборудование,Беспроводные передатчики
4921,Электроника,Аудиосистемы,Профессиональные и DJ-аудиосистемы
4922,Электроника,Аудиосистемы,Профессиональные и DJ-аудиосистемы,DJ CD-плееры
4923,Электроника,Аудиосистемы,Профессиональные и DJ-аудиосистемы,DJ-системы
8159,Электроника,Аудиосистемы,Мегафоны
262,Электроника,Связь
263,Электроника,Связь,Принадлежности для радиосистем
266,Электроника,Связь,Автоответчики
268,Электроника,Связь,Пейджеры
270,Электроника,Связь,Телефония
264,Электроника,Связь,Телефония,Принадлежности для мобильных телефонов
2353,Электроника,Связь,Телефония,Принадлежности для мобильных телефонов,Чехлы для мобильных телефонов
4550,Электроника,Связь,Телефония,Принадлежности для мобильных телефонов,Подвески и ремешки для мобильных телефонов
5566,Электроника,Связь,Телефония,Принадлежности для мобильных телефонов,Стойки и держатели для мобильных телефонов
6030,Электроника,Связь,Телефония,Принадлежности для мобильных телефонов,SIM-карты для мобильных телефонов
543515,Электроника,Связь,Телефония,Принадлежности для мобильных телефонов,SIM-карты для мобильных телефонов,Мобильные телефоны с предоплаченными картами
543516,Электроника,Связь,Телефония,Принадлежности для мобильных телефонов,SIM-карты для мобильных телефонов,SIM-карты
7347,Электроника,Связь,Телефония,Принадлежности для мобильных телефонов,Запасные части для мобильных телефонов
8111,Электроника,Связь,Телефония,Принадлежности для мобильных телефонов,Принадлежности для камер мобильных телефонов
499916,Электроника,Связь,Телефония,Принадлежности для мобильных телефонов,Инструменты для извлечения SIM-карт
265,Электроника,Связь,Телефония,Принадлежности для телефонов
269,Электроника,Связь,Телефония,Принадлежности для телефонов,Телефонные карты
267,Электроника,Связь,Телефония,Мобильные телефоны
543512,Электроника,Связь,Телефония,Мобильные телефоны,Мобильные телефоны с предоплаченной связью
543513,Электроника,Связь,Телефония,Мобильные телефоны,Мобильные телефоны с контрактом
543514,Электроника,Связь,Телефония,Мобильные телефоны,Разблокированные мобильные телефоны
271,Электроника,Связь,Телефония,Проводные телефоны
272,Электроника,Связь,Телефония,Беспроводные телефоны
1924,Электроника,Связь,Телефония,Спутниковые телефоны
4666,Электроника,Связь,Телефония,Телефоны для конференц-связи
274,Электроника,Связь,Товары для видеоконференций
360,Электроника,Связь,Системы двусторонней связи
2471,Электроника,Связь,Товары для радиосвязи
273,Электроника,Связь,Товары для радиосвязи,Приемопередатчики
2106,Электроника,Связь,Товары для радиосвязи,СиБи-радио
4415,Электроника,Связь,Товары для радиосвязи,Радиосканеры
5275,Электроника,Связь,Определители для телефонов
5404,Электроника,Связь,Принадлежности для домофонов
278,Электроника,Компьютеры
298,Электроника,Компьютеры,Портативные устройства
3539,Электроника,Компьютеры,Портативные устройства,Электронные книги
3769,Электроника,Компьютеры,Портативные устройства,КПК
5256,Электроника,Компьютеры,Портативные устройства,Терминалы сбора данных
325,Электроника,Компьютеры,Настольные компьютеры
328,Электроника,Компьютеры,Ноутбуки
331,Электроника,Компьютеры,Серверы
4745,Электроника,Компьютеры,Планшетные ПК
5254,Электроника,Компьютеры,Компьютеры Barebone
5255,Электроника,Компьютеры,Интерактивные киоски
8539,Электроника,Компьютеры,Тонкие и нулевые клиенты
543668,Электроника,Компьютеры,Тонкие и нулевые клиенты,Тонкие клиенты
543669,Электроника,Компьютеры,Тонкие и нулевые клиенты,Нулевые клиенты
500002,Электроника,Компьютеры,Цифровые очки
502995,Электроника,Компьютеры,Панельные компьютеры
339,Электроника,GPS-навигаторы
340,Электроника,Морская электроника
1550,Электроника,Морская электроника,Рыболокаторы
1552,Электроника,Морская электроника,Судовые радары
2178,Электроника,Морская электроника,Морские картплоттеры и системы GPS
4450,Электроника,Морская электроника,Морские радиомодули
8134,Электроника,Морская электроника,Судовые аудио- и видеоприемники
8473,Электроника,Морская электроника,Судовые громкоговорители
342,Электроника,Сетевое оборудование
290,Электроника,Сетевое оборудование,Сетевые карты и адаптеры
343,Электроника,Сетевое оборудование,Модемы
1350,Электроника,Сетевое оборудование,Мосты и маршрутизаторы
2358,Электроника,Сетевое оборудование,Мосты и маршрутизаторы,VoIP-шлюзы и маршрутизаторы
5496,Электроника,Сетевое оборудование,Мосты и маршрутизаторы,Точки беспроводного доступа
5497,Электроника,Сетевое оборудование,Мосты и маршрутизаторы,Беспроводные маршрутизаторы
5659,Электроника,Сетевое оборудование,Мосты и маршрутизаторы,Сетевые мосты
2121,Электроника,Сетевое оборудование,Повторители и трансиверы
2455,Электроника,Сетевое оборудование,Сетевые концентраторы и коммутаторы
2479,Электроника,Сетевое оборудование,Концентраторы и мультиплексоры
3425,Электроника,Сетевое оборудование,Принт-серверы
3742,Электроника,Сетевое оборудование,Устройства защиты сети и межсетевые экраны
5576,Электроника,Сетевое оборудование,Принадлежности для модемов
6508,Электроника,Сетевое оборудование,Инжекторы и разветвители питания
345,Электроника,"Печать, копирование, сканирование и факсимильная связь"
284,Электроника,"Печать, копирование, сканирование и факсимильная связь",Принадлежности для сканеров
306,Электроника,"Печать, копирование, сканирование и факсимильная связь",Сканеры
6865,Электроника,"Печать, копирование, сканирование и факсимильная связь",Трехмерные принтеры
499682,Электроника,"Печать, копирование, сканирование и факсимильная связь",Принадлежности для 3D-принтеров
500106,Электроника,"Печать, копирование, сканирование и факсимильная связь","Принтеры, копировальные аппараты и факсы"
502990,Электроника,"Печать, копирование, сканирование и факсимильная связь","Принадлежности для принтеров, копировальных аппаратов и факсов"
1683,Электроника,"Печать, копирование, сканирование и факсимильная связь","Принадлежности для принтеров, копировальных аппаратов и факсов",Память для принтеров
5258,Электроника,"Печать, копирование, сканирование и факсимильная связь","Принадлежности для принтеров, копировальных аппаратов и факсов",Расходные материалы для принтеров
356,Электроника,"Печать, копирование, сканирование и факсимильная связь","Принадлежности для принтеров, копировальных аппаратов и факсов",Расходные материалы для принтеров,Картриджи с тонером и чернилами
5259,Электроника,"Печать, копирование, сканирование и факсимильная связь","Принадлежности для принтеров, копировальных аппаратов и факсов",Расходные материалы для принтеров,Печатные барабаны и комплекты
5260,Электроника,"Печать, копирование, сканирование и факсимильная связь","Принадлежности для принтеров, копировальных аппаратов и факсов",Расходные материалы для принтеров,Ленты для принтеров
5261,Электроника,"Печать, копирование, сканирование и факсимильная связь","Принадлежности для принтеров, копировальных аппаратов и факсов",Расходные материалы для принтеров,Печатающие головки
5262,Электроника,"Печать, копирование, сканирование и факсимильная связь","Принадлежности для принтеров, копировальных аппаратов и факсов",Расходные материалы для принтеров,Комплекты обслуживания принтера
5266,Электроника,"Печать, копирование, сканирование и факсимильная связь","Принадлежности для принтеров, копировальных аппаратов и факсов",Расходные материалы для принтеров,Фильтры для принтеров
7362,Электроника,"Печать, копирование, сканирование и факсимильная связь","Принадлежности для принтеров, копировальных аппаратов и факсов",Расходные материалы для принтеров,Заправки для картриджей с чернилами и тонером
5265,Электроника,"Печать, копирование, сканирование и факсимильная связь","Принадлежности для принтеров, копировальных аппаратов и факсов",Дуплексеры для принтеров
5459,Электроника,"Печать, копирование, сканирование и факсимильная связь","Принадлежности для принтеров, копировальных аппаратов и факсов",Стойки для принтеров
502991,Электроника,"Печать, копирование, сканирование и факсимильная связь","Принадлежности для принтеров, копировальных аппаратов и факсов","Детали для принтеров, копировальных аппаратов и факсов"
386,Электроника,Видеоаппаратура
305,Электроника,Видеоаппаратура,Компьютерные мониторы
387,Электроника,Видеоаппаратура,Видеоплееры и рекордеры
388,Электроника,Видеоаппаратура,Видеоплееры и рекордеры,DVD-плееры
389,Электроника,Видеоаппаратура,Видеоплееры и рекордеры,Рекордеры DVD
390,Электроника,Видеоаппаратура,Видеоплееры и рекордеры,Цифровые видеорекордеры
391,Электроника,Видеоаппаратура,Видеоплееры и рекордеры,Видеомагнитофоны
5276,Электроника,Видеоаппаратура,Видеоплееры и рекордеры,Сетевые медиаплееры
396,Электроника,Видеоаппаратура,Проекторы
397,Электроника,Видеоаппаратура,Проекторы,Мультимедийные проекторы
398,Электроника,Видеоаппаратура,Проекторы,Диапроекторы
399,Электроника,Видеоаппаратура,Проекторы,Слайд-проекторы
404,Электроника,Видеоаппаратура,Телевизоры
1368,Электроника,Видеоаппаратура,Аппаратура и производственное оборудование для редактирования видеоизображений
1634,Электроника,Видеоаппаратура,Видеомультиплексоры
2027,Электроника,Видеоаппаратура,Принадлежности для видеоустройств
283,Электроника,Видеоаппаратура,Принадлежности для видеоустройств,Принадлежности для компьютерных мониторов
5516,Электроника,Видеоаппаратура,Принадлежности для видеоустройств,Принадлежности для компьютерных мониторов,Калибровщики цвета
393,Электроника,Видеоаппаратура,Принадлежности для видеоустройств,Принадлежности для проекторов
394,Электроника,Видеоаппаратура,Принадлежности для видеоустройств,Принадлежности для проекторов,Сменные лампы для проекторов
395,Электроника,Видеоаппаратура,Принадлежности для видеоустройств,Принадлежности для проекторов,Проекционные экраны
4570,Электроника,Видеоаппаратура,Принадлежности для видеоустройств,Принадлежности для проекторов,Стойки для проекционных экранов
5257,Электроника,Видеоаппаратура,Принадлежности для видеоустройств,Принадлежности для проекторов,Крепления для проекторов
5599,Электроника,Видеоаппаратура,Принадлежности для видеоустройств,Принадлежности для проекторов,Юбки для штативов и проекционных стоек
403,Электроника,Видеоаппаратура,Принадлежности для видеоустройств,Детали и принадлежности для телевизоров
4458,Электроника,Видеоаппаратура,Принадлежности для видеоустройств,Детали и принадлежности для телевизоров,Крепления для телевизоров и мониторов
5471,Электроника,Видеоаппаратура,Принадлежности для видеоустройств,Детали и принадлежности для телевизоров,Сменные лампы для телевизоров
5503,Электроника,Видеоаппаратура,Принадлежности для видеоустройств,Детали и принадлежности для телевизоров,Телевизионные приставки
43616,Электроника,Видеоаппаратура,Принадлежности для видеоустройств,Детали и принадлежности для телевизоров,Запасные динамики для телевизоров
2145,Электроника,Видеоаппаратура,Принадлежности для видеоустройств,Устройства перемотки
4760,Электроника,Видеоаппаратура,Принадлежности для видеоустройств,3D-очки
5278,Электроника,Видеоаппаратура,Видеосерверы
5450,Электроника,Видеоаппаратура,Видеопередатчики
5561,Электроника,Видеоаппаратура,Товары для спутникового и кабельного телевидения
401,Электроника,Видеоаппаратура,Товары для спутникового и кабельного телевидения,Приемники спутникового телевидения
5562,Электроника,Видеоаппаратура,Товары для спутникового и кабельного телевидения,Приёмники кабельного телевидения
912,Электроника,Детекторы радаров
1270,Электроника,Принадлежности для консолей видеоигр
1505,Электроника,Принадлежности для консолей видеоигр,Принадлежности для игровых консолей
2070,Электроника,Принадлежности для консолей видеоигр,Принадлежности для портативных игровых консолей
1294,Электроника,Консоли для видеоигр
1801,Электроника,Электронные компоненты
1337,Электроника,Электронные компоненты,Модуляторы
1544,Электроника,Электронные компоненты,Разветвители
1977,Электроника,Электронные компоненты,Разъемы для электронных компонентов
2182,Электроника,Электронные компоненты,Преобразователи
2205,Электроника,Электронные компоненты,Преобразователи,Преобразователи развертки
503001,Электроника,Электронные компоненты,Преобразователи,Аудиоконвертеры
7395,Электроника,Электронные компоненты,Акселерометры
2082,Электроника,Принадлежности для электроники
258,Электроника,Принадлежности для электроники,Адаптеры
146,Электроника,Принадлежности для электроники,Адаптеры,Адаптеры для карт памяти
4463,Электроника,Принадлежности для электроники,Адаптеры,Аудио- и видеоадаптеры
7182,Электроника,Принадлежности для электроники,Адаптеры,USB-адаптеры
259,Электроника,Принадлежности для электроники,Кабели
1480,Электроника,Принадлежности для электроники,Кабели,Сетевые кабели
1763,Электроника,Принадлежности для электроники,Кабели,Системные и силовые кабели
1867,Электроника,Принадлежности для электроники,Кабели,Аудио- и видеокабели
3461,Электроника,Принадлежности для электроники,Кабели,КВМ-кабели
3541,Электроника,Принадлежности для электроники,Кабели,Телефонные кабели
500035,Электроника,Принадлежности для электроники,Кабели,Кабели для передачи данных
275,Электроника,Принадлежности для электроники,Электропитание
276,Электроника,Принадлежности для электроники,Электропитание,Аккумуляторы
1564,Электроника,Принадлежности для электроники,Электропитание,Аккумуляторы,Аккумуляторы для ноутбуков
1722,Электроника,Принадлежности для электроники,Электропитание,Аккумуляторы,Аккумуляторы для фотоаппаратов
1745,Электроника,Принадлежности для электроники,Электропитание,Аккумуляторы,Аккумуляторы для мобильных телефонов
1880,Электроника,Принадлежности для электроники,Электропитание,Аккумуляторы,Аккумуляторы для беспроводных телефонов
2222,Электроника,Принадлежности для электроники,Электропитание,Аккумуляторы,Аккумуляторы для видеокамер
4928,Электроника,Принадлежности для электроники,Электропитание,Аккумуляторы,Батареи и аккумуляторы общего назначения
5133,Электроника,Принадлежности для электроники,Электропитание,Аккумуляторы,Аккумуляторы для КПК
6289,Электроника,Принадлежности для электроники,Электропитание,Аккумуляторы,Батареи для ИБП
7438,Электроника,Принадлежности для электроники,Электропитание,Аккумуляторы,Батареи для планшетных ПК
7551,Электроника,Принадлежности для электроники,Электропитание,Аккумуляторы,Батареи для устройств для чтения электронных книг
499810,Электроника,Принадлежности для электроники,Электропитание,Аккумуляторы,Аккумуляторы для MP3-плееров
500117,Электроника,Принадлежности для электроники,Электропитание,Аккумуляторы,Аккумуляторы для игровых приставок и пультов управления
1348,Электроника,Принадлежности для электроники,Электропитание,Источники бесперебойного питания
1375,Электроника,Принадлежности для электроники,Электропитание,Принадлежности для ИБП
2978,Электроника,Принадлежности для электроники,Электропитание,Топливные элементы
3160,Электроника,Принадлежности для электроники,Электропитание,Удлинители и сетевые фильтры
5274,Электроника,Принадлежности для электроники,Электропитание,Корпуса и шкафы для систем электропитания
5380,Электроника,Принадлежности для электроники,Электропитание,Устройства для защиты от импульсных перенапряжений
6790,Электроника,Принадлежности для электроники,Электропитание,Регуляторы мощности
6933,Электроника,Принадлежности для электроники,Электропитание,Принадлежности для адаптеров электропитания
7135,Электроника,Принадлежности для электроники,Электропитание,Туристические переходники и адаптеры
7166,Электроника,Принадлежности для электроники,Электропитание,Принадлежности для батарей
3130,Электроника,Принадлежности для электроники,Электропитание,Принадлежности для батарей,Зарядные устройства для камер
6817,Электроника,Принадлежности для электроники,Электропитание,Принадлежности для батарей,Устройства регулирования зарядки
7167,Электроника,Принадлежности для электроники,Электропитание,Принадлежности для батарей,Зарядные устройства для аккумуляторов общего назначения
8243,Электроника,Принадлежности для электроники,Электропитание,Принадлежности для батарей,Держатели для аккумуляторов
499928,Электроника,Принадлежности для электроники,Электропитание,Принадлежности для батарей,Тестеры батареек
505295,Электроника,Принадлежности для электроники,Электропитание,Адаптеры питания и зарядные устройства
279,Электроника,Принадлежности для электроники,Компьютерные принадлежности
280,Электроника,Принадлежности для электроники,Компьютерные принадлежности,Принадлежности для карманных устройств
4736,Электроника,Принадлежности для электроники,Компьютерные принадлежности,Принадлежности для карманных устройств,Принадлежности для электронных книг
4738,Электроника,Принадлежности для электроники,Компьютерные принадлежности,Принадлежности для карманных устройств,Принадлежности для электронных книг,Чехлы для электронных книг
4737,Электроника,Принадлежности для электроники,Компьютерные принадлежности,Принадлежности для карманных устройств,Принадлежности для КПК
4739,Электроника,Принадлежности для электроники,Компьютерные принадлежности,Принадлежности для карманных устройств,Принадлежности для КПК,Чехлы для КПК
300,Электроника,Принадлежности для электроники,Компьютерные принадлежности,Док-станции для ноутбуков
1993,Электроника,Принадлежности для электроники,Компьютерные принадлежности,Коврики для мыши
5308,Электроника,Принадлежности для электроники,Компьютерные принадлежности,Стилусы
5489,Электроника,Принадлежности для электроники,Компьютерные принадлежности,Подставки для компьютеров
5669,Электроника,Принадлежности для электроники,Компьютерные принадлежности,Запасные стержни и головки для стилусов
6291,Электроника,Принадлежности для электроники,Компьютерные принадлежности,Подушки для запястья
6979,Электроника,Принадлежности для электроники,Компьютерные принадлежности,Платформы и подставки для клавиатуры
7530,Электроника,Принадлежности для электроники,Компьютерные принадлежности,Чехлы и кожухи для компьютеров
499956,Электроника,Принадлежности для электроники,Компьютерные принадлежности,Подставки и доки для планшетных ПК
500040,Электроника,Принадлежности для электроники,Компьютерные принадлежности,Комплекты компьютерных принадлежностей
285,Электроника,Принадлежности для электроники,Компьютерные компоненты
287,Электроника,Принадлежности для электроники,Компьютерные компоненты,Платы расширения для компьютеров
286,Электроника,Принадлежности для электроники,Компьютерные компоненты,Платы расширения для компьютеров,Звуковые карты
297,Электроника,Принадлежности для электроники,Компьютерные компоненты,Платы расширения для компьютеров,Видеокарты
1487,Электроника,Принадлежности для электроники,Компьютерные компоненты,Платы расширения для компьютеров,Платы и адаптеры ТВ-тюнеров
503755,Электроника,Принадлежности для электроники,Компьютерные компоненты,Платы расширения для компьютеров,Райзер-платы
505299,Электроника,Принадлежности для электроники,Компьютерные компоненты,Платы расширения для компьютеров,Интерфейсные платы и адаптеры для компьютеров
291,Электроника,Принадлежности для электроники,Компьютерные компоненты,Блоки питания для компьютеров
292,Электроника,Принадлежности для электроники,Компьютерные компоненты,Процессоры для компьютеров
293,Электроника,Принадлежности для электроники,Компьютерные компоненты,Компьютерные стойки и крепеж
294,Электроника,Принадлежности для электроники,Компьютерные компоненты,Комплекты для сборки компьютеров
295,Электроника,Принадлежности для электроники,Компьютерные компоненты,Детали для охлаждения компьютерных систем
296,Электроника,Принадлежности для электроники,Компьютерные компоненты,Корпуса компьютеров
311,Электроника,Принадлежности для электроники,Компьютерные компоненты,Концентраторы USB и FireWire
1928,Электроника,Принадлежности для электроники,Компьютерные компоненты,Устройства ввода
139,Электроника,Принадлежности для электроники,Компьютерные компоненты,Устройства ввода,Сканеры штрихкодов
301,Электроника,Принадлежности для электроники,Компьютерные компоненты,Устройства ввода,Игровые контроллеры
543588,Электроника,Принадлежности для электроники,Компьютерные компоненты,Устройства ввода,Игровые контроллеры,Джойстики
543589,Электроника,Принадлежности для электроники,Компьютерные компоненты,Устройства ввода,Игровые контроллеры,Геймпады
543590,Электроника,Принадлежности для электроники,Компьютерные компоненты,Устройства ввода,Игровые контроллеры,Пульты управления для игр
543591,Электроника,Принадлежности для электроники,Компьютерные компоненты,Устройства ввода,Игровые контроллеры,Игровые рули
543593,Электроника,Принадлежности для электроники,Компьютерные компоненты,Устройства ввода,Игровые контроллеры,Игровые контроллеры для имитации музыкальных инструментов
302,Электроника,Принадлежности для электроники,Компьютерные компоненты,Устройства ввода,Графические планшеты
303,Электроника,Принадлежности для электроники,Компьютерные компоненты,Устройства ввода,Компьютерные клавиатуры
304,Электроника,Принадлежности для электроники,Компьютерные компоненты,Устройства ввода,Мыши и трекболы
308,Электроника,Принадлежности для электроники,Компьютерные компоненты,Устройства ввода,Сенсорные панели
1562,Электроника,Принадлежности для электроники,Компьютерные компоненты,Устройства ввода,КВМ-переключатели
3580,Электроника,Принадлежности для электроники,Компьютерные компоненты,Устройства ввода,Устройства для считывания карт памяти
4512,Электроника,Принадлежности для электроники,Компьютерные компоненты,Устройства ввода,Цифровые клавишные панели
5309,Электроника,Принадлежности для электроники,Компьютерные компоненты,Устройства ввода,Цифровые ручки
5366,Электроника,Принадлежности для электроники,Компьютерные компоненты,Устройства ввода,Устройства чтения отпечатков пальцев
499950,Электроника,Принадлежности для электроники,Компьютерные компоненты,Устройства ввода,Устройства для управжения жестами
505801,Электроника,Принадлежности для электроники,Компьютерные компоненты,Устройства ввода,Устройства для чтения магнитных карт и карт с чипом
2414,Электроника,Принадлежности для электроники,Компьютерные компоненты,Оборудование для хранения данных
377,Электроника,Принадлежности для электроники,Компьютерные компоненты,Оборудование для хранения данных,Оптические дисководы
380,Электроника,Принадлежности для электроники,Компьютерные компоненты,Оборудование для хранения данных,Жесткие диски
385,Электроника,Принадлежности для электроники,Компьютерные компоненты,Оборудование для хранения данных,Ленточные накопители
1301,Электроника,Принадлежности для электроники,Компьютерные компоненты,Оборудование для хранения данных,Дисководы для гибких дисков
1623,Электроника,Принадлежности для электроники,Компьютерные компоненты,Оборудование для хранения данных,Принадлежности для дисковых накопителей
381,Электроника,Принадлежности для электроники,Компьютерные компоненты,Оборудование для хранения данных,Принадлежности для дисковых накопителей,Футляры для переноски жестких дисков
4417,Электроника,Принадлежности для электроники,Компьютерные компоненты,Оборудование для хранения данных,Принадлежности для дисковых накопителей,Док-станции для жестких дисков
505767,Электроника,Принадлежности для электроники,Компьютерные компоненты,Оборудование для хранения данных,Принадлежности для дисковых накопителей,Футляры и док-станции для жестких дисков
3712,Электроника,Принадлежности для электроники,Компьютерные компоненты,Оборудование для хранения данных,USB флэш-накопители
5268,Электроника,Принадлежности для электроники,Компьютерные компоненты,Оборудование для хранения данных,Устройства для дублирования данных
376,Электроника,Принадлежности для электроники,Компьютерные компоненты,Оборудование для хранения данных,Устройства для дублирования данных,Дупликаторы CD/DVD-дисков
5112,Электроника,Принадлежности для электроники,Компьютерные компоненты,Оборудование для хранения данных,Устройства для дублирования данных,Дупликаторы USB-накопителей
5271,Электроника,Принадлежности для электроники,Компьютерные компоненты,Оборудование для хранения данных,Устройства для дублирования данных,Дупликаторы жестких дисков
5269,Электроника,Принадлежности для электроники,Компьютерные компоненты,Оборудование для хранения данных,Сетевые системы хранения данных
5272,Электроника,Принадлежности для электроники,Компьютерные компоненты,Оборудование для хранения данных,Дисковые массивы
4224,Электроника,Принадлежности для электроники,Компьютерные компоненты,Запчасти для ноутбуков
4102,Электроника,Принадлежности для электроники,Компьютерные компоненты,Запчасти для ноутбуков,Сменные экраны для ноутбуков
4270,Электроника,Принадлежности для электроники,Компьютерные компоненты,Запчасти для ноутбуков,Наклейки на ноутбуки
4301,Электроника,Принадлежности для электроники,Компьютерные компоненты,Запчасти для ноутбуков,Сменные клавиатуры для ноутбуков
6416,Электроника,Принадлежности для электроники,Компьютерные компоненты,Запчасти для ноутбуков,Петли для ноутбуков
7501,Электроника,Принадлежности для электроники,Компьютерные компоненты,Запчасти для ноутбуков,Запасные кабели для ноутбуков
8160,Электроника,Принадлежности для электроники,Компьютерные компоненты,Запчасти для ноутбуков,Дигитайзеры для экранов ноутбуков
43617,Электроника,Принадлежности для электроники,Компьютерные компоненты,Запчасти для ноутбуков,Запасные динамики для ноутбуков
6475,Электроника,Принадлежности для электроники,Компьютерные компоненты,Принадлежности для устройств ввода
6476,Электроника,Принадлежности для электроники,Компьютерные компоненты,Принадлежности для устройств ввода,Стойки для сканеров штрих-кодов
8008,Электроника,Принадлежности для электроники,Компьютерные компоненты,Принадлежности для устройств ввода,Принадлежности для игровых контроллеров
500052,Электроника,Принадлежности для электроники,Компьютерные компоненты,Принадлежности для устройств ввода,Принадлежности для мыши и трекбола
503003,Электроника,Принадлежности для электроники,Компьютерные компоненты,Принадлежности для устройств ввода,Клавиши и наклейки на клавиши клавиатуры
6932,Электроника,Принадлежности для электроники,Компьютерные компоненты,Шкафы для блейд-серверов
7349,Электроника,Принадлежности для электроники,Компьютерные компоненты,Детали для планшетных ПК
45262,Электроника,Принадлежности для электроники,Компьютерные компоненты,Детали для планшетных ПК,Сменные динамики для планшетных ПК
500013,Электроника,Принадлежности для электроники,Компьютерные компоненты,Детали для планшетных ПК,Экраны для планшетных ПК
503002,Электроника,Принадлежности для электроники,Компьютерные компоненты,Детали для планшетных ПК,Чехлы для планшетных ПК
8158,Электроника,Принадлежности для электроники,Компьютерные компоненты,Заглушки для слотов компьютерных плат
8162,Электроника,Принадлежности для электроники,Компьютерные компоненты,Детали для электронных книг
8163,Электроника,Принадлежности для электроники,Компьютерные компоненты,Детали для электронных книг,Сменные экраны для электронных книг
288,Электроника,Принадлежности для электроники,Память
384,Электроника,Принадлежности для электроники,Память,Флеш-память
3387,Электроника,Принадлежности для электроники,Память,Флеш-память,Карты флеш-памяти
1665,Электроника,Принадлежности для электроники,Память,Кэш-память
1733,Электроника,Принадлежности для электроники,Память,ОЗУ
1767,Электроника,Принадлежности для электроники,Память,Видеопамять
2130,Электроника,Принадлежности для электроники,Память,ПЗУ
341,Электроника,Принадлежности для электроники,Пульты дистанционного управления
367,Электроника,Принадлежности для электроники,Чистые носители
1718,Электроника,Принадлежности для электроники,Антенны
3328,Электроника,Принадлежности для электроники,Прокладка кабелей
3764,Электроника,Принадлежности для электроники,Прокладка кабелей,Зажимы для кабелей
4016,Электроника,Принадлежности для электроники,Прокладка кабелей,Ленты для проводов и кабелей
5273,Электроника,Принадлежности для электроники,Прокладка кабелей,Коммутационные  панели
6402,Электроника,Принадлежности для электроники,Прокладка кабелей,Кабельные коробы
6780,Электроника,Принадлежности для электроники,Прокладка кабелей,Кабельные муфты
499686,Электроника,Принадлежности для электроники,Прокладка кабелей,Идентификационные маркеры для кабелей и проводов
500036,Электроника,Принадлежности для электроники,Прокладка кабелей,Пистолеты для стяжки кабеля
3422,Электроника,Принадлежности для электроники,Принадлежности для модулей памяти
3672,Электроника,Принадлежности для электроники,Принадлежности для модулей памяти,Кассеты для модулей памяти
4617,Электроника,Принадлежности для электроники,Чистящие средства для электроники
5466,Электроника,Принадлежности для электроники,Защитные пленки и экраны для электроприборов
5467,Электроника,Принадлежности для электроники,Защитные пленки и экраны для электроприборов,Фильтры конфиденциальности
5468,Электроника,Принадлежности для электроники,Защитные пленки и экраны для электроприборов,Защитные плёнки для экранов
5469,Электроника,Принадлежности для электроники,Защитные пленки и экраны для электроприборов,Протекторы для клавиатур
5523,Электроника,Принадлежности для электроники,Защитные пленки и экраны для электроприборов,Наклейки и переводные картинки для электроприборов
5473,Электроника,Принадлежности для электроники,Усилители сигналов
5476,Электроника,Принадлежности для электроники,Принадлежности для антенн
5477,Электроника,Принадлежности для электроники,Принадлежности для антенн,Опорные механизмы и кронштейны для крепления антенн
5478,Электроника,Принадлежности для электроники,Принадлежности для антенн,Поворотные устройства для антенн
6016,Электроника,Принадлежности для электроники,Принадлежности для антенн,Спутниковые конвертеры
5695,Электроника,Принадлежности для электроники,Глушители сигналов
5589,Электроника,Принадлежности для электроники,Глушители сигналов,Радарные глушители
5612,Электроника,Принадлежности для электроники,Глушители сигналов,Глушители GPS
5696,Электроника,Принадлежности для электроники,Глушители сигналов,Глушители сигналов мобильных телефонов
8156,Электроника,Принадлежности для электроники,Аудио- и видеоразветвители и переключатели
8164,Электроника,Принадлежности для электроники,Аудио- и видеоразветвители и переключатели,Разветвители и переключатели HDMI
499944,Электроника,Принадлежности для электроники,Аудио- и видеоразветвители и переключатели,DVI-сплиттеры и DVI-коммутаторы
499945,Электроника,Принадлежности для электроники,Аудио- и видеоразветвители и переключатели,VGA-сплиттеры и VGA-коммутаторы
499878,Электроника,Принадлежности для электроники,Треноги и моноподы для мобильных телефонов и планшетных ПК
3356,Электроника,Оборудование для аркад
3117,Электроника,Оборудование для аркад,Игровые автоматы
3140,Электроника,Оборудование для аркад,Машины для пинбола
3676,Электроника,Оборудование для аркад,Принадлежности для игровых автоматов
3681,Электроника,Оборудование для аркад,Машины для скибола
3946,Электроника,Оборудование для аркад,Принадлежности для машины для пинбола
8085,Электроника,Оборудование для аркад,Баскетбольные игровые автоматы
3702,Электроника,Печатные платы и их компоненты
3635,Электроника,Печатные платы и их компоненты,Пассивные компоненты электрических цепей
3121,Электроника,Печатные платы и их компоненты,Пассивные компоненты электрических цепей,Индукторы
3220,Электроника,Печатные платы и их компоненты,Пассивные компоненты электрических цепей,Электрические конденсаторы
3424,Электроника,Печатные платы и их компоненты,Пассивные компоненты электрических цепей,Резисторы
7260,Электроника,Печатные платы и их компоненты,Пассивные компоненты электрических цепей,Электронные осцилляторы
3889,Электроника,Печатные платы и их компоненты,Прототипные печатные платы
4010,Электроника,Печатные платы и их компоненты,Прототипные печатные платы,Макетные платы
3991,Электроника,Печатные платы и их компоненты,Полупроводники
3094,Электроника,Печатные платы и их компоненты,Полупроводники,Транзисторы
3632,Электроника,Печатные платы и их компоненты,Полупроводники,Диоды
3949,Электроника,Печатные платы и их компоненты,Полупроводники,Микроконтроллеры
7257,Электроника,Печатные платы и их компоненты,Полупроводники,Интегральные схемы и чипы
7258,Электроника,Печатные платы и их компоненты,Электронные фильтры
7259,Электроника,Печатные платы и их компоненты,Электронные шифраторы и дешифраторы
7264,Электроника,Печатные платы и их компоненты,Печатные платы
3416,Электроника,Печатные платы и их компоненты,Печатные платы,Платы для прототипирования
8516,Электроника,Печатные платы и их компоненты,Печатные платы,Печатные платы для телевизоров
8544,Электроника,Печатные платы и их компоненты,Печатные платы,"Печатные платы для принтеров, копиров и факсов"
8545,Электроника,Печатные платы и их компоненты,Печатные платы,Печатные платы для бытовых приборов
8549,Электроника,Печатные платы и их компоненты,Печатные платы,Печатные платы для бассейнов и джакузи
298419,Электроника,Печатные платы и их компоненты,Печатные платы,Печатные платы для фотоаппаратов
499675,Электроника,Печатные платы и их компоненты,Печатные платы,Печатные платы для сканеров
499889,Электроника,Печатные платы и их компоненты,Печатные платы,Печатные платы для спортивных тренажеров
499898,Электроника,Печатные платы и их компоненты,Печатные платы,Печатные платы для компьютеров
289,Электроника,Печатные платы и их компоненты,Печатные платы,Печатные платы для компьютеров,Материнские платы
8546,Электроника,Печатные платы и их компоненты,Печатные платы,Печатные платы для компьютеров,Печатные платы для жестких дисков
499899,Электроника,Печатные платы и их компоненты,Печатные платы,Печатные платы для компьютеров,Платы инвертеров для компьютеров
500027,Электроника,Печатные платы и их компоненты,Принадлежности для печатных плат
3895,Электроника,Принадлежности для устройств GPS
3213,Электроника,Принадлежности для устройств GPS,Крепления для устройств GPS
3781,Электроника,Принадлежности для устройств GPS,Чехлы для устройств GPS
4488,Электроника,Устройства для взимания оплаты
6544,Электроника,GPS-трекеры
500091,Электроника,Радары скорости
412,"Продукты, напитки и табачные изделия"
413,"Продукты, напитки и табачные изделия",Напитки
415,"Продукты, напитки и табачные изделия",Напитки,Горячий шоколад
418,"Продукты, напитки и табачные изделия",Напитки,Молоко
420,"Продукты, напитки и табачные изделия",Напитки,Вода
543530,"Продукты, напитки и табачные изделия",Напитки,Вода,Дистиллированная вода
543531,"Продукты, напитки и табачные изделия",Напитки,Вода,Газированная вода
543534,"Продукты, напитки и табачные изделия",Напитки,Вода,Газированная вода,Газированная вода со вкусом
543535,"Продукты, напитки и табачные изделия",Напитки,Вода,Газированная вода,Газированная вода без вкуса
543532,"Продукты, напитки и табачные изделия",Напитки,Вода,Родниковая вода
543533,"Продукты, напитки и табачные изделия",Напитки,Вода,Негазированная минеральная вода
1868,"Продукты, напитки и табачные изделия",Напитки,Кофе
2073,"Продукты, напитки и табачные изделия",Напитки,Чаи и чайные смеси
2628,"Продукты, напитки и табачные изделия",Напитки,Газированная вода с сиропом
2887,"Продукты, напитки и табачные изделия",Напитки,Соки
5723,"Продукты, напитки и табачные изделия",Напитки,Спортивные и энергетические напитки
5724,"Продукты, напитки и табачные изделия",Напитки,Растительное молоко
6797,"Продукты, напитки и табачные изделия",Напитки,Пахта
6848,"Продукты, напитки и табачные изделия",Напитки,Смеси для напитков
7528,"Продукты, напитки и табачные изделия",Напитки,Напитки с уксусом
8030,"Продукты, напитки и табачные изделия",Напитки,Эгг-ног
8036,"Продукты, напитки и табачные изделия",Напитки,Ароматизированные фруктовые напитки
499676,"Продукты, напитки и табачные изделия",Напитки,Алкогольные напитки
414,"Продукты, напитки и табачные изделия",Напитки,Алкогольные напитки,Пиво
417,"Продукты, напитки и табачные изделия",Напитки,Алкогольные напитки,Крепкие алкогольные напитки
1671,"Продукты, напитки и табачные изделия",Напитки,Алкогольные напитки,Крепкие алкогольные напитки,Джин
1926,"Продукты, напитки и табачные изделия",Напитки,Алкогольные напитки,Крепкие алкогольные напитки,Виски
2107,"Продукты, напитки и табачные изделия",Напитки,Алкогольные напитки,Крепкие алкогольные напитки,Водка
2220,"Продукты, напитки и табачные изделия",Напитки,Алкогольные напитки,Крепкие алкогольные напитки,Текила
2364,"Продукты, напитки и табачные изделия",Напитки,Алкогольные напитки,Крепкие алкогольные напитки,Бренди
2605,"Продукты, напитки и табачные изделия",Напитки,Алкогольные напитки,Крепкие алкогольные напитки,Ром
2933,"Продукты, напитки и табачные изделия",Напитки,Алкогольные напитки,Крепкие алкогольные напитки,Ликеры
502976,"Продукты, напитки и табачные изделия",Напитки,Алкогольные напитки,Крепкие алкогольные напитки,Сетю и соджу
543642,"Продукты, напитки и табачные изделия",Напитки,Алкогольные напитки,Крепкие алкогольные напитки,Сетю и соджу,Сётю
543643,"Продукты, напитки и табачные изделия",Напитки,Алкогольные напитки,Крепкие алкогольные напитки,Сетю и соджу,Соджу
505761,"Продукты, напитки и табачные изделия",Напитки,Алкогольные напитки,Крепкие алкогольные напитки,Абсент
421,"Продукты, напитки и табачные изделия",Напитки,Алкогольные напитки,Вино
5725,"Продукты, напитки и табачные изделия",Напитки,Алкогольные напитки,Смеси для коктейлей
543536,"Продукты, напитки и табачные изделия",Напитки,Алкогольные напитки,Смеси для коктейлей,Долгохранящиеся смеси для коктейлей
543537,"Продукты, напитки и табачные изделия",Напитки,Алкогольные напитки,Смеси для коктейлей,Замороженные смеси для коктейлей
5887,"Продукты, напитки и табачные изделия",Напитки,Алкогольные напитки,Алкогольные напитки со вкусовыми добавками
6761,"Продукты, напитки и табачные изделия",Напитки,Алкогольные напитки,Крепкий сидр
7486,"Продукты, напитки и табачные изделия",Напитки,Алкогольные напитки,Биттеры
422,"Продукты, напитки и табачные изделия",Пищевые продукты
136,"Продукты, напитки и табачные изделия",Пищевые продукты,Корзины с продуктовыми наборами
423,"Продукты, напитки и табачные изделия",Пищевые продукты,Легкие закуски
1445,"Продукты, напитки и табачные изделия",Пищевые продукты,Легкие закуски,Крекеры
1534,"Продукты, напитки и табачные изделия",Пищевые продукты,Легкие закуски,Попкорн
2392,"Продукты, напитки и табачные изделия",Пищевые продукты,Легкие закуски,Чипсы
2432,"Продукты, напитки и табачные изделия",Пищевые продукты,Легкие закуски,Хлебцы из воздушного риса
3284,"Продукты, напитки и табачные изделия",Пищевые продукты,Легкие закуски,Вяленое мясо
3446,"Продукты, напитки и табачные изделия",Пищевые продукты,Легкие закуски,Крендели
5743,"Продукты, напитки и табачные изделия",Пищевые продукты,Легкие закуски,Пудинги и закуски из желатина
5744,"Продукты, напитки и табачные изделия",Пищевые продукты,Легкие закуски,Фруктовые закуски
5745,"Продукты, напитки и табачные изделия",Пищевые продукты,Легкие закуски,Походная смесь
5746,"Продукты, напитки и табачные изделия",Пищевые продукты,Легкие закуски,Гренки для супа
5747,"Продукты, напитки и табачные изделия",Пищевые продукты,Легкие закуски,Плитки из зерновых и мюсли
543651,"Продукты, напитки и табачные изделия",Пищевые продукты,Легкие закуски,Плитки из зерновых и мюсли,Батончики-мюсли
543652,"Продукты, напитки и табачные изделия",Пищевые продукты,Легкие закуски,Плитки из зерновых и мюсли,Батончики из гранолы
6192,"Продукты, напитки и табачные изделия",Пищевые продукты,Легкие закуски,Сырные палочки
6194,"Продукты, напитки и табачные изделия",Пищевые продукты,Легкие закуски,Шкварки
6785,"Продукты, напитки и табачные изделия",Пищевые продукты,Легкие закуски,Закусочные сладости
6847,"Продукты, напитки и табачные изделия",Пищевые продукты,Легкие закуски,Приправы для салатов
7159,"Продукты, напитки и табачные изделия",Пищевые продукты,Легкие закуски,Хлебные палочки
7327,"Продукты, напитки и табачные изделия",Пищевые продукты,Легкие закуски,Баньтьынг
7427,"Продукты, напитки и табачные изделия",Пищевые продукты,Легкие закуски,Кунжутные палочки
427,"Продукты, напитки и табачные изделия",Пищевые продукты,Приправы и соусы
1387,"Продукты, напитки и табачные изделия",Пищевые продукты,Приправы и соусы,Горчица
1568,"Продукты, напитки и табачные изделия",Пищевые продукты,Приправы и соусы,Майонез
1969,"Продукты, напитки и табачные изделия",Пищевые продукты,Приправы и соусы,Заправки к салатам
2018,"Продукты, напитки и табачные изделия",Пищевые продукты,Приправы и соусы,Кетчуп
4614,"Продукты, напитки и табачные изделия",Пищевые продукты,Приправы и соусы,Острый соус
4615,"Продукты, напитки и табачные изделия",Пищевые продукты,Приправы и соусы,Ореховый соус
4616,"Продукты, напитки и табачные изделия",Пищевые продукты,Приправы и соусы,Соевый соус
4692,"Продукты, напитки и табачные изделия",Пищевые продукты,Приправы и соусы,Тахина
4943,"Продукты, напитки и табачные изделия",Пищевые продукты,Приправы и соусы,Сиропы
4947,"Продукты, напитки и табачные изделия",Пищевые продукты,Приправы и соусы,Мёд
5759,"Продукты, напитки и табачные изделия",Пищевые продукты,Приправы и соусы,Соусы для пасты
5760,"Продукты, напитки и табачные изделия",Пищевые продукты,Приправы и соусы,Оливки и каперсы
5762,"Продукты, напитки и табачные изделия",Пищевые продукты,Приправы и соусы,Подливки
5763,"Продукты, напитки и табачные изделия",Пищевые продукты,Приправы и соусы,Рыбный соус
6203,"Продукты, напитки и табачные изделия",Пищевые продукты,Приправы и соусы,Соус для пиццы
6246,"Продукты, напитки и табачные изделия",Пищевые продукты,Приправы и соусы,Вустерский соус
6772,"Продукты, напитки и табачные изделия",Пищевые продукты,Приправы и соусы,Коктейль-соус для креветок
6782,"Продукты, напитки и табачные изделия",Пищевые продукты,Приправы и соусы,Соус с хреном
6783,"Продукты, напитки и табачные изделия",Пищевые продукты,Приправы и соусы,Соус тартар
6845,"Продукты, напитки и табачные изделия",Пищевые продукты,Приправы и соусы,Топпинги для десертов
6844,"Продукты, напитки и табачные изделия",Пищевые продукты,Приправы и соусы,Топпинги для десертов,Сироп для мороженого
6854,"Продукты, напитки и табачные изделия",Пищевые продукты,Приправы и соусы,Топпинги для десертов,Фруктовый топпинг
6905,"Продукты, напитки и табачные изделия",Пищевые продукты,Приправы и соусы,Соус карри
500074,"Продукты, напитки и табачные изделия",Пищевые продукты,Приправы и соусы,Маринады и соусы для барбекю
500075,"Продукты, напитки и табачные изделия",Пищевые продукты,Приправы и соусы,Релиш и чатни
500076,"Продукты, напитки и табачные изделия",Пищевые продукты,Приправы и соусы,Маринованные овощи
500089,"Продукты, напитки и табачные изделия",Пищевые продукты,Приправы и соусы,Кисло-сладкие соусы
500105,"Продукты, напитки и табачные изделия",Пищевые продукты,Приправы и соусы,Белые и сливочные соусы
428,"Продукты, напитки и табачные изделия",Пищевые продукты,Молочные продукты
429,"Продукты, напитки и табачные изделия",Пищевые продукты,Молочные продукты,Сыр
1855,"Продукты, напитки и табачные изделия",Пищевые продукты,Молочные продукты,Творог
1954,"Продукты, напитки и табачные изделия",Пищевые продукты,Молочные продукты,Йогурт
4418,"Продукты, напитки и табачные изделия",Пищевые продукты,Молочные продукты,Сливки для кофе
5786,"Продукты, напитки и табачные изделия",Пищевые продукты,Молочные продукты,Сливки
5787,"Продукты, напитки и табачные изделия",Пищевые продукты,Молочные продукты,Сметана
5827,"Продукты, напитки и табачные изделия",Пищевые продукты,Молочные продукты,Масло и маргарин
6821,"Продукты, напитки и табачные изделия",Пищевые продукты,Молочные продукты,Взбитые сливки
430,"Продукты, напитки и табачные изделия",Пищевые продукты,Фрукты и овощи
1755,"Продукты, напитки и табачные изделия",Пищевые продукты,Фрукты и овощи,Сухофрукты
5793,"Продукты, напитки и табачные изделия",Пищевые продукты,Фрукты и овощи,Свежие и замороженные овощи
6568,"Продукты, напитки и табачные изделия",Пищевые продукты,Фрукты и овощи,Свежие и замороженные овощи,Спаржа
6570,"Продукты, напитки и табачные изделия",Пищевые продукты,Фрукты и овощи,Свежие и замороженные овощи,Артишоки
6577,"Продукты, напитки и табачные изделия",Пищевые продукты,Фрукты и овощи,Свежие и замороженные овощи,Бобы
6580,"Продукты, напитки и табачные изделия",Пищевые продукты,Фрукты и овощи,Свежие и замороженные овощи,Свекла
6585,"Продукты, напитки и табачные изделия",Пищевые продукты,Фрукты и овощи,Свежие и замороженные овощи,Батат
6586,"Продукты, напитки и табачные изделия",Пищевые продукты,Фрукты и овощи,Свежие и замороженные овощи,Картофель
6587,"Продукты, напитки и табачные изделия",Пищевые продукты,Фрукты и овощи,Свежие и замороженные овощи,Огуречник
6590,"Продукты, напитки и табачные изделия",Пищевые продукты,Фрукты и овощи,Свежие и замороженные овощи,Брюссельская капуста
6591,"Продукты, напитки и табачные изделия",Пищевые продукты,Фрукты и овощи,Свежие и замороженные овощи,Брокколи
6592,"Продукты, напитки и табачные изделия",Пищевые продукты,Фрукты и овощи,Свежие и замороженные овощи,Кочанная капуста
6595,"Продукты, напитки и табачные изделия",Пищевые продукты,Фрукты и овощи,Свежие и замороженные овощи,Морковь
6596,"Продукты, напитки и табачные изделия",Пищевые продукты,Фрукты и овощи,Свежие и замороженные овощи,Испанские артишоки
6598,"Продукты, напитки и табачные изделия",Пищевые продукты,Фрукты и овощи,Свежие и замороженные овощи,Корень сельдерея
6599,"Продукты, напитки и табачные изделия",Пищевые продукты,Фрукты и овощи,Свежие и замороженные овощи,Сельдерей
6600,"Продукты, напитки и табачные изделия",Пищевые продукты,Фрукты и овощи,Свежие и замороженные овощи,Цветная капуста
6608,"Продукты, напитки и табачные изделия",Пищевые продукты,Фрукты и овощи,Свежие и замороженные овощи,Огурцы
6609,"Продукты, напитки и табачные изделия",Пищевые продукты,Фрукты и овощи,Свежие и замороженные овощи,Кукуруза
6613,"Продукты, напитки и табачные изделия",Пищевые продукты,Фрукты и овощи,Свежие и замороженные овощи,Баклажаны
6615,"Продукты, напитки и табачные изделия",Пищевые продукты,Фрукты и овощи,Свежие и замороженные овощи,Папоротник
6616,"Продукты, напитки и табачные изделия",Пищевые продукты,Фрукты и овощи,Свежие и замороженные овощи,Капуста гай-чой
6617,"Продукты, напитки и табачные изделия",Пищевые продукты,Фрукты и овощи,Свежие и замороженные овощи,Гай-лан
6618,"Продукты, напитки и табачные изделия",Пищевые продукты,Фрукты и овощи,Свежие и замороженные овощи,Корень лопушника
6619,"Продукты, напитки и табачные изделия",Пищевые продукты,Фрукты и овощи,Свежие и замороженные овощи,Корень имбиря
6620,"Продукты, напитки и табачные изделия",Пищевые продукты,Фрукты и овощи,Свежие и замороженные овощи,Чеснок
6622,"Продукты, напитки и табачные изделия",Пищевые продукты,Фрукты и овощи,Свежие и замороженные овощи,Зелень
5792,"Продукты, напитки и табачные изделия",Пищевые продукты,Фрукты и овощи,Свежие и замороженные овощи,Зелень,Смеси для салатов
6569,"Продукты, напитки и табачные изделия",Пищевые продукты,Фрукты и овощи,Свежие и замороженные овощи,Зелень,Рукола
6581,"Продукты, напитки и табачные изделия",Пищевые продукты,Фрукты и овощи,Свежие и замороженные овощи,Зелень,Зелень свеклы
6584,"Продукты, напитки и табачные изделия",Пищевые продукты,Фрукты и овощи,Свежие и замороженные овощи,Зелень,Китайская капуста
6597,"Продукты, напитки и табачные изделия",Пищевые продукты,Фрукты и овощи,Свежие и замороженные овощи,Зелень,Листовая свекла
6610,"Продукты, напитки и табачные изделия",Пищевые продукты,Фрукты и овощи,Свежие и замороженные овощи,Зелень,Капуста чой-сум
6629,"Продукты, напитки и табачные изделия",Пищевые продукты,Фрукты и овощи,Свежие и замороженные овощи,Зелень,Кормовая капуста
6637,"Продукты, напитки и табачные изделия",Пищевые продукты,Фрукты и овощи,Свежие и замороженные овощи,Зелень,Салат-латук
6656,"Продукты, напитки и табачные изделия",Пищевые продукты,Фрукты и овощи,Свежие и замороженные овощи,Зелень,Он-чой
6695,"Продукты, напитки и табачные изделия",Пищевые продукты,Фрукты и овощи,Свежие и замороженные овощи,Зелень,Шпинат
6706,"Продукты, напитки и табачные изделия",Пищевые продукты,Фрукты и овощи,Свежие и замороженные овощи,Зелень,Рапс
6717,"Продукты, напитки и табачные изделия",Пищевые продукты,Фрукты и овощи,Свежие и замороженные овощи,Зелень,Цикорий
6627,"Продукты, напитки и табачные изделия",Пищевые продукты,Фрукты и овощи,Свежие и замороженные овощи,Лук-порей
6628,"Продукты, напитки и табачные изделия",Пищевые продукты,Фрукты и овощи,Свежие и замороженные овощи,Кольраби
6630,"Продукты, напитки и табачные изделия",Пищевые продукты,Фрукты и овощи,Свежие и замороженные овощи,Хикама
6631,"Продукты, напитки и табачные изделия",Пищевые продукты,Фрукты и овощи,Свежие и замороженные овощи,Корень хрена
6643,"Продукты, напитки и табачные изделия",Пищевые продукты,Фрукты и овощи,Свежие и замороженные овощи,Ксантосома
6644,"Продукты, напитки и табачные изделия",Пищевые продукты,Фрукты и овощи,Свежие и замороженные овощи,Корень лотуса
6653,"Продукты, напитки и табачные изделия",Пищевые продукты,Фрукты и овощи,Свежие и замороженные овощи,Грибы
6655,"Продукты, напитки и табачные изделия",Пищевые продукты,Фрукты и овощи,Свежие и замороженные овощи,Лук репчатый
6657,"Продукты, напитки и табачные изделия",Пищевые продукты,Фрукты и овощи,Свежие и замороженные овощи,Окра
6663,"Продукты, напитки и табачные изделия",Пищевые продукты,Фрукты и овощи,Свежие и замороженные овощи,Пастернак
6664,"Продукты, напитки и табачные изделия",Пищевые продукты,Фрукты и овощи,Свежие и замороженные овощи,Корень петрушки
6668,"Продукты, напитки и табачные изделия",Пищевые продукты,Фрукты и овощи,Свежие и замороженные овощи,Перцы
6669,"Продукты, напитки и табачные изделия",Пищевые продукты,Фрукты и овощи,Свежие и замороженные овощи,Горох
6681,"Продукты, напитки и табачные изделия",Пищевые продукты,Фрукты и овощи,Свежие и замороженные овощи,Ревень
6682,"Продукты, напитки и табачные изделия",Пищевые продукты,Фрукты и овощи,Свежие и замороженные овощи,Редис
6692,"Продукты, напитки и табачные изделия",Пищевые продукты,Фрукты и овощи,Свежие и замороженные овощи,Тамарилло
6693,"Продукты, напитки и табачные изделия",Пищевые продукты,Фрукты и овощи,Свежие и замороженные овощи,Топинамбур
6694,"Продукты, напитки и табачные изделия",Пищевые продукты,Фрукты и овощи,Свежие и замороженные овощи,Сахарный тростник
6700,"Продукты, напитки и табачные изделия",Пищевые продукты,Фрукты и овощи,Свежие и замороженные овощи,Водный кресс
6701,"Продукты, напитки и табачные изделия",Пищевые продукты,Фрукты и овощи,Свежие и замороженные овощи,Водяные орехи
6703,"Продукты, напитки и табачные изделия",Пищевые продукты,Фрукты и овощи,Свежие и замороженные овощи,Помидоры
6704,"Продукты, напитки и табачные изделия",Пищевые продукты,Фрукты и овощи,Свежие и замороженные овощи,Корень таро
6705,"Продукты, напитки и табачные изделия",Пищевые продукты,Фрукты и овощи,Свежие и замороженные овощи,Корень тапиоки
6716,"Продукты, напитки и табачные изделия",Пищевые продукты,Фрукты и овощи,Свежие и замороженные овощи,Аракача
6808,"Продукты, напитки и табачные изделия",Пищевые продукты,Фрукты и овощи,Свежие и замороженные овощи,Листья кактуса
6816,"Продукты, напитки и табачные изделия",Пищевые продукты,Фрукты и овощи,Свежие и замороженные овощи,Луковицы фенхеля
6818,"Продукты, напитки и табачные изделия",Пищевые продукты,Фрукты и овощи,Свежие и замороженные овощи,Лук-шарлот
7193,"Продукты, напитки и табачные изделия",Пищевые продукты,Фрукты и овощи,Свежие и замороженные овощи,Ростки пшеницы
8515,"Продукты, напитки и табачные изделия",Пищевые продукты,Фрукты и овощи,Свежие и замороженные овощи,Клубни ямса
499905,"Продукты, напитки и табачные изделия",Пищевые продукты,Фрукты и овощи,Свежие и замороженные овощи,Овощные смеси
503761,"Продукты, напитки и табачные изделия",Пищевые продукты,Фрукты и овощи,Свежие и замороженные овощи,Ростки бобовых
505329,"Продукты, напитки и табачные изделия",Пищевые продукты,Фрукты и овощи,Свежие и замороженные овощи,Свёкла и брюква
505354,"Продукты, напитки и табачные изделия",Пищевые продукты,Фрукты и овощи,Свежие и замороженные овощи,Тыквы
5794,"Продукты, напитки и табачные изделия",Пищевые продукты,Фрукты и овощи,Фруктовые пюре
5795,"Продукты, напитки и табачные изделия",Пищевые продукты,Фрукты и овощи,Свежие и замороженные фрукты
6566,"Продукты, напитки и табачные изделия",Пищевые продукты,Фрукты и овощи,Свежие и замороженные фрукты,Яблоки
6571,"Продукты, напитки и табачные изделия",Пищевые продукты,Фрукты и овощи,Свежие и замороженные фрукты,Атемойя
6572,"Продукты, напитки и табачные изделия",Пищевые продукты,Фрукты и овощи,Свежие и замороженные фрукты,Авокадо
6573,"Продукты, напитки и табачные изделия",Пищевые продукты,Фрукты и овощи,Свежие и замороженные фрукты,Бабако
6574,"Продукты, напитки и табачные изделия",Пищевые продукты,Фрукты и овощи,Свежие и замороженные фрукты,Бананы
6582,"Продукты, напитки и табачные изделия",Пищевые продукты,Фрукты и овощи,Свежие и замороженные фрукты,Ягоды
6589,"Продукты, напитки и табачные изделия",Пищевые продукты,Фрукты и овощи,Свежие и замороженные фрукты,Плоды хлебного дерева
6593,"Продукты, напитки и табачные изделия",Пищевые продукты,Фрукты и овощи,Свежие и замороженные фрукты,Плоды опунции
6594,"Продукты, напитки и табачные изделия",Пищевые продукты,Фрукты и овощи,Свежие и замороженные фрукты,Карамбола
6602,"Продукты, напитки и табачные изделия",Пищевые продукты,Фрукты и овощи,Свежие и замороженные фрукты,Черимойя
6614,"Продукты, напитки и табачные изделия",Пищевые продукты,Фрукты и овощи,Свежие и замороженные фрукты,Фейхоа
6624,"Продукты, напитки и табачные изделия",Пищевые продукты,Фрукты и овощи,Свежие и замороженные фрукты,Хомли
6625,"Продукты, напитки и табачные изделия",Пищевые продукты,Фрукты и овощи,Свежие и замороженные фрукты,Гуава
6626,"Продукты, напитки и табачные изделия",Пищевые продукты,Фрукты и овощи,Свежие и замороженные фрукты,Виноград
6633,"Продукты, напитки и табачные изделия",Пищевые продукты,Фрукты и овощи,Свежие и замороженные фрукты,Киви
6638,"Продукты, напитки и табачные изделия",Пищевые продукты,Фрукты и овощи,Свежие и замороженные фрукты,Личи
6639,"Продукты, напитки и табачные изделия",Пищевые продукты,Фрукты и овощи,Свежие и замороженные фрукты,Локваты
6640,"Продукты, напитки и табачные изделия",Пищевые продукты,Фрукты и овощи,Свежие и замороженные фрукты,Лонган
6645,"Продукты, напитки и табачные изделия",Пищевые продукты,Фрукты и овощи,Свежие и замороженные фрукты,Мангостаны
6647,"Продукты, напитки и табачные изделия",Пищевые продукты,Фрукты и овощи,Свежие и замороженные фрукты,Мами
6649,"Продукты, напитки и табачные изделия",Пищевые продукты,Фрукты и овощи,Свежие и замороженные фрукты,Дыни
6661,"Продукты, напитки и табачные изделия",Пищевые продукты,Фрукты и овощи,Свежие и замороженные фрукты,Папайя
6665,"Продукты, напитки и табачные изделия",Пищевые продукты,Фрукты и овощи,Свежие и замороженные фрукты,Груши
6667,"Продукты, напитки и табачные изделия",Пищевые продукты,Фрукты и овощи,Свежие и замороженные фрукты,Маракуйя
6670,"Продукты, напитки и табачные изделия",Пищевые продукты,Фрукты и овощи,Свежие и замороженные фрукты,Ананасы
6671,"Продукты, напитки и табачные изделия",Пищевые продукты,Фрукты и овощи,Свежие и замороженные фрукты,Физалис
6672,"Продукты, напитки и табачные изделия",Пищевые продукты,Фрукты и овощи,Свежие и замороженные фрукты,Хурма
6673,"Продукты, напитки и табачные изделия",Пищевые продукты,Фрукты и овощи,Свежие и замороженные фрукты,Гранаты
6676,"Продукты, напитки и табачные изделия",Пищевые продукты,Фрукты и овощи,Свежие и замороженные фрукты,Питахайа
6678,"Продукты, напитки и табачные изделия",Пищевые продукты,Фрукты и овощи,Свежие и замороженные фрукты,Рамбутаны
6679,"Продукты, напитки и табачные изделия",Пищевые продукты,Фрукты и овощи,Свежие и замороженные фрукты,Айва
6687,"Продукты, напитки и табачные изделия",Пищевые продукты,Фрукты и овощи,Свежие и замороженные фрукты,Сапота
6688,"Продукты, напитки и табачные изделия",Пищевые продукты,Фрукты и овощи,Свежие и замороженные фрукты,Саподилла
6691,"Продукты, напитки и табачные изделия",Пищевые продукты,Фрукты и овощи,Свежие и замороженные фрукты,Саусепы
6698,"Продукты, напитки и табачные изделия",Пищевые продукты,Фрукты и овощи,Свежие и замороженные фрукты,Тамаринд
6809,"Продукты, напитки и табачные изделия",Пищевые продукты,Фрукты и овощи,Свежие и замороженные фрукты,Кокосы
6810,"Продукты, напитки и табачные изделия",Пищевые продукты,Фрукты и овощи,Свежие и замороженные фрукты,Инжир
6812,"Продукты, напитки и табачные изделия",Пищевые продукты,Фрукты и овощи,Свежие и замороженные фрукты,Финики пальчатые
6813,"Продукты, напитки и табачные изделия",Пищевые продукты,Фрукты и овощи,Свежие и замороженные фрукты,Мадруно
6814,"Продукты, напитки и табачные изделия",Пищевые продукты,Фрукты и овощи,Свежие и замороженные фрукты,Сахарные яблоки
499906,"Продукты, напитки и табачные изделия",Пищевые продукты,Фрукты и овощи,Свежие и замороженные фрукты,Свежие и замороженные фруктовые смеси
503759,"Продукты, напитки и табачные изделия",Пищевые продукты,Фрукты и овощи,Свежие и замороженные фрукты,Цитрусовые
6621,"Продукты, напитки и табачные изделия",Пищевые продукты,Фрукты и овощи,Свежие и замороженные фрукты,Цитрусовые,Грейпфруты
6632,"Продукты, напитки и табачные изделия",Пищевые продукты,Фрукты и овощи,Свежие и замороженные фрукты,Цитрусовые,Кумкваты
6636,"Продукты, напитки и табачные изделия",Пищевые продукты,Фрукты и овощи,Свежие и замороженные фрукты,Цитрусовые,Лимоны
6641,"Продукты, напитки и табачные изделия",Пищевые продукты,Фрукты и овощи,Свежие и замороженные фрукты,Цитрусовые,Лаймкваты
6642,"Продукты, напитки и табачные изделия",Пищевые продукты,Фрукты и овощи,Свежие и замороженные фрукты,Цитрусовые,Лаймы
6658,"Продукты, напитки и табачные изделия",Пищевые продукты,Фрукты и овощи,Свежие и замороженные фрукты,Цитрусовые,Апельсины
6697,"Продукты, напитки и табачные изделия",Пищевые продукты,Фрукты и овощи,Свежие и замороженные фрукты,Цитрусовые,Танжело
503760,"Продукты, напитки и табачные изделия",Пищевые продукты,Фрукты и овощи,Свежие и замороженные фрукты,Костянки
6567,"Продукты, напитки и табачные изделия",Пищевые продукты,Фрукты и овощи,Свежие и замороженные фрукты,Костянки,Абрикосы
6601,"Продукты, напитки и табачные изделия",Пищевые продукты,Фрукты и овощи,Свежие и замороженные фрукты,Костянки,Вишни
6646,"Продукты, напитки и табачные изделия",Пищевые продукты,Фрукты и овощи,Свежие и замороженные фрукты,Костянки,Манго
6674,"Продукты, напитки и табачные изделия",Пищевые продукты,Фрукты и овощи,Свежие и замороженные фрукты,Костянки,Сливы
6675,"Продукты, напитки и табачные изделия",Пищевые продукты,Фрукты и овощи,Свежие и замороженные фрукты,Костянки,Плумкот
505301,"Продукты, напитки и табачные изделия",Пищевые продукты,Фрукты и овощи,Свежие и замороженные фрукты,Костянки,Персики и  нектарины
5796,"Продукты, напитки и табачные изделия",Пищевые продукты,Фрукты и овощи,Сухие бобы
5797,"Продукты, напитки и табачные изделия",Пищевые продукты,Фрукты и овощи,Консервированные бобы
5798,"Продукты, напитки и табачные изделия",Пищевые продукты,Фрукты и овощи,Консервированные овощи
5799,"Продукты, напитки и табачные изделия",Пищевые продукты,Фрукты и овощи,Консервированные фрукты
7387,"Продукты, напитки и табачные изделия",Пищевые продукты,Фрукты и овощи,Сушеные овощи
431,"Продукты, напитки и табачные изделия",Пищевые продукты,"Зерновые, рис и крупы"
4682,"Продукты, напитки и табачные изделия",Пищевые продукты,"Зерновые, рис и крупы",Рис
4683,"Продукты, напитки и табачные изделия",Пищевые продукты,"Зерновые, рис и крупы",Амарант
4684,"Продукты, напитки и табачные изделия",Пищевые продукты,"Зерновые, рис и крупы",Гречневая крупа
4686,"Продукты, напитки и табачные изделия",Пищевые продукты,"Зерновые, рис и крупы",Просо
4687,"Продукты, напитки и табачные изделия",Пищевые продукты,"Зерновые, рис и крупы",Ячмень
4688,"Продукты, напитки и табачные изделия",Пищевые продукты,"Зерновые, рис и крупы",Пшеница
4689,"Продукты, напитки и табачные изделия",Пищевые продукты,"Зерновые, рис и крупы",Крупы и мюсли
4690,"Продукты, напитки и табачные изделия",Пищевые продукты,"Зерновые, рис и крупы","Овес, овсяная крупа и овсяная мука"
6259,"Продукты, напитки и табачные изделия",Пищевые продукты,"Зерновые, рис и крупы",Квиноа
7196,"Продукты, напитки и табачные изделия",Пищевые продукты,"Зерновые, рис и крупы",Кус-кус
7374,"Продукты, напитки и табачные изделия",Пищевые продукты,"Зерновые, рис и крупы",Рожь
432,"Продукты, напитки и табачные изделия",Пищевые продукты,"Мясо, морепродукты и яйца"
4627,"Продукты, напитки и табачные изделия",Пищевые продукты,"Мясо, морепродукты и яйца",Яйца
543554,"Продукты, напитки и табачные изделия",Пищевые продукты,"Мясо, морепродукты и яйца",Яйца,Яичный белок
543555,"Продукты, напитки и табачные изделия",Пищевые продукты,"Мясо, морепродукты и яйца",Яйца,Жидкие и замороженные яйца
543556,"Продукты, напитки и табачные изделия",Пищевые продукты,"Мясо, морепродукты и яйца",Яйца,Готовые яйца
543557,"Продукты, напитки и табачные изделия",Пищевые продукты,"Мясо, морепродукты и яйца",Яйца,Целые яйца
4628,"Продукты, напитки и табачные изделия",Пищевые продукты,"Мясо, морепродукты и яйца",Мясо
5804,"Продукты, напитки и табачные изделия",Пищевые продукты,"Мясо, морепродукты и яйца",Мясо,Мясные блюда и деликатесы
5805,"Продукты, напитки и табачные изделия",Пищевые продукты,"Мясо, морепродукты и яйца",Мясо,Свежее и замороженное мясо
5811,"Продукты, напитки и табачные изделия",Пищевые продукты,"Мясо, морепродукты и яйца",Мясо,Мясные консервы
4629,"Продукты, напитки и табачные изделия",Пищевые продукты,"Мясо, морепродукты и яйца",Морепродукты
5812,"Продукты, напитки и табачные изделия",Пищевые продукты,"Мясо, морепродукты и яйца",Морепродукты,Свежие и замороженные морепродукты
5813,"Продукты, напитки и табачные изделия",Пищевые продукты,"Мясо, морепродукты и яйца",Морепродукты,Консервированные морепродукты
433,"Продукты, напитки и табачные изделия",Пищевые продукты,Орехи и семечки
434,"Продукты, напитки и табачные изделия",Пищевые продукты,Паста и лапша
1876,"Продукты, напитки и табачные изделия",Пищевые продукты,Выпечка
424,"Продукты, напитки и табачные изделия",Пищевые продукты,Выпечка,Хлебо-булочные изделия
1573,"Продукты, напитки и табачные изделия",Пищевые продукты,Выпечка,Бейглы
1895,"Продукты, напитки и табачные изделия",Пищевые продукты,Выпечка,Маффины
2194,"Продукты, напитки и табачные изделия",Пищевые продукты,Выпечка,Торты и десерты
2229,"Продукты, напитки и табачные изделия",Пищевые продукты,Выпечка,Печенье
5054,"Продукты, напитки и табачные изделия",Пищевые продукты,Выпечка,Помадка
5748,"Продукты, напитки и табачные изделия",Пищевые продукты,Выпечка,Тортильи и лаваши
5749,"Продукты, напитки и табачные изделия",Пищевые продукты,Выпечка,Пироги и торты
5750,"Продукты, напитки и табачные изделия",Пищевые продукты,Выпечка,Выпечка и лепешки
5751,"Продукты, напитки и табачные изделия",Пищевые продукты,Выпечка,Пончики
5790,"Продукты, напитки и табачные изделия",Пищевые продукты,Выпечка,Рожки для мороженого
5904,"Продукты, напитки и табачные изделия",Пищевые продукты,Выпечка,Выпечка ассорти
6195,"Продукты, напитки и табачные изделия",Пищевые продукты,Выпечка,Кексы
6196,"Продукты, напитки и табачные изделия",Пищевые продукты,Выпечка,Кексы к кофе
6891,"Продукты, напитки и табачные изделия",Пищевые продукты,Выпечка,Лепешки для тако
2423,"Продукты, напитки и табачные изделия",Пищевые продукты,Супы и бульоны
2660,"Продукты, напитки и табачные изделия",Пищевые продукты,Кулинарные и кондитерские ингредиенты
2126,"Продукты, напитки и табачные изделия",Пищевые продукты,Кулинарные и кондитерские ингредиенты,Кулинарные масла
2140,"Продукты, напитки и табачные изделия",Пищевые продукты,Кулинарные и кондитерские ингредиенты,Уксус
2572,"Продукты, напитки и табачные изделия",Пищевые продукты,Кулинарные и кондитерские ингредиенты,Смеси для выпечки
2775,"Продукты, напитки и табачные изделия",Пищевые продукты,Кулинарные и кондитерские ингредиенты,Мука
2803,"Продукты, напитки и табачные изделия",Пищевые продукты,Кулинарные и кондитерские ингредиенты,Разрыхлитель
2905,"Продукты, напитки и табачные изделия",Пищевые продукты,Кулинарные и кондитерские ингредиенты,Дрожжи
4613,"Продукты, напитки и табачные изделия",Пищевые продукты,Кулинарные и кондитерские ингредиенты,Бобовые паста и соус
5105,"Продукты, напитки и табачные изделия",Пищевые продукты,Кулинарные и кондитерские ингредиенты,Сахарные волокна
5752,"Продукты, напитки и табачные изделия",Пищевые продукты,Кулинарные и кондитерские ингредиенты,Тесто
5753,"Продукты, напитки и табачные изделия",Пищевые продукты,Кулинарные и кондитерские ингредиенты,Тесто,Тесто для пирогов
5755,"Продукты, напитки и табачные изделия",Пищевые продукты,Кулинарные и кондитерские ингредиенты,Тесто,Тесто для хлеба и пасты
5756,"Продукты, напитки и табачные изделия",Пищевые продукты,Кулинарные и кондитерские ингредиенты,Тесто,Тесто для печений и брауни
5765,"Продукты, напитки и табачные изделия",Пищевые продукты,Кулинарные и кондитерские ингредиенты,Кулинарный растительный и животный жир
5766,"Продукты, напитки и табачные изделия",Пищевые продукты,Кулинарные и кондитерские ингредиенты,Меласса
5767,"Продукты, напитки и табачные изделия",Пищевые продукты,Кулинарные и кондитерские ингредиенты,Маршмэллоу
5768,"Продукты, напитки и табачные изделия",Пищевые продукты,Кулинарные и кондитерские ингредиенты,Желатин
5769,"Продукты, напитки и табачные изделия",Пищевые продукты,Кулинарные и кондитерские ингредиенты,Сахарная глазурь
5770,"Продукты, напитки и табачные изделия",Пищевые продукты,Кулинарные и кондитерские ингредиенты,Кукурузный сироп
5771,"Продукты, напитки и табачные изделия",Пищевые продукты,Кулинарные и кондитерские ингредиенты,Пищевой крахмал
5773,"Продукты, напитки и табачные изделия",Пищевые продукты,Кулинарные и кондитерские ингредиенты,Панировочные сухари
5774,"Продукты, напитки и табачные изделия",Пищевые продукты,Кулинарные и кондитерские ингредиенты,Пищевая сода
5775,"Продукты, напитки и табачные изделия",Пищевые продукты,Кулинарные и кондитерские ингредиенты,Экстракты и ароматизаторы для выпечки
5776,"Продукты, напитки и табачные изделия",Пищевые продукты,Кулинарные и кондитерские ингредиенты,Кондитерский шоколад
5777,"Продукты, напитки и табачные изделия",Пищевые продукты,Кулинарные и кондитерские ингредиенты,Вина для готовки
5778,"Продукты, напитки и табачные изделия",Пищевые продукты,Кулинарные и кондитерские ингредиенты,Смеси для вафель и оладий
5800,"Продукты, напитки и табачные изделия",Пищевые продукты,Кулинарные и кондитерские ингредиенты,Начинки для выпечки
6754,"Продукты, напитки и табачные изделия",Пищевые продукты,Кулинарные и кондитерские ингредиенты,Обсыпка для выпечки
6774,"Продукты, напитки и табачные изделия",Пищевые продукты,Кулинарные и кондитерские ингредиенты,Блинные смеси
6775,"Продукты, напитки и табачные изделия",Пищевые продукты,Кулинарные и кондитерские ингредиенты,Съедобные украшения для выпечки
6922,"Продукты, напитки и табачные изделия",Пищевые продукты,Кулинарные и кондитерские ингредиенты,Томатная паста
7127,"Продукты, напитки и табачные изделия",Пищевые продукты,Кулинарные и кондитерские ингредиенты,Пищевые красители
7354,"Продукты, напитки и табачные изделия",Пищевые продукты,Кулинарные и кондитерские ингредиенты,Заквасочные культуры
7506,"Продукты, напитки и табачные изделия",Пищевые продукты,Кулинарные и кондитерские ингредиенты,Наборы печений для украшения
8076,"Продукты, напитки и табачные изделия",Пищевые продукты,Кулинарные и кондитерские ингредиенты,Мука грубого помола
499707,"Продукты, напитки и табачные изделия",Пищевые продукты,Кулинарные и кондитерские ингредиенты,Шарики тапиоки
499986,"Продукты, напитки и табачные изделия",Пищевые продукты,Кулинарные и кондитерские ингредиенты,Лимонный и лаймовый сок
500093,"Продукты, напитки и табачные изделия",Пищевые продукты,Кулинарные и кондитерские ингредиенты,Консервированное и сухое молоко
503734,"Продукты, напитки и табачные изделия",Пищевые продукты,Кулинарные и кондитерские ингредиенты,Сахар и сахарозаменители
543549,"Продукты, напитки и табачные изделия",Пищевые продукты,Кулинарные и кондитерские ингредиенты,Заменители яиц
4608,"Продукты, напитки и табачные изделия",Пищевые продукты,Приправы и специи
1529,"Продукты, напитки и табачные изделия",Пищевые продукты,Приправы и специи,Травы и специи
4610,"Продукты, напитки и табачные изделия",Пищевые продукты,Приправы и специи,Глутамат натрия
4611,"Продукты, напитки и табачные изделия",Пищевые продукты,Приправы и специи,Соль
6199,"Продукты, напитки и табачные изделия",Пищевые продукты,Приправы и специи,Перец
4748,"Продукты, напитки и табачные изделия",Пищевые продукты,Конфеты и шоколад
5740,"Продукты, напитки и табачные изделия",Пищевые продукты,Соусы и спреды
1702,"Продукты, напитки и табачные изделия",Пищевые продукты,Соусы и спреды,Сальса
2188,"Продукты, напитки и табачные изделия",Пищевые продукты,Соусы и спреды,Джемы
3965,"Продукты, напитки и табачные изделия",Пищевые продукты,Соусы и спреды,Ореховая паста
5741,"Продукты, напитки и табачные изделия",Пищевые продукты,Соусы и спреды,Хумус
5742,"Продукты, напитки и табачные изделия",Пищевые продукты,Соусы и спреды,Гуакамоле
5785,"Продукты, напитки и табачные изделия",Пищевые продукты,Соусы и спреды,Сливочный сыр
6204,"Продукты, напитки и табачные изделия",Пищевые продукты,Соусы и спреды,Яблочная паста
6784,"Продукты, напитки и табачные изделия",Пищевые продукты,Соусы и спреды,Тапенад
6830,"Продукты, напитки и табачные изделия",Пищевые продукты,Соусы и спреды,Овощной дип-соус
6831,"Продукты, напитки и табачные изделия",Пищевые продукты,Соусы и спреды,Сырная паста и соусы
5788,"Продукты, напитки и табачные изделия",Пищевые продукты,Замороженные десерты
5789,"Продукты, напитки и табачные изделия",Пищевые продукты,Замороженные десерты,Фруктовый лед на палочке
6873,"Продукты, напитки и табачные изделия",Пищевые продукты,Замороженные десерты,Рожки с пломбиром
499991,"Продукты, напитки и табачные изделия",Пищевые продукты,Замороженные десерты,Мороженое и замороженный йогурт
5807,"Продукты, напитки и табачные изделия",Пищевые продукты,"Тофу, соевые и вегетерианские продукты"
5808,"Продукты, напитки и табачные изделия",Пищевые продукты,"Тофу, соевые и вегетерианские продукты",Сейтан
5809,"Продукты, напитки и табачные изделия",Пищевые продукты,"Тофу, соевые и вегетерианские продукты",Тофу
5810,"Продукты, напитки и табачные изделия",Пищевые продукты,"Тофу, соевые и вегетерианские продукты",Темпе
6839,"Продукты, напитки и табачные изделия",Пищевые продукты,"Тофу, соевые и вегетерианские продукты",Аналоги сыра
6843,"Продукты, напитки и табачные изделия",Пищевые продукты,"Тофу, соевые и вегетерианские продукты",Аналоги мяса
5814,"Продукты, напитки и табачные изделия",Пищевые продукты,Готовые блюда
499988,"Продукты, напитки и табачные изделия",Пищевые продукты,Готовые блюда,Готовые закуски и главные блюда
499989,"Продукты, напитки и табачные изделия",Пищевые продукты,Готовые блюда,Готовые закуски и гарниры
6219,"Продукты, напитки и табачные изделия",Пищевые продукты,Фрукты в сахарной и шоколадной глазури
435,"Продукты, напитки и табачные изделия",Табачные изделия
3151,"Продукты, напитки и табачные изделия",Табачные изделия,Сигареты
3682,"Продукты, напитки и табачные изделия",Табачные изделия,Сигары
3741,"Продукты, напитки и табачные изделия",Табачные изделия,Разрыхленный табак
3916,"Продукты, напитки и табачные изделия",Табачные изделия,Жевательный табак
4091,"Продукты, напитки и табачные изделия",Табачные изделия,Вапорайзеры и электронные сигареты
543634,"Продукты, напитки и табачные изделия",Табачные изделия,Вапорайзеры и электронные сигареты,Вапорайзеры
543635,"Продукты, напитки и табачные изделия",Табачные изделия,Вапорайзеры и электронные сигареты,Электронные сигареты
499963,"Продукты, напитки и табачные изделия",Табачные изделия,Курительные трубки
436,Мебель
441,Мебель,Скамьи
4241,Мебель,Скамьи,Изящные скамейки
6850,Мебель,Скамьи,Кухонные и обеденные скамьи
6851,Мебель,Скамьи,Скамьи для прихожих
442,Мебель,Тележки
453,Мебель,Тележки,Кухонные тележки
6374,Мебель,Тележки,Кухонные острова
443,Мебель,Кресла и стулья
438,Мебель,Кресла и стулья,Кресла-мешки
456,Мебель,Кресла и стулья,Шезлонги
1463,Мебель,Кресла и стулья,Барные стулья
2002,Мебель,Кресла и стулья,Кресла-качалки
2919,Мебель,Кресла и стулья,Кресла с электромассажем
3358,Мебель,Кресла и стулья,Складные стулья и табуретки
5886,Мебель,Кресла и стулья,Кухонные и столовые стулья
6499,Мебель,Кресла и стулья,"Кресла, реклайнеры и кресла-кровати"
6800,Мебель,Кресла и стулья,Игровые кресла
6859,Мебель,Кресла и стулья,Каминные кресла
7197,Мебель,Кресла и стулья,Подвесные кресла
500051,Мебель,Кресла и стулья,Напольные кресла
450,Мебель,Футоны
457,Мебель,Стойки для телевизоров и аппаратуры
458,Мебель,Оттоманки
460,Мебель,Диваны
464,Мебель,Стеллажи
465,Мебель,Стеллажи,Книжные шкафы
6372,Мебель,Стеллажи,Настенные полки
554,Мебель,Мебель для младенцев
558,Мебель,Мебель для младенцев,Пеленальные столы
559,Мебель,Мебель для младенцев,Высокие стулья и подушки для кормления детей
6349,Мебель,Мебель для младенцев,Наборы мебели для младенцев
6393,Мебель,Мебель для младенцев,Колыбели и люльки
6394,Мебель,Мебель для младенцев,Кровати для детей и младенцев
6969,Мебель,Мебель для младенцев,Принадлежности для высоких стульев и подушек для кормления детей
7068,Мебель,Мебель для младенцев,Принадлежности для колыбелей и люлек
7070,Мебель,Мебель для младенцев,Принадлежности для детских кроватей
7071,Мебель,Мебель для младенцев,Принадлежности для детских кроватей,Наборы для изменения детских кроватей
7072,Мебель,Мебель для младенцев,Принадлежности для детских кроватей,Детские защитные уголки для кроватей
2786,Мебель,Перины для футонов
4163,Мебель,Перегородки для помещений
4299,Мебель,Садовая мебель
2684,Мебель,Садовая мебель,Садовые столы
6367,Мебель,Садовая мебель,Наборы садовой мебели
6368,Мебель,Садовая мебель,Садовая мебель для сидения
4105,Мебель,Садовая мебель,Садовая мебель для сидения,Кресла-шезлонги
4513,Мебель,Садовая мебель,Садовая мебель для сидения,Садовые диваны
5044,Мебель,Садовая мебель,Садовая мебель для сидения,Садовые скамьи
6828,Мебель,Садовая мебель,Садовая мебель для сидения,Садовые стулья
500111,Мебель,Садовая мебель,Садовая мебель для сидения,Садовые секционные диваны
6822,Мебель,Садовая мебель,Садовые оттоманки
6892,Мебель,Садовая мебель,Садовые кровати
7310,Мебель,Садовая мебель,Уличные коробки для хранения
6345,Мебель,Наборы мебели
6346,Мебель,Наборы мебели,Наборы мебели для спальных комнат
6347,Мебель,Наборы мебели,Наборы мебели для кухонь и столовых комнат
6348,Мебель,Наборы мебели,Наборы мебели для гостиных комнат
500000,Мебель,Наборы мебели,Комплекты мебели для ванной
6356,Мебель,Шкафы и мебель для хранения
447,Мебель,Шкафы и мебель для хранения,Буфеты и серванты
448,Мебель,Шкафы и мебель для хранения,Серванты и стойки для фарфора
463,Мебель,Шкафы и мебель для хранения,Шкафы для документов
4063,Мебель,Шкафы и мебель для хранения,Гардеробы
4148,Мебель,Шкафы и мебель для хранения,Туалетные столики
2081,Мебель,Шкафы и мебель для хранения,Туалетные столики,Туалетные столики для ванных комнат
6360,Мебель,Шкафы и мебель для хранения,Туалетные столики,Туалетные столики для спальных комнат
4195,Мебель,Шкафы и мебель для хранения,Костюмеры
4205,Мебель,Шкафы и мебель для хранения,Сундуки
4268,Мебель,Шкафы и мебель для хранения,Сундуки,Сундуки для игрушек
6947,Мебель,Шкафы и мебель для хранения,Сундуки,Сундуки для приданого
5578,Мебель,Шкафы и мебель для хранения,Винные шкафы
5938,Мебель,Шкафы и мебель для хранения,Шкафчики
6357,Мебель,Шкафы и мебель для хранения,Шкафы для вина и спиртных напитков
6358,Мебель,Шкафы и мебель для хранения,Шкафы и стойки для носителей информации
6539,Мебель,Шкафы и мебель для хранения,Стеллажи для журналов
6934,Мебель,Шкафы и мебель для хранения,Кухонные шкафчики
465846,Мебель,Шкафы и мебель для хранения,Гладильные центры
6362,Мебель,Офисная мебель
2045,Мебель,Офисная мебель,Офисные стулья
4191,Мебель,Офисная мебель,Письменные столы
6363,Мебель,Офисная мебель,Рабочие столы
2242,Мебель,Офисная мебель,Рабочие столы,Столы для рисования и черчения
4317,Мебель,Офисная мебель,Рабочие столы,Столы для конференц-залов
6908,Мебель,Офисная мебель,Рабочие места и офисные ячейки
500061,Мебель,Офисная мебель,Комплекты офисной мебели
6392,Мебель,Столы
462,Мебель,Столы,Прикроватные тумбочки
2693,Мебель,Столы,Столы для покера и игр
4080,Мебель,Столы,Раскладные столы
4355,Мебель,Столы,Кухонные и обеденные столы
4484,Мебель,Столы,Котацу
5121,Мебель,Столы,Столы для швейных машин
6351,Мебель,Столы,Столы для игр
6369,Мебель,Столы,Приставные и узкие столы
1395,Мебель,Столы,Приставные и узкие столы,Кофейные столы
1549,Мебель,Столы,Приставные и узкие столы,Приставные столики
1602,Мебель,Столы,Приставные и узкие столы,Узкие столы
6433,Мебель,Кровати и постельные принадлежности
451,Мебель,Кровати и постельные принадлежности,Передние и задние спинки кроватей
2696,Мебель,Кровати и постельные принадлежности,Матрасы
2720,Мебель,Кровати и постельные принадлежности,Основания для матрасов
4437,Мебель,Кровати и постельные принадлежности,Принадлежности для кроватей
505764,Мебель,Кровати и постельные принадлежности,Кровати и кроватные рамы
6860,Мебель,Рамы для футонов
6913,Мебель,Принадлежности для столов
6910,Мебель,Принадлежности для столов,Столешницы
6911,Мебель,Принадлежности для столов,Ножки для столов
6915,Мебель,Принадлежности для декоративных перегородок
6963,Мебель,Принадлежности для садовой мебели
6964,Мебель,Принадлежности для садовой мебели,Чехлы для садовой мебели
7212,Мебель,Принадлежности для соф
7213,Мебель,Принадлежности для соф,Опоры для стульев и соф
500064,Мебель,Принадлежности для соф,Диванные секции
7248,Мебель,Принадлежности для стульев
8206,Мебель,Принадлежности для стульев,Запасные части для подвесных кресел
8023,Мебель,Принадлежности для стеллажей
8024,Мебель,Принадлежности для стеллажей,Запасные полки
503765,Мебель,Принадлежности для офисной мебели
6909,Мебель,Принадлежности для офисной мебели,Принадлежности для рабочих мест и офисных ячеек
7559,Мебель,Принадлежности для офисной мебели,Принадлежности для офисных стульев
503766,Мебель,Принадлежности для офисной мебели,Детали и принадлежности для офисных столов
469,Красота и здоровье
491,Красота и здоровье,Медицинские средства
494,Красота и здоровье,Медицинские средства,Биометрические мониторы
495,Красота и здоровье,Медицинские средства,Биометрические мониторы,Тонометры
496,Красота и здоровье,Медицинские средства,Биометрические мониторы,Анализаторы жира
497,Красота и здоровье,Медицинские средства,Биометрические мониторы,Анализаторы холестерина
500,Красота и здоровье,Медицинские средства,Биометрические мониторы,Напольные весы
501,Красота и здоровье,Медицинские средства,Биометрические мониторы,Медицинские термометры
2246,Красота и здоровье,Медицинские средства,Биометрические мониторы,Глюкометры
2633,Красота и здоровье,Медицинские средства,Биометрические мониторы,Индикаторные трубки
4767,Красота и здоровье,Медицинские средства,Биометрические мониторы,Пренатальные кардиомониторы
5551,Красота и здоровье,Медицинские средства,Биометрические мониторы,Пульсоксиметры
500009,Красота и здоровье,Медицинские средства,Биометрические мониторы,Устройства для отслеживания физической активности
505822,Красота и здоровье,Медицинские средства,Биометрические мониторы,Мониторы фертильности и тесты на овуляцию
543679,Красота и здоровье,Медицинские средства,Биометрические мониторы,Мониторы фертильности и тесты на овуляцию,Тесты и мониторы фертильности
543680,Красота и здоровье,Медицинские средства,Биометрические мониторы,Мониторы фертильности и тесты на овуляцию,Тесты на овуляцию
508,Красота и здоровье,Медицинские средства,Средства оказания первой помощи
509,Красота и здоровье,Медицинские средства,Средства оказания первой помощи,"Бинты, лейкопластыри и медицинские ленты"
510,Красота и здоровье,Медицинские средства,Средства оказания первой помощи,Наборы для оказания первой помощи
516,Красота и здоровье,Медицинские средства,Средства оказания первой помощи,Лечение теплом и холодом
4753,Красота и здоровье,Медицинские средства,Средства оказания первой помощи,Лечение теплом и холодом,Охлаждающие подкладки
5848,Красота и здоровье,Медицинские средства,Средства оказания первой помощи,Лечение теплом и холодом,Разогревающие мази
6205,Красота и здоровье,Медицинские средства,Средства оказания первой помощи,Лечение теплом и холодом,Греющие подкладки
2954,Красота и здоровье,Медицинские средства,Средства оказания первой помощи,Антисептики
4527,Красота и здоровье,Медицинские средства,Средства оказания первой помощи,Принадлежности для промывания глаз
6206,Красота и здоровье,Медицинские средства,Средства оказания первой помощи,Средства для защиты гипса и бинтовых повязок
517,Красота и здоровье,Медицинские средства,Препараты для лечения недержания
518,Красота и здоровье,Медицинские средства,Медикаменты и лекарства
519,Красота и здоровье,Медицинские средства,Товары для обеспечения мобильности инвалидов
520,Красота и здоровье,Медицинские средства,Товары для обеспечения мобильности инвалидов,Инвалидная техника
3364,Красота и здоровье,Медицинские средства,Товары для обеспечения мобильности инвалидов,Инвалидная техника,Кресла-коляски
3512,Красота и здоровье,Медицинские средства,Товары для обеспечения мобильности инвалидов,Инвалидная техника,Скутеры для инвалидов
7138,Красота и здоровье,Медицинские средства,Товары для обеспечения мобильности инвалидов,Инвалидная техника,Лестничные подъемники
502969,Красота и здоровье,Медицинские средства,Товары для обеспечения мобильности инвалидов,Инвалидная техника,Доски и простыни для перемещения пациентов
521,Красота и здоровье,Медицинские средства,Товары для обеспечения мобильности инвалидов,Принадлежности для инвалидной техники
5164,Красота и здоровье,Медицинские средства,Товары для обеспечения мобильности инвалидов,Вспомогательные приспособления для ходьбы
4248,Красота и здоровье,Медицинские средства,Товары для обеспечения мобильности инвалидов,Вспомогательные приспособления для ходьбы,Костыли
5165,Красота и здоровье,Медицинские средства,Товары для обеспечения мобильности инвалидов,Вспомогательные приспособления для ходьбы,Трости
5166,Красота и здоровье,Медицинские средства,Товары для обеспечения мобильности инвалидов,Вспомогательные приспособления для ходьбы,Ходунки для пожилых людей
5488,Красота и здоровье,Медицинские средства,Товары для обеспечения мобильности инвалидов,Специальная мебель и принадлежности
7243,Красота и здоровье,Медицинские средства,Товары для обеспечения мобильности инвалидов,Специальная мебель и принадлежности,Скамьи и сидения для душа
6929,Красота и здоровье,Медицинские средства,Товары для обеспечения мобильности инвалидов,Принадлежности для ходунков для пожилых людей
523,Красота и здоровье,Медицинские средства,Опоры и фиксаторы
775,Красота и здоровье,Медицинские средства,Презервативы
2890,Красота и здоровье,Медицинские средства,Фитнес и питание
525,Красота и здоровье,Медицинские средства,Фитнес и питание,Витамины и пищевые добавки
2984,Красота и здоровье,Медицинские средства,Фитнес и питание,Питательные батончики
5702,Красота и здоровье,Медицинские средства,Фитнес и питание,Питательные напитки
6242,Красота и здоровье,Медицинские средства,Фитнес и питание,Питательные гели и жвачки
6871,Красота и здоровье,Медицинские средства,Фитнес и питание,Питательные пюре
7413,Красота и здоровье,Медицинские средства,Фитнес и питание,Добавки для зондового питания
3777,Красота и здоровье,Медицинские средства,Коробочки для пилюль
4551,Красота и здоровье,Медицинские средства,Средства для лечения респираторных заболеваний
4552,Красота и здоровье,Медицинские средства,Средства для лечения респираторных заболеваний,Ингаляторы
7316,Красота и здоровье,Медицинские средства,Средства для лечения респираторных заболеваний,Маски для СИПАП-терапии
7317,Красота и здоровье,Медицинские средства,Средства для лечения респираторных заболеваний,Устройства для СИПАП-терапии
499692,Красота и здоровье,Медицинские средства,Средства для лечения респираторных заболеваний,Медицинские кислородные баллоны
505669,Красота и здоровье,Медицинские средства,Средства для лечения респираторных заболеваний,Паровые ингаляторы
5071,Красота и здоровье,Медицинские средства,Принадлежности для биометрических систем
3688,Красота и здоровье,Медицинские средства,Принадлежности для биометрических систем,Принадлежности для глюкометров
3111,Красота и здоровье,Медицинские средства,Принадлежности для биометрических систем,Принадлежности для глюкометров,Скарификаторы
3905,Красота и здоровье,Медицинские средства,Принадлежности для биометрических систем,Принадлежности для глюкометров,Полоски для определения уровня глюкозы в крови
6323,Красота и здоровье,Медицинские средства,Принадлежности для биометрических систем,Принадлежности для глюкометров,Растворы для контроля уровня глюкозы в крови
5072,Красота и здоровье,Медицинские средства,Принадлежности для биометрических систем,Принадлежности для напольных весов
6284,Красота и здоровье,Медицинские средства,Принадлежности для биометрических систем,Принадлежности для тонометров
6285,Красота и здоровье,Медицинские средства,Принадлежности для биометрических систем,Принадлежности для тонометров,Манжеты для тонометров
505819,Красота и здоровье,Медицинские средства,Принадлежности для биометрических систем,Принадлежности для мониторов активности
5690,Красота и здоровье,Медицинские средства,Слуховые аппараты
5849,Красота и здоровье,Медицинские средства,Иглоукалывание
5850,Красота и здоровье,Медицинские средства,Иглоукалывание,Модели для иглоукалывания
5851,Красота и здоровье,Медицинские средства,Иглоукалывание,Иглы для иглоукалывания
5870,Красота и здоровье,Медицинские средства,Оборудование для физиотерапии
8541,Красота и здоровье,Медицинские средства,Оборудование для физиотерапии,Электрические стимуляторы мышц
505352,Красота и здоровье,Медицинские средства,Оборудование для физиотерапии,Терапевтические качели
5923,Красота и здоровье,Медицинские средства,Хирургические смазки
5965,Красота и здоровье,Медицинские средства,Медицинские идентификаторы
5966,Красота и здоровье,Медицинские средства,Системы вызова неотложной медпомощи
7002,Красота и здоровье,Медицинские средства,Боксы для контрацептивов
7186,Красота и здоровье,Медицинские средства,Спермициды
7220,Красота и здоровье,Медицинские средства,Подкладные судна
8082,Красота и здоровье,Медицинские средства,Емкости для медицинских анализов
8105,Красота и здоровье,Медицинские средства,Компрессионные чехлы для культей
500087,Красота и здоровье,Медицинские средства,Лапмы для фототерапии
505293,Красота и здоровье,Медицинские средства,Диагностические тесты
1680,Красота и здоровье,Медицинские средства,Диагностические тесты,Тесты на беременность
2552,Красота и здоровье,Медицинские средства,Диагностические тесты,Тесты на наркотики
7336,Красота и здоровье,Медицинские средства,Диагностические тесты,Анализы на ВИЧ
7337,Красота и здоровье,Медицинские средства,Диагностические тесты,Наборы для определения группы крови
499934,Красота и здоровье,Медицинские средства,Диагностические тесты,Наборы для диагностики аллергии
505294,Красота и здоровье,Медицинские средства,Диагностические тесты,Тесты для диагностики инфекций мочевыводящих путей
505820,Красота и здоровье,Медицинские средства,Проводящие гели и лосьоны
2915,Красота и здоровье,Личная гигиена
472,Красота и здоровье,Личная гигиена,Солярии
473,Красота и здоровье,Личная гигиена,Косметика
474,Красота и здоровье,Личная гигиена,Косметика,Средства для ванны и душа
2503,Красота и здоровье,Личная гигиена,Косметика,Средства для ванны и душа,Кусковое мыло
2522,Красота и здоровье,Личная гигиена,Косметика,Средства для ванны и душа,Пены и соли для ванны
2747,Красота и здоровье,Личная гигиена,Косметика,Средства для ванны и душа,Составы для мытья тела
2875,Красота и здоровье,Личная гигиена,Косметика,Средства для ванны и душа,Губки и мочалки для душа
2876,Красота и здоровье,Личная гигиена,Косметика,Средства для ванны и душа,Щётки для душа
3208,Красота и здоровье,Личная гигиена,Косметика,Средства для ванны и душа,Жидкое мыло для рук
3691,Красота и здоровье,Личная гигиена,Косметика,Средства для ванны и душа,Антибактериальные гели для рук
4049,Красота и здоровье,Личная гигиена,Косметика,Средства для ванны и душа,Шапочки для душа
7417,Красота и здоровье,Личная гигиена,Косметика,Средства для ванны и душа,Порошковое мыло для рук
499913,Красота и здоровье,Личная гигиена,Косметика,Средства для ванны и душа,Гигиенические салфетки для взрослых
475,Красота и здоровье,Личная гигиена,Косметика,Подарочные корзины со средствами для душа и ухода за телом
477,Красота и здоровье,Личная гигиена,Косметика,Макияж
2571,Красота и здоровье,Личная гигиена,Косметика,Макияж,Косметика для лица
2765,Красота и здоровье,Личная гигиена,Косметика,Макияж,Косметика для лица,Крема-основы и тональные крема
2980,Красота и здоровье,Личная гигиена,Косметика,Макияж,Косметика для лица,Пудры
6304,Красота и здоровье,Личная гигиена,Косметика,Макияж,Косметика для лица,Хайлайтеры и люминайзеры
6305,Красота и здоровье,Личная гигиена,Косметика,Макияж,Косметика для лица,Румяна и бронзанты
8218,Красота и здоровье,Личная гигиена,Косметика,Макияж,Косметика для лица,Основа под макияж
2645,Красота и здоровье,Личная гигиена,Косметика,Макияж,Косметика для губ
2589,Красота и здоровье,Личная гигиена,Косметика,Макияж,Косметика для губ,Контурные карандаши для губ
2858,Красота и здоровье,Личная гигиена,Косметика,Макияж,Косметика для губ,Блески для губ
3021,Красота и здоровье,Личная гигиена,Косметика,Макияж,Косметика для губ,Губная помада
6306,Красота и здоровье,Личная гигиена,Косметика,Макияж,Косметика для губ,Оттенки для губ и щек
8217,Красота и здоровье,Личная гигиена,Косметика,Макияж,Косметика для губ,Основа для помады
2779,Красота и здоровье,Личная гигиена,Косметика,Макияж,Косметика для глаз
2686,Красота и здоровье,Личная гигиена,Косметика,Макияж,Косметика для глаз,Карандаши для бровей
2761,Красота и здоровье,Личная гигиена,Косметика,Макияж,Косметика для глаз,Накладные ресницы
2807,Красота и здоровье,Личная гигиена,Косметика,Макияж,Косметика для глаз,Карандаши для подводки век
2834,Красота и здоровье,Личная гигиена,Косметика,Макияж,Косметика для глаз,Тушь
2904,Красота и здоровье,Личная гигиена,Косметика,Макияж,Косметика для глаз,Тени для век
6340,Красота и здоровье,Личная гигиена,Косметика,Макияж,Косметика для глаз,Средства для роста ресниц и бровей
8219,Красота и здоровье,Личная гигиена,Косметика,Макияж,Косметика для глаз,Основа для туши для ресниц
8220,Красота и здоровье,Личная гигиена,Косметика,Макияж,Косметика для глаз,Основа под тени для век
3509,Красота и здоровье,Личная гигиена,Косметика,Макияж,Смываемые татуировки
4779,Красота и здоровье,Личная гигиена,Косметика,Макияж,Маскарадный и сценический макияж
5978,Красота и здоровье,Личная гигиена,Косметика,Макияж,Косметика для тела
5979,Красота и здоровье,Личная гигиена,Косметика,Макияж,Косметика для тела,Краска для тела
5981,Красота и здоровье,Личная гигиена,Косметика,Макияж,Косметика для тела,Блестки для тела и волос
6072,Красота и здоровье,Личная гигиена,Косметика,Макияж,Завершающий спрей
478,Красота и здоровье,Личная гигиена,Косметика,Средства для ухода за ногтями
2683,Красота и здоровье,Личная гигиена,Косметика,Средства для ухода за ногтями,Лаки для ногтей
2946,Красота и здоровье,Личная гигиена,Косметика,Средства для ухода за ногтями,Средства для снятия лака
3009,Красота и здоровье,Личная гигиена,Косметика,Средства для ухода за ногтями,Кремы и масла для кутикулы
4218,Красота и здоровье,Личная гигиена,Косметика,Средства для ухода за ногтями,Накладные ногти
5975,Красота и здоровье,Личная гигиена,Косметика,Средства для ухода за ногтями,Наборы и принадлежности для нейл-арта
6893,Красота и здоровье,Личная гигиена,Косметика,Средства для ухода за ногтями,Клеи для ногтей
7445,Красота и здоровье,Личная гигиена,Косметика,Средства для ухода за ногтями,Разбавители для лака для ногтей
233419,Красота и здоровье,Личная гигиена,Косметика,Средства для ухода за ногтями,Капли и спреи для сушки лака для ногтей
479,Красота и здоровье,Личная гигиена,Косметика,Парфюмерия
567,Красота и здоровье,Личная гигиена,Косметика,Средства для ухода за кожей
481,Красота и здоровье,Личная гигиена,Косметика,Средства для ухода за кожей,Средства для ухода за угристой кожей
482,Красота и здоровье,Личная гигиена,Косметика,Средства для ухода за кожей,Средства для ухода за губами
543573,Красота и здоровье,Личная гигиена,Косметика,Средства для ухода за кожей,Средства для ухода за губами,Бальзамы для губ
543574,Красота и здоровье,Личная гигиена,Косметика,Средства для ухода за кожей,Средства для ухода за губами,Лечебные средства для губ
2526,Красота и здоровье,Личная гигиена,Косметика,Средства для ухода за кожей,Очищающие средства для лица
2592,Красота и здоровье,Личная гигиена,Косметика,Средства для ухода за кожей,Лосьоны
2740,Красота и здоровье,Личная гигиена,Косметика,Средства для ухода за кожей,Средства для загара
5338,Красота и здоровье,Личная гигиена,Косметика,Средства для ухода за кожей,Средства для загара,Автозагар
5339,Красота и здоровье,Личная гигиена,Косметика,Средства для ухода за кожей,Средства для загара,Масла и лосьоны для загара
2844,Красота и здоровье,Личная гигиена,Косметика,Средства для ухода за кожей,Солнцезащитные средства
5820,Красота и здоровье,Личная гигиена,Косметика,Средства для ухода за кожей,Репелленты от насекомых для кожи
5976,Красота и здоровье,Личная гигиена,Косметика,Средства для ухода за кожей,Тонеры и сужающие поры средства
543658,Красота и здоровье,Личная гигиена,Косметика,Средства для ухода за кожей,Тонеры и сужающие поры средства,Тоники
543659,Красота и здоровье,Личная гигиена,Косметика,Средства для ухода за кожей,Тонеры и сужающие поры средства,Вяжущие средства для лица
5980,Красота и здоровье,Личная гигиена,Косметика,Средства для ухода за кожей,Пудра для тела
6034,Красота и здоровье,Личная гигиена,Косметика,Средства для ухода за кожей,Средства для снятия макияжа
6104,Красота и здоровье,Личная гигиена,Косметика,Средства для ухода за кожей,Масло для тела
6262,Красота и здоровье,Личная гигиена,Косметика,Средства для ухода за кожей,Маски и пилинги для ухода за лицом
6753,Красота и здоровье,Личная гигиена,Косметика,Средства для ухода за кожей,Вазелин
6791,Красота и здоровье,Личная гигиена,Косметика,Средства для ухода за кожей,Полоски для очистки пор лица
6863,Красота и здоровье,Личная гигиена,Косметика,Средства для ухода за кожей,Средства для удаления бородавок
7429,Красота и здоровье,Личная гигиена,Косметика,Средства для ухода за кожей,Наборы для антивозрастного ухода за кожей
7467,Красота и здоровье,Личная гигиена,Косметика,Средства для ухода за кожей,Наборы для очистки лица
8029,Красота и здоровье,Личная гигиена,Косметика,Средства для ухода за кожей,Сжатые листовые маски для ухода за кожей
2619,Красота и здоровье,Личная гигиена,Косметика,Косметические инструменты
2548,Красота и здоровье,Личная гигиена,Косметика,Косметические инструменты,Инструменты для макияжа
476,Красота и здоровье,Личная гигиена,Косметика,Косметические инструменты,Инструменты для макияжа,Зеркала для макияжа
2780,Красота и здоровье,Личная гигиена,Косметика,Косметические инструменты,Инструменты для макияжа,Щипцы для завивки ресниц
3025,Красота и здоровье,Личная гигиена,Косметика,Косметические инструменты,Инструменты для макияжа,Кисти для макияжа
4106,Красота и здоровье,Личная гигиена,Косметика,Косметические инструменты,Инструменты для макияжа,Губки для макияжа
4121,Красота и здоровье,Личная гигиена,Косметика,Косметические инструменты,Инструменты для макияжа,Впитывающая бумага для лица
6282,Красота и здоровье,Личная гигиена,Косметика,Косметические инструменты,Инструменты для макияжа,Заправка для завивателей ресниц
6555,Красота и здоровье,Личная гигиена,Косметика,Косметические инструменты,Инструменты для макияжа,Трафареты для бровей
7356,Красота и здоровье,Личная гигиена,Косметика,Косметические инструменты,Инструменты для макияжа,Клей и лента для двойного века
499822,Красота и здоровье,Личная гигиена,Косметика,Косметические инструменты,Инструменты для макияжа,Пустые палитры и наборы для макияжа
502996,Красота и здоровье,Личная гигиена,Косметика,Косметические инструменты,Инструменты для макияжа,Принадлежности для накладных ресниц
7256,Красота и здоровье,Личная гигиена,Косметика,Косметические инструменты,Инструменты для макияжа,Принадлежности для накладных ресниц,Клей для накладных ресниц
7493,Красота и здоровье,Личная гигиена,Косметика,Косметические инструменты,Инструменты для макияжа,Принадлежности для накладных ресниц,Аппликаторы для накладных ресниц
502997,Красота и здоровье,Личная гигиена,Косметика,Косметические инструменты,Инструменты для макияжа,Принадлежности для накладных ресниц,Средства для снятия накладных ресниц
2958,Красота и здоровье,Личная гигиена,Косметика,Косметические инструменты,Инструменты для ухода за кожей
2511,Красота и здоровье,Личная гигиена,Косметика,Косметические инструменты,Инструменты для ухода за кожей,Пемза
6260,Красота и здоровье,Личная гигиена,Косметика,Косметические инструменты,Инструменты для ухода за кожей,Щётки и системы для очистки кожи
6261,Красота и здоровье,Личная гигиена,Косметика,Косметические инструменты,Инструменты для ухода за кожей,Экстракторы угрей
6760,Красота и здоровье,Личная гигиена,Косметика,Косметические инструменты,Инструменты для ухода за кожей,Сауны для лица
7018,Красота и здоровье,Личная гигиена,Косметика,Косметические инструменты,Инструменты для ухода за кожей,Ролики для ухода за кожей
7190,Красота и здоровье,Личная гигиена,Косметика,Косметические инструменты,Инструменты для ухода за кожей,Пилки для стоп
8132,Красота и здоровье,Личная гигиена,Косметика,Косметические инструменты,Инструменты для ухода за кожей,Головки щёток для очистки кожи
499926,Красота и здоровье,Личная гигиена,Косметика,Косметические инструменты,Инструменты для ухода за кожей,Аппликаторы для солнцезащитных средств
2975,Красота и здоровье,Личная гигиена,Косметика,Косметические инструменты,Инструменты для ухода за ногтями
2734,Красота и здоровье,Личная гигиена,Косметика,Косметические инструменты,Инструменты для ухода за ногтями,Пилки для ногтей
2739,Красота и здоровье,Личная гигиена,Косметика,Косметические инструменты,Инструменты для ухода за ногтями,Палочки для кутикулы
2828,Красота и здоровье,Личная гигиена,Косметика,Косметические инструменты,Инструменты для ухода за ногтями,Кусачки для ногтей
3037,Красота и здоровье,Личная гигиена,Косметика,Косметические инструменты,Инструменты для ухода за ногтями,Ножницы для кутикулы
5880,Красота и здоровье,Личная гигиена,Косметика,Косметические инструменты,Инструменты для ухода за ногтями,Сушки для ногтей
6300,Красота и здоровье,Личная гигиена,Косметика,Косметические инструменты,Инструменты для ухода за ногтями,Маникюрные наборы
6341,Красота и здоровье,Личная гигиена,Косметика,Косметические инструменты,Инструменты для ухода за ногтями,Полировщики для ногтей
7490,Красота и здоровье,Личная гигиена,Косметика,Косметические инструменты,Инструменты для ухода за ногтями,Дрели для ногтей
7494,Красота и здоровье,Личная гигиена,Косметика,Косметические инструменты,Инструменты для ухода за ногтями,Разделители пальцев для педикюра
499698,Красота и здоровье,Личная гигиена,Косметика,Косметические инструменты,Инструменты для ухода за ногтями,Принадлежности для дрелей для ногтей
6069,Красота и здоровье,Личная гигиена,Косметика,Косметические наборы
6331,Красота и здоровье,Личная гигиена,Косметика,Средства для очистки косметических инструментов
484,Красота и здоровье,Личная гигиена,Дезодоранты и антиперспиранты
543598,Красота и здоровье,Личная гигиена,Дезодоранты и антиперспиранты,Дезодоранты
543599,Красота и здоровье,Личная гигиена,Дезодоранты и антиперспиранты,Антиперспиранты
485,Красота и здоровье,Личная гигиена,Средства для женской гигиены
2387,Красота и здоровье,Личная гигиена,Средства для женской гигиены,Женские гигиенические прокладки
2564,Красота и здоровье,Личная гигиена,Средства для женской гигиены,Тампоны
5821,Красота и здоровье,Личная гигиена,Средства для женской гигиены,Спринцовки и гели для женской гигиены
6862,Красота и здоровье,Личная гигиена,Средства для женской гигиены,Женские дезодоранты
8122,Красота и здоровье,Личная гигиена,Средства для женской гигиены,Менструальные чашечки
486,Красота и здоровье,Личная гигиена,Средства для ухода за волосами
1901,Красота и здоровье,Личная гигиена,Средства для ухода за волосами,Средства для укладки волос
2441,Красота и здоровье,Личная гигиена,Средства для ухода за волосами,Шампуни и кондиционеры
543615,Красота и здоровье,Личная гигиена,Средства для ухода за волосами,Шампуни и кондиционеры,Шампуни
543616,Красота и здоровье,Личная гигиена,Средства для ухода за волосами,Шампуни и кондиционеры,Кондиционеры
543617,Красота и здоровье,Личная гигиена,Средства для ухода за волосами,Шампуни и кондиционеры,Наборы из шампуня и кондиционера
2814,Красота и здоровье,Личная гигиена,Средства для ухода за волосами,Средства для окраски волос
3013,Красота и здоровье,Личная гигиена,Средства для ухода за волосами,Ножницы для стрижки волос
4766,Красота и здоровье,Личная гигиена,Средства для ухода за волосами,Средства против выпадения волос
5977,Красота и здоровье,Личная гигиена,Средства для ухода за волосами,Принадлежности для окрашивания волос
6018,Красота и здоровье,Личная гигиена,Средства для ухода за волосами,Принадлежности для инструментов для укладки волос
4475,Красота и здоровье,Личная гигиена,Средства для ухода за волосами,Принадлежности для инструментов для укладки волос,Принадлежности для сушки волос
4569,Красота и здоровье,Личная гигиена,Средства для ухода за волосами,Принадлежности для инструментов для укладки волос,Принадлежности для выпрямления волос
5317,Красота и здоровье,Личная гигиена,Средства для ухода за волосами,Принадлежности для инструментов для укладки волос,Бигуди и шпильки для бигуди
6019,Красота и здоровье,Личная гигиена,Средства для ухода за волосами,Инструменты для укладки волос
487,Красота и здоровье,Личная гигиена,Средства для ухода за волосами,Инструменты для укладки волос,Гребни и расчески
488,Красота и здоровье,Личная гигиена,Средства для ухода за волосами,Инструменты для укладки волос,Средства для завивки волос
489,Красота и здоровье,Личная гигиена,Средства для ухода за волосами,Инструменты для укладки волос,Щипцы для завивки волос
490,Красота и здоровье,Личная гигиена,Средства для ухода за волосами,Инструменты для укладки волос,Фены
3407,Красота и здоровье,Личная гигиена,Средства для ухода за волосами,Инструменты для укладки волос,Утюжки для волос
499992,Красота и здоровье,Личная гигиена,Средства для ухода за волосами,Инструменты для укладки волос,Наборы инструментов для укладки
6052,Красота и здоровье,Личная гигиена,Средства для ухода за волосами,Средства для перманентной завивки и распрямления волос
6053,Красота и здоровье,Личная гигиена,Средства для ухода за волосами,Средства для обесцвечивания волос
6099,Красота и здоровье,Личная гигиена,Средства для ухода за волосами,"Средства, скрывающие облысение"
6429,Красота и здоровье,Личная гигиена,Средства для ухода за волосами,Вапоризаторы и термошапки для волос
8452,Красота и здоровье,Личная гигиена,Средства для ухода за волосами,Наборы средств для ухода за волосами
493,Красота и здоровье,Личная гигиена,Средства для ухода за спиной
7404,Красота и здоровье,Личная гигиена,Средства для ухода за спиной,Подушки для поддержки спины и поясницы
506,Красота и здоровье,Личная гигиена,Средства для ухода за ушами
2596,Красота и здоровье,Личная гигиена,Средства для ухода за ушами,Беруши
5706,Красота и здоровье,Личная гигиена,Средства для ухода за ушами,Ушные свечи
6559,Красота и здоровье,Личная гигиена,Средства для ухода за ушами,Ушные капли
6560,Красота и здоровье,Личная гигиена,Средства для ухода за ушами,Сушилки для ушей
6561,Красота и здоровье,Личная гигиена,Средства для ухода за ушами,Шприцы для ушей
6562,Красота и здоровье,Личная гигиена,Средства для ухода за ушами,Наборы для удаления ушной серы
7542,Красота и здоровье,Личная гигиена,Средства для ухода за ушами,Диспенсеры берушей
500024,Красота и здоровье,Личная гигиена,Средства для ухода за ушами,Ушные ложки
515,Красота и здоровье,Личная гигиена,Средства для ухода за ногами
2801,Красота и здоровье,Личная гигиена,Средства для ухода за ногами,Стельки и вкладыши
2992,Красота и здоровье,Личная гигиена,Средства для ухода за ногами,Средства для лечения мозолей
3022,Красота и здоровье,Личная гигиена,Средства для ухода за ногами,Средства для лечения мозолей и ороговелостей
3049,Красота и здоровье,Личная гигиена,Средства для ухода за ногами,Дезодоранты для ног
7495,Красота и здоровье,Личная гигиена,Средства для ухода за ногами,Разделители пальцев ног
526,Красота и здоровье,Личная гигиена,Средства для ухода за полостью рта
527,Красота и здоровье,Личная гигиена,Средства для ухода за полостью рта,Зубные щётки
1360,Красота и здоровье,Личная гигиена,Средства для ухода за полостью рта,Зубные пасты
2527,Красота и здоровье,Личная гигиена,Средства для ухода за полостью рта,Зубные протезы
2620,Красота и здоровье,Личная гигиена,Средства для ухода за полостью рта,Зубные нити
2769,Красота и здоровье,Личная гигиена,Средства для ухода за полостью рта,Межзубные стимуляторы
3019,Красота и здоровье,Личная гигиена,Средства для ухода за полостью рта,Средства для отбеливания зубов
3040,Красота и здоровье,Личная гигиена,Средства для ухода за полостью рта,Ополаскиватели для полости рта
4316,Красота и здоровье,Личная гигиена,Средства для ухода за полостью рта,Зубочистки
4775,Красота и здоровье,Личная гигиена,Средства для ухода за полостью рта,Принадлежности для зубных щёток
4776,Красота и здоровье,Личная гигиена,Средства для ухода за полостью рта,Принадлежности для зубных щёток,Сменные насадки для зубных щёток
4942,Красота и здоровье,Личная гигиена,Средства для ухода за полостью рта,Принадлежности для зубных щёток,Дезинфицирующие средства для зубных щёток
6920,Красота и здоровье,Личная гигиена,Средства для ухода за полостью рта,Принадлежности для зубных щёток,Чехлы для зубных щёток
5154,Красота и здоровье,Личная гигиена,Средства для ухода за полостью рта,Выдавливатели и дозаторы зубной пасты
5155,Красота и здоровье,Личная гигиена,Средства для ухода за полостью рта,Адгезивы для зубных протезов
5295,Красота и здоровье,Личная гигиена,Средства для ухода за полостью рта,Ирригаторы полости рта
5823,Красота и здоровье,Личная гигиена,Средства для ухода за полостью рта,Каппы
5824,Красота и здоровье,Личная гигиена,Средства для ухода за полостью рта,Очистители для зубных протезов
6189,Красота и здоровье,Личная гигиена,Средства для ухода за полостью рта,Дезодоранты для полости рта
6441,Красота и здоровье,Личная гигиена,Средства для ухода за полостью рта,Скребки для языка
6455,Красота и здоровье,Личная гигиена,Средства для ухода за полостью рта,Запасные насадки для ирригаторов полости рта
6715,Красота и здоровье,Личная гигиена,Средства для ухода за полостью рта,Автоматические флоссеры
8543,Красота и здоровье,Личная гигиена,Средства для ухода за полостью рта,Наборы для ремонта зубных протезов
505367,Красота и здоровье,Личная гигиена,Средства для ухода за полостью рта,Футляры для ортодонтических аппаратов
528,Красота и здоровье,Личная гигиена,Средства для бритья
529,Красота и здоровье,Личная гигиена,Средства для бритья,Лосьон после бритья
531,Красота и здоровье,Личная гигиена,Средства для бритья,Принадлежности для электробритв
532,Красота и здоровье,Личная гигиена,Средства для бритья,Электробритвы
533,Красота и здоровье,Личная гигиена,Средства для бритья,Триммеры и машинки для стрижки волос
534,Красота и здоровье,Личная гигиена,Средства для бритья,Бритвы и бритвенные лезвия
2508,Красота и здоровье,Личная гигиена,Средства для бритья,Кровоостанавливающие карандаши
2681,Красота и здоровье,Личная гигиена,Средства для бритья,Кисточки для бритья
2971,Красота и здоровье,Личная гигиена,Средства для бритья,Кремы для бритья
4507,Красота и здоровье,Личная гигиена,Средства для бритья,Средства для удаления волос
4508,Красота и здоровье,Личная гигиена,Средства для бритья,Средства для удаления волос,Средства для эпиляции
4509,Красота и здоровье,Личная гигиена,Средства для бритья,Средства для удаления волос,Устройства для электролиза
4510,Красота и здоровье,Личная гигиена,Средства для бритья,Средства для удаления волос,Эпиляторы
4511,Красота и здоровье,Личная гигиена,Средства для бритья,Средства для удаления волос,Средства для восковой эпиляции
7199,Красота и здоровье,Личная гигиена,Средства для бритья,Средства для удаления волос,Устройства для лазерной эпиляции
8136,Красота и здоровье,Личная гигиена,Средства для бритья,Средства для удаления волос,Нагреватели воска для удаления волос
5111,Красота и здоровье,Личная гигиена,Средства для бритья,Наборы для бритья
6842,Красота и здоровье,Личная гигиена,Средства для бритья,Принадлежности для триммеров и машинок для стрижки волос
8214,Красота и здоровье,Личная гигиена,Средства для бритья,Средства для обесцвечивания волос на лице и теле
8531,Красота и здоровье,Личная гигиена,Средства для бритья,Миски и чашки для бритья
777,Красота и здоровье,Личная гигиена,Гигиенические смазки
1380,Красота и здоровье,Личная гигиена,Средства для ухода за зрением
524,Красота и здоровье,Личная гигиена,Средства для ухода за зрением,Очки
2521,Красота и здоровье,Личная гигиена,Средства для ухода за зрением,Принадлежности для очков
5507,Красота и здоровье,Личная гигиена,Средства для ухода за зрением,Принадлежности для очков,Футляры и чехлы для очков
8204,Красота и здоровье,Личная гигиена,Средства для ухода за зрением,Принадлежности для очков,Ремешки и цепочки для очков
352853,Красота и здоровье,Личная гигиена,Средства для ухода за зрением,Принадлежности для очков,Растворы для очистки линз очков
543538,Красота и здоровье,Личная гигиена,Средства для ухода за зрением,Принадлежности для очков,Запасные части для очков
2733,Красота и здоровье,Личная гигиена,Средства для ухода за зрением,Линзы для очков
2922,Красота и здоровье,Личная гигиена,Средства для ухода за зрением,Глазные капли
2923,Красота и здоровье,Личная гигиена,Средства для ухода за зрением,Контактные линзы
3011,Красота и здоровье,Личная гигиена,Средства для ухода за зрением,Средства для ухода за контактными линзами
6509,Красота и здоровье,Личная гигиена,Средства для ухода за зрением,Средства для ухода за контактными линзами,Растворы для контактных линз
6510,Красота и здоровье,Личная гигиена,Средства для ухода за зрением,Средства для ухода за контактными линзами,Контейнеры для контактных линз
7363,Красота и здоровье,Личная гигиена,Средства для ухода за зрением,Средства для ухода за контактными линзами,Наборы для ухода за контактными линзами
6977,Красота и здоровье,Личная гигиена,Средства для ухода за зрением,Солнцезащитные линзы
2656,Красота и здоровье,Личная гигиена,Щипчики
2934,Красота и здоровье,Личная гигиена,Ватные палочки
4076,Красота и здоровье,Личная гигиена,Средства для нормализации сна
4056,Красота и здоровье,Личная гигиена,Средства для нормализации сна,Генераторы белого шума
4211,Красота и здоровье,Личная гигиена,Средства для нормализации сна,Подушки под шею
4313,Красота и здоровье,Личная гигиена,Средства для нормализации сна,Маски для сна
6017,Красота и здоровье,Личная гигиена,Средства для нормализации сна,Средства против храпа и апноэ
4929,Красота и здоровье,Личная гигиена,Ватные шарики
5663,Красота и здоровье,Личная гигиена,Массаж и релаксация
471,Красота и здоровье,Личная гигиена,Массаж и релаксация,Массажеры
543595,Красота и здоровье,Личная гигиена,Массаж и релаксация,Массажеры,Массажные подушки
543596,Красота и здоровье,Личная гигиена,Массаж и релаксация,Массажеры,Электромассажёры
543597,Красота и здоровье,Личная гигиена,Массаж и релаксация,Массажеры,Приспособления для ручного массажа
1442,Красота и здоровье,Личная гигиена,Массаж и релаксация,Кресла для массажа
2074,Красота и здоровье,Личная гигиена,Массаж и релаксация,Массажные столы
5664,Красота и здоровье,Личная гигиена,Массаж и релаксация,Массажные масла
8135,Красота и здоровье,Личная гигиена,Массаж и релаксация,Массажные камни
8530,Красота и здоровье,Личная гигиена,Массаж и релаксация,Нагреватели для массажных камней
233420,Красота и здоровье,Личная гигиена,Массаж и релаксация,Подушечки для глаз
500060,Красота и здоровье,Личная гигиена,Массаж и релаксация,Приспособления для чесания спины
6921,Красота и здоровье,Личная гигиена,Кабинки для автозагара
7134,Красота и здоровье,Личная гигиена,Наборы и принадлежности для клизм
5573,Красота и здоровье,Средства для ухода за ювелирными изделиями
5124,Красота и здоровье,Средства для ухода за ювелирными изделиями,Комплекты для ремонта часов
5974,Красота и здоровье,Средства для ухода за ювелирными изделиями,Коробки для ювелирных украшений
499919,Красота и здоровье,Средства для ухода за ювелирными изделиями,Средства для чистки и полировки ювелирных изделий
500082,Красота и здоровье,Средства для ухода за ювелирными изделиями,Приспособления для чистки ювелирных изделий
500083,Красота и здоровье,Средства для ухода за ювелирными изделиями,Пароочистители для ювелирных изделий
536,Дом и сад
359,Дом и сад,Средства обеспечения безопасности жилища
363,Дом и сад,Средства обеспечения безопасности жилища,Охранное освещение
364,Дом и сад,Средства обеспечения безопасности жилища,Мониторы и рекордеры системы безопасности
365,Дом и сад,Средства обеспечения безопасности жилища,Датчики систем безопасности
2161,Дом и сад,Средства обеспечения безопасности жилища,Датчики движения
3819,Дом и сад,Средства обеспечения безопасности жилища,Сейфы
3873,Дом и сад,Средства обеспечения безопасности жилища,Домашние системы сигнализации
5491,Дом и сад,Средства обеспечения безопасности жилища,Ложные камеры наблюдения
499865,Дом и сад,Средства обеспечения безопасности жилища,Принадлежности для сейфов
500025,Дом и сад,Средства обеспечения безопасности жилища,Зеркала безопасности
574,Дом и сад,Принадлежности для ванной и туалета
575,Дом и сад,Принадлежности для ванной и туалета,Подвесные полки для ванной
577,Дом и сад,Принадлежности для ванной и туалета,Коврики для ванной комнаты
578,Дом и сад,Принадлежности для ванной и туалета,Кольца для занавесок для душа
579,Дом и сад,Принадлежности для ванной и туалета,Диспенсеры для косметических салфеток
580,Дом и сад,Принадлежности для ванной и туалета,Занавески для душа
582,Дом и сад,Принадлежности для ванной и туалета,Мыльницы
583,Дом и сад,Принадлежности для ванной и туалета,Туалетные ёршики
584,Дом и сад,Принадлежности для ванной и туалета,Держатели для туалетной бумаги
585,Дом и сад,Принадлежности для ванной и туалета,Держатели для зубных щеток
586,Дом и сад,Принадлежности для ванной и туалета,Вешалки и полки для полотенец
1962,Дом и сад,Принадлежности для ванной и туалета,Карнизы для душевых штор
2034,Дом и сад,Принадлежности для ванной и туалета,Крючки для одежды
2418,Дом и сад,Принадлежности для ванной и туалета,Аптечки
4366,Дом и сад,Принадлежности для ванной и туалета,Подушки для ванной
4971,Дом и сад,Принадлежности для ванной и туалета,Дозаторы мыла и лосьонов
5141,Дом и сад,Принадлежности для ванной и туалета,Сушилки для рук
6858,Дом и сад,Принадлежности для ванной и туалета,Наборы принадлежностей для ванной и туалета
7093,Дом и сад,Принадлежности для ванной и туалета,Крепеж для принадлежностей для ванной и туалета
7509,Дом и сад,Принадлежности для ванной и туалета,Запасные щётки для туалетных ершиков
8016,Дом и сад,Принадлежности для ванной и туалета,Принадлежности для сушилок для рук
8114,Дом и сад,Принадлежности для ванной и туалета,Поручни для ванн
594,Дом и сад,Осветительные приборы
1436,Дом и сад,Осветительные приборы,Аварийное освещение
1546,Дом и сад,Осветительные приборы,Прожекторы
2370,Дом и сад,Осветительные приборы,Подсветка для картин
2425,Дом и сад,Осветительные приборы,Лампочки
2690,Дом и сад,Осветительные приборы,Лампочки,Люминесцентные трубки
2944,Дом и сад,Осветительные приборы,Лампочки,Лампы накаливания
2947,Дом и сад,Осветительные приборы,Лампочки,Компактные люминесцентные лампы
3329,Дом и сад,Осветительные приборы,Лампочки,Светодиодные лампы
2608,Дом и сад,Осветительные приборы,Световые шнуры и ленты
3006,Дом и сад,Осветительные приборы,Светильники
2249,Дом и сад,Осветительные приборы,Светильники,Люстры
2524,Дом и сад,Осветительные приборы,Светильники,Потолочные светильники
2809,Дом и сад,Осветительные приборы,Светильники,Светильники для мебели
6073,Дом и сад,Осветительные приборы,Светильники,Настенные светильники
4636,Дом и сад,Осветительные приборы,Лампы
6274,Дом и сад,Осветительные приборы,Реечные светильники
4932,Дом и сад,Осветительные приборы,Реечные светильники,Элементы крепления для реечных светильников
6272,Дом и сад,Осветительные приборы,Реечные светильники,Принадлежности для реечных светильников
6273,Дом и сад,Осветительные приборы,Реечные светильники,Шины для реечных светильников
7399,Дом и сад,Осветительные приборы,Бамбуковые факелы и масляные лампы
7400,Дом и сад,Осветительные приборы,Освещение для садовых дорожек
7401,Дом и сад,Осветительные приборы,Напольные светильники
500003,Дом и сад,Осветительные приборы,Плавучие светильники
505826,Дом и сад,Осветительные приборы,Ночные светильники и подсветка
600,Дом и сад,Курительные принадлежности
4082,Дом и сад,Курительные принадлежности,Пепельницы
6878,Дом и сад,Курительные принадлежности,Хьюмидоры
6879,Дом и сад,Курительные принадлежности,Приспособления для обрезки сигар
6880,Дом и сад,Курительные принадлежности,Принадлежности для хьюмидоров
6881,Дом и сад,Курительные принадлежности,Портсигары
6882,Дом и сад,Курительные принадлежности,Ящики для сигар
500007,Дом и сад,Курительные принадлежности,Мундштуки
604,Дом и сад,Бытовые приборы
609,Дом и сад,Бытовые приборы,Системы дистанционного открытия дверей гаража
616,Дом и сад,Бытовые приборы,Пароочистители для ковров
543600,Дом и сад,Бытовые приборы,Пароочистители для ковров,Пароочистители для ковров и пола
543601,Дом и сад,Бытовые приборы,Пароочистители для ковров,Устройства для мытья ковров
543602,Дом и сад,Бытовые приборы,Пароочистители для ковров,Поломоечные машины
543603,Дом и сад,Бытовые приборы,Пароочистители для ковров,Паровые швабры
619,Дом и сад,Бытовые приборы,Пылесосы
621,Дом и сад,Бытовые приборы,Водонагреватели
1626,Дом и сад,Бытовые приборы,Климат-контроль
605,Дом и сад,Бытовые приборы,Климат-контроль,Кондиционеры воздуха
606,Дом и сад,Бытовые приборы,Климат-контроль,Очистители воздуха
607,Дом и сад,Бытовые приборы,Климат-контроль,Осушители
608,Дом и сад,Бытовые приборы,Климат-контроль,Вентиляторы
1700,Дом и сад,Бытовые приборы,Климат-контроль,Вентиляторы,Потолочные вентиляторы
2535,Дом и сад,Бытовые приборы,Климат-контроль,Вентиляторы,Настольные и напольные вентиляторы
4485,Дом и сад,Бытовые приборы,Климат-контроль,Вентиляторы,Вытяжные вентиляторы
7527,Дом и сад,Бытовые приборы,Климат-контроль,Вентиляторы,Ручные вентиляторы
8090,Дом и сад,Бытовые приборы,Климат-контроль,Вентиляторы,Настенные вентиляторы
611,Дом и сад,Бытовые приборы,Климат-контроль,Обогреватели помещений
613,Дом и сад,Бытовые приборы,Климат-контроль,Увлажнители
2060,Дом и сад,Бытовые приборы,Климат-контроль,Обогреватели
2649,Дом и сад,Бытовые приборы,Климат-контроль,Уличные обогреватели
3082,Дом и сад,Бытовые приборы,Климат-контроль,Печи и котлы
6709,Дом и сад,Бытовые приборы,Климат-контроль,Уличные генераторы тумана
6727,Дом и сад,Бытовые приборы,Климат-контроль,Испарительные охладители
7328,Дом и сад,Бытовые приборы,Климат-контроль,Канальные воздухонагреватели
2706,Дом и сад,Бытовые приборы,Устройства для стирки
2549,Дом и сад,Бытовые приборы,Устройства для стирки,Стиральные машины
2612,Дом и сад,Бытовые приборы,Устройства для стирки,Сушильные машины
2849,Дом и сад,Бытовые приборы,Устройства для стирки,Стирально-сушильные машины
5138,Дом и сад,Бытовые приборы,Устройства для стирки,Пароочистители для одежды
5139,Дом и сад,Бытовые приборы,Устройства для стирки,Утюги и гладильные системы
5140,Дом и сад,Бытовые приборы,Устройства для стирки,Паровые гладильные прессы
4483,Дом и сад,Бытовые приборы,Машины для сушки футона
5294,Дом и сад,Бытовые приборы,Полотеры
6741,Дом и сад,Бытовые приборы,Пульты и брелоки для управления гаражными дверями
7121,Дом и сад,Бытовые приборы,Паровые стрипперы обоев
235920,Дом и сад,Бытовые приборы,Сушилки для полов и ковров
500081,Дом и сад,Бытовые приборы,Ультразвуковые очистители
630,Дом и сад,Хозяйственные товары
623,Дом и сад,Хозяйственные товары,Бытовой инвентарь и средства для уборки
2250,Дом и сад,Хозяйственные товары,Бытовой инвентарь и средства для уборки,Салфетки для вытирания пыли
2610,Дом и сад,Хозяйственные товары,Бытовой инвентарь и средства для уборки,Щётки для мытья окон
2713,Дом и сад,Хозяйственные товары,Бытовой инвентарь и средства для уборки,Швабры
2796,Дом и сад,Хозяйственные товары,Бытовой инвентарь и средства для уборки,Губки
2857,Дом и сад,Хозяйственные товары,Бытовой инвентарь и средства для уборки,Мётлы
4515,Дом и сад,Хозяйственные товары,Бытовой инвентарь и средства для уборки,Совки для мусора
4670,Дом и сад,Хозяйственные товары,Бытовой инвентарь и средства для уборки,Скребковые щётки
4671,Дом и сад,Хозяйственные товары,Бытовой инвентарь и средства для уборки,Рукоятки для мётел и швабр
4677,Дом и сад,Хозяйственные товары,Бытовой инвентарь и средства для уборки,Щётки для чистки ковров
4973,Дом и сад,Хозяйственные товары,Бытовой инвентарь и средства для уборки,Бытовые моющие средства
4974,Дом и сад,Хозяйственные товары,Бытовой инвентарь и средства для уборки,Бытовые моющие средства,Средства для чистки ковров
4975,Дом и сад,Хозяйственные товары,Бытовой инвентарь и средства для уборки,Бытовые моющие средства,Средства для мытья посуды
4976,Дом и сад,Хозяйственные товары,Бытовой инвентарь и средства для уборки,Бытовые моющие средства,Средства для чистки стекла и гладких поверхностей
543649,Дом и сад,Хозяйственные товары,Бытовой инвентарь и средства для уборки,Бытовые моющие средства,Средства для чистки стекла и гладких поверхностей,Очистители стекол
543650,Дом и сад,Хозяйственные товары,Бытовой инвентарь и средства для уборки,Бытовые моющие средства,Средства для чистки стекла и гладких поверхностей,Очистители для различных поверхностей
4977,Дом и сад,Хозяйственные товары,Бытовой инвентарь и средства для уборки,Бытовые моющие средства,Средства для очистки паркета
4978,Дом и сад,Хозяйственные товары,Бытовой инвентарь и средства для уборки,Бытовые моющие средства,Средства для чистки духовок и грилей
4979,Дом и сад,Хозяйственные товары,Бытовой инвентарь и средства для уборки,Бытовые моющие средства,Средства для удаления запаха и пятен от животных
4980,Дом и сад,Хозяйственные товары,Бытовой инвентарь и средства для уборки,Бытовые моющие средства,Средства для чистки унитазов
4981,Дом и сад,Хозяйственные товары,Бытовой инвентарь и средства для уборки,Бытовые моющие средства,Средства для чистки ванн и плитки
5825,Дом и сад,Хозяйственные товары,Бытовой инвентарь и средства для уборки,Бытовые моющие средства,Средства для чистки и полировки мебели
6474,Дом и сад,Хозяйственные товары,Бытовой инвентарь и средства для уборки,Бытовые моющие средства,Бытовые дезинфицирующие средства
7330,Дом и сад,Хозяйственные товары,Бытовой инвентарь и средства для уборки,Бытовые моющие средства,Универсальные чистящие средства
7426,Дом и сад,Хозяйственные товары,Бытовой инвентарь и средства для уборки,Бытовые моющие средства,Средства для чистки и полировки нержавеющей стали
7462,Дом и сад,Хозяйственные товары,Бытовой инвентарь и средства для уборки,Бытовые моющие средства,Средства для чистки стиральных машин
7510,Дом и сад,Хозяйственные товары,Бытовой инвентарь и средства для уборки,Бытовые моющие средства,Средства для чистки посудомоечных машин
7552,Дом и сад,Хозяйственные товары,Бытовой инвентарь и средства для уборки,Бытовые моющие средства,Ополаскиватели для посудомоечных машин
8043,Дом и сад,Хозяйственные товары,Бытовой инвентарь и средства для уборки,Бытовые моющие средства,Средства для чистки ткани и обивки
500065,Дом и сад,Хозяйственные товары,Бытовой инвентарь и средства для уборки,Бытовые моющие средства,Средства для удаления налета
5113,Дом и сад,Хозяйственные товары,Бытовой инвентарь и средства для уборки,Перчатки для уборки
6263,Дом и сад,Хозяйственные товары,Бытовой инвентарь и средства для уборки,Запасные щётки для инструментов для уборки пыли
6264,Дом и сад,Хозяйственные товары,Бытовой инвентарь и средства для уборки,Запасные щётки для швабр
6419,Дом и сад,Хозяйственные товары,Бытовой инвентарь и средства для уборки,Средства для защиты ткани и обивки
6437,Дом и сад,Хозяйственные товары,Бытовой инвентарь и средства для уборки,Вёдра
8071,Дом и сад,Хозяйственные товары,Бытовой инвентарь и средства для уборки,Технические салфетки
499767,Дом и сад,Хозяйственные товары,Бытовой инвентарь и средства для уборки,Насадки и сменные головки для скребковых щёток
499892,Дом и сад,Хозяйственные товары,Бытовой инвентарь и средства для уборки,Насадки мётел
627,Дом и сад,Хозяйственные товары,Товары для стирки
633,Дом и сад,Хозяйственные товары,Товары для стирки,Гладильные доски
634,Дом и сад,Хозяйственные товары,Товары для стирки,Корзины для белья
2677,Дом и сад,Хозяйственные товары,Товары для стирки,Сушильные вешалки для одежды
2754,Дом и сад,Хозяйственные товары,Товары для стирки,Стиральные порошки
2794,Дом и сад,Хозяйственные товары,Товары для стирки,Кондиционеры для белья и антистатики
3080,Дом и сад,Хозяйственные товары,Товары для стирки,Ролики для чистки одежды
4656,Дом и сад,Хозяйственные товары,Товары для стирки,Чехлы для гладильных досок
4657,Дом и сад,Хозяйственные товары,Товары для стирки,Пятновыводители для тканей
4982,Дом и сад,Хозяйственные товары,Товары для стирки,Отбеливатели
5084,Дом и сад,Хозяйственные товары,Товары для стирки,Шарики для стирки
5085,Дом и сад,Хозяйственные товары,Товары для стирки,Мешки и корзины для белья
5704,Дом и сад,Хозяйственные товары,Товары для стирки,Бельевые прищепки
5705,Дом и сад,Хозяйственные товары,Товары для стирки,Машинки для удаления катышков
6240,Дом и сад,Хозяйственные товары,Товары для стирки,Освежители ткани
6387,Дом и сад,Хозяйственные товары,Товары для стирки,Средства для накрахмаливания
7320,Дом и сад,Хозяйственные товары,Товары для стирки,Наборы для химчистки
7457,Дом и сад,Хозяйственные товары,Товары для стирки,Подкладки для защиты одежды от пота
7502,Дом и сад,Хозяйственные товары,Товары для стирки,Антистатики и средства для устранения складок
499931,Дом и сад,Хозяйственные товары,Товары для стирки,Запчасти для гладильных досок
499937,Дом и сад,Хозяйственные товары,Товары для стирки,Подставки для утюгов
628,Дом и сад,Хозяйственные товары,Уход за обувью
1659,Дом и сад,Хозяйственные товары,Уход за обувью,Крема и воск для обуви
1874,Дом и сад,Хозяйственные товары,Уход за обувью,Щётки для обуви
2301,Дом и сад,Хозяйственные товары,Уход за обувью,Сумки для обуви
2371,Дом и сад,Хозяйственные товары,Уход за обувью,Сушилки для обуви
2431,Дом и сад,Хозяйственные товары,Уход за обувью,Распорки для обуви
5600,Дом и сад,Хозяйственные товары,Уход за обувью,Крючки для обуви
5601,Дом и сад,Хозяйственные товары,Уход за обувью,Рожки для обуви
5604,Дом и сад,Хозяйственные товары,Уход за обувью,Средства по уходу за обувью и краски для обуви
8031,Дом и сад,Хозяйственные товары,Уход за обувью,Скребки для очистки подошв
8032,Дом и сад,Хозяйственные товары,Уход за обувью,Средства для чистки обуви
8033,Дом и сад,Хозяйственные товары,Уход за обувью,Наборы для ухода за обувью
636,Дом и сад,Хозяйственные товары,Товары для хранения
2446,Дом и сад,Хозяйственные товары,Товары для хранения,Бытовые крючки и полки
5494,Дом и сад,Хозяйственные товары,Товары для хранения,Бытовые крючки и полки,Подставки для зонтов
5707,Дом и сад,Хозяйственные товары,Товары для хранения,Бытовые крючки и полки,Крючки общего назначения
499930,Дом и сад,Хозяйственные товары,Товары для хранения,Бытовые крючки и полки,Крючки и вешалки для гладильных досок
3561,Дом и сад,Хозяйственные товары,Товары для хранения,Бытовые сумки для хранения
4360,Дом и сад,Хозяйственные товары,Товары для хранения,Товары для хранения фотографий
40,Дом и сад,Хозяйственные товары,Товары для хранения,Товары для хранения фотографий,Фотоальбомы
4237,Дом и сад,Хозяйственные товары,Товары для хранения,Товары для хранения фотографий,Коробки для хранения фотографий
5128,Дом и сад,Хозяйственные товары,Товары для хранения,Ящики для столовых приборов
5558,Дом и сад,Хозяйственные товары,Товары для хранения,Хранение одежды
631,Дом и сад,Хозяйственные товары,Товары для хранения,Хранение одежды,Вешалки
3722,Дом и сад,Хозяйственные товары,Товары для хранения,Хранение одежды,Органайзеры для зарядных устройств
5559,Дом и сад,Хозяйственные товары,Товары для хранения,Хранение одежды,Тумбы и органайзеры для обуви
5714,Дом и сад,Хозяйственные товары,Товары для хранения,Хранение одежды,Напольные вешалки
5716,Дом и сад,Хозяйственные товары,Товары для хранения,Хранение одежды,Стойки для одежды
7514,Дом и сад,Хозяйственные товары,Товары для хранения,Хранение одежды,Коробки для шляп
5631,Дом и сад,Хозяйственные товары,Товары для хранения,Бытовые контейнеры для хранения
6986,Дом и сад,Хозяйственные товары,Товары для хранения,Бытовые коробки для хранения
7255,Дом и сад,Хозяйственные товары,Товары для хранения,Бытовые выдвижные ящики для хранения
8058,Дом и сад,Хозяйственные товары,Товары для хранения,Вкладки-органайзеры для выдвижных ящиков
728,Дом и сад,Хозяйственные товары,Борьба с вредителями
2631,Дом и сад,Хозяйственные товары,Борьба с вредителями,Ловушки для грызунов
2865,Дом и сад,Хозяйственные товары,Борьба с вредителями,Репелленты
512,Дом и сад,Хозяйственные товары,Борьба с вредителями,Репелленты,Бытовые репелленты от насекомых
7137,Дом и сад,Хозяйственные товары,Борьба с вредителями,Репелленты,Репелленты для животных
2869,Дом и сад,Хозяйственные товары,Борьба с вредителями,Пестициды
4220,Дом и сад,Хозяйственные товары,Борьба с вредителями,Мухобойки
2374,Дом и сад,Хозяйственные товары,Мешки для мусора
2530,Дом и сад,Хозяйственные товары,Бытовые бумажные изделия
624,Дом и сад,Хозяйственные товары,Бытовые бумажные изделия,Салфетки для лица
629,Дом и сад,Хозяйственные товары,Бытовые бумажные изделия,Туалетная бумага
2742,Дом и сад,Хозяйственные товары,Бытовые бумажные изделия,Бумажные полотенца
3846,Дом и сад,Хозяйственные товары,Бытовые бумажные изделия,Бумажные салфетки
3307,Дом и сад,Хозяйственные товары,Основы для ковров
3355,Дом и сад,Хозяйственные товары,Бытовые термометры
4516,Дом и сад,Хозяйственные товары,Ёмкости для мусора
637,Дом и сад,Хозяйственные товары,Ёмкости для мусора,Мусорные корзины и урны
4517,Дом и сад,Хозяйственные товары,Ёмкости для мусора,Корзины для сбора отходов для переработки
5143,Дом и сад,Хозяйственные товары,Ёмкости для мусора,Контейнеры для опасных отходов
500039,Дом и сад,Хозяйственные товары,Ёмкости для мусора,Мусорные баки
5056,Дом и сад,Хозяйственные товары,Принадлежности для уплотнителей мусора
6757,Дом и сад,Хозяйственные товары,Принадлежности для утилизации отходов
4717,Дом и сад,Хозяйственные товары,Принадлежности для утилизации отходов,Крышки для мусорных контейнеров
6726,Дом и сад,Хозяйственные товары,Принадлежности для утилизации отходов,Ящики и шкафы для мусорных контейнеров
6758,Дом и сад,Хозяйственные товары,Принадлежности для утилизации отходов,Колёса для мусорных контейнеров
6765,Дом и сад,Хозяйственные товары,Принадлежности для утилизации отходов,Тележки для мусорных контейнеров
500115,Дом и сад,Хозяйственные товары,Принадлежности для утилизации отходов,Ярлыки и знаки для мусорных контейнеров
7214,Дом и сад,Хозяйственные товары,Подкладки под мебель
7351,Дом и сад,Хозяйственные товары,Подкладки для ящиков и шкафов
7406,Дом и сад,Хозяйственные товары,Поглотители влаги
8522,Дом и сад,Хозяйственные товары,Коврики для гаражей
499674,Дом и сад,Хозяйственные товары,Пленки и материалы для защиты полов
499885,Дом и сад,Хозяйственные товары,Накладки для ступеней
638,Дом и сад,Товары для кухни и столовой
649,Дом и сад,Товары для кухни и столовой,Барная посуда
650,Дом и сад,Товары для кухни и столовой,Барная посуда,Графины
651,Дом и сад,Товары для кухни и столовой,Барная посуда,Шейкеры и инструменты для барменов
3427,Дом и сад,Товары для кухни и столовой,Барная посуда,Шейкеры и инструменты для барменов,Открывалки для бутылок
4222,Дом и сад,Товары для кухни и столовой,Барная посуда,Шейкеры и инструменты для барменов,Пестики для колки льда
6956,Дом и сад,Товары для кухни и столовой,Барная посуда,Шейкеры и инструменты для барменов,Шейкеры
503757,Дом и сад,Товары для кухни и столовой,Барная посуда,Шейкеры и инструменты для барменов,Мадлеры
505327,Дом и сад,Товары для кухни и столовой,Барная посуда,Шейкеры и инструменты для барменов,Стрейнеры
1817,Дом и сад,Товары для кухни и столовой,Барная посуда,Пивные краны и диспенсеры
2363,Дом и сад,Товары для кухни и столовой,Барная посуда,Бирдекели
2976,Дом и сад,Товары для кухни и столовой,Барная посуда,Штопоры
4562,Дом и сад,Товары для кухни и столовой,Барная посуда,Пробки и затычки для бутылок
4563,Дом и сад,Товары для кухни и столовой,Барная посуда,Аэраторы для вина
6957,Дом и сад,Товары для кухни и столовой,Барная посуда,Наборы инструментов для напитков
7008,Дом и сад,Товары для кухни и столовой,Барная посуда,Подвески для бокалов
7075,Дом и сад,Товары для кухни и столовой,Барная посуда,Абсентовые фонтаны
7139,Дом и сад,Товары для кухни и столовой,Барная посуда,Резаки для фольги
7238,Дом и сад,Товары для кухни и столовой,Барная посуда,Держатели бирдекелей
7569,Дом и сад,Товары для кухни и столовой,Барная посуда,Камни для виски
8493,Дом и сад,Товары для кухни и столовой,Барная посуда,Держатели для винных бутылок
499990,Дом и сад,Товары для кухни и столовой,Барная посуда,Крышки для бутылок
505806,Дом и сад,Товары для кухни и столовой,Барная посуда,Ведерки для охлаждения напитков
668,Дом и сад,Товары для кухни и столовой,Кухонные приборы и утварь
639,Дом и сад,Товары для кухни и столовой,Кухонные приборы и утварь,Фартуки
653,Дом и сад,Товары для кухни и столовой,Кухонные приборы и утварь,Дуршлаги и сита
665,Дом и сад,Товары для кухни и столовой,Кухонные приборы и утварь,Кухонные ножи
666,Дом и сад,Товары для кухни и столовой,Кухонные приборы и утварь,Кухонные доски
670,Дом и сад,Товары для кухни и столовой,Кухонные приборы и утварь,Кухонные прихватки
733,Дом и сад,Товары для кухни и столовой,Кухонные приборы и утварь,Открывалки для банок
741,Дом и сад,Товары для кухни и столовой,Кухонные приборы и утварь,Электрические ножи
2948,Дом и сад,Товары для кухни и столовой,Кухонные приборы и утварь,Кухонные органайзеры
2344,Дом и сад,Товары для кухни и столовой,Кухонные приборы и утварь,Кухонные органайзеры,Органайзеры для специй
3061,Дом и сад,Товары для кухни и столовой,Кухонные приборы и утварь,Кухонные органайзеры,Подставки и диспенсеры бумажных полотенец
3072,Дом и сад,Товары для кухни и столовой,Кухонные приборы и утварь,Кухонные органайзеры,Салфетницы
3177,Дом и сад,Товары для кухни и столовой,Кухонные приборы и утварь,Кухонные органайзеры,Стойки для посуды
3479,Дом и сад,Товары для кухни и столовой,Кухонные приборы и утварь,Кухонные органайзеры,Стойки для питьевой посуды
3831,Дом и сад,Товары для кухни и столовой,Кухонные приборы и утварь,Кухонные органайзеры,Лотки для столовых приборов и мелкой посуды
3845,Дом и сад,Товары для кухни и столовой,Кухонные приборы и утварь,Кухонные органайзеры,Стойки для кастрюль
4322,Дом и сад,Товары для кухни и столовой,Кухонные приборы и утварь,Кухонные органайзеры,Держатели и диспенсеры для зубочисток
5059,Дом и сад,Товары для кухни и столовой,Кухонные приборы и утварь,Кухонные органайзеры,Подставки и диспенсеры соломинок
5157,Дом и сад,Товары для кухни и столовой,Кухонные приборы и утварь,Кухонные органайзеры,Подставки для ножей
6415,Дом и сад,Товары для кухни и столовой,Кухонные приборы и утварь,Кухонные органайзеры,Коробки для сахара
6480,Дом и сад,Товары для кухни и столовой,Кухонные приборы и утварь,Кухонные органайзеры,Органайзеры для банок
6487,Дом и сад,Товары для кухни и столовой,Кухонные приборы и утварь,Кухонные органайзеры,Органайзеры для кухонных шкафов
8012,Дом и сад,Товары для кухни и столовой,Кухонные приборы и утварь,Кухонные органайзеры,Держатели и стойки для кухонной утвари
3091,Дом и сад,Товары для кухни и столовой,Кухонные приборы и утварь,Кухонные термометры
3156,Дом и сад,Товары для кухни и столовой,Кухонные приборы и утварь,Терки и измельчители пищи
3175,Дом и сад,Товары для кухни и столовой,Кухонные приборы и утварь,Разливные ложки
3202,Дом и сад,Товары для кухни и столовой,Кухонные приборы и утварь,Разливные ложки,Ложки для мороженого
3258,Дом и сад,Товары для кухни и столовой,Кухонные приборы и утварь,Разливные ложки,Приспособления для нарезки шариков из дыни
3708,Дом и сад,Товары для кухни и столовой,Кухонные приборы и утварь,Разливные ложки,Лопатки для льда
502966,Дом и сад,Товары для кухни и столовой,Кухонные приборы и утварь,Разливные ложки,Совки для попкорна и картофеля фри
3196,Дом и сад,Товары для кухни и столовой,Кухонные приборы и утварь,Кухонные лопатки
3206,Дом и сад,Товары для кухни и столовой,Кухонные приборы и утварь,Ручные ломтерезки
3248,Дом и сад,Товары для кухни и столовой,Кухонные приборы и утварь,Молотки для отбивания мяса
3256,Дом и сад,Товары для кухни и столовой,Кухонные приборы и утварь,Кухонные скребки
3086,Дом и сад,Товары для кухни и столовой,Кухонные приборы и утварь,Кухонные скребки,Скребки для очистки посуды
3419,Дом и сад,Товары для кухни и столовой,Кухонные приборы и утварь,Кухонные скребки,Скребки с ручкой
3633,Дом и сад,Товары для кухни и столовой,Кухонные приборы и утварь,Кухонные скребки,Скребки для решеток для гриля
3268,Дом и сад,Товары для кухни и столовой,Кухонные приборы и утварь,Сушилки для посуды и сливные полки
3294,Дом и сад,Товары для кухни и столовой,Кухонные приборы и утварь,Картофелемялки
3347,Дом и сад,Товары для кухни и столовой,Кухонные приборы и утварь,Кухонные спринцовки
3381,Дом и сад,Товары для кухни и столовой,Кухонные приборы и утварь,Кухонные щипцы
3586,Дом и сад,Товары для кухни и столовой,Кухонные приборы и утварь,Кухонные щипцы,Щипцы для лобстеров и крабов
3685,Дом и сад,Товары для кухни и столовой,Кухонные приборы и утварь,Кухонные щипцы,Орехоколы
4214,Дом и сад,Товары для кухни и столовой,Кухонные приборы и утварь,Кухонные щипцы,Орехоколы,Декоративные орехоколы
3385,Дом и сад,Товары для кухни и столовой,Кухонные приборы и утварь,Чеснокодавилки
3421,Дом и сад,Товары для кухни и столовой,Кухонные приборы и утварь,Ножи для пиццы
3430,Дом и сад,Товары для кухни и столовой,Кухонные приборы и утварь,Кисточки для смазывания
3467,Дом и сад,Товары для кухни и столовой,Кухонные приборы и утварь,Скалки
3475,Дом и сад,Товары для кухни и столовой,Кухонные приборы и утварь,Мерные чаши и ложки
3521,Дом и сад,Товары для кухни и столовой,Кухонные приборы и утварь,Приспособления для снятия кожуры и удаления сердцевины
3597,Дом и сад,Товары для кухни и столовой,Кухонные приборы и утварь,Венчики
3620,Дом и сад,Товары для кухни и столовой,Кухонные приборы и утварь,Половники
3713,Дом и сад,Товары для кухни и столовой,Кухонные приборы и утварь,Кухонные таймеры
3723,Дом и сад,Товары для кухни и столовой,Кухонные приборы и утварь,Пищевые дозаторы
3768,Дом и сад,Товары для кухни и столовой,Кухонные приборы и утварь,Пекарские лопаты
3835,Дом и сад,Товары для кухни и столовой,Кухонные приборы и утварь,Решётки для охлаждения
3850,Дом и сад,Товары для кухни и столовой,Кухонные приборы и утварь,Формы-ножи для печений
3914,Дом и сад,Товары для кухни и столовой,Кухонные приборы и утварь,Центрифуги для обсушки салатных листьев
3999,Дом и сад,Товары для кухни и столовой,Кухонные приборы и утварь,Ступки и пестики
4005,Дом и сад,Товары для кухни и столовой,Кухонные приборы и утварь,Щипцы
4247,Дом и сад,Товары для кухни и столовой,Кухонные приборы и утварь,Прессы для банок
4332,Дом и сад,Товары для кухни и столовой,Кухонные приборы и утварь,Пекарские струнные ножи
4334,Дом и сад,Товары для кухни и столовой,Кухонные приборы и утварь,Подставки для ложек
4530,Дом и сад,Товары для кухни и столовой,Кухонные приборы и утварь,Чаши для смешивания
4559,Дом и сад,Товары для кухни и столовой,Кухонные приборы и утварь,Чайные ситечки
4630,Дом и сад,Товары для кухни и столовой,Кухонные приборы и утварь,Украшения для тортов
4705,Дом и сад,Товары для кухни и столовой,Кухонные приборы и утварь,Принадлежности для скалок
4706,Дом и сад,Товары для кухни и столовой,Кухонные приборы и утварь,Принадлежности для скалок,Чехлы и рукава для скалок
4707,Дом и сад,Товары для кухни и столовой,Кухонные приборы и утварь,Принадлежности для скалок,Кольца для скалок
4708,Дом и сад,Товары для кухни и столовой,Кухонные приборы и утварь,Ткань для выпечки
4746,Дом и сад,Товары для кухни и столовой,Кухонные приборы и утварь,Формы для льда
4762,Дом и сад,Товары для кухни и столовой,Кухонные приборы и утварь,Мельницы для пряностей
4765,Дом и сад,Товары для кухни и столовой,Кухонные приборы и утварь,Наборы кухонной утвари
4771,Дом и сад,Товары для кухни и столовой,Кухонные приборы и утварь,Мешки для выпекания
4777,Дом и сад,Товары для кухни и столовой,Кухонные приборы и утварь,Дозаторы приправ
4788,Дом и сад,Товары для кухни и столовой,Кухонные приборы и утварь,Принадлежности для мельниц для пряностей
5078,Дом и сад,Товары для кухни и столовой,Кухонные приборы и утварь,Вилки для разделки мяса
5080,Дом и сад,Товары для кухни и столовой,Кухонные приборы и утварь,Коврики и решетки для раковин
5109,Дом и сад,Товары для кухни и столовой,Кухонные приборы и утварь,Прессы для картофеля
5251,Дом и сад,Товары для кухни и столовой,Кухонные приборы и утварь,Кухонные ножницы
5370,Дом и сад,Товары для кухни и столовой,Кухонные приборы и утварь,Сита для муки
5928,Дом и сад,Товары для кухни и столовой,Кухонные приборы и утварь,Кулинарные горелки
6342,Дом и сад,Товары для кухни и столовой,Кухонные приборы и утварь,Прессы для печенья
6388,Дом и сад,Товары для кухни и столовой,Кухонные приборы и утварь,Шумовки
6408,Дом и сад,Товары для кухни и столовой,Кухонные приборы и утварь,Лопатки для тортов
6411,Дом и сад,Товары для кухни и столовой,Кухонные приборы и утварь,Принадлежности для электроножей
6412,Дом и сад,Товары для кухни и столовой,Кухонные приборы и утварь,Принадлежности для электроножей,Запасные лезвия для электроножей
6497,Дом и сад,Товары для кухни и столовой,Кухонные приборы и утварь,Миксеры и шейкеры для заправок для салатов
6522,Дом и сад,Товары для кухни и столовой,Кухонные приборы и утварь,Ножи-декораторы
6526,Дом и сад,Товары для кухни и столовой,Кухонные приборы и утварь,Диспенсеры для масла и уксуса
6554,Дом и сад,Товары для кухни и столовой,Кухонные приборы и утварь,Кулинарные шампуры и шпажки
6723,Дом и сад,Товары для кухни и столовой,Кухонные приборы и утварь,Резаки для теста
6746,Дом и сад,Товары для кухни и столовой,Кухонные приборы и утварь,Органайзеры для раковин
6749,Дом и сад,Товары для кухни и столовой,Кухонные приборы и утварь,Формы и штампы для макаронных изделий
6787,Дом и сад,Товары для кухни и столовой,Кухонные приборы и утварь,Формы для желе
6974,Дом и сад,Товары для кухни и столовой,Кухонные приборы и утварь,Диспенсеры сахара
7149,Дом и сад,Товары для кухни и столовой,Кухонные приборы и утварь,Диспенсеры напитков
7247,Дом и сад,Товары для кухни и столовой,Кухонные приборы и утварь,Коврики для суши
7329,Дом и сад,Товары для кухни и столовой,Кухонные приборы и утварь,Паровые пакеты
7331,Дом и сад,Товары для кухни и столовой,Кухонные приборы и утварь,Принадлежности для кулинарных термометров
7365,Дом и сад,Товары для кухни и столовой,Кухонные приборы и утварь,Принадлежности для ножей для пиццы
7485,Дом и сад,Товары для кухни и столовой,Кухонные приборы и утварь,Пистолеты для фарша
8006,Дом и сад,Товары для кухни и столовой,Кухонные приборы и утварь,Кулинарные формы
503005,Дом и сад,Товары для кухни и столовой,Кухонные приборы и утварь,Воронки
505316,Дом и сад,Товары для кухни и столовой,Кухонные приборы и утварь,Трафареты для украшения блюд и напитков
672,Дом и сад,Товары для кухни и столовой,Столовая посуда
652,Дом и сад,Товары для кухни и столовой,Столовая посуда,Чайники и кофейники
673,Дом и сад,Товары для кухни и столовой,Столовая посуда,Обеденная посуда
3498,Дом и сад,Товары для кухни и столовой,Столовая посуда,Обеденная посуда,Чаши
3553,Дом и сад,Товары для кухни и столовой,Столовая посуда,Обеденная посуда,Тарелки
5537,Дом и сад,Товары для кухни и столовой,Столовая посуда,Обеденная посуда,Наборы обеденной посуды
674,Дом и сад,Товары для кухни и столовой,Столовая посуда,Посуда для напитков
2169,Дом и сад,Товары для кухни и столовой,Столовая посуда,Посуда для напитков,Кружки
2694,Дом и сад,Товары для кухни и столовой,Столовая посуда,Посуда для напитков,Стопки
2712,Дом и сад,Товары для кухни и столовой,Столовая посуда,Посуда для напитков,Бокалы
2951,Дом и сад,Товары для кухни и столовой,Столовая посуда,Посуда для напитков,Стаканы
6049,Дом и сад,Товары для кухни и столовой,Столовая посуда,Посуда для напитков,Кофейные и чайные чашки
6051,Дом и сад,Товары для кухни и столовой,Столовая посуда,Посуда для напитков,Кофейные и чайные блюдца
6958,Дом и сад,Товары для кухни и столовой,Столовая посуда,Посуда для напитков,Наборы посуды для напитков
7568,Дом и сад,Товары для кухни и столовой,Столовая посуда,Посуда для напитков,Пивные кружки и стаканы
675,Дом и сад,Товары для кухни и столовой,Столовая посуда,Плоская керамическая посуда
3699,Дом и сад,Товары для кухни и столовой,Столовая посуда,Плоская керамическая посуда,Палочки для еды
3844,Дом и сад,Товары для кухни и столовой,Столовая посуда,Плоская керамическая посуда,Столовые ножи
3939,Дом и сад,Товары для кухни и столовой,Столовая посуда,Плоская керамическая посуда,Ложки
4015,Дом и сад,Товары для кухни и столовой,Столовая посуда,Плоская керамическая посуда,Вилки
5647,Дом и сад,Товары для кухни и столовой,Столовая посуда,Плоская керамическая посуда,Столовые наборы
6439,Дом и сад,Товары для кухни и столовой,Столовая посуда,Плоская керамическая посуда,Принадлежности для палочек для еды
676,Дом и сад,Товары для кухни и столовой,Столовая посуда,Солонки и перечницы
677,Дом и сад,Товары для кухни и столовой,Столовая посуда,Таганы
4026,Дом и сад,Товары для кухни и столовой,Столовая посуда,Предметы сервировки
3330,Дом и сад,Товары для кухни и столовой,Столовая посуда,Предметы сервировки,Сервировочные кувшины и графины
3373,Дом и сад,Товары для кухни и столовой,Столовая посуда,Предметы сервировки,Сахарницы и сливочники
3703,Дом и сад,Товары для кухни и столовой,Столовая посуда,Предметы сервировки,Соусники
3802,Дом и сад,Товары для кухни и столовой,Столовая посуда,Предметы сервировки,Сервировочные блюда
3941,Дом и сад,Товары для кухни и столовой,Столовая посуда,Предметы сервировки,Супницы
4009,Дом и сад,Товары для кухни и столовой,Столовая посуда,Предметы сервировки,Подносы
4372,Дом и сад,Товары для кухни и столовой,Столовая посуда,Предметы сервировки,Подставки для тортов
4735,Дом и сад,Товары для кухни и столовой,Столовая посуда,Предметы сервировки,Чаши для пунша
5135,Дом и сад,Товары для кухни и столовой,Столовая посуда,Предметы сервировки,Подносы для тортов
6086,Дом и сад,Товары для кухни и столовой,Столовая посуда,Предметы сервировки,Маслёнки
7550,Дом и сад,Товары для кухни и столовой,Столовая посуда,Предметы сервировки,Подставки для яиц
6425,Дом и сад,Товары для кухни и столовой,Столовая посуда,Принадлежности для сервировки
6426,Дом и сад,Товары для кухни и столовой,Столовая посуда,Принадлежности для сервировки,Подставки для супниц
6427,Дом и сад,Товары для кухни и столовой,Столовая посуда,Принадлежности для сервировки,Крышки для супниц
6434,Дом и сад,Товары для кухни и столовой,Столовая посуда,Принадлежности для сервировки,Подставки для чаш с пуншем
6740,Дом и сад,Товары для кухни и столовой,Столовая посуда,Кофейные и чайные наборы
8046,Дом и сад,Товары для кухни и столовой,Столовая посуда,Прищепки и грузы для скатертей
730,Дом и сад,Товары для кухни и столовой,Кухонная техника
610,Дом и сад,Товары для кухни и столовой,Кухонная техника,Измельчители мусора
679,Дом и сад,Товары для кухни и столовой,Кухонная техника,Варочные панели
680,Дом и сад,Товары для кухни и столовой,Кухонная техника,Посудомоечные машины
681,Дом и сад,Товары для кухни и столовой,Кухонная техника,Морозильные камеры
683,Дом и сад,Товары для кухни и столовой,Кухонная техника,Печи
684,Дом и сад,Товары для кухни и столовой,Кухонная техника,Вытяжки
685,Дом и сад,Товары для кухни и столовой,Кухонная техника,Кухонные плиты
686,Дом и сад,Товары для кухни и столовой,Кухонная техника,Холодильники
687,Дом и сад,Товары для кухни и столовой,Кухонная техника,Коптильни
688,Дом и сад,Товары для кухни и столовой,Кухонная техника,Прессы для мусора
732,Дом и сад,Товары для кухни и столовой,Кухонная техника,Хлебопечки
736,Дом и сад,Товары для кухни и столовой,Кухонная техника,Кофеварки и эспрессо-машины
1388,Дом и сад,Товары для кухни и столовой,Кухонная техника,Кофеварки и эспрессо-машины,Капельные кофемашины
1557,Дом и сад,Товары для кухни и столовой,Кухонная техника,Кофеварки и эспрессо-машины,Френч-прессы
1647,Дом и сад,Товары для кухни и столовой,Кухонная техника,Кофеварки и эспрессо-машины,Электрические и ручные кофеварки эспрессо
2247,Дом и сад,Товары для кухни и столовой,Кухонная техника,Кофеварки и эспрессо-машины,Кофейники с ситечком
2422,Дом и сад,Товары для кухни и столовой,Кухонная техника,Кофеварки и эспрессо-машины,Эспрессо-машины
5286,Дом и сад,Товары для кухни и столовой,Кухонная техника,Кофеварки и эспрессо-машины,Вакуумные кофеварки
738,Дом и сад,Товары для кухни и столовой,Кухонная техника,Фритюрницы
743,Дом и сад,Товары для кухни и столовой,Кухонная техника,Сушки для пищевых продуктов
744,Дом и сад,Товары для кухни и столовой,Кухонная техника,Измельчители пищевых продуктов
747,Дом и сад,Товары для кухни и столовой,Кухонная техника,Электроплитки
748,Дом и сад,Товары для кухни и столовой,Кухонная техника,Мороженицы
749,Дом и сад,Товары для кухни и столовой,Кухонная техника,Молотки и шейверы для льда
750,Дом и сад,Товары для кухни и столовой,Кухонная техника,Соковыжималки
751,Дом и сад,Товары для кухни и столовой,Кухонная техника,Электрические чайники
752,Дом и сад,Товары для кухни и столовой,Кухонная техника,Ножеточки
753,Дом и сад,Товары для кухни и столовой,Кухонная техника,Микроволновые печи
755,Дом и сад,Товары для кухни и столовой,Кухонная техника,Лапшерезки
756,Дом и сад,Товары для кухни и столовой,Кухонная техника,Машины для приготовления попкорна
763,Дом и сад,Товары для кухни и столовой,Кухонная техника,Вакуумные упаковщики
765,Дом и сад,Товары для кухни и столовой,Кухонная техника,Фильтры для воды
766,Дом и сад,Товары для кухни и столовой,Кухонная техника,Йогуртницы
1015,Дом и сад,Товары для кухни и столовой,Кухонная техника,Походные плитки
2985,Дом и сад,Товары для кухни и столовой,Кухонная техника,Уличные грили
3181,Дом и сад,Товары для кухни и столовой,Кухонная техника,Ломтерезки для мяса
3293,Дом и сад,Товары для кухни и столовой,Кухонная техника,Кулеры для воды
3319,Дом и сад,Товары для кухни и столовой,Кухонная техника,Машины для изготовления сахарной ваты
3526,Дом и сад,Товары для кухни и столовой,Кухонная техника,Устройства для взбивания и подогревания молока
4161,Дом и сад,Товары для кухни и столовой,Кухонная техника,Льдогенераторы
4421,Дом и сад,Товары для кухни и столовой,Кухонная техника,Электрические сковородки и воки
4482,Дом и сад,Товары для кухни и столовой,Кухонная техника,Машины для выпекания рисовых кексов
4495,Дом и сад,Товары для кухни и столовой,Кухонная техника,Ростеры и грили
4528,Дом и сад,Товары для кухни и столовой,Кухонная техника,Чаеварки
4532,Дом и сад,Товары для кухни и столовой,Кухонная техника,Устройства для приготовления пищи и пароварки
737,Дом и сад,Товары для кухни и столовой,Кухонная техника,Устройства для приготовления пищи и пароварки,Медленноварки
739,Дом и сад,Товары для кухни и столовой,Кухонная техника,Устройства для приготовления пищи и пароварки,Яйцеварки
757,Дом и сад,Товары для кухни и столовой,Кухонная техника,Устройства для приготовления пищи и пароварки,Рисоварки
760,Дом и сад,Товары для кухни и столовой,Кухонная техника,Устройства для приготовления пищи и пароварки,Пароварки
6279,Дом и сад,Товары для кухни и столовой,Кухонная техника,Устройства для приготовления пищи и пароварки,Сувид-печи
6523,Дом и сад,Товары для кухни и столовой,Кухонная техника,Устройства для приготовления пищи и пароварки,Вакуумные кастрюли
4539,Дом и сад,Товары для кухни и столовой,Кухонная техника,Винные холодильники
4720,Дом и сад,Товары для кухни и столовой,Кухонная техника,Наборы для фондю
5057,Дом и сад,Товары для кухни и столовой,Кухонная техника,Устройства для приготовления соевого молока
5090,Дом и сад,Товары для кухни и столовой,Кухонная техника,Темперирующие машины для шоколада
5103,Дом и сад,Товары для кухни и столовой,Кухонная техника,Мармиты
4292,Дом и сад,Товары для кухни и столовой,Кухонная техника,Мармиты,Столы с паровым подогревом
5349,Дом и сад,Товары для кухни и столовой,Кухонная техника,Мармиты,Лампы для подогревания пищи
6548,Дом и сад,Товары для кухни и столовой,Кухонная техника,Мармиты,Кастрюли с подогревом
504633,Дом и сад,Товары для кухни и столовой,Кухонная техника,Мармиты,Кадки для риса
5156,Дом и сад,Товары для кухни и столовой,Кухонная техника,Аппараты для приготовления замороженных десертов
5287,Дом и сад,Товары для кухни и столовой,Кухонная техника,Подогреватели для напитков
5289,Дом и сад,Товары для кухни и столовой,Кухонная техника,Тостеры и грили
759,Дом и сад,Товары для кухни и столовой,Кухонная техника,Тостеры и грили,Бутербродницы
761,Дом и сад,Товары для кухни и столовой,Кухонная техника,Тостеры и грили,Печи-тостеры
762,Дом и сад,Товары для кухни и столовой,Кухонная техника,Тостеры и грили,Тостеры
764,Дом и сад,Товары для кухни и столовой,Кухонная техника,Тостеры и грили,Вафельницы
5291,Дом и сад,Товары для кухни и столовой,Кухонная техника,Тостеры и грили,Сковороды для приготовления итальянских вафель
5292,Дом и сад,Товары для кухни и столовой,Кухонная техника,Тостеры и грили,Сковороды для приготовления тортилий и кесадилий
5318,Дом и сад,Товары для кухни и столовой,Кухонная техника,Тостеры и грили,Устройства для выпекания кексов и маффинов
6278,Дом и сад,Товары для кухни и столовой,Кухонная техника,Тостеры и грили,Печки и печи для пиццы
6516,Дом и сад,Товары для кухни и столовой,Кухонная техника,Тостеры и грили,Печки для кренделей
6819,Дом и сад,Товары для кухни и столовой,Кухонная техника,Тостеры и грили,Печки для пончиков
5577,Дом и сад,Товары для кухни и столовой,Кухонная техника,Сатураторы
6524,Дом и сад,Товары для кухни и столовой,Кухонная техника,Газовые противни
6543,Дом и сад,Товары для кухни и столовой,Кухонная техника,Оборудование для приготовления горячих напитков
7165,Дом и сад,Товары для кухни и столовой,Кухонная техника,Электрические противни и грили
505666,Дом и сад,Товары для кухни и столовой,Кухонная техника,Миксеры и блендеры
2626,Дом и сад,Товары для кухни и столовой,Хранение продуктов
667,Дом и сад,Товары для кухни и столовой,Хранение продуктов,Контейнеры для хранения продуктов
2644,Дом и сад,Товары для кухни и столовой,Хранение продуктов,Банки для печенья
3110,Дом и сад,Товары для кухни и столовой,Хранение продуктов,Пищевая обертка
1496,Дом и сад,Товары для кухни и столовой,Хранение продуктов,Пищевая обертка,Фольга
3750,Дом и сад,Товары для кухни и столовой,Хранение продуктов,Пищевая обертка,Пищевая пленка
3956,Дом и сад,Товары для кухни и столовой,Хранение продуктов,Пищевая обертка,Вощёная бумага
5642,Дом и сад,Товары для кухни и столовой,Хранение продуктов,Пищевая обертка,Пергаментная бумага
3337,Дом и сад,Товары для кухни и столовой,Хранение продуктов,Хлебницы и хлебные пакеты
3591,Дом и сад,Товары для кухни и столовой,Хранение продуктов,Пакеты для пищевых продуктов
5134,Дом и сад,Товары для кухни и столовой,Хранение продуктов,Банки для мёда
6481,Дом и сад,Товары для кухни и столовой,Хранение продуктов,Крышки контейнеров для хранения продуктов
6534,Дом и сад,Товары для кухни и столовой,Хранение продуктов,Корзины для конфет
2901,Дом и сад,Товары для кухни и столовой,Принадлежности для кухонного оборудования
1334,Дом и сад,Товары для кухни и столовой,Принадлежности для кухонного оборудования,Принадлежности для микроволновых печей
2540,Дом и сад,Товары для кухни и столовой,Принадлежности для кухонного оборудования,Принадлежности для лапшерезок
3443,Дом и сад,Товары для кухни и столовой,Принадлежности для кухонного оборудования,Детали и принадлежности для посудомоечных машин
3489,Дом и сад,Товары для кухни и столовой,Принадлежности для кухонного оборудования,Принадлежности для хлебопечек
3523,Дом и сад,Товары для кухни и столовой,Принадлежности для кухонного оборудования,Принадлежности для вакуумной упаковки
3124,Дом и сад,Товары для кухни и столовой,Принадлежности для кухонного оборудования,Принадлежности для вакуумной упаковки,Вакуумная упаковка
3684,Дом и сад,Товары для кухни и столовой,Принадлежности для кухонного оборудования,Принадлежности для уличного гриля
3382,Дом и сад,Товары для кухни и столовой,Принадлежности для кухонного оборудования,Принадлежности для уличного гриля,Решётки для уличных грилей
3855,Дом и сад,Товары для кухни и столовой,Принадлежности для кухонного оборудования,Принадлежности для уличного гриля,Крышки для уличных грилей
4560,Дом и сад,Товары для кухни и столовой,Принадлежности для кухонного оборудования,Принадлежности для уличного гриля,Вертела и корзины для уличного гриля
5670,Дом и сад,Товары для кухни и столовой,Принадлежности для кухонного оборудования,Принадлежности для уличного гриля,Тележки для гриля
5671,Дом и сад,Товары для кухни и столовой,Принадлежности для кухонного оборудования,Принадлежности для уличного гриля,Опилки и гранулы для копчения
5672,Дом и сад,Товары для кухни и столовой,Принадлежности для кухонного оборудования,Принадлежности для уличного гриля,Доски для гриля
5694,Дом и сад,Товары для кухни и столовой,Принадлежности для кухонного оборудования,Принадлежности для уличного гриля,Брикеты древесного угля
7540,Дом и сад,Товары для кухни и столовой,Принадлежности для кухонного оборудования,Принадлежности для уличного гриля,Трубы для печек на древесном угле
505667,Дом и сад,Товары для кухни и столовой,Принадлежности для кухонного оборудования,Принадлежности для уличного гриля,Запасные детали для уличного гриля
3848,Дом и сад,Товары для кухни и столовой,Принадлежности для кухонного оборудования,Принадлежности для холодильников
3954,Дом и сад,Товары для кухни и столовой,Принадлежности для кухонного оборудования,Принадлежности для фритюрниц
3988,Дом и сад,Товары для кухни и столовой,Принадлежности для кухонного оборудования,Принадлежности для кофеварок и эспрессо-машин
734,Дом и сад,Товары для кухни и столовой,Принадлежности для кухонного оборудования,Принадлежности для кофеварок и эспрессо-машин,Кофемолки
3239,Дом и сад,Товары для кухни и столовой,Принадлежности для кухонного оборудования,Принадлежности для кофеварок и эспрессо-машин,Кофейники
3450,Дом и сад,Товары для кухни и столовой,Принадлежности для кухонного оборудования,Принадлежности для кофеварок и эспрессо-машин,Фильтры для кофе
3838,Дом и сад,Товары для кухни и столовой,Принадлежности для кухонного оборудования,Принадлежности для кофеварок и эспрессо-машин,Портафильтры
4500,Дом и сад,Товары для кухни и столовой,Принадлежности для кухонного оборудования,Принадлежности для кофеварок и эспрессо-машин,Корзинки-фильтры для кофе
4786,Дом и сад,Товары для кухни и столовой,Принадлежности для кухонного оборудования,Принадлежности для кофеварок и эспрессо-машин,Принадлежности для кофемолок
5065,Дом и сад,Товары для кухни и столовой,Принадлежности для кухонного оборудования,Принадлежности для кофеварок и эспрессо-машин,Фильтры для воды для кофеварок
5066,Дом и сад,Товары для кухни и столовой,Принадлежности для кухонного оборудования,Принадлежности для кофеварок и эспрессо-машин,Кувшины для латте
6888,Дом и сад,Товары для кухни и столовой,Принадлежности для кухонного оборудования,Принадлежности для кофеварок и эспрессо-машин,Подогреватели для кофейников
503736,Дом и сад,Товары для кухни и столовой,Принадлежности для кухонного оборудования,Принадлежности для кофеварок и эспрессо-машин,Детали для кофеварок и автоматов эспрессо
4519,Дом и сад,Товары для кухни и столовой,Принадлежности для кухонного оборудования,Принадлежности для соковыжималок
4653,Дом и сад,Товары для кухни и столовой,Принадлежности для кухонного оборудования,Принадлежности для установок для сушки продуктов
4654,Дом и сад,Товары для кухни и столовой,Принадлежности для кухонного оборудования,Принадлежности для установок для сушки продуктов,Поддоны для установок для сушки продуктов
4655,Дом и сад,Товары для кухни и столовой,Принадлежности для кухонного оборудования,Принадлежности для установок для сушки продуктов,Листы для установок для сушки продуктов
4674,Дом и сад,Товары для кухни и столовой,Принадлежности для кухонного оборудования,Принадлежности для морожениц
4675,Дом и сад,Товары для кухни и столовой,Принадлежности для кухонного оборудования,Принадлежности для морожениц,Ёмкости для замораживания для морожениц
4763,Дом и сад,Товары для кухни и столовой,Принадлежности для кухонного оборудования,Принадлежности для измельчителей пищевых продуктов
5042,Дом и сад,Товары для кухни и столовой,Принадлежности для кухонного оборудования,Принадлежности для молотков и шейверов для льда
5075,Дом и сад,Товары для кухни и столовой,Принадлежности для кухонного оборудования,Принадлежности для автоматов для приготовления попкорна
5076,Дом и сад,Товары для кухни и столовой,Принадлежности для кухонного оборудования,Принадлежности для автоматов для приготовления сладкой ваты
5570,Дом и сад,Товары для кухни и столовой,Принадлежности для кухонного оборудования,Принадлежности для йогуртниц
6747,Дом и сад,Товары для кухни и столовой,Принадлежности для кухонного оборудования,Принадлежности для утилизаторов отходов
6944,Дом и сад,Товары для кухни и столовой,Принадлежности для кухонного оборудования,Принадлежности для наборов для фондю
6945,Дом и сад,Товары для кухни и столовой,Принадлежности для кухонного оборудования,Принадлежности для наборов для фондю,Вилки для фондю
6946,Дом и сад,Товары для кухни и столовой,Принадлежности для кухонного оборудования,Принадлежности для наборов для фондю,Подставки для горшков для фондю
503725,Дом и сад,Товары для кухни и столовой,Принадлежности для кухонного оборудования,Принадлежности для наборов для фондю,Горючие гели для фондю
7006,Дом и сад,Товары для кухни и столовой,Принадлежности для кухонного оборудования,Принадлежности для портативных плит
7118,Дом и сад,Товары для кухни и столовой,Принадлежности для кухонного оборудования,Принадлежности для кулеров для воды
7119,Дом и сад,Товары для кухни и столовой,Принадлежности для кухонного оборудования,Принадлежности для кулеров для воды,Бутыли для кулеров для воды
7187,Дом и сад,Товары для кухни и столовой,Принадлежности для кухонного оборудования,Принадлежности для льдогенераторов
7355,Дом и сад,Товары для кухни и столовой,Принадлежности для кухонного оборудования,Принадлежности для электрических кастрюль и воков
7444,Дом и сад,Товары для кухни и столовой,Принадлежности для кухонного оборудования,Принадлежности для тостеров
7570,Дом и сад,Товары для кухни и столовой,Принадлежности для кухонного оборудования,Принадлежности для морозильников
8051,Дом и сад,Товары для кухни и столовой,Принадлежности для кухонного оборудования,Принадлежности для мармитов
8052,Дом и сад,Товары для кухни и столовой,Принадлежности для кухонного оборудования,Принадлежности для мармитов,Крышки для сковород мармитов
8053,Дом и сад,Товары для кухни и столовой,Принадлежности для кухонного оборудования,Принадлежности для мармитов,Сковороды для мармитов
8087,Дом и сад,Товары для кухни и столовой,Принадлежности для кухонного оборудования,Принадлежности для вытяжных зонтов
8106,Дом и сад,Товары для кухни и столовой,Принадлежности для кухонного оборудования,Принадлежности для холодильников для вина
499996,Дом и сад,Товары для кухни и столовой,Принадлежности для кухонного оборудования,Принадлежности для вафельниц
500004,Дом и сад,Товары для кухни и столовой,Принадлежности для кухонного оборудования,"Принадлежности для плит, варочных поверхностей и духовок"
500066,Дом и сад,Товары для кухни и столовой,Принадлежности для кухонного оборудования,Принадлежности для электрических чайников
502989,Дом и сад,Товары для кухни и столовой,Принадлежности для кухонного оборудования,Принадлежности для аппаратов по приготовлению газированных напитков
505765,Дом и сад,Товары для кухни и столовой,Принадлежности для кухонного оборудования,Принадлежности для миксеров и блендеров
2920,Дом и сад,Товары для кухни и столовой,Ёмкости для еды и напитков
669,Дом и сад,Товары для кухни и столовой,Ёмкости для еды и напитков,Сумки и коробки для завтрака
671,Дом и сад,Товары для кухни и столовой,Ёмкости для еды и напитков,Корзины для пикника
1017,Дом и сад,Товары для кухни и столовой,Ёмкости для еды и напитков,Охладители
1444,Дом и сад,Товары для кухни и столовой,Ёмкости для еды и напитков,Фляги
2507,Дом и сад,Товары для кухни и столовой,Ёмкости для еды и напитков,Сумки с теплоизоляцией
3435,Дом и сад,Товары для кухни и столовой,Ёмкости для еды и напитков,Фляги для пищи
3800,Дом и сад,Товары для кухни и столовой,Ёмкости для еды и напитков,Термосы
3809,Дом и сад,Товары для кухни и столовой,Ёмкости для еды и напитков,Бутылки для воды
4520,Дом и сад,Товары для кухни и столовой,Ёмкости для еды и напитков,Чехлы для напитков
4521,Дом и сад,Товары для кухни и столовой,Ёмкости для еды и напитков,Чехлы для напитков,Чехлы для бутылок и жестяных банок
4522,Дом и сад,Товары для кухни и столовой,Ёмкости для еды и напитков,Чехлы для напитков,Чехлы для чашек
4722,Дом и сад,Товары для кухни и столовой,Ёмкости для еды и напитков,Термопоты
5060,Дом и сад,Товары для кухни и столовой,Ёмкости для еды и напитков,Многоразовые крышки для емкостей с напитками
6449,Дом и сад,Товары для кухни и столовой,Ёмкости для еды и напитков,Сумки для переноски винных бутылок
6070,Дом и сад,Товары для кухни и столовой,Кухонная посуда и жаростойкие формы
640,Дом и сад,Товары для кухни и столовой,Кухонная посуда и жаростойкие формы,Жаропрочная посуда
641,Дом и сад,Товары для кухни и столовой,Кухонная посуда и жаростойкие формы,Жаропрочная посуда,Противни для выпечки
642,Дом и сад,Товары для кухни и столовой,Кухонная посуда и жаростойкие формы,Жаропрочная посуда,Формы и противни для выпечки хлеба
643,Дом и сад,Товары для кухни и столовой,Кухонная посуда и жаростойкие формы,Жаропрочная посуда,Формы для тортов
644,Дом и сад,Товары для кухни и столовой,Кухонная посуда и жаростойкие формы,Жаропрочная посуда,Формы для кексов и маффинов
645,Дом и сад,Товары для кухни и столовой,Кухонная посуда и жаростойкие формы,Жаропрочная посуда,Формы для открытых пирогов
646,Дом и сад,Товары для кухни и столовой,Кухонная посуда и жаростойкие формы,Жаропрочная посуда,Камни для выпечки пиццы
647,Дом и сад,Товары для кухни и столовой,Кухонная посуда и жаростойкие формы,Жаропрочная посуда,Формы для суфле и порционных закусок
648,Дом и сад,Товары для кухни и столовой,Кухонная посуда и жаростойкие формы,Жаропрочная посуда,Формы для запекания
2843,Дом и сад,Товары для кухни и столовой,Кухонная посуда и жаростойкие формы,Жаропрочная посуда,Формы для пиццы
4764,Дом и сад,Товары для кухни и столовой,Кухонная посуда и жаростойкие формы,Жаропрочная посуда,Наборы жаропрочной посуды
6756,Дом и сад,Товары для кухни и столовой,Кухонная посуда и жаростойкие формы,Жаропрочная посуда,Противни для жарки
654,Дом и сад,Товары для кухни и столовой,Кухонная посуда и жаростойкие формы,Кухонная посуда
655,Дом и сад,Товары для кухни и столовой,Кухонная посуда и жаростойкие формы,Кухонная посуда,Блюда для запекания
656,Дом и сад,Товары для кухни и столовой,Кухонная посуда и жаростойкие формы,Кухонная посуда,Двухкамерные пароварки
657,Дом и сад,Товары для кухни и столовой,Кухонная посуда и жаростойкие формы,Кухонная посуда,Жаровни
658,Дом и сад,Товары для кухни и столовой,Кухонная посуда и жаростойкие формы,Кухонная посуда,Сковороды-гриль
659,Дом и сад,Товары для кухни и столовой,Кухонная посуда и жаростойкие формы,Кухонная посуда,Чайники
660,Дом и сад,Товары для кухни и столовой,Кухонная посуда и жаростойкие формы,Кухонная посуда,Скороварки
661,Дом и сад,Товары для кухни и столовой,Кухонная посуда и жаростойкие формы,Кухонная посуда,Кастрюли
662,Дом и сад,Товары для кухни и столовой,Кухонная посуда и жаростойкие формы,Кухонная посуда,Сковороды
663,Дом и сад,Товары для кухни и столовой,Кухонная посуда и жаростойкие формы,Кухонная посуда,Кастрюльки для мясного бульона
664,Дом и сад,Товары для кухни и столовой,Кухонная посуда и жаростойкие формы,Кухонная посуда,Сковороды-вок
4423,Дом и сад,Товары для кухни и столовой,Кухонная посуда и жаростойкие формы,Кухонная посуда,Сотейники
4459,Дом и сад,Товары для кухни и столовой,Кухонная посуда и жаростойкие формы,Кухонная посуда,Сковороды для паэльи
4721,Дом и сад,Товары для кухни и столовой,Кухонная посуда и жаростойкие формы,Кухонная посуда,Наборы кухонной посуды
5110,Дом и сад,Товары для кухни и столовой,Кухонная посуда и жаростойкие формы,Кухонная посуда,Пресс-грили
5340,Дом и сад,Товары для кухни и столовой,Кухонная посуда и жаростойкие формы,Кухонная посуда,Таджины
6518,Дом и сад,Товары для кухни и столовой,Кухонная посуда и жаростойкие формы,Кухонная посуда,Посуда для соления и ферментации
6838,Дом и сад,Товары для кухни и столовой,Кухонная посуда и жаростойкие формы,Кухонная посуда,Сковороды для блинов
4424,Дом и сад,Товары для кухни и столовой,Кухонная посуда и жаростойкие формы,Принадлежности для кухонной посуды
4427,Дом и сад,Товары для кухни и столовой,Кухонная посуда и жаростойкие формы,Принадлежности для кухонной посуды,Принадлежности для сковород-вок
4662,Дом и сад,Товары для кухни и столовой,Кухонная посуда и жаростойкие формы,Принадлежности для кухонной посуды,Принадлежности для сковород-вок,Подставки для сковород-вок
4663,Дом и сад,Товары для кухни и столовой,Кухонная посуда и жаростойкие формы,Принадлежности для кухонной посуды,Принадлежности для сковород-вок,Кисточки для сковород-вок
4501,Дом и сад,Товары для кухни и столовой,Кухонная посуда и жаростойкие формы,Принадлежности для кухонной посуды,Принадлежности для скороварок
4529,Дом и сад,Товары для кухни и столовой,Кухонная посуда и жаростойкие формы,Принадлежности для кухонной посуды,Решётки для пароварок
4660,Дом и сад,Товары для кухни и столовой,Кухонная посуда и жаростойкие формы,Принадлежности для кухонной посуды,Крышки для сковород и кастрюль
4661,Дом и сад,Товары для кухни и столовой,Кухонная посуда и жаростойкие формы,Принадлежности для кухонной посуды,Ручки для сковород и кастрюль
4502,Дом и сад,Товары для кухни и столовой,Кухонная посуда и жаростойкие формы,Принадлежности для жаропрочной посуды
4503,Дом и сад,Товары для кухни и столовой,Кухонная посуда и жаростойкие формы,Принадлежности для жаропрочной посуды,Подставки и бумажные формы для выпечки
4726,Дом и сад,Товары для кухни и столовой,Кухонная посуда и жаростойкие формы,Принадлежности для жаропрочной посуды,Рёшетки и формы для запекания
7131,Дом и сад,Товары для кухни и столовой,Кухонная посуда и жаростойкие формы,Принадлежности для жаропрочной посуды,Грузы для выпечки
6071,Дом и сад,Товары для кухни и столовой,Кухонная посуда и жаростойкие формы,Наборы кухонной посуды и жаростойких форм
6478,Дом и сад,Товары для кухни и столовой,Принадлежности для хранения пищевых продуктов
5837,Дом и сад,Товары для кухни и столовой,Принадлежности для хранения пищевых продуктов,Клипсы и зажимы для пакетов
6479,Дом и сад,Товары для кухни и столовой,Принадлежности для хранения пищевых продуктов,Поглотители кислорода
8039,Дом и сад,Товары для кухни и столовой,Принадлежности для хранения пищевых продуктов,Диспенсеры пищевой пленки
499924,Дом и сад,Товары для кухни и столовой,Принадлежности для хранения пищевых продуктов,Кухонные этикетки
8161,Дом и сад,Товары для кухни и столовой,Сборные кухни и мини-кухни
689,Дом и сад,Товары для газонов и садовых участков
2918,Дом и сад,Товары для газонов и садовых участков,Товары для садового участка
717,Дом и сад,Товары для газонов и садовых участков,Товары для садового участка,Гамаки
718,Дом и сад,Товары для газонов и садовых участков,Товары для садового участка,Садовые качели
719,Дом и сад,Товары для газонов и садовых участков,Товары для садового участка,Уличные зонты и шатры
2613,Дом и сад,Товары для газонов и садовых участков,Товары для садового участка,Садовые конструкции
700,Дом и сад,Товары для газонов и садовых участков,Товары для садового участка,Садовые конструкции,Садовые мостики
703,Дом и сад,Товары для газонов и садовых участков,Товары для садового участка,Садовые конструкции,"Садовые арки, шпалеры, решётки и перголы"
716,Дом и сад,Товары для газонов и садовых участков,Товары для садового участка,Садовые конструкции,Навесы и беседки
720,Дом и сад,Товары для газонов и садовых участков,Товары для садового участка,Садовые конструкции,"Сараи, гаражи и навесы для автомобилей"
6105,Дом и сад,Товары для газонов и садовых участков,Товары для садового участка,Садовые конструкции,Принадлежности для навесов и беседок
6106,Дом и сад,Товары для газонов и садовых участков,Товары для садового участка,Садовые конструкции,Принадлежности для навесов и беседок,Каркасы для навесов и беседок
6107,Дом и сад,Товары для газонов и садовых участков,Товары для садового участка,Садовые конструкции,Принадлежности для навесов и беседок,Наборы перегородок для навесов и беседок
6108,Дом и сад,Товары для газонов и садовых участков,Товары для садового участка,Садовые конструкции,Принадлежности для навесов и беседок,Крыши для навесов и беседок
7423,Дом и сад,Товары для газонов и садовых участков,Товары для садового участка,Садовые конструкции,Принадлежности для навесов и беседок,Стойки для навесов
7424,Дом и сад,Товары для газонов и садовых участков,Товары для садового участка,Садовые конструкции,Принадлежности для навесов и беседок,Грузы для навесов
5910,Дом и сад,Товары для газонов и садовых участков,Товары для садового участка,Уличные одеяла
5911,Дом и сад,Товары для газонов и садовых участков,Товары для садового участка,Уличные одеяла,Пляжные коврики
5912,Дом и сад,Товары для газонов и садовых участков,Товары для садового участка,Уличные одеяла,Спальный мешок –пончо
5913,Дом и сад,Товары для газонов и садовых участков,Товары для садового участка,Уличные одеяла,Одеяла для пикников
6737,Дом и сад,Товары для газонов и садовых участков,Товары для садового участка,Детали и принадлежности для гамаков
6751,Дом и сад,Товары для газонов и садовых участков,Товары для садового участка,Принадлежности для садовых зонтов и тентов
5493,Дом и сад,Товары для газонов и садовых участков,Товары для садового участка,Принадлежности для садовых зонтов и тентов,Подставки для садовых зонтов
7107,Дом и сад,Товары для газонов и садовых участков,Товары для садового участка,Принадлежности для садовых зонтов и тентов,Чехлы для уличных зонтов
7108,Дом и сад,Товары для газонов и садовых участков,Товары для садового участка,Принадлежности для садовых зонтов и тентов,Ткань для спдовых зонтов и шатров
8020,Дом и сад,Товары для газонов и садовых участков,Товары для садового участка,Принадлежности для садовых зонтов и тентов,Светильники для уличных зонтов
499948,Дом и сад,Товары для газонов и садовых участков,Товары для садового участка,Принадлежности для садовых зонтов и тентов,Москитные сетки для зонтов
499907,Дом и сад,Товары для газонов и садовых участков,Товары для садового участка,Дверные и оконные навесы
499908,Дом и сад,Товары для газонов и садовых участков,Товары для садового участка,Приадлежности для дверных и оконных навесов
499955,Дом и сад,Товары для газонов и садовых участков,Товары для садового участка,Принадлежности для садовых качелей
2962,Дом и сад,Товары для газонов и садовых участков,Товары для садоводства
113,Дом и сад,Товары для газонов и садовых участков,Товары для садоводства,Удобрения
691,Дом и сад,Товары для газонов и садовых участков,Товары для садоводства,Средства для борьбы с заболеваниями
693,Дом и сад,Товары для газонов и садовых участков,Товары для садоводства,Теплицы
721,Дом и сад,Товары для газонов и садовых участков,Товары для садоводства,Горшки и кадки
1794,Дом и сад,Товары для газонов и садовых участков,Товары для садоводства,Песок и почва
543677,Дом и сад,Товары для газонов и садовых участков,Товары для садоводства,Песок и почва,Песок
543678,Дом и сад,Товары для газонов и садовых участков,Товары для садоводства,Песок и почва,Грунт для рассады
2988,Дом и сад,Товары для газонов и садовых участков,Товары для садоводства,Перегной
3103,Дом и сад,Товары для газонов и садовых участков,Товары для садоводства,Гербициды
3173,Дом и сад,Товары для газонов и садовых участков,Товары для садоводства,Садовые инструменты
1967,Дом и сад,Товары для газонов и садовых участков,Товары для садоводства,Садовые инструменты,Газонные и садовые распылители
2147,Дом и сад,Товары для газонов и садовых участков,Товары для садоводства,Садовые инструменты,Совки и лопаты
3071,Дом и сад,Товары для газонов и садовых участков,Товары для садоводства,Садовые инструменты,Вилы
3388,Дом и сад,Товары для газонов и садовых участков,Товары для садоводства,Садовые инструменты,Грабли
3616,Дом и сад,Товары для газонов и садовых участков,Товары для садоводства,Садовые инструменты,Тачки
3644,Дом и сад,Товары для газонов и садовых участков,Товары для садоводства,Садовые инструменты,Огородные лопатки
3828,Дом и сад,Товары для газонов и садовых участков,Товары для садоводства,Садовые инструменты,Разбрасыватели
3841,Дом и сад,Товары для газонов и садовых участков,Товары для садоводства,Садовые инструменты,Секаторы
4000,Дом и сад,Товары для газонов и садовых участков,Товары для садоводства,Садовые инструменты,Культиваторы
6967,Дом и сад,Товары для газонов и садовых участков,Товары для садоводства,Садовые инструменты,Пилы для обрезки сучьев
7537,Дом и сад,Товары для газонов и садовых участков,Товары для садоводства,Садовые инструменты,Инструменты для посадки луковиц
499922,Дом и сад,Товары для газонов и садовых участков,Товары для садоводства,Садовые инструменты,Газонные катки
505292,Дом и сад,Товары для газонов и садовых участков,Товары для садоводства,Садовые инструменты,Садовые серпы и мачете
4085,Дом и сад,Товары для газонов и садовых участков,Товары для садоводства,Товары для приготовления компоста
690,Дом и сад,Товары для газонов и садовых участков,Товары для садоводства,Товары для приготовления компоста,Компост
6436,Дом и сад,Товары для газонов и садовых участков,Товары для садоводства,Товары для приготовления компоста,Машины для приготовления компоста
6840,Дом и сад,Товары для газонов и садовых участков,Товары для садоводства,Товары для приготовления компоста,Аэраторы для компоста
5632,Дом и сад,Товары для газонов и садовых участков,Товары для садоводства,Принадлежности для садоводства
5633,Дом и сад,Товары для газонов и садовых участков,Товары для садоводства,Принадлежности для садоводства,Садовые сумки
7184,Дом и сад,Товары для газонов и садовых участков,Товары для садоводства,Принадлежности для садоводства,Скамейки для горшков
503756,Дом и сад,Товары для газонов и садовых участков,Товары для садоводства,Принадлежности для садоводства,"Садовые тележки, скамейки и подставки под колени"
6381,Дом и сад,Товары для газонов и садовых участков,Товары для садоводства,Геотекстиль
6413,Дом и сад,Товары для газонов и садовых участков,Товары для садоводства,Принадлежности для геотекстиля
6421,Дом и сад,Товары для газонов и садовых участков,Товары для садоводства,Принадлежности для геотекстиля,Клейкая лента для геотекстиля
6422,Дом и сад,Товары для газонов и садовых участков,Товары для садоводства,Принадлежности для геотекстиля,Скобы и колышки для геотекстиля
6428,Дом и сад,Товары для газонов и садовых участков,Товары для садоводства,Подставки для растений
6834,Дом и сад,Товары для газонов и садовых участков,Товары для садоводства,Бочки для дождевой воды
499894,Дом и сад,Товары для газонов и садовых участков,Товары для садоводства,Корзины и опоры для растений
499962,Дом и сад,Товары для газонов и садовых участков,Товары для садоводства,Вставки для цветочных горшков
500033,Дом и сад,Товары для газонов и садовых участков,Товары для садоводства,Поддоны для цветочных горшков
505326,Дом и сад,Товары для газонов и садовых участков,Товары для садоводства,Принадлежности для садовых инструментов
4972,Дом и сад,Товары для газонов и садовых участков,Товары для садоводства,Принадлежности для садовых инструментов,Детали для тачки
505321,Дом и сад,Товары для газонов и садовых участков,Товары для садоводства,Принадлежности для садовых инструментов,Насадки для садовых инструментов
505322,Дом и сад,Товары для газонов и садовых участков,Товары для садоводства,Принадлежности для садовых инструментов,Ручки для садовых инструментов
3568,Дом и сад,Товары для газонов и садовых участков,Оросительные системы
2313,Дом и сад,Товары для газонов и садовых участков,Оросительные системы,Садовые шланги
3780,Дом и сад,Товары для газонов и садовых участков,Оросительные системы,Принадлежности для водораспылителей
1302,Дом и сад,Товары для газонов и садовых участков,Оросительные системы,Принадлежности для водораспылителей,Блоки управления водораспылителями
3491,Дом и сад,Товары для газонов и садовых участков,Оросительные системы,Принадлежности для водораспылителей,Краны распылителей
4201,Дом и сад,Товары для газонов и садовых участков,Оросительные системы,Распылители для садовых шлангов
4718,Дом и сад,Товары для газонов и садовых участков,Оросительные системы,Фитинги и краны для садовых шлангов
6318,Дом и сад,Товары для газонов и садовых участков,Оросительные системы,Лейки
7561,Дом и сад,Товары для газонов и садовых участков,Оросительные системы,Водораспылители и головки
230912,Дом и сад,Товары для газонов и садовых участков,Оросительные системы,Шарики для полива растений
505814,Дом и сад,Товары для газонов и садовых участков,Оросительные системы,Принадлежности для леек
3798,Дом и сад,Товары для газонов и садовых участков,Электрооборудование для садовых работ
694,Дом и сад,Товары для газонов и садовых участков,Электрооборудование для садовых работ,Газонокосилки
3311,Дом и сад,Товары для газонов и садовых участков,Электрооборудование для садовых работ,Газонокосилки,Садовые тракторы
3730,Дом и сад,Товары для газонов и садовых участков,Электрооборудование для садовых работ,Газонокосилки,Ручные газонокосилки
6258,Дом и сад,Товары для газонов и садовых участков,Электрооборудование для садовых работ,Газонокосилки,Газонокосилки-прицепы
6788,Дом и сад,Товары для газонов и садовых участков,Электрооборудование для садовых работ,Газонокосилки,Роботы-газонокосилки
1223,Дом и сад,Товары для газонов и садовых участков,Электрооборудование для садовых работ,Машины для прополки
1226,Дом и сад,Товары для газонов и садовых участков,Электрооборудование для садовых работ,Мойки высокого давления
1541,Дом и сад,Товары для газонов и садовых участков,Электрооборудование для садовых работ,Снегоуборочные машины
2204,Дом и сад,Товары для газонов и садовых участков,Электрооборудование для садовых работ,Мотоблоки и культиваторы
2218,Дом и сад,Товары для газонов и садовых участков,Электрооборудование для садовых работ,Машины для подрезки кромок газонов
3120,Дом и сад,Товары для газонов и садовых участков,Электрооборудование для садовых работ,Машины для подрезки живой изгороди
3340,Дом и сад,Товары для газонов и садовых участков,Электрооборудование для садовых работ,Садовые воздуходувки
3610,Дом и сад,Товары для газонов и садовых участков,Электрооборудование для садовых работ,Цепные пилы
5866,Дом и сад,Товары для газонов и садовых участков,Электрооборудование для садовых работ,Тракторы
6789,Дом и сад,Товары для газонов и садовых участков,Электрооборудование для садовых работ,Садовые пылесосы
7245,Дом и сад,Товары для газонов и садовых участков,Электрооборудование для садовых работ,Наборы электрооборудования для садовых работ
7332,Дом и сад,Товары для газонов и садовых участков,Электрооборудование для садовых работ,Базовые блоки для электрооборудования для садовых работ
500016,Дом и сад,Товары для газонов и садовых участков,Электрооборудование для садовых работ,Подметально-уборочные машины
500034,Дом и сад,Товары для газонов и садовых участков,Электрооборудование для садовых работ,Аэраторы и вертикуттеры
4564,Дом и сад,Товары для газонов и садовых участков,Принадлежности для электрооборудования для садовых работ
4565,Дом и сад,Товары для газонов и садовых участков,Принадлежности для электрооборудования для садовых работ,Принадлежности для цепных пил
4646,Дом и сад,Товары для газонов и садовых участков,Принадлежности для электрооборудования для садовых работ,Принадлежности для цепных пил,Цепи для цепных пил
4647,Дом и сад,Товары для газонов и садовых участков,Принадлежности для электрооборудования для садовых работ,Принадлежности для цепных пил,Шины для цепных пил
4566,Дом и сад,Товары для газонов и садовых участков,Принадлежности для электрооборудования для садовых работ,Принадлежности для газонокосилок
4641,Дом и сад,Товары для газонов и садовых участков,Принадлежности для электрооборудования для садовых работ,Принадлежности для газонокосилок,Лезвия для газонокосилок
4642,Дом и сад,Товары для газонов и садовых участков,Принадлежности для электрооборудования для садовых работ,Принадлежности для газонокосилок,Чехлы для газонокосилок
4643,Дом и сад,Товары для газонов и садовых участков,Принадлежности для электрооборудования для садовых работ,Принадлежности для газонокосилок,Ремни для газонокосилок
4644,Дом и сад,Товары для газонов и садовых участков,Принадлежности для электрооборудования для садовых работ,Принадлежности для газонокосилок,Шкивы и направляющие ролики для газонокосилок
4645,Дом и сад,Товары для газонов и садовых участков,Принадлежности для электрооборудования для садовых работ,Принадлежности для газонокосилок,Мешки для газонокосилок
6094,Дом и сад,Товары для газонов и садовых участков,Принадлежности для электрооборудования для садовых работ,Принадлежности для газонокосилок,Колеса для газонокосилок
6095,Дом и сад,Товары для газонов и садовых участков,Принадлежности для электрооборудования для садовых работ,Принадлежности для газонокосилок,Шины для газонокосилок
6541,Дом и сад,Товары для газонов и садовых участков,Принадлежности для электрооборудования для садовых работ,Принадлежности для газонокосилок,Газоноподметальные машины
6542,Дом и сад,Товары для газонов и садовых участков,Принадлежности для электрооборудования для садовых работ,Принадлежности для газонокосилок,Насадки для роторных газонокосилок
499872,Дом и сад,Товары для газонов и садовых участков,Принадлежности для электрооборудования для садовых работ,Принадлежности для газонокосилок,Камеры для шин газонокосилок
499921,Дом и сад,Товары для газонов и садовых участков,Принадлежности для электрооборудования для садовых работ,Принадлежности для газонокосилок,Приспособления для создания полос
499923,Дом и сад,Товары для газонов и садовых участков,Принадлежности для электрооборудования для садовых работ,Принадлежности для газонокосилок,Насадки для мульчирования
499960,Дом и сад,Товары для газонов и садовых участков,Принадлежности для электрооборудования для садовых работ,Принадлежности для газонокосилок,Заглушки и ножи для мульчирования
4567,Дом и сад,Товары для газонов и садовых участков,Принадлежности для электрооборудования для садовых работ,Принадлежности для снегоуборочных машин
5867,Дом и сад,Товары для газонов и садовых участков,Принадлежности для электрооборудования для садовых работ,Детали и принадлежности для тракторов
499880,Дом и сад,Товары для газонов и садовых участков,Принадлежности для электрооборудования для садовых работ,Детали и принадлежности для тракторов,Шины для тракторов
499881,Дом и сад,Товары для газонов и садовых участков,Принадлежности для электрооборудования для садовых работ,Детали и принадлежности для тракторов,Колеса для тракторов
6328,Дом и сад,Товары для газонов и садовых участков,Принадлежности для электрооборудования для садовых работ,Принадлежности для моек высокого давления
7168,Дом и сад,Товары для газонов и садовых участков,Принадлежности для электрооборудования для садовых работ,Принадлежности для воздуходувок
7171,Дом и сад,Товары для газонов и садовых участков,Принадлежности для электрооборудования для садовых работ,Принадлежности для воздуходувок,Трубы для садовых воздуходувок
7169,Дом и сад,Товары для газонов и садовых участков,Принадлежности для электрооборудования для садовых работ,Принадлежности для косилок-триммеров
7170,Дом и сад,Товары для газонов и садовых участков,Принадлежности для электрооборудования для садовых работ,Принадлежности для косилок-триммеров,Лезвия и катушки для косилок-триммеров
8034,Дом и сад,Товары для газонов и садовых участков,Принадлежности для электрооборудования для садовых работ,Принадлежности для косилок-триммеров,Крышки катушек для косилок-триммеров
7265,Дом и сад,Товары для газонов и садовых участков,Принадлежности для электрооборудования для садовых работ,Принадлежности для шпалерных ножниц
7333,Дом и сад,Товары для газонов и садовых участков,Принадлежности для электрооборудования для садовых работ,Аккумуляторы для электрооборудования для уличных работ
7563,Дом и сад,Товары для газонов и садовых участков,Принадлежности для электрооборудования для садовых работ,Принадлежности для машин для подрезки кромок газонов
8485,Дом и сад,Товары для газонов и садовых участков,Принадлежности для электрооборудования для садовых работ,Насадки для многофункционального электрооборудования для наружных работ
7334,Дом и сад,Товары для газонов и садовых участков,Принадлежности для электрооборудования для садовых работ,Насадки для многофункционального электрооборудования для наружных работ,Насадки для шпалерных ножниц
7335,Дом и сад,Товары для газонов и садовых участков,Принадлежности для электрооборудования для садовых работ,Насадки для многофункционального электрооборудования для наружных работ,Насадки для косилок-триммеров
7564,Дом и сад,Товары для газонов и садовых участков,Принадлежности для электрооборудования для садовых работ,Насадки для многофункционального электрооборудования для наружных работ,Насадки для машин для подрезки кромок газонов
8487,Дом и сад,Товары для газонов и садовых участков,Принадлежности для электрооборудования для садовых работ,Насадки для многофункционального электрооборудования для наружных работ,Насадки для садовых воздуходувок
8488,Дом и сад,Товары для газонов и садовых участков,Принадлежности для электрооборудования для садовых работ,Насадки для многофункционального электрооборудования для наружных работ,Насадки-культиваторы
8489,Дом и сад,Товары для газонов и садовых участков,Принадлежности для электрооборудования для садовых работ,Насадки для многофункционального электрооборудования для наружных работ,Штанговые пилы-насадки
5362,Дом и сад,Товары для газонов и садовых участков,Товары для уборки снега
5363,Дом и сад,Товары для газонов и садовых участков,Товары для уборки снега,Лопаты для уборки снега
5364,Дом и сад,Товары для газонов и садовых участков,Товары для уборки снега,Скребки для льда и щетки для снега
696,Дом и сад,Декоративные элементы
9,Дом и сад,Декоративные элементы,Произведения искусства
11,Дом и сад,Декоративные элементы,Произведения искусства,"Статуэтки, скульптуры и статуи"
500044,Дом и сад,Декоративные элементы,Произведения искусства,"Плакаты, картины, репродукции и фотографии"
500045,Дом и сад,Декоративные элементы,Произведения искусства,Гобелены
572,Дом и сад,Декоративные элементы,Адресные знаки и таблички
573,Дом и сад,Декоративные элементы,Корзины
587,Дом и сад,Декоративные элементы,Подставки для книг
592,Дом и сад,Декоративные элементы,Ароматизаторы для помещений
588,Дом и сад,Декоративные элементы,Ароматизаторы для помещений,Свечи
3686,Дом и сад,Декоративные элементы,Ароматизаторы для помещений,Благовония
3898,Дом и сад,Декоративные элементы,Ароматизаторы для помещений,Освежители воздуха
4740,Дом и сад,Декоративные элементы,Ароматизаторы для помещений,Ароматические смеси
5847,Дом и сад,Декоративные элементы,Ароматизаторы для помещений,Ароматические масла
6767,Дом и сад,Декоративные элементы,Ароматизаторы для помещений,Ароматический воск
595,Дом и сад,Декоративные элементы,Зеркала
596,Дом и сад,Декоративные элементы,Праздничные украшения
3144,Дом и сад,Декоративные элементы,Праздничные украшения,Ёлочные Игрушки
5359,Дом и сад,Декоративные элементы,Праздничные украшения,Рождественские календари
5504,Дом и сад,Декоративные элементы,Праздничные украшения,Юбки для новогодних елок
5930,Дом и сад,Декоративные элементы,Праздничные украшения,Традиционные японские куклы
5990,Дом и сад,Декоративные элементы,Праздничные украшения,Вешалки для носков с подарками
5991,Дом и сад,Декоративные элементы,Праздничные украшения,Носки для подарков
6531,Дом и сад,Декоративные элементы,Праздничные украшения,Наборы для рождественских вертепов
6532,Дом и сад,Декоративные элементы,Праздничные украшения,Стенды для праздничных украшений
6603,Дом и сад,Декоративные элементы,Праздничные украшения,Подставки для новогодних елок
499804,Дом и сад,Декоративные элементы,Праздничные украшения,Крючки для ёлочных игрушек
499805,Дом и сад,Декоративные элементы,Праздничные украшения,Наборы для украшения пасхальных яиц
505809,Дом и сад,Декоративные элементы,Праздничные украшения,Праздничные наборы и украшения для сада
597,Дом и сад,Декоративные элементы,Рамки для фотографий и картин
598,Дом и сад,Декоративные элементы,Коврики
599,Дом и сад,Декоративные элементы,Мебельные чехлы
602,Дом и сад,Декоративные элементы,Вазы
603,Дом и сад,Декоративные элементы,Оконные драпировки
2621,Дом и сад,Декоративные элементы,Оконные драпировки,Балдахины
2882,Дом и сад,Декоративные элементы,Оконные драпировки,Занавески и портьеры
2885,Дом и сад,Декоративные элементы,Оконные драпировки,Жалюзи
4375,Дом и сад,Декоративные элементы,Оконные драпировки,Противомоскитные сетки
5989,Дом и сад,Декоративные элементы,Оконные драпировки,Пленки для окон
6492,Дом и сад,Декоративные элементы,Оконные драпировки,Витражные панели
697,Дом и сад,Декоративные элементы,Поилки для птиц
701,Дом и сад,Декоративные элементы,Флаги и ветроуказатели
702,Дом и сад,Декоративные элементы,Фонтаны и пруды
2763,Дом и сад,Декоративные элементы,Фонтаны и пруды,Пруды
2921,Дом и сад,Декоративные элементы,Фонтаны и пруды,Принадлежности для фонтанов и прудов
6763,Дом и сад,Декоративные элементы,Фонтаны и пруды,Фонтаны
704,Дом и сад,Декоративные элементы,Камни для садов и дорожек
706,Дом и сад,Декоративные элементы,Почтовые ящики
708,Дом и сад,Декоративные элементы,Декоративные таблички
709,Дом и сад,Декоративные элементы,Дождевые цепи
710,Дом и сад,Декоративные элементы,Дождемеры
711,Дом и сад,Декоративные элементы,Солнечные часы
712,Дом и сад,Декоративные элементы,Флюгеры и украшения для крыш
714,Дом и сад,Декоративные элементы,Ветряные колокольчики
2334,Дом и сад,Декоративные элементы,Обои
2675,Дом и сад,Декоративные элементы,Придверные коврики
2839,Дом и сад,Декоративные элементы,Декоративные ветряные колеса
3221,Дом и сад,Декоративные элементы,Настенные и оконные аппликации
3262,Дом и сад,Декоративные элементы,Глобусы
3473,Дом и сад,Декоративные элементы,Музыкальные шкатулки
3890,Дом и сад,Декоративные элементы,Домашние и офисные часы
3696,Дом и сад,Декоративные элементы,Домашние и офисные часы,Напольные часы и часовые шкафы
3840,Дом и сад,Декоративные элементы,Домашние и офисные часы,Настенные часы
4546,Дом и сад,Декоративные элементы,Домашние и офисные часы,Будильники
6912,Дом и сад,Декоративные элементы,Домашние и офисные часы,Настольные и каминные часы
4233,Дом и сад,Декоративные элементы,Кофры
4295,Дом и сад,Декоративные элементы,Копилки
4453,Дом и сад,Декоративные элементы,Подушки для кресел
4454,Дом и сад,Декоративные элементы,Диванные подушки
4456,Дом и сад,Декоративные элементы,Подушки для спины
4770,Дом и сад,Декоративные элементы,Беспламенные свечи
5521,Дом и сад,Декоративные элементы,Принадлежности для кормушек
5609,Дом и сад,Декоративные элементы,Статуэтки
5708,Дом и сад,Декоративные элементы,Вешалки для шляп и плащей
5875,Дом и сад,Декоративные элементы,Декоративные тарелки
5876,Дом и сад,Декоративные элементы,Магниты на холодильник
5885,Дом и сад,Декоративные элементы,Знаки и таблички
5922,Дом и сад,Декоративные элементы,Застекленные коробки
6254,Дом и сад,Декоративные элементы,Принадлежности для украшения окон
6255,Дом и сад,Декоративные элементы,Принадлежности для украшения окон,Держатели и кисточки для штор
6256,Дом и сад,Декоративные элементы,Принадлежности для украшения окон,Кольца для занавесок и портьер
6257,Дом и сад,Декоративные элементы,Принадлежности для украшения окон,Карнизы для занавесок и портьер
8042,Дом и сад,Декоративные элементы,Принадлежности для украшения окон,Детали для украшения окон
6265,Дом и сад,Декоративные элементы,Искусственная флора
6266,Дом и сад,Декоративные элементы,Искусственные пищевые продукты
6267,Дом и сад,Декоративные элементы,Венки и гирлянды
6317,Дом и сад,Декоративные элементы,Декоративные бутылки
6324,Дом и сад,Декоративные элементы,Кольца для салфеток
6333,Дом и сад,Декоративные элементы,Принадлежности для почтовых ящиков
6334,Дом и сад,Декоративные элементы,Принадлежности для почтовых ящиков,Столбы для почтовых ящиков
7052,Дом и сад,Декоративные элементы,Принадлежности для почтовых ящиков,Шкафы для почтовых ящиков
7176,Дом и сад,Декоративные элементы,Принадлежности для почтовых ящиков,Флажки для почтовых ящиков
7177,Дом и сад,Декоративные элементы,Принадлежности для почтовых ящиков,Крышки для почтовых ящиков
7339,Дом и сад,Декоративные элементы,Принадлежности для почтовых ящиков,Запасные дверцы для почтовых ящиков
6424,Дом и сад,Декоративные элементы,Наполнители для ваз и конфетти
6456,Дом и сад,Декоративные элементы,Декоративные подносы
6457,Дом и сад,Декоративные элементы,Декоративные чаши
6530,Дом и сад,Декоративные элементы,Магниты на окна
6535,Дом и сад,Декоративные элементы,Снежные шары
6547,Дом и сад,Декоративные элементы,Садовые и газонные украшения
6927,Дом и сад,Декоративные элементы,Подушки для оттоманок
6935,Дом и сад,Декоративные элементы,Декоративные экосферы
6936,Дом и сад,Декоративные элементы,Высушенные цветы
6993,Дом и сад,Декоративные элементы,Садовые кормушки
698,Дом и сад,Декоративные элементы,Садовые кормушки,Кормушки для птиц
6994,Дом и сад,Декоративные элементы,Садовые кормушки,Кормушки для белок
6995,Дом и сад,Декоративные элементы,Садовые кормушки,Кормушки для бабочек
7113,Дом и сад,Декоративные элементы,Декоративные банки
7172,Дом и сад,Декоративные элементы,Ловцы снов
7173,Дом и сад,Декоративные элементы,Ловцы солнца
7206,Дом и сад,Декоративные элементы,Декоративные колокольчики
7380,Дом и сад,Декоративные элементы,Картонные макеты
7382,Дом и сад,Декоративные элементы,Номера и буквы для домов
7419,Дом и сад,Декоративные элементы,Принадлежности для флагов и ветроуказателей
7420,Дом и сад,Декоративные элементы,Принадлежности для флагов и ветроуказателей,Освещение для флагов и ветроуказателей
7421,Дом и сад,Декоративные элементы,Принадлежности для флагов и ветроуказателей,Шесты для флагов и ветроуказателей
503010,Дом и сад,Декоративные элементы,Принадлежности для флагов и ветроуказателей,Оборудование и комплекты для установки флагов и ветроуказателей
7422,Дом и сад,Декоративные элементы,Декоративные наконечники
7436,Дом и сад,Декоративные элементы,Прорези для почты
230911,Дом и сад,Декоративные элементы,Принадлежности для скворечников
499693,Дом и сад,Декоративные элементы,Измерители роста детей
500078,Дом и сад,Декоративные элементы,"Скворечники, домики для диких животных и насекомых"
699,Дом и сад,Декоративные элементы,"Скворечники, домики для диких животных и насекомых",Скворечники
500079,Дом и сад,Декоративные элементы,"Скворечники, домики для диких животных и насекомых",Домики для летучих мышей
500080,Дом и сад,Декоративные элементы,"Скворечники, домики для диких животных и насекомых",Домики для бабочек
500121,Дом и сад,Декоративные элементы,Принадлежности для ароматизаторов воздуха
2784,Дом и сад,Декоративные элементы,Принадлежности для ароматизаторов воздуха,Подсвечники
4741,Дом и сад,Декоративные элементы,Принадлежности для ароматизаторов воздуха,Подставки для благовоний
6336,Дом и сад,Декоративные элементы,Принадлежности для ароматизаторов воздуха,Свечи и подогреватели масла
500122,Дом и сад,Декоративные элементы,Принадлежности для ароматизаторов воздуха,Колпачки для тушения свечей
503000,Дом и сад,Декоративные элементы,Песочные часы
505827,Дом и сад,Декоративные элементы,Детали для часов
729,Дом и сад,Бассейны и джакузи
2810,Дом и сад,Бассейны и джакузи,Плавательные бассейны
2832,Дом и сад,Бассейны и джакузи,Принадлежности для бассейнов и джакузи
2672,Дом и сад,Бассейны и джакузи,Принадлежности для бассейнов и джакузи,Игрушки для бассейнов
2755,Дом и сад,Бассейны и джакузи,Принадлежности для бассейнов и джакузи,Скиммеры для бассейнов
2860,Дом и сад,Бассейны и джакузи,Принадлежности для бассейнов и джакузи,Надувные матрасы и кресла для бассейнов
2939,Дом и сад,Бассейны и джакузи,Принадлежности для бассейнов и джакузи,Трамплины для прыжков в воду
2981,Дом и сад,Бассейны и джакузи,Принадлежности для бассейнов и джакузи,Фильтры для бассейнов и джакузи
2994,Дом и сад,Бассейны и джакузи,Принадлежности для бассейнов и джакузи,Защитные чехлы и подложки
2997,Дом и сад,Бассейны и джакузи,Принадлежности для бассейнов и джакузи,Пылесосы для бассейнов
3017,Дом и сад,Бассейны и джакузи,Принадлежности для бассейнов и джакузи,Устройства и химические средства для чистки бассейнов
5546,Дом и сад,Бассейны и джакузи,Принадлежности для бассейнов и джакузи,Водяные горки для бассейнов
5654,Дом и сад,Бассейны и джакузи,Принадлежности для бассейнов и джакузи,Нагреватели для бассейнов
6766,Дом и сад,Бассейны и джакузи,Принадлежности для бассейнов и джакузи,Лестницы для бассейнов
6771,Дом и сад,Бассейны и джакузи,Принадлежности для бассейнов и джакузи,Шланги для чистки бассейнов
6996,Дом и сад,Бассейны и джакузи,Принадлежности для бассейнов и джакузи,Щётки для бассейнов
7496,Дом и сад,Бассейны и джакузи,Принадлежности для бассейнов и джакузи,Наборы настилов для бассейнов
500042,Дом и сад,Бассейны и джакузи,Принадлежности для бассейнов и джакузи,Хлорные генераторы
500050,Дом и сад,Бассейны и джакузи,Принадлежности для бассейнов и джакузи,Принадлежности для защитных чехлов
503751,Дом и сад,Бассейны и джакузи,Принадлежности для бассейнов и джакузи,Материалы для отделки чаши бассейна
505815,Дом и сад,Бассейны и джакузи,Принадлежности для бассейнов и джакузи,Наборы для чистки бассейнов и джакузи
2982,Дом и сад,Бассейны и джакузи,Джакузи
3992,Дом и сад,Бассейны и джакузи,Сауны
543687,Дом и сад,Бассейны и джакузи,Принадлежности для сауны
543631,Дом и сад,Бассейны и джакузи,Принадлежности для сауны,Наборы принадлежностей для сауны
543632,Дом и сад,Бассейны и джакузи,Принадлежности для сауны,Печи для сауны
543633,Дом и сад,Бассейны и джакузи,Принадлежности для сауны,Вёдра и ковши для сауны
985,Дом и сад,Растения
984,Дом и сад,Растения,Цветы
1684,Дом и сад,Растения,Деревья
2802,Дом и сад,Растения,Семена
543561,Дом и сад,Растения,Семена,Луковицы растений и цветов
543562,Дом и сад,Растения,Семена,Семена и семенные ленты
5590,Дом и сад,Растения,Водные растения
6762,Дом и сад,Растения,Комнатные и уличные растения
543558,Дом и сад,Растения,Комнатные и уличные растения,Комнатные растения в горшках
543559,Дом и сад,Растения,Комнатные и уличные растения,Кусты и кустарники
543560,Дом и сад,Растения,Комнатные и уличные растения,Садовые растения и растения для благоустройства
505285,Дом и сад,Растения,Наборы для выращивания растений
1679,Дом и сад,"Средства для защиты от затоплений, пожаров и утечек газа"
1306,Дом и сад,"Средства для защиты от затоплений, пожаров и утечек газа",Детекторы утечек воды и затопления
1434,Дом и сад,"Средства для защиты от затоплений, пожаров и утечек газа",Огнетушители
1639,Дом и сад,"Средства для защиты от затоплений, пожаров и утечек газа","Шкафы, стойки и держатели для огнетушителей"
1871,Дом и сад,"Средства для защиты от затоплений, пожаров и утечек газа",Пожарная сигнализация
1934,Дом и сад,"Средства для защиты от затоплений, пожаров и утечек газа",Пожарные спринклеры
7226,Дом и сад,"Средства для защиты от затоплений, пожаров и утечек газа",Панели управления пожарной сигнализацией
7227,Дом и сад,"Средства для защиты от затоплений, пожаров и утечек газа",Теплодетекторы
499673,Дом и сад,"Средства для защиты от затоплений, пожаров и утечек газа",Детекторы дыма и угарного газа
1471,Дом и сад,"Средства для защиты от затоплений, пожаров и утечек газа",Детекторы дыма и угарного газа,Детекторы дыма
2164,Дом и сад,"Средства для защиты от затоплений, пожаров и утечек газа",Детекторы дыма и угарного газа,Датчики угарного газа
2639,Дом и сад,Дровяные печи
2862,Дом и сад,Принадлежности для каминов и дровяных печей
625,Дом и сад,Принадлежности для каминов и дровяных печей,Дрова и топливо
695,Дом и сад,Принадлежности для каминов и дровяных печей,Дровницы
1530,Дом и сад,Принадлежности для каминов и дровяных печей,Каминные инструменты
2044,Дом и сад,Принадлежности для каминов и дровяных печей,Каминные меха
2365,Дом и сад,Принадлежности для каминов и дровяных печей,Каминные экраны
4918,Дом и сад,Принадлежности для каминов и дровяных печей,Вентиляторы и воздуходувки для дровяной печи
6563,Дом и сад,Принадлежности для каминов и дровяных печей,Решётки для каминов и дровяных печей
7029,Дом и сад,Принадлежности для каминов и дровяных печей,Принадлежности для поленниц и дровниц
7091,Дом и сад,Принадлежности для каминов и дровяных печей,Подовые плиты
7109,Дом и сад,Принадлежности для каминов и дровяных печей,Рефлекторы для каминов
7523,Дом и сад,Принадлежности для каминов и дровяных печей,Подставки для дров в камине
2956,Дом и сад,Принадлежности для освещения
3185,Дом и сад,Принадлежности для освещения,Абажуры
3522,Дом и сад,Принадлежности для освещения,Таймеры освещения
7338,Дом и сад,Принадлежности для освещения,Основания фонарных столбов
7447,Дом и сад,Принадлежности для освещения,Опоры для фонарных столбов
505312,Дом и сад,Принадлежности для освещения,Топливо для масляной лампы
3348,Дом и сад,Принадлежности для бытовых приборов
618,Дом и сад,Принадлежности для бытовых приборов,Принадлежности для пылесосов
2367,Дом и сад,Принадлежности для бытовых приборов,Принадлежности для кондиционеров
3573,Дом и сад,Принадлежности для бытовых приборов,Принадлежности для кондиционеров,Фильтры для кондиционеров
5826,Дом и сад,Принадлежности для бытовых приборов,Принадлежности для кондиционеров,Чехлы для кондиционеров
2751,Дом и сад,Принадлежности для бытовых приборов,Принадлежности для водонагревателей
1709,Дом и сад,Принадлежности для бытовых приборов,Принадлежности для водонагревателей,Вытяжные системы водонагревателей
1744,Дом и сад,Принадлежности для бытовых приборов,Принадлежности для водонагревателей,Нагревательные элементы для водонагревателей
1835,Дом и сад,Принадлежности для бытовых приборов,Принадлежности для водонагревателей,Поддоны для водонагревателей
2175,Дом и сад,Принадлежности для бытовых приборов,Принадлежности для водонагревателей,Баки для горячей воды
2221,Дом и сад,Принадлежности для бытовых приборов,Принадлежности для водонагревателей,Дымовые трубы для водонагревателей
2310,Дом и сад,Принадлежности для бытовых приборов,Принадлежности для водонагревателей,Анодные стержни
500063,Дом и сад,Принадлежности для бытовых приборов,Принадлежности для водонагревателей,Расширительные баки
3410,Дом и сад,Принадлежности для бытовых приборов,Принадлежности для воздухоочистителей
3667,Дом и сад,Принадлежности для бытовых приборов,Принадлежности для воздухоочистителей,Фильтры для воздухоочистителей
3456,Дом и сад,Принадлежности для бытовых приборов,Принадлежности для стирального оборудования
5158,Дом и сад,Принадлежности для бытовых приборов,Принадлежности для стирального оборудования,Принадлежности для пароочистителей для одежды
5159,Дом и сад,Принадлежности для бытовых приборов,Принадлежности для стирального оборудования,Принадлежности для утюгов
5160,Дом и сад,Принадлежности для бытовых приборов,Принадлежности для стирального оборудования,Принадлежности для гладильных прессов
500085,Дом и сад,Принадлежности для бытовых приборов,Принадлежности для стирального оборудования,Принадлежности для стиральных и сушильных машин
3862,Дом и сад,Принадлежности для бытовых приборов,Принадлежности для увлажнителей воздуха
3402,Дом и сад,Принадлежности для бытовых приборов,Принадлежности для увлажнителей воздуха,Фильтры для увлажнителей воздуха
4548,Дом и сад,Принадлежности для бытовых приборов,Принадлежности для пылесосов и пароочистителей
4650,Дом и сад,Принадлежности для бытовых приборов,Принадлежности для уличных обогревателей
4651,Дом и сад,Принадлежности для бытовых приборов,Принадлежности для уличных обогревателей,Чехлы для уличных обогревателей
4667,Дом и сад,Принадлежности для бытовых приборов,Принадлежности для осушителей воздуха
5089,Дом и сад,Принадлежности для бытовых приборов,Принадлежности для вентиляторов
6773,Дом и сад,Принадлежности для бытовых приборов,Принадлежности для топок и котлов
7110,Дом и сад,Принадлежности для бытовых приборов,Принадлежности для радиаторов отопления
7111,Дом и сад,Принадлежности для бытовых приборов,Принадлежности для радиаторов отопления,Рефлекторы для радиаторов отопления
4171,Дом и сад,Постельное бельё
569,Дом и сад,Постельное бельё,Постельные принадлежности
1599,Дом и сад,Постельное бельё,Постельные принадлежности,Коврики для сна
1985,Дом и сад,Постельное бельё,Постельные принадлежности,Одеяла
2314,Дом и сад,Постельное бельё,Постельные принадлежности,Простыни
2541,Дом и сад,Постельное бельё,Постельные принадлежности,Пуховые одеяла
2700,Дом и сад,Постельное бельё,Постельные принадлежности,Подушки
2927,Дом и сад,Постельное бельё,Постельные принадлежности,Наволочки и чехлы для подушек
2974,Дом и сад,Постельное бельё,Постельные принадлежности,Покрывала
4452,Дом и сад,Постельное бельё,Постельные принадлежности,Наматрасники
2991,Дом и сад,Постельное бельё,Постельные принадлежности,Наматрасники,Толстые наматрасники
4420,Дом и сад,Постельное бельё,Постельные принадлежности,Наматрасники,Чехлы для матрасов
505287,Дом и сад,Постельное бельё,Постельные принадлежности,Стёганые и пуховые одеяла
505803,Дом и сад,Постельное бельё,Постельные принадлежности,Балдахины для кроватей
601,Дом и сад,Постельное бельё,Столовое бельё
2547,Дом и сад,Постельное бельё,Столовое бельё,Сервировочные салфетки
4143,Дом и сад,Постельное бельё,Столовое бельё,Скатерти
4203,Дом и сад,Постельное бельё,Столовое бельё,Тканевые салфетки
4343,Дом и сад,Постельное бельё,Столовое бельё,Салфетки
6322,Дом и сад,Постельное бельё,Столовое бельё,Юбки для стола
6325,Дом и сад,Постельное бельё,Столовое бельё,Узкие скатерти для середины стола
4077,Дом и сад,Постельное бельё,Полотенца
576,Дом и сад,Постельное бельё,Полотенца,Банные полотенца и махровые мочалки
4126,Дом и сад,Постельное бельё,Полотенца,Пляжные полотенца
4257,Дом и сад,Постельное бельё,Полотенца,Кухонные полотенца
505832,Дом и сад,Постельное бельё,Наборы кухонного белья
4358,Дом и сад,Зонты
5835,Дом и сад,Готовность к чрезвычайным ситуациям
4490,Дом и сад,Готовность к чрезвычайным ситуациям,Системы оповещения о землетрясениях
4491,Дом и сад,Готовность к чрезвычайным ситуациям,Фиксаторы для мебели
5836,Дом и сад,Готовность к чрезвычайным ситуациям,Наборы продовольствия для чрезвычайных ситуаций
6897,Дом и сад,Готовность к чрезвычайным ситуациям,Спасательные одеяла
7058,Дом и сад,Готовность к чрезвычайным ситуациям,Аварийные инструменты и наборы
6173,Дом и сад,Чехлы для зонтов
6792,Дом и сад,Камины
537,Товары для новорожденных и маленьких детей
540,Товары для новорожденных и маленьких детей,Товары для обеспечения безопасности детей
541,Товары для новорожденных и маленьких детей,Товары для обеспечения безопасности детей,Детские мониторы
542,Товары для новорожденных и маленьких детей,Товары для обеспечения безопасности детей,Калитки для детей и домашних животных
543,Товары для новорожденных и маленьких детей,Товары для обеспечения безопасности детей,Детские замки и защитные устройства
544,Товары для новорожденных и маленьких детей,Товары для обеспечения безопасности детей,Детские защитные перила
5049,Товары для новорожденных и маленьких детей,Товары для обеспечения безопасности детей,Детские поводки
6869,Товары для новорожденных и маленьких детей,Товары для обеспечения безопасности детей,Принадлежности для барьеров для детей и домашних животных
548,Товары для новорожденных и маленьких детей,Товары для пеленания
550,Товары для новорожденных и маленьких детей,Товары для пеленания,Накопители для подгузников
551,Товары для новорожденных и маленьких детей,Товары для пеленания,Подгузники
553,Товары для новорожденных и маленьких детей,Товары для пеленания,Детские влажные салфетки
2949,Товары для новорожденных и маленьких детей,Товары для пеленания,Присыпки для подгузников
5628,Товары для новорожденных и маленьких детей,Товары для пеленания,Матрасы для пеленания
6883,Товары для новорожденных и маленьких детей,Товары для пеленания,Органайзеры для пеленок
6949,Товары для новорожденных и маленьких детей,Товары для пеленания,Пеленки
6971,Товары для новорожденных и маленьких детей,Товары для пеленания,Сумки для мокрых подгузников
7001,Товары для новорожденных и маленьких детей,Товары для пеленания,Принадлежности для накопителей для подгузников
7014,Товары для новорожденных и маленьких детей,Товары для пеленания,Наборы подгузников
7200,Товары для новорожденных и маленьких детей,Товары для пеленания,Диспенсеры и нагреватели салфеток для младенцев
502999,Товары для новорожденных и маленьких детей,Товары для пеленания,Коврики для переодевания
561,Товары для новорожденных и маленьких детей,Товары для кормпления детей
562,Товары для новорожденных и маленьких детей,Товары для кормпления детей,Питание для детей и младенцев
563,Товары для новорожденных и маленьких детей,Товары для кормпления детей,Питание для детей и младенцев,Молочные смеси
5718,Товары для новорожденных и маленьких детей,Товары для кормпления детей,Питание для детей и младенцев,Детские соки
5719,Товары для новорожденных и маленьких детей,Товары для кормпления детей,Питание для детей и младенцев,Детское питание
5720,Товары для новорожденных и маленьких детей,Товары для кормпления детей,Питание для детей и младенцев,Детские закуски
5721,Товары для новорожденных и маленьких детей,Товары для кормпления детей,Питание для детей и младенцев,Детские хлопья
8436,Товары для новорожденных и маленьких детей,Товары для кормпления детей,Питание для детей и младенцев,Напитки и смеси для детского питания
564,Товары для новорожденных и маленьких детей,Товары для кормпления детей,Детские бутылки
565,Товары для новорожденных и маленьких детей,Товары для кормпления детей,Молокоотсосы
2125,Товары для новорожденных и маленьких детей,Товары для кормпления детей,Детские нагрудники
4768,Товары для новорожденных и маленьких детей,Товары для кормпления детей,Таймеры для ухода за детьми
5296,Товары для новорожденных и маленьких детей,Товары для кормпления детей,Подогреватели и стерилизаторы для бутылочек
5298,Товары для новорожденных и маленьких детей,Товары для кормпления детей,Подушки для кормления грудных детей
5629,Товары для новорожденных и маленьких детей,Товары для кормпления детей,Слюнявчики
5630,Товары для новорожденных и маленьких детей,Товары для кормпления детей,Соски и вкладыши для детских бутылочек
543636,Товары для новорожденных и маленьких детей,Товары для кормпления детей,Соски и вкладыши для детских бутылочек,Соски для детских бутылочек
543637,Товары для новорожденных и маленьких детей,Товары для кормпления детей,Соски и вкладыши для детских бутылочек,Антиколиковые клапаны для детских бутылочек
5843,Товары для новорожденных и маленьких детей,Товары для кормпления детей,Покрывала для кормления грудью
6950,Товары для новорожденных и маленьких детей,Товары для кормпления детей,Детские кружки-непроливайки
7234,Товары для новорожденных и маленьких детей,Товары для кормпления детей,Контейнеры для хранения грудного молока
8075,Товары для новорожденных и маленьких детей,Товары для кормпления детей,Наволочки для кормления грудью
503762,Товары для новорожденных и маленьких детей,Товары для кормпления детей,Накладки для сосков и вкладыши в бюстгальтеры
505366,Товары для новорожденных и маленьких детей,Товары для кормпления детей,Принадлежности для молокоотсосов
2764,Товары для новорожденных и маленьких детей,Средства для перевозки детей
538,Товары для новорожденных и маленьких детей,Средства для перевозки детей,Сумки-кенгуру
547,Товары для новорожденных и маленьких детей,Средства для перевозки детей,Детские автокресла
568,Товары для новорожденных и маленьких детей,Средства для перевозки детей,Детские коляски
2847,Товары для новорожденных и маленьких детей,Детские игрушки
539,Товары для новорожденных и маленьких детей,Детские игрушки,Детские манежи
555,Товары для новорожденных и маленьких детей,Детские игрушки,Детские кресла-качалки
560,Товары для новорожденных и маленьких детей,Детские игрушки,Детские прыгунки и качели
1241,Товары для новорожденных и маленьких детей,Детские игрушки,Ходунки
1242,Товары для новорожденных и маленьких детей,Детские игрушки,Детские мобили
1243,Товары для новорожденных и маленьких детей,Детские игрушки,Детские коврики
543612,Товары для новорожденных и маленьких детей,Детские игрушки,Детские коврики,Детские игровые коврики
543613,Товары для новорожденных и маленьких детей,Детские игрушки,Детские коврики,Детские развивающие коврики
1244,Товары для новорожденных и маленьких детей,Детские игрушки,Погремушки
3459,Товары для новорожденных и маленьких детей,Детские игрушки,Игрушки-каталки
3661,Товары для новорожденных и маленьких детей,Детские игрушки,Игрушки для изучения алфавита
3860,Товары для новорожденных и маленьких детей,Детские игрушки,Моторные детские игрушки
7191,Товары для новорожденных и маленьких детей,Детские игрушки,Принадлежности для детских мобилей
7198,Товары для новорожденных и маленьких детей,Детские игрушки,Развивающие игрушки для младенцев
7360,Товары для новорожденных и маленьких детей,Детские игрушки,Соски
4386,Товары для новорожденных и маленьких детей,Принадлежности изделий для перевозки детей
4387,Товары для новорожденных и маленьких детей,Принадлежности изделий для перевозки детей,Принадлежности для детских колясок
4486,Товары для новорожденных и маленьких детей,Принадлежности изделий для перевозки детей,Принадлежности для детских автокресел
4916,Товары для новорожденных и маленьких детей,Принадлежности изделий для перевозки детей,Принадлежности для рюкзаков-переносок
5845,Товары для новорожденных и маленьких детей,Принадлежности изделий для перевозки детей,Детские сиденья для торговых тележек и стульчиков для кормления
8537,Товары для новорожденных и маленьких детей,Принадлежности изделий для перевозки детей,Прогулочные пеленки и мешки для детей
4678,Товары для новорожденных и маленьких детей,Товары для купания детей
4679,Товары для новорожденных и маленьких детей,Товары для купания детей,Детские ванночки и сидения для ванн
7082,Товары для новорожденных и маленьких детей,Товары для купания детей,Детские козырьки для душа
5252,Товары для новорожденных и маленьких детей,Товары для здоровья младенцев
566,Товары для новорожденных и маленьких детей,Товары для здоровья младенцев,Соски-пустышки и зубные кольца
5253,Товары для новорожденных и маленьких детей,Товары для здоровья младенцев,Носовые  аспираторы
6290,Товары для новорожденных и маленьких детей,Товары для здоровья младенцев,Наборы для ухода за детьми
7016,Товары для новорожденных и маленьких детей,Товары для здоровья младенцев,Держатели и зажимы для сосок
7309,Товары для новорожденных и маленьких детей,Товары для здоровья младенцев,Салфетки для сосок
5859,Товары для новорожденных и маленьких детей,Наборы подарков для младенцев
6899,Товары для новорожденных и маленьких детей,Одеяла для пеленания
543664,Товары для новорожденных и маленьких детей,Одеяла для пеленания,Одеяла для новорожденных
543665,Товары для новорожденных и маленьких детей,Одеяла для пеленания,Пеленальные одеяла
6952,Товары для новорожденных и маленьких детей,Товары для приучения к горшку
552,Товары для новорожденных и маленьких детей,Товары для приучения к горшку,Детские горшки
6953,Товары для новорожденных и маленьких детей,Товары для приучения к горшку,Наборы для приучения к горшку
632,Оборудование и технические изделия
115,Оборудование и технические изделия,Строительные материалы
119,Оборудование и технические изделия,Строительные материалы,Двери
4468,Оборудование и технические изделия,Строительные материалы,Двери,Двери для гаража
4634,Оборудование и технические изделия,Строительные материалы,Двери,Двери для дома
120,Оборудование и технические изделия,Строительные материалы,Стекло
122,Оборудование и технические изделия,Строительные материалы,Изоляция
123,Оборудование и технические изделия,Строительные материалы,Материалы для кровли
121,Оборудование и технические изделия,Строительные материалы,Материалы для кровли,Водостоки
2008,Оборудование и технические изделия,Строительные материалы,Материалы для кровли,Системы водоотведения для крыш
4544,Оборудование и технические изделия,Строительные материалы,Материалы для кровли,Принадлежности для водостоков
8270,Оборудование и технические изделия,Строительные материалы,Материалы для кровли,Кровельный гонт и черепица
124,Оборудование и технические изделия,Строительные материалы,Окна
125,Оборудование и технические изделия,Строительные материалы,Древесина
2030,Оборудование и технические изделия,Строительные материалы,Люки
2729,Оборудование и технические изделия,Строительные материалы,Кухонные столешницы
2826,Оборудование и технические изделия,Строительные материалы,Напольные покрытия
6343,Оборудование и технические изделия,Строительные материалы,Дверная фурнитура
1356,Оборудование и технические изделия,Строительные материалы,Дверная фурнитура,Дверные ручки
2665,Оборудование и технические изделия,Строительные материалы,Дверная фурнитура,Дверные упоры
2795,Оборудование и технические изделия,Строительные материалы,Дверная фурнитура,Дверные молотки
2972,Оборудование и технические изделия,Строительные материалы,Дверная фурнитура,Дверные звонки
6446,Оборудование и технические изделия,Строительные материалы,Дверная фурнитура,Доводчики
6458,Оборудование и технические изделия,Строительные материалы,Дверная фурнитура,Электромеханические защелки
99338,Оборудование и технические изделия,Строительные материалы,Дверная фурнитура,Накладки на замочные скважины для дверей
499970,Оборудование и технические изделия,Строительные материалы,Дверная фурнитура,Металлические листы для защиты дверей
503727,Оборудование и технические изделия,Строительные материалы,Дверная фурнитура,Дверные рамы
6943,Оборудование и технические изделия,Строительные материалы,Ставни
7004,Оборудование и технические изделия,Строительные материалы,Лестничные марши
7053,Оборудование и технические изделия,Строительные материалы,Панели для стен
7112,Оборудование и технические изделия,Строительные материалы,Отделочные материалы
7136,Оборудование и технические изделия,Строительные материалы,Настенная и потолочная плитка
7439,Оборудование и технические изделия,Строительные материалы,Звукоизоляционные панели и покрытия
499772,Оборудование и технические изделия,Строительные материалы,Оконная фурнитура
499773,Оборудование и технические изделия,Строительные материалы,Оконная фурнитура,Оконные рукоятки
503728,Оборудование и технические изделия,Строительные материалы,Оконная фурнитура,Оконные рамы
499949,Оборудование и технические изделия,Строительные материалы,Перила и поручни
503775,Оборудование и технические изделия,Строительные материалы,Сайдинг
503776,Оборудование и технические изделия,Строительные материалы,Гипсокартон
503777,Оборудование и технические изделия,Строительные материалы,Арматура и железная сетка
505300,Оборудование и технические изделия,Строительные материалы,Материалы для уплотнения швов и утепления
127,Оборудование и технические изделия,Товары для систем электроснабжения
1218,Оборудование и технические изделия,Товары для систем электроснабжения,Генераторы
1869,Оборудование и технические изделия,Товары для систем электроснабжения,Разъёмы и розетки электропитания
2006,Оборудование и технические изделия,Товары для систем электроснабжения,Электрические распределительные коробки и кронштейны
2028,Оборудование и технические изделия,Товары для систем электроснабжения,"Телефонные, сетевые и мультимедйные розетки"
2274,Оборудование и технические изделия,Товары для систем электроснабжения,Соединительные изолирующие зажимы
2345,Оборудование и технические изделия,Товары для систем электроснабжения,Электрические провода и кабели
2377,Оборудование и технические изделия,Товары для систем электроснабжения,Рамки и крышки для электрических розеток и выключателей
2413,Оборудование и технические изделия,Товары для систем электроснабжения,Наборы для автоматизации дома
4709,Оборудование и технические изделия,Товары для систем электроснабжения,Принадлежности для генераторов
4714,Оборудование и технические изделия,Товары для систем электроснабжения,Солнечные панели
4715,Оборудование и технические изделия,Товары для систем электроснабжения,Комплекты солнечного электроснабжения
4789,Оборудование и технические изделия,Товары для систем электроснабжения,Удлинители
5142,Оборудование и технические изделия,Товары для систем электроснабжения,Инверторы
5533,Оборудование и технические изделия,Товары для систем электроснабжения,Преобразователи питания
5627,Оборудование и технические изделия,Товары для систем электроснабжения,Колпачки для электрических вилок
6375,Оборудование и технические изделия,Товары для систем электроснабжения,Принадлежности для удлинителей
6459,Оборудование и технические изделия,Товары для систем электроснабжения,Электровыключатели
1935,Оборудование и технические изделия,Товары для систем электроснабжения,Электровыключатели,Выключатели
499932,Оборудование и технические изделия,Товары для систем электроснабжения,Электровыключатели,Специализированные выключатели
6807,Оборудование и технические изделия,Товары для систем электроснабжения,Электрические щиты
6833,Оборудование и технические изделия,Товары для систем электроснабжения,Таймеры и датчики для электрических розеток
7183,Оборудование и технические изделия,Товары для систем электроснабжения,Пускорегулирующая аппаратура
7275,Оборудование и технические изделия,Товары для систем электроснабжения,Электродвигатели
499768,Оборудование и технические изделия,Товары для систем электроснабжения,Кабелепроводы и коробы
3797,Оборудование и технические изделия,Товары для систем электроснабжения,Кабелепроводы и коробы,Термоусадочные трубки
499770,Оборудование и технические изделия,Товары для систем электроснабжения,Кабелепроводы и коробы,Кабелепроводы
499893,Оборудование и технические изделия,Товары для систем электроснабжения,Угольные щётки
499966,Оборудование и технические изделия,Товары для систем электроснабжения,Разъемы питания
500049,Оборудование и технические изделия,Товары для систем электроснабжения,"Роторы, статоры, якоря"
503729,Оборудование и технические изделия,Товары для систем электроснабжения,Зажимы и соединители для проводов
505318,Оборудование и технические изделия,Товары для систем электроснабжения,Трансформаторы и регуляторы напряжения
128,Оборудование и технические изделия,Ограждения и барьеры
1352,Оборудование и технические изделия,Ограждения и барьеры,Штакетник для ограждений
1788,Оборудование и технические изделия,Ограждения и барьеры,Калитки
1919,Оборудование и технические изделия,Ограждения и барьеры,Столбы и перекладины для ограждений
499958,Оборудование и технические изделия,Ограждения и барьеры,Защитные и полицейские заграждения
502973,Оборудование и технические изделия,Ограждения и барьеры,Панели для забора
502983,Оборудование и технические изделия,Ограждения и барьеры,Принадлежности для заборов и ворот
502984,Оборудование и технические изделия,Ограждения и барьеры,Штакетник
502986,Оборудование и технические изделия,Ограждения и барьеры,Заборы и барьеры для сада
133,Оборудование и технические изделия,Товары для систем водоснабжения и канализации
1673,Оборудование и технические изделия,Товары для систем водоснабжения и канализации,Водопроводная арматура
1636,Оборудование и технические изделия,Товары для систем водоснабжения и канализации,Водопроводная арматура,Ванны
1687,Оборудование и технические изделия,Товары для систем водоснабжения и канализации,Водопроводная арматура,Раковины
2757,Оборудование и технические изделия,Товары для систем водоснабжения и канализации,Водопроводная арматура,Раковины,Кухонные и хозяйственные мойки
2886,Оборудование и технические изделия,Товары для систем водоснабжения и канализации,Водопроводная арматура,Раковины,Умывальники
2032,Оборудование и технические изделия,Товары для систем водоснабжения и канализации,Водопроводная арматура,Краны
2062,Оборудование и технические изделия,Товары для систем водоснабжения и канализации,Водопроводная арматура,Унитазы и биде
1746,Оборудование и технические изделия,Товары для систем водоснабжения и канализации,Водопроводная арматура,Унитазы и биде,Писсуары
1921,Оборудование и технические изделия,Товары для систем водоснабжения и канализации,Водопроводная арматура,Унитазы и биде,Унитазы
2376,Оборудование и технические изделия,Товары для систем водоснабжения и канализации,Водопроводная арматура,Унитазы и биде,Биде
7244,Оборудование и технические изделия,Товары для систем водоснабжения и канализации,Водопроводная арматура,Душевые кабины и комплекты для них
499999,Оборудование и технические изделия,Товары для систем водоснабжения и канализации,Водопроводная арматура,Комплекты сантехники для ванной
1723,Оборудование и технические изделия,Товары для систем водоснабжения и канализации,Оборудование для колодцев и скважин
1810,Оборудование и технические изделия,Товары для систем водоснабжения и канализации,Фитинги и крепления для труб
1694,Оборудование и технические изделия,Товары для систем водоснабжения и канализации,Фитинги и крепления для труб,Сантехнические фланцы
2068,Оборудование и технические изделия,Товары для систем водоснабжения и канализации,Фитинги и крепления для труб,Патрубки
2359,Оборудование и технические изделия,Товары для систем водоснабжения и канализации,Фитинги и крепления для труб,Разъемы для труб
2466,Оборудование и технические изделия,Товары для систем водоснабжения и канализации,Фитинги и крепления для труб,Водопроводные вентили
2611,Оборудование и технические изделия,Товары для систем водоснабжения и канализации,Фитинги и крепления для труб,Регулирующая водопроводная арматура
2634,Оборудование и технические изделия,Товары для систем водоснабжения и канализации,Фитинги и крепления для труб,Хомуты для сантехнических труб
2710,Оборудование и технические изделия,Товары для систем водоснабжения и канализации,Фитинги и крепления для труб,Переходники и втулки для труб
2909,Оборудование и технические изделия,Товары для систем водоснабжения и канализации,Фитинги и крепления для труб,Колпачки и заглушки для труб
6732,Оборудование и технические изделия,Товары для систем водоснабжения и канализации,Фитинги и крепления для труб,Сантехнические прокладки
499697,Оборудование и технические изделия,Товары для систем водоснабжения и канализации,Фитинги и крепления для труб,Скрытые балки и монтажные рамы
2203,Оборудование и технические изделия,Товары для систем водоснабжения и канализации,Сантехнические ремонтные комплекты
2216,Оборудование и технические изделия,Товары для систем водоснабжения и канализации,Водопроводные трубы
2243,Оборудование и технические изделия,Товары для систем водоснабжения и канализации,Регуляторы уровня воды
2273,Оборудование и технические изделия,Товары для систем водоснабжения и канализации,Оборудование для розлива и фильтрации воды
1390,Оборудование и технические изделия,Товары для систем водоснабжения и канализации,Оборудование для розлива и фильтрации воды,Опреснители
1952,Оборудование и технические изделия,Товары для систем водоснабжения и канализации,Оборудование для розлива и фильтрации воды,Умягчители воды
2055,Оборудование и технические изделия,Товары для систем водоснабжения и канализации,Оборудование для розлива и фильтрации воды,Встроенные фильтры для очистки воды
2171,Оборудование и технические изделия,Товары для систем водоснабжения и канализации,Оборудование для розлива и фильтрации воды,Принадлежности для фильтрации воды
2063,Оборудование и технические изделия,Товары для систем водоснабжения и канализации,Оборудование для розлива и фильтрации воды,Принадлежности для фильтрации воды,Картриджи фильтров для воды
2406,Оборудование и технические изделия,Товары для систем водоснабжения и канализации,Оборудование для розлива и фильтрации воды,Принадлежности для фильтрации воды,Корпуса фильтров для воды
2343,Оборудование и технические изделия,Товары для систем водоснабжения и канализации,Оборудование для розлива и фильтрации воды,Диспенсеры для воды
1354,Оборудование и технические изделия,Товары для систем водоснабжения и канализации,Оборудование для розлива и фильтрации воды,Диспенсеры для воды,Водоохладители
1821,Оборудование и технические изделия,Товары для систем водоснабжения и канализации,Оборудование для розлива и фильтрации воды,Диспенсеры для воды,Питьевые фонтанчики
5646,Оборудование и технические изделия,Товары для систем водоснабжения и канализации,Оборудование для розлива и фильтрации воды,Соль для умягчения воды
2570,Оборудование и технические изделия,Товары для систем водоснабжения и канализации,Сантехнические шланги и трубы
6832,Оборудование и технические изделия,Товары для систем водоснабжения и канализации,Таймеры для воды
504635,Оборудование и технические изделия,Товары для систем водоснабжения и канализации,Сантехнические принадлежности
1458,Оборудование и технические изделия,Товары для систем водоснабжения и канализации,Сантехнические принадлежности,Плиты для арматуры
1489,Оборудование и технические изделия,Товары для систем водоснабжения и канализации,Сантехнические принадлежности,Принадлежности для водопроводных кранов
8115,Оборудование и технические изделия,Товары для систем водоснабжения и канализации,Сантехнические принадлежности,Принадлежности для водопроводных кранов,Аэраторы для водопроводных кранов
8116,Оборудование и технические изделия,Товары для систем водоснабжения и канализации,Сантехнические принадлежности,Принадлежности для водопроводных кранов,Ручки для водопроводных кранов
1963,Оборудование и технические изделия,Товары для систем водоснабжения и канализации,Сантехнические принадлежности,Принадлежности для раковин
2410,Оборудование и технические изделия,Товары для систем водоснабжения и канализации,Сантехнические принадлежности,Принадлежности для раковин,Ножки для раковин
2206,Оборудование и технические изделия,Товары для систем водоснабжения и канализации,Сантехнические принадлежности,Детали для душа
581,Оборудование и технические изделия,Товары для систем водоснабжения и канализации,Сантехнические принадлежности,Детали для душа,Насадки для душа
1779,Оборудование и технические изделия,Товары для систем водоснабжения и канализации,Сантехнические принадлежности,Детали для душа,Двери и перегородки для душа
2088,Оборудование и технические изделия,Товары для систем водоснабжения и канализации,Сантехнические принадлежности,Детали для душа,Панели для душа
4728,Оборудование и технические изделия,Товары для систем водоснабжения и канализации,Сантехнические принадлежности,Детали для душа,Поддоны для душа
5048,Оборудование и технические изделия,Товары для систем водоснабжения и канализации,Сантехнические принадлежности,Детали для душа,Фильтры для душа
7130,Оборудование и технические изделия,Товары для систем водоснабжения и канализации,Сантехнические принадлежности,Детали для душа,Перегородки и стены для душа
8277,Оборудование и технические изделия,Товары для систем водоснабжения и канализации,Сантехнические принадлежности,Детали для душа,Души с электроподогревом и повышением напора воды
8320,Оборудование и технические изделия,Товары для систем водоснабжения и канализации,Сантехнические принадлежности,Детали для душа,Души и ванны с гидромассажем
504638,Оборудование и технические изделия,Товары для систем водоснабжения и канализации,Сантехнические принадлежности,Детали для душа,Держатели и смесители для душа
2691,Оборудование и технические изделия,Товары для систем водоснабжения и канализации,Сантехнические принадлежности,Принадлежности для унитазов и биде
1425,Оборудование и технические изделия,Товары для систем водоснабжения и канализации,Сантехнические принадлежности,Принадлежности для унитазов и биде,Шаровые краны и затворы
1865,Оборудование и технические изделия,Товары для систем водоснабжения и канализации,Сантехнические принадлежности,Принадлежности для унитазов и биде,Сиденья для унитазов и биде
2478,Оборудование и технические изделия,Товары для систем водоснабжения и канализации,Сантехнические принадлежности,Принадлежности для унитазов и биде,Принадлежности для унитазов
2817,Оборудование и технические изделия,Товары для систем водоснабжения и канализации,Сантехнические принадлежности,Принадлежности для унитазов и биде,Рычаги сливных бачков
5665,Оборудование и технические изделия,Товары для систем водоснабжения и канализации,Сантехнические принадлежности,Принадлежности для унитазов и биде,Смывные бачки
5666,Оборудование и технические изделия,Товары для систем водоснабжения и канализации,Сантехнические принадлежности,Принадлежности для унитазов и биде,Крышки для смывных бачков
7358,Оборудование и технические изделия,Товары для систем водоснабжения и канализации,Сантехнические принадлежности,Принадлежности для унитазов и биде,Покрытия для сидений для унитазов
7446,Оборудование и технические изделия,Товары для систем водоснабжения и канализации,Сантехнические принадлежности,Принадлежности для унитазов и биде,Покрытия для крышки унитаза
504634,Оборудование и технические изделия,Товары для систем водоснабжения и канализации,Сантехнические принадлежности,Принадлежности для унитазов и биде,Краны и распылители для биде
2996,Оборудование и технические изделия,Товары для систем водоснабжения и канализации,Сантехнические принадлежности,Принадлежности для ванн
2463,Оборудование и технические изделия,Товары для систем водоснабжения и канализации,Сантехнические принадлежности,Принадлежности для ванн,Сливы для ванн
5508,Оборудование и технические изделия,Товары для систем водоснабжения и канализации,Сантехнические принадлежности,Принадлежности для ванн,Юбки для ванн
505368,Оборудование и технические изделия,Товары для систем водоснабжения и канализации,Сантехнические принадлежности,Принадлежности для ванн,Каркасы и ножки для ванн
504636,Оборудование и технические изделия,Товары для систем водоснабжения и канализации,Сантехнические принадлежности,Стоки
504637,Оборудование и технические изделия,Товары для систем водоснабжения и канализации,Сантехнические принадлежности,Принадлежности для стоков
1319,Оборудование и технические изделия,Товары для систем водоснабжения и канализации,Сантехнические принадлежности,Принадлежности для стоков,Сантехнические трапы
1407,Оборудование и технические изделия,Товары для систем водоснабжения и канализации,Сантехнические принадлежности,Принадлежности для стоков,Дреноочистители
1514,Оборудование и технические изделия,Товары для систем водоснабжения и канализации,Сантехнические принадлежности,Принадлежности для стоков,Канализационные системы
1932,Оборудование и технические изделия,Товары для систем водоснабжения и канализации,Сантехнические принадлежности,Принадлежности для стоков,Канализационные отводы
2170,Оборудование и технические изделия,Товары для систем водоснабжения и канализации,Сантехнические принадлежности,Принадлежности для стоков,Сточный водопровод
2257,Оборудование и технические изделия,Товары для систем водоснабжения и канализации,Сантехнические принадлежности,Принадлежности для стоков,Канализационные трубы
2851,Оборудование и технические изделия,Товары для систем водоснабжения и канализации,Сантехнические принадлежности,Принадлежности для стоков,Сантехнические заглушки и фильтры
1167,Оборудование и технические изделия,Инструменты
126,Оборудование и технические изделия,Инструменты,Ручные тележки
130,Оборудование и технические изделия,Инструменты,Лестницы и строительные леса
635,Оборудование и технические изделия,Инструменты,Лестницы и строительные леса,Табуреты-стремянки
1809,Оборудование и технические изделия,Инструменты,Лестницы и строительные леса,Рабочие помосты
1866,Оборудование и технические изделия,Инструменты,Лестницы и строительные леса,Строительные леса
2416,Оборудование и технические изделия,Инструменты,Лестницы и строительные леса,Передвижные стремянки
6928,Оборудование и технические изделия,Инструменты,Лестницы и строительные леса,Лестницы
338,Оборудование и технические изделия,Инструменты,Фонари
2454,Оборудование и технические изделия,Инструменты,Фонари,Налобные фонари
543689,Оборудование и технические изделия,Инструменты,Фонари,Фонарики
1169,Оборудование и технические изделия,Инструменты,Наковальни
1171,Оборудование и технические изделия,Инструменты,Топоры
1174,Оборудование и технические изделия,Инструменты,Инструменты для резьбы
1179,Оборудование и технические изделия,Инструменты,Монтировки
1180,Оборудование и технические изделия,Инструменты,Режущие инструменты
1181,Оборудование и технические изделия,Инструменты,Режущие инструменты,Болторезы
1182,Оборудование и технические изделия,Инструменты,Режущие инструменты,Стеклорезы
1454,Оборудование и технические изделия,Инструменты,Режущие инструменты,Ручные ножницы и вырубные машины по металлу
1824,Оборудование и технические изделия,Инструменты,Режущие инструменты,Пруткорезы
2080,Оборудование и технические изделия,Инструменты,Режущие инструменты,Труборезы
2411,Оборудование и технические изделия,Инструменты,Режущие инструменты,Универсальные ножи
2726,Оборудование и технические изделия,Инструменты,Режущие инструменты,Станки для резки плитки и черепицы
7562,Оборудование и технические изделия,Инструменты,Режущие инструменты,Бокорезы
1184,Оборудование и технические изделия,Инструменты,Метчики
1185,Оборудование и технические изделия,Инструменты,Зажимы
1186,Оборудование и технические изделия,Инструменты,Молотки
2208,Оборудование и технические изделия,Инструменты,Молотки,Ручные молотки
505364,Оборудование и технические изделия,Инструменты,Молотки,Механические молотки
1187,Оборудование и технические изделия,Инструменты,Рубанки
1188,Оборудование и технические изделия,Инструменты,Шлифовальные станки
1193,Оборудование и технические изделия,Инструменты,Инструменты для каменной кладки
1450,Оборудование и технические изделия,Инструменты,Инструменты для каменной кладки,Расшивки
1555,Оборудование и технические изделия,Инструменты,Инструменты для каменной кладки,Конструктивная арматура
1668,Оборудование и технические изделия,Инструменты,Инструменты для каменной кладки,Инструменты для кирпичной кладки
1799,Оборудование и технические изделия,Инструменты,Инструменты для каменной кладки,Шлифовальные машины
2181,Оборудование и технические изделия,Инструменты,Инструменты для каменной кладки,Кельмы
2305,Оборудование и технические изделия,Инструменты,Инструменты для каменной кладки,Бетономешалки
2337,Оборудование и технические изделия,Инструменты,Инструменты для каменной кладки,Мастерки
4132,Оборудование и технические изделия,Инструменты,Инструменты для каменной кладки,Затирочные машины
7484,Оборудование и технические изделия,Инструменты,Инструменты для каменной кладки,Губки для раствора
1194,Оборудование и технические изделия,Инструменты,Гвоздодёры
1195,Оборудование и технические изделия,Инструменты,Гайковерты
1196,Оборудование и технические изделия,Инструменты,Захватные устройства
1201,Оборудование и технические изделия,Инструменты,Козлы для пилки дров
1202,Оборудование и технические изделия,Инструменты,Штапели и скребки
1203,Оборудование и технические изделия,Инструменты,Отвертки
1206,Оборудование и технические изделия,Инструменты,Гвоздезабивные устройства и степлеры
1215,Оборудование и технические изделия,Инструменты,Инструменты для заделки швов
1217,Оборудование и технические изделия,Инструменты,Дрели
1216,Оборудование и технические изделия,Инструменты,Дрели,Сверлильные станки
1367,Оборудование и технические изделия,Инструменты,Дрели,Буры
1465,Оборудование и технические изделия,Инструменты,Дрели,Долбежные станки
1994,Оборудование и технические изделия,Инструменты,Дрели,Пневматические дрели
2629,Оборудование и технические изделия,Инструменты,Дрели,Ручные электрические дрели
1219,Оборудование и технические изделия,Инструменты,Точильные камни
1220,Оборудование и технические изделия,Инструменты,Строительные фены
1221,Оборудование и технические изделия,Инструменты,Ударные гайковерты и отвертки
1225,Оборудование и технические изделия,Инструменты,Инструменты для шлифовки и полировки
1235,Оборудование и технические изделия,Инструменты,Пилы
3224,Оборудование и технические изделия,Инструменты,Пилы,Ручные циркулярные пилы
3494,Оборудование и технические изделия,Инструменты,Пилы,Сабельные пилы
3516,Оборудование и технические изделия,Инструменты,Пилы,Концерезные пилы
3517,Оборудование и технические изделия,Инструменты,Пилы,Зуборезные пилы
3582,Оборудование и технические изделия,Инструменты,Пилы,Ленточные пилы
3594,Оборудование и технические изделия,Инструменты,Пилы,Ручные пилы
3706,Оборудование и технические изделия,Инструменты,Пилы,Отрезные станки со столом
3725,Оборудование и технические изделия,Инструменты,Пилы,Лобзики
4633,Оборудование и технические изделия,Инструменты,Пилы,Ажурные пилы
7077,Оборудование и технические изделия,Инструменты,Пилы,Пилы для резки кирпичей и плиток
499985,Оборудование и технические изделия,Инструменты,Пилы,Форматно-обрезные станки
1236,Оборудование и технические изделия,Инструменты,Паяльники
1238,Оборудование и технические изделия,Инструменты,Сварочные горелки
1305,Оборудование и технические изделия,Инструменты,Измерительные инструменты и датчики
1191,Оборудование и технические изделия,Инструменты,Измерительные инструменты и датчики,Строительные уровни
4081,Оборудование и технические изделия,Инструменты,Измерительные инструменты и датчики,Строительные уровни,Пузырьковые уровни
4294,Оборудование и технические изделия,Инструменты,Измерительные инструменты и датчики,Строительные уровни,Нивелиры
4931,Оборудование и технические изделия,Инструменты,Измерительные инструменты и датчики,Строительные уровни,Лазерные строительные уровни
1198,Оборудование и технические изделия,Инструменты,Измерительные инструменты и датчики,Угломеры
1205,Оборудование и технические изделия,Инструменты,Измерительные инструменты и датчики,Угольники
1207,Оборудование и технические изделия,Инструменты,Измерительные инструменты и датчики,Детекторы неоднородностей
1374,Оборудование и технические изделия,Инструменты,Измерительные инструменты и датчики,Устройства для прогноза погоды
1413,Оборудование и технические изделия,Инструменты,Измерительные инструменты и датчики,Поверочные линейки
1459,Оборудование и технические изделия,Инструменты,Измерительные инструменты и датчики,Мерные ролики
1533,Оборудование и технические изделия,Инструменты,Измерительные инструменты и датчики,Мерные вилки
1539,Оборудование и технические изделия,Инструменты,Измерительные инструменты и датчики,Локаторы арматуры
1640,Оборудование и технические изделия,Инструменты,Измерительные инструменты и датчики,Контроллеры и измерители расхода
1698,Оборудование и технические изделия,Инструменты,Измерительные инструменты и датчики,Весы
1732,Оборудование и технические изделия,Инструменты,Измерительные инструменты и датчики,Измерительные приборы
1785,Оборудование и технические изделия,Инструменты,Измерительные инструменты и датчики,Зонды и локаторы
1850,Оборудование и технические изделия,Инструменты,Измерительные инструменты и датчики,Измерительные циркули
1991,Оборудование и технические изделия,Инструменты,Измерительные инструменты и датчики,Устройства для обнаружения газа
2021,Оборудование и технические изделия,Инструменты,Измерительные инструменты и датчики,Линейки
2093,Оборудование и технические изделия,Инструменты,Измерительные инструменты и датчики,Термоэлементы
2192,Оборудование и технические изделия,Инструменты,Измерительные инструменты и датчики,Штангенциркули
2330,Оборудование и технические изделия,Инструменты,Измерительные инструменты и датчики,Правила для ножей
2481,Оборудование и технические изделия,Инструменты,Измерительные инструменты и датчики,Мерные ленты
3602,Оборудование и технические изделия,Инструменты,Измерительные инструменты и датчики,Барометры
4022,Оборудование и технические изделия,Инструменты,Измерительные инструменты и датчики,Высотомеры
4074,Оборудование и технические изделия,Инструменты,Измерительные инструменты и датчики,pH-метры
4340,Оборудование и технические изделия,Инструменты,Измерительные инструменты и датчики,Теодолиты
4506,Оборудование и технические изделия,Инструменты,Измерительные инструменты и датчики,Инфракрасные термометры
4754,Оборудование и технические изделия,Инструменты,Измерительные инструменты и датчики,Гигрометры
4755,Оборудование и технические изделия,Инструменты,Измерительные инструменты и датчики,Влагомеры
4756,Оборудование и технические изделия,Инструменты,Измерительные инструменты и датчики,Сейсмометры
4757,Оборудование и технические изделия,Инструменты,Измерительные инструменты и датчики,Измерители интенсивности шума
4758,Оборудование и технические изделия,Инструменты,Измерительные инструменты и датчики,Измерители ультрафиолетового света
4759,Оборудование и технические изделия,Инструменты,Измерительные инструменты и датчики,Виброметры
5371,Оборудование и технические изделия,Инструменты,Измерительные инструменты и датчики,Счетчики Гейгера
5487,Оборудование и технические изделия,Инструменты,Измерительные инструменты и датчики,Измерители расстояния
5515,Оборудование и технические изделия,Инструменты,Измерительные инструменты и датчики,Датчики качества воздуха
6799,Оборудование и технические изделия,Инструменты,Измерительные инструменты и датчики,Тепловизоры
7394,Оборудование и технические изделия,Инструменты,Измерительные инструменты и датчики,Измерительные преобразователи
500058,Оборудование и технические изделия,Инструменты,Измерительные инструменты и датчики,Анемометры
503737,Оборудование и технические изделия,Инструменты,Измерительные инструменты и датчики,Электроизмерительные приборы
1391,Оборудование и технические изделия,Инструменты,Инструменты для снятия заусенцев
1439,Оборудование и технические изделия,Инструменты,Прямые Т-образные ключи
1469,Оборудование и технические изделия,Инструменты,Инструменты для кабеля и проволоки
1563,Оборудование и технические изделия,Инструменты,Вантузы
1584,Оборудование и технические изделия,Инструменты,Резьбонарезные станки
1603,Оборудование и технические изделия,Инструменты,Устройства для замены лампочек
1632,Оборудование и технические изделия,Инструменты,Гаечные ключи
1644,Оборудование и технические изделия,Инструменты,Точила
1663,Оборудование и технические изделия,Инструменты,Токарные станки
1667,Оборудование и технические изделия,Инструменты,Устройства для гибки труб и арматуры
1787,Оборудование и технические изделия,Инструменты,Инструменты для притирки кранов
1819,Оборудование и технические изделия,Инструменты,Расширители
1832,Оборудование и технические изделия,Инструменты,Инструменты для разметки
1841,Оборудование и технические изделия,Инструменты,Инструменты для фрезеровки
1862,Оборудование и технические изделия,Инструменты,Щётки для чистки трубопроводов
1923,Оборудование и технические изделия,Инструменты,Инструменты для формообработки
1958,Оборудование и технические изделия,Инструменты,Плоскогубцы
2015,Оборудование и технические изделия,Инструменты,Компрессоры
2053,Оборудование и технические изделия,Инструменты,Устройства для чистки труб
2077,Оборудование и технические изделия,Инструменты,Малярные инструменты
1300,Оборудование и технические изделия,Инструменты,Малярные инструменты,Малярные кисти
1699,Оборудование и технические изделия,Инструменты,Малярные инструменты,Малярные губки
1774,Оборудование и технические изделия,Инструменты,Малярные инструменты,Малярные валики
2465,Оборудование и технические изделия,Инструменты,Малярные инструменты,Краскопульты
2486,Оборудование и технические изделия,Инструменты,Малярные инструменты,Аэрографы
6556,Оборудование и технические изделия,Инструменты,Малярные инструменты,Угловые кисти
6557,Оборудование и технические изделия,Инструменты,Малярные инструменты,Поддоны для краски
499888,Оборудование и технические изделия,Инструменты,Малярные инструменты,Шейкеры для краски
505325,Оборудование и технические изделия,Инструменты,Малярные инструменты,Фильтры для краски
2198,Оборудование и технические изделия,Инструменты,Технические ножи
2456,Оборудование и технические изделия,Инструменты,Промышленные вибраторы
2792,Оборудование и технические изделия,Инструменты,Щётки для чистки дымоходов
2835,Оборудование и технические изделия,Инструменты,Тиски и струбцины
3501,Оборудование и технические изделия,Инструменты,Буры для установки столбов
3745,Оборудование и технические изделия,Инструменты,Напильники
3932,Оборудование и технические изделия,Инструменты,Мотыги и кирки
4325,Оборудование и технические изделия,Инструменты,Уплотнители
4419,Оборудование и технические изделия,Инструменты,Шлифовальные колодки
4672,Оборудование и технические изделия,Инструменты,Щётки для бетона
4919,Оборудование и технические изделия,Инструменты,Наборы инструментов
4716,Оборудование и технические изделия,Инструменты,Наборы инструментов,Наборы электрических инструментов
6965,Оборудование и технические изделия,Инструменты,Наборы инструментов,Наборы ручных инструментов
5077,Оборудование и технические изделия,Инструменты,Фрезерные станки
5587,Оборудование и технические изделия,Инструменты,Многофункциональные электрические инструменты
5592,Оборудование и технические изделия,Инструменты,Рабочее освещение
5828,Оборудование и технические изделия,Инструменты,Сливы для масляных фильтров
5873,Оборудование и технические изделия,Инструменты,Подъёмные магниты
5927,Оборудование и технические изделия,Инструменты,Горелки
6461,Оборудование и технические изделия,Инструменты,Протяжная проволока для электриков
6868,Оборудование и технические изделия,Инструменты,Строгальные станки
6938,Оборудование и технические изделия,Инструменты,Пескоструйные аппараты
7030,Оборудование и технические изделия,Инструменты,Дровоколы
7064,Оборудование и технические изделия,Инструменты,Клепальные инструменты
7065,Оборудование и технические изделия,Инструменты,Клепальные инструменты,Клепальные молотки
7066,Оборудование и технические изделия,Инструменты,Клепальные инструменты,Клепальные щипцы
7271,Оборудование и технические изделия,Инструменты,Плотницкие расшивки
7416,Оборудование и технические изделия,Инструменты,Зеркала для осмотра
7556,Оборудование и технические изделия,Инструменты,Смазочные пистолеты
499887,Оборудование и технические изделия,Инструменты,Ручные электрические мешалки
503774,Оборудование и технические изделия,Инструменты,Зажигалки и спички
505315,Оборудование и технические изделия,Инструменты,Шила и пробойники
1910,Оборудование и технические изделия,Емкости для хранения
1974,Оборудование и технические изделия,Замки и ключи
1870,Оборудование и технические изделия,Замки и ключи,Системы доступа с картой-ключом
6488,Оборудование и технические изделия,Замки и ключи,Заготовки для ключей
8067,Оборудование и технические изделия,Замки и ключи,Накладки для ключей
503730,Оборудование и технические изделия,Замки и ключи,Замки и защёлки
2878,Оборудование и технические изделия,Строительные расходные материалы
1318,Оборудование и технические изделия,Строительные расходные материалы,Катушки
1771,Оборудование и технические изделия,Строительные расходные материалы,Шарниры
1816,Оборудование и технические изделия,Строительные расходные материалы,Фильтры и экраны
1979,Оборудование и технические изделия,Строительные расходные материалы,Пылезащитные чехлы
3974,Оборудование и технические изделия,Строительные расходные материалы,Товары для хранения инструментов
2485,Оборудование и технические изделия,Строительные расходные материалы,Товары для хранения инструментов,Пояса для инструментов
3280,Оборудование и технические изделия,Строительные расходные материалы,Товары для хранения инструментов,Шкафы для инструментов
3919,Оборудование и технические изделия,Строительные расходные материалы,Товары для хранения инструментов,Верстаки
3980,Оборудование и технические изделия,Строительные расходные материалы,Товары для хранения инструментов,Ящики для инструментов
4031,Оборудование и технические изделия,Строительные расходные материалы,Товары для хранения инструментов,Футляры для инструментов
4199,Оборудование и технические изделия,Строительные расходные материалы,Товары для хранения инструментов,Катушки для садовых шлангов
6876,Оборудование и технические изделия,Строительные расходные материалы,Товары для хранения инструментов,Сумки для инструментов
500103,Оборудование и технические изделия,Строительные расходные материалы,Товары для хранения инструментов,Подложки и держатели для инструментов
4696,Оборудование и технические изделия,Строительные расходные материалы,Оборудование для шкафов
4697,Оборудование и технические изделия,Строительные расходные материалы,Оборудование для шкафов,Задние щитки для шкафов
4698,Оборудование и технические изделия,Строительные расходные материалы,Оборудование для шкафов,Защелки для шкафов
4699,Оборудование и технические изделия,Строительные расходные материалы,Оборудование для шкафов,Двери для шкафов
4700,Оборудование и технические изделия,Строительные расходные материалы,Оборудование для шкафов,Рукоятки и ручки для шкафов
232167,Оборудование и технические изделия,Строительные расходные материалы,Оборудование для шкафов,Накладки на замочные скважины для мебели
4988,Оборудование и технические изделия,Строительные расходные материалы,Брезент
6769,Оборудование и технические изделия,Строительные расходные материалы,Пневматические шланги
6770,Оборудование и технические изделия,Строительные расходные материалы,Смазочные шланги
6841,Оборудование и технические изделия,Строительные расходные материалы,Шланги для подводки газа
7086,Оборудование и технические изделия,Строительные расходные материалы,Формы для бетона
7092,Оборудование и технические изделия,Строительные расходные материалы,Кронштейны
7270,Оборудование и технические изделия,Строительные расходные материалы,Установочные шипы и штыри
7557,Оборудование и технические изделия,Строительные расходные материалы,Маркировочная и предупредительная лента
8112,Оборудование и технические изделия,Строительные расходные материалы,Земляные колышки
8113,Оборудование и технические изделия,Строительные расходные материалы,Опорные плиты для столбов
8470,Оборудование и технические изделия,Строительные расходные материалы,Направляющие для выдвижных ящиков
499933,Оборудование и технические изделия,Строительные расходные материалы,Пружины
499981,Оборудование и технические изделия,Строительные расходные материалы,Колесики
500030,Оборудование и технические изделия,Строительные расходные материалы,Чехлы для мебели и аппаратуры
500054,Оборудование и технические изделия,Строительные расходные материалы,Крепежные изделия
1508,Оборудование и технические изделия,Строительные расходные материалы,Крепежные изделия,Дюбели для гипсокартона
1739,Оборудование и технические изделия,Строительные расходные материалы,Крепежные изделия,Гайки и болты
2195,Оборудование и технические изделия,Строительные расходные материалы,Крепежные изделия,Мойки
2230,Оборудование и технические изделия,Строительные расходные материалы,Крепежные изделия,Винты-стяжки
2251,Оборудование и технические изделия,Строительные расходные материалы,Крепежные изделия,Винты
2408,Оборудование и технические изделия,Строительные расходные материалы,Крепежные изделия,Гвозди
7062,Оборудование и технические изделия,Строительные расходные материалы,Крепежные изделия,Заклепки
500055,Оборудование и технические изделия,Строительные расходные материалы,Крепежные изделия,Резьбовые шпильки
502977,Оборудование и технические изделия,Строительные расходные материалы,"Цепи, верёвки и канаты"
1492,Оборудование и технические изделия,Строительные расходные материалы,"Цепи, верёвки и канаты",Цепи
3053,Оборудование и технические изделия,Строительные расходные материалы,"Цепи, верёвки и канаты",Канаты
4469,Оборудование и технические изделия,Строительные расходные материалы,"Цепи, верёвки и канаты",Тяговые цепи
5119,Оборудование и технические изделия,Строительные расходные материалы,"Цепи, верёвки и канаты",Бечёвка
6297,Оборудование и технические изделия,Строительные расходные материалы,"Цепи, верёвки и канаты",Фиксирующие ремни
6298,Оборудование и технические изделия,Строительные расходные материалы,"Цепи, верёвки и канаты",Амортизирующие тросы
6904,Оборудование и технические изделия,Строительные расходные материалы,"Цепи, верёвки и канаты",Хозяйственная проволока
503731,Оборудование и технические изделия,Строительные расходные материалы,Формы для отливки металла
503773,Оборудование и технические изделия,Строительные расходные материалы,"Крючки, скобы и зажимы"
502978,Оборудование и технические изделия,Строительные расходные материалы,"Крючки, скобы и зажимы",Многоразовые скрутки
502992,Оборудование и технические изделия,Строительные расходные материалы,"Крючки, скобы и зажимы",Скобы
503764,Оборудование и технические изделия,Строительные расходные материалы,"Крючки, скобы и зажимы",Планки и звенья цепей
503770,Оборудование и технические изделия,Строительные расходные материалы,"Крючки, скобы и зажимы","Подъёмные крюки, зажимы и хомуты"
505320,Оборудование и технические изделия,Строительные расходные материалы,Опоры для стен
3650,Оборудование и технические изделия,Принадлежности для инструментов
2174,Оборудование и технические изделия,Принадлежности для инструментов,Лезвия для инструментов
2202,Оборудование и технические изделия,Принадлежности для инструментов,Лезвия для инструментов,Пильное полотно
505831,Оборудование и технические изделия,Принадлежности для инструментов,Лезвия для инструментов,Лезвия для скребков и ножей
2380,Оборудование и технические изделия,Принадлежности для инструментов,Строительные скобы
2447,Оборудование и технические изделия,Принадлежности для инструментов,Принадлежности для фонарей
3281,Оборудование и технические изделия,Принадлежности для инструментов,Принадлежности для паяльника
3609,Оборудование и технические изделия,Принадлежности для инструментов,Принадлежности для паяльника,Наконечники для паяльников
3629,Оборудование и технические изделия,Принадлежности для инструментов,Принадлежности для паяльника,Подставки для паяльников
3470,Оборудование и технические изделия,Принадлежности для инструментов,Принадлежности для формообработки
3210,Оборудование и технические изделия,Принадлежности для инструментов,Принадлежности для формообработки,Фрезы
3744,Оборудование и технические изделия,Принадлежности для инструментов,Принадлежности для фрезерования
3300,Оборудование и технические изделия,Принадлежности для инструментов,Принадлежности для фрезерования,Фрезерные столы
3673,Оборудование и технические изделия,Принадлежности для инструментов,Принадлежности для фрезерования,Фасонные фрезы
3944,Оборудование и технические изделия,Принадлежности для инструментов,Принадлежности для сверления
1540,Оборудование и технические изделия,Принадлежности для инструментов,Принадлежности для сверления,Свёрла
6378,Оборудование и технические изделия,Принадлежности для инструментов,Принадлежности для сверления,Точило для сверл
6806,Оборудование и технические изделия,Принадлежности для инструментов,Принадлежности для сверления,Кольцевые пилы
7140,Оборудование и технические изделия,Принадлежности для инструментов,Принадлежности для сверления,Удлинения сверла
8275,Оборудование и технические изделия,Принадлежности для инструментов,Принадлежности для сверления,Сверлильные стойки и направляющие
8276,Оборудование и технические изделия,Принадлежности для инструментов,Принадлежности для сверления,Сверлильные патроны
4487,Оборудование и технические изделия,Принадлежности для инструментов,Принадлежности для шлифовки
3240,Оборудование и технические изделия,Принадлежности для инструментов,Принадлежности для шлифовки,Наждачная бумага и шлифовальные губки
4658,Оборудование и технические изделия,Принадлежности для инструментов,Стеллажи для инструментов
4659,Оборудование и технические изделия,Принадлежности для инструментов,Стеллажи для инструментов,Подставки для пил
5526,Оборудование и технические изделия,Принадлежности для инструментов,Принадлежности для измерительных инструментов и датчиков
5556,Оборудование и технические изделия,Принадлежности для инструментов,Принадлежности для измерительных инструментов и датчиков,Принадлежности для газоанализаторов
5557,Оборудование и технические изделия,Принадлежности для инструментов,Принадлежности для измерительных инструментов и датчиков,Принадлежности для электроизмерительных приборов
7415,Оборудование и технические изделия,Принадлежности для инструментов,Принадлежности для измерительных инструментов и датчиков,Принадлежности для мультиметров
503007,Оборудование и технические изделия,Принадлежности для инструментов,Принадлежности для измерительных инструментов и датчиков,Принадлежности для весов
5571,Оборудование и технические изделия,Принадлежности для инструментов,Подставки для инструментов
6292,Оборудование и технические изделия,Принадлежности для инструментов,Зарядные устройства для электроинструментов
6295,Оборудование и технические изделия,Принадлежности для инструментов,Батареи для электроинструментов
6471,Оборудование и технические изделия,Принадлежности для инструментов,Принадлежности для гайковертов
6549,Оборудование и технические изделия,Принадлежности для инструментов,Принадлежности для пил
6501,Оборудование и технические изделия,Принадлежности для инструментов,Принадлежности для пил,Принадлежности для циркулярных станков
6503,Оборудование и технические изделия,Принадлежности для инструментов,Принадлежности для пил,Принадлежности для торцовочных пил
7345,Оборудование и технические изделия,Принадлежности для инструментов,Принадлежности для пил,Принадлежности для ручных циркулярных пил
7346,Оборудование и технические изделия,Принадлежности для инструментов,Принадлежности для пил,Принадлежности для струбцин
7515,Оборудование и технические изделия,Принадлежности для инструментов,Принадлежности для пил,Принадлежности для ленточных пил
6907,Оборудование и технические изделия,Принадлежности для инструментов,Струбцины
6939,Оборудование и технические изделия,Принадлежности для инструментов,Принадлежности для пескоструйных аппаратов
6940,Оборудование и технические изделия,Принадлежности для инструментов,Принадлежности для пескоструйных аппаратов,Шкафы для пескоструйных аппаратов
7019,Оборудование и технические изделия,Принадлежности для инструментов,Принадлежности для малярных инструментов
6887,Оборудование и технические изделия,Принадлежности для инструментов,Принадлежности для малярных инструментов,Принадлежности для краскопультов
7020,Оборудование и технические изделия,Принадлежности для инструментов,Принадлежности для малярных инструментов,Принадлежности для малярных валиков
328062,Оборудование и технические изделия,Принадлежности для инструментов,Принадлежности для малярных инструментов,Растворы для очистки малярных кистей
7056,Оборудование и технические изделия,Принадлежности для инструментов,Принадлежности для молотков
7055,Оборудование и технические изделия,Принадлежности для инструментов,Принадлежности для молотков,Рукоятки для молотков
7057,Оборудование и технические изделия,Принадлежности для инструментов,Принадлежности для молотков,Бойки для молотков
7087,Оборудование и технические изделия,Принадлежности для инструментов,Принадлежности для молотков,Принадлежности для пневматических молотков
7326,Оборудование и технические изделия,Принадлежности для инструментов,Принадлежности для топоров
7369,Оборудование и технические изделия,Принадлежности для инструментов,Принадлежности для топоров,Головки топоров
7370,Оборудование и технические изделия,Принадлежности для инструментов,Принадлежности для топоров,Топорища
7472,Оборудование и технические изделия,Принадлежности для инструментов,Намагничивающие и размагничивающие устройства
8117,Оборудование и технические изделия,Принадлежности для инструментов,Принадлежности для резаков
8118,Оборудование и технические изделия,Принадлежности для инструментов,Принадлежности для резаков,Пуансоны и матрицы для вырубных ножниц
8258,Оборудование и технические изделия,Принадлежности для инструментов,Стропы для инструментов
499859,Оборудование и технические изделия,Принадлежности для инструментов,Принадлежности для шлифовальных машин
499860,Оборудование и технические изделия,Принадлежности для инструментов,Принадлежности для шлифовальных машин,Шлифовальные диски и насадки
499886,Оборудование и технические изделия,Принадлежности для инструментов,Мешалки
499947,Оборудование и технические изделия,Принадлежности для инструментов,Принадлежности для сварки
505323,Оборудование и технические изделия,Принадлежности для инструментов,Принадлежности для кирок и мотыг
505324,Оборудование и технические изделия,Принадлежности для инструментов,Принадлежности для кирок и мотыг,Рукоятки для кирок и мотыг
505810,Оборудование и технические изделия,Принадлежности для инструментов,Клинья для рукояток инструментов
505812,Оборудование и технические изделия,Принадлежности для инструментов,Клинообразные инструменты
499873,Оборудование и технические изделия,"Товары для отопления, вентиляции и кондиционирования воздуха"
1519,Оборудование и технические изделия,"Товары для отопления, вентиляции и кондиционирования воздуха",Устройства управления системами ОВКВ
1897,Оборудование и технические изделия,"Товары для отопления, вентиляции и кондиционирования воздуха",Устройства управления системами ОВКВ,Термостаты
2238,Оборудование и технические изделия,"Товары для отопления, вентиляции и кондиционирования воздуха",Устройства управления системами ОВКВ,Панели управления
500043,Оборудование и технические изделия,"Товары для отопления, вентиляции и кондиционирования воздуха",Устройства управления системами ОВКВ,Регуляторы влажности воздуха
2766,Оборудование и технические изделия,"Товары для отопления, вентиляции и кондиционирования воздуха",Вентиляция и воздуховоды
499874,Оборудование и технические изделия,"Товары для отопления, вентиляции и кондиционирования воздуха",Воздуховоды
500090,Оборудование и технические изделия,"Товары для отопления, вентиляции и кондиционирования воздуха",Осушители фильтра
499982,Оборудование и технические изделия,Двигатели малого объема
500096,Оборудование и технические изделия,Насосы
500097,Оборудование и технические изделия,Насосы,Насосы для дождевателей и оросительной техники
500098,Оборудование и технические изделия,Насосы,"Насосы для бассейнов, фонтанов и прудов"
500099,Оборудование и технические изделия,Насосы,Насосы для бытовой техники
500100,Оборудование и технические изделия,Насосы,Колодезные насосы и системы
500101,Оборудование и технические изделия,Насосы,Перекачивающие насосы
500102,Оборудование и технические изделия,Насосы,Насосы для откачки сточных вод
502975,Оборудование и технические изделия,Контейнеры для топлива
503739,Оборудование и технические изделия,Расходные строительные материалы
1753,Оборудование и технические изделия,Расходные строительные материалы,Смазки
1995,Оборудование и технические изделия,Расходные строительные материалы,Припой и флюс
2212,Оборудование и технические изделия,Расходные строительные материалы,Аппаратные ленты
2277,Оборудование и технические изделия,Расходные строительные материалы,Химические вещества
1479,Оборудование и технические изделия,Расходные строительные материалы,Химические вещества,Средства для чистки дымоходов
1735,Оборудование и технические изделия,Расходные строительные материалы,Химические вещества,Нейтрализаторы кислот
1749,Оборудование и технические изделия,Расходные строительные материалы,Химические вещества,Средства для чистки канализационных систем
6191,Оборудование и технические изделия,Расходные строительные материалы,Химические вещества,Антиобледенители
6795,Оборудование и технические изделия,Расходные строительные материалы,Химические вещества,Аммиак
7470,Оборудование и технические изделия,Расходные строительные материалы,Химические вещества,Средства для чистки септических резервуаров и выгребных ям
7503,Оборудование и технические изделия,Расходные строительные материалы,Химические вещества,Средства для чистки заборов и настилов
7504,Оборудование и технические изделия,Расходные строительные материалы,Химические вещества,Средства для чистки бетона и кладки
500088,Оборудование и технические изделия,Расходные строительные материалы,Химические вещества,Жидкости для розжига
505319,Оборудование и технические изделия,Расходные строительные материалы,Химические вещества,Спреи для охлаждения электрических компонентов
503740,Оборудование и технические изделия,Расходные строительные материалы,Расходные материалы для покраски
1361,Оборудование и технические изделия,Расходные строительные материалы,Расходные материалы для покраски,Краска
1648,Оборудование и технические изделия,Расходные строительные материалы,Расходные материалы для покраски,Морилки
2058,Оборудование и технические изделия,Расходные строительные материалы,Расходные материалы для покраски,Грунты
2474,Оборудование и технические изделия,Расходные строительные материалы,Расходные материалы для покраски,Связующие вещества для краски
503738,Оборудование и технические изделия,Расходные строительные материалы,Расходные материалы для покраски,Отделочные покрытия
503741,Оборудование и технические изделия,Расходные строительные материалы,Растворители и разжижители
503742,Оборудование и технические изделия,Расходные строительные материалы,Клеи и адгезивы
503743,Оборудование и технические изделия,Расходные строительные материалы,Расходные материалы для каменной кладки
2282,Оборудование и технические изделия,Расходные строительные материалы,Расходные материалы для каменной кладки,Цемент
3031,Оборудование и технические изделия,Расходные строительные материалы,Расходные материалы для каменной кладки,"Кирпичи, камень и бетон"
499876,Оборудование и технические изделия,Расходные строительные материалы,Расходные материалы для каменной кладки,Жидкий строительный раствор
503744,Оборудование и технические изделия,Расходные строительные материалы,Защитные и герметизирующие покрытия
505305,Оборудование и технические изделия,Расходные строительные материалы,Средства для первичной обработки труб
505802,Оборудование и технические изделия,Расходные строительные материалы,Составы для ремонта стен и гипс
543575,Оборудование и технические изделия,Топливо
543576,Оборудование и технические изделия,Топливо,Керосин
543578,Оборудование и технические изделия,Топливо,Керосин,Окрашенный керосин
543579,Оборудование и технические изделия,Топливо,Керосин,Очищенный керосин
543577,Оборудование и технические изделия,Топливо,Пропан
543703,Оборудование и технические изделия,Топливо,Топливо для отопления дома
772,Товары для взрослых
773,Товары для взрослых,Эротика
774,Товары для взрослых,Эротика,Эротическая одежда
776,Товары для взрослых,Эротика,Эротика на DVD и видео
778,Товары для взрослых,Эротика,Секс-игрушки
779,Товары для взрослых,Эротика,Эротические книги
4060,Товары для взрослых,Эротика,Эротические журналы
5055,Товары для взрослых,Эротика,Эротическая пища
6040,Товары для взрослых,Эротика,Эротические игры
6536,Товары для взрослых,Эротика,Наборы для танцев на пилоне
780,Товары для взрослых,Оружие
726,Товары для взрослых,Оружие,Газовые баллончики
727,Товары для взрослых,Оружие,Электрошокеры и тазеры
782,Товары для взрослых,Оружие,Огнестрельное оружие
2214,Товары для взрослых,Оружие,Принадлежности для огнестрельного оружия и средства для ухода за ним
781,Товары для взрослых,Оружие,Принадлежности для огнестрельного оружия и средства для ухода за ним,Патроны
1783,Товары для взрослых,Оружие,Принадлежности для огнестрельного оружия и средства для ухода за ним,Кобуры для огнестрельного оружия
1806,Товары для взрослых,Оружие,Принадлежности для огнестрельного оружия и средства для ухода за ним,Рукоятки для огнестрельного оружия
1822,Товары для взрослых,Оружие,Принадлежности для огнестрельного оружия и средства для ухода за ним,Направляющие для огнестрельного оружия
5067,Товары для взрослых,Оружие,Принадлежности для огнестрельного оружия и средства для ухода за ним,Целеуказатели для ружья
499853,Товары для взрослых,Оружие,Принадлежности для огнестрельного оружия и средства для ухода за ним,Ремни для огнестрельного оружия
500048,Товары для взрослых,Оружие,Принадлежности для огнестрельного оружия и средства для ухода за ним,"Чехлы, кейсы и сумки для оружия"
503021,Товары для взрослых,Оружие,Принадлежности для огнестрельного оружия и средства для ухода за ним,Принадлежности для чистки огнестрельного оружия
499854,Товары для взрослых,Оружие,Принадлежности для огнестрельного оружия и средства для ухода за ним,Принадлежности для чистки огнестрельного оружия,Растворители для чистки огнестрельного оружия
499855,Товары для взрослых,Оружие,Принадлежности для огнестрельного оружия и средства для ухода за ним,Принадлежности для чистки огнестрельного оружия,Ветошь для чистки огнестрельного оружия
499856,Товары для взрослых,Оружие,Принадлежности для огнестрельного оружия и средства для ухода за ним,Принадлежности для чистки огнестрельного оружия,Тампоны для чистки огнестрельного оружия
503026,Товары для взрослых,Оружие,Принадлежности для огнестрельного оружия и средства для ухода за ним,Оборудование и материалы для перезарядки патронов
499857,Товары для взрослых,Оружие,Принадлежности для огнестрельного оружия и средства для ухода за ним,Оборудование и материалы для перезарядки патронов,Станки для перезарядки патронов
505762,Товары для взрослых,Оружие,Принадлежности для огнестрельного оружия и средства для ухода за ним,Кейсы и держатели для патронов
3092,Товары для взрослых,Оружие,Нунчаки
3437,Товары для взрослых,Оружие,Плетки
3666,Товары для взрослых,Оружие,Мечи
3694,Товары для взрослых,Оружие,Метательные звездочки
3833,Товары для взрослых,Оружие,Кастеты
3924,Товары для взрослых,Оружие,Дубинки и палки
6109,Товары для взрослых,Оружие,Боевые ножи
7175,Товары для взрослых,Оружие,Копья
7567,Товары для взрослых,Оружие,Дубинки
783,Средства информации
784,Средства информации,Книги
543541,Средства информации,Книги,Аудиокниги
543542,Средства информации,Книги,Книги в цифровом формате
543543,Средства информации,Книги,Печатные книги
839,Средства информации,DVD и видео
543527,Средства информации,DVD и видео,Фильмы и телешоу на DVD
543528,Средства информации,DVD и видео,Фильмы и телешоу на видеокассетах
543529,Средства информации,DVD и видео,Скачиваемые фильмы и телешоу
855,Средства информации,Музыкальные товары и звукозаписи
543522,Средства информации,Музыкальные товары и звукозаписи,Музыкальные компакт-диски
543523,Средства информации,Музыкальные товары и звукозаписи,Записи и долгоиграющие пластинки
543524,Средства информации,Музыкальные товары и звукозаписи,Аудиокассеты
543525,Средства информации,Музыкальные товары и звукозаписи,Записи озвученного текста и полевые записи
543526,Средства информации,Музыкальные товары и звукозаписи,Скачиваемая музыка
886,Средства информации,Журналы и газеты
543539,Средства информации,Журналы и газеты,Журналы
543540,Средства информации,Журналы и газеты,Газеты
887,Средства информации,Ноты
5037,Средства информации,Пособия и руководства
5038,Средства информации,Пособия и руководства,Руководства по эксплуатации электроники
5039,Средства информации,Пособия и руководства,Руководства по эксплуатации бытовых электроприборов
5040,Средства информации,Пособия и руководства,Руководства по эксплуатации кухонного оборудования
5041,Средства информации,Пособия и руководства,Руководства по обслуживанию автомобилей
5860,Средства информации,Пособия и руководства,Руководства к приборам и игрушкам
5861,Средства информации,Пособия и руководства,Руководства для тренажеров и оборудования для фитнеса
7516,Средства информации,Пособия и руководства,Руководства для электрических инструментов и оборудования
499821,Средства информации,Пособия и руководства,Руководства для фотоаппаратов и оптических устройств
499866,Средства информации,Пособия и руководства,Руководства для офисного оборудования
499995,Средства информации,Столярные чертежи
888,Транспортные средства и запчасти
5613,Транспортные средства и запчасти,Автомобильные детали и принадлежности
899,Транспортные средства и запчасти,Автомобильные детали и принадлежности,Автомобильные запчасти
908,Транспортные средства и запчасти,Автомобильные детали и принадлежности,Автомобильные запчасти,Автомобильные выхлопные системы
2534,Транспортные средства и запчасти,Автомобильные детали и принадлежности,Автомобильные запчасти,Детали и принадлежности для окон автомобилей
2550,Транспортные средства и запчасти,Автомобильные детали и принадлежности,Автомобильные запчасти,Автомобильные системы циркуляции масла
2641,Транспортные средства и запчасти,Автомобильные детали и принадлежности,Автомобильные запчасти,Детали автомобильной трансмиссии
2642,Транспортные средства и запчасти,Автомобильные детали и принадлежности,Автомобильные запчасти,Автомобильные зеркала
2727,Транспортные средства и запчасти,Автомобильные детали и принадлежности,Автомобильные запчасти,Автомобильные топливные системы
2805,Транспортные средства и запчасти,Автомобильные детали и принадлежности,Автомобильные запчасти,Автомобильные системы климат-контроля
2820,Транспортные средства и запчасти,Автомобильные детали и принадлежности,Автомобильные запчасти,Детали автомобильных двигателей
2935,Транспортные средства и запчасти,Автомобильные детали и принадлежности,Автомобильные запчасти,Детали автомобильной подвески
2977,Транспортные средства и запчасти,Автомобильные детали и принадлежности,Автомобильные запчасти,Тормозные системы для автомобилей
3020,Транспортные средства и запчасти,Автомобильные детали и принадлежности,Автомобильные запчасти,Автомобильные колёсные системы
911,Транспортные средства и запчасти,Автомобильные детали и принадлежности,Автомобильные запчасти,Автомобильные колёсные системы,Шины для автомобилей
6091,Транспортные средства и запчасти,Автомобильные детали и принадлежности,Автомобильные запчасти,Автомобильные колёсные системы,Шины для автомобилей,Шины для мотоциклов
6093,Транспортные средства и запчасти,Автомобильные детали и принадлежности,Автомобильные запчасти,Автомобильные колёсные системы,Шины для автомобилей,Автомобильные шины
7252,Транспортные средства и запчасти,Автомобильные детали и принадлежности,Автомобильные запчасти,Автомобильные колёсные системы,Шины для автомобилей,Шины для мотовездеходов ATV и UTV
2556,Транспортные средства и запчасти,Автомобильные детали и принадлежности,Автомобильные запчасти,Автомобильные колёсные системы,Детали для автомобильных колёс
2932,Транспортные средства и запчасти,Автомобильные детали и принадлежности,Автомобильные запчасти,Автомобильные колёсные системы,Автомобильные колёса и диски
6088,Транспортные средства и запчасти,Автомобильные детали и принадлежности,Автомобильные запчасти,Автомобильные колёсные системы,Автомобильные колёса и диски,Диски и колёса для мотоциклов
6090,Транспортные средства и запчасти,Автомобильные детали и принадлежности,Автомобильные запчасти,Автомобильные колёсные системы,Автомобильные колёса и диски,Диски и колёса для автомобилей
7253,Транспортные средства и запчасти,Автомобильные детали и принадлежности,Автомобильные запчасти,Автомобильные колёсные системы,Автомобильные колёса и диски,Диски и колеса для мотовездеходов ATV и UTV
2989,Транспортные средства и запчасти,Автомобильные детали и принадлежности,Автомобильные запчасти,Автомобильные колёсные системы,Принадлежности для автомобильных шин
3318,Транспортные средства и запчасти,Автомобильные детали и принадлежности,Автомобильные запчасти,Автомобильная светотехника
8137,Транспортные средства и запчасти,Автомобильные детали и принадлежности,Автомобильные запчасти,Автомобильные двигатели
8227,Транспортные средства и запчасти,Автомобильные детали и принадлежности,Автомобильные запчасти,Детали автомобильных рам и корпусов
8228,Транспортные средства и запчасти,Автомобильные детали и принадлежности,Автомобильные запчасти,Средства для буксировки автомобилей
8231,Транспортные средства и запчасти,Автомобильные детали и принадлежности,Автомобильные запчасти,Автомобильные силовые и электрические системы
8232,Транспортные средства и запчасти,Автомобильные детали и принадлежности,Автомобильные запчасти,Автомобильные коврики и обивка салона
8233,Транспортные средства и запчасти,Автомобильные детали и принадлежности,Автомобильные запчасти,Фурнитура для салонов автомобилей
8234,Транспортные средства и запчасти,Автомобильные детали и принадлежности,Автомобильные запчасти,Автомобильные датчики и приборы
8235,Транспортные средства и запчасти,Автомобильные детали и принадлежности,Автомобильные запчасти,Автомобильные средства управления
8238,Транспортные средства и запчасти,Автомобильные детали и принадлежности,Автомобильные запчасти,Автомобильные кресла и сиденья
913,Транспортные средства и запчасти,Автомобильные детали и принадлежности,Товары для обслуживания автомобилей и ухода за ними
2495,Транспортные средства и запчасти,Автомобильные детали и принадлежности,Товары для обслуживания автомобилей и ухода за ними,Декор для автомобилей
2248,Транспортные средства и запчасти,Автомобильные детали и принадлежности,Товары для обслуживания автомобилей и ухода за ними,Декор для автомобилей,Номерные знаки
2582,Транспортные средства и запчасти,Автомобильные детали и принадлежности,Товары для обслуживания автомобилей и ухода за ними,Декор для автомобилей,Принадлежности для приборной панели
2588,Транспортные средства и запчасти,Автомобильные детали и принадлежности,Товары для обслуживания автомобилей и ухода за ними,Декор для автомобилей,Шарики на антенны
2652,Транспортные средства и запчасти,Автомобильные детали и принадлежности,Товары для обслуживания автомобилей и ухода за ними,Декор для автомобилей,Флаги для автомобилей
2667,Транспортные средства и запчасти,Автомобильные детали и принадлежности,Товары для обслуживания автомобилей и ухода за ними,Декор для автомобилей,Наклейки на бамперы
2722,Транспортные средства и запчасти,Автомобильные детали и принадлежности,Товары для обслуживания автомобилей и ухода за ними,Декор для автомобилей,Наборы для пинстрайпа
2789,Транспортные средства и запчасти,Автомобильные детали и принадлежности,Товары для обслуживания автомобилей и ухода за ними,Декор для автомобилей,Освежители воздуха для автомобилей
5994,Транспортные средства и запчасти,Автомобильные детали и принадлежности,Товары для обслуживания автомобилей и ухода за ними,Декор для автомобилей,Рамки для номерных знаков
5995,Транспортные средства и запчасти,Автомобильные детали и принадлежности,Товары для обслуживания автомобилей и ухода за ними,Декор для автомобилей,Автомобильные эмблемы и фигурки для капота
7022,Транспортные средства и запчасти,Автомобильные детали и принадлежности,Товары для обслуживания автомобилей и ухода за ними,Декор для автомобилей,Чехлы для номерных знаков
7532,Транспортные средства и запчасти,Автомобильные детали и принадлежности,Товары для обслуживания автомобилей и ухода за ними,Декор для автомобилей,Автомобильные магниты
8142,Транспортные средства и запчасти,Автомобильные детали и принадлежности,Товары для обслуживания автомобилей и ухода за ними,Декор для автомобилей,Рукоятки автомобильных рычагов переключения передач
8145,Транспортные средства и запчасти,Автомобильные детали и принадлежности,Товары для обслуживания автомобилей и ухода за ними,Декор для автомобилей,Крышки для автомобильных сцепных устройств
8202,Транспортные средства и запчасти,Автомобильные детали и принадлежности,Товары для обслуживания автомобилей и ухода за ними,Декор для автомобилей,Декоративная оклейка автомобилей
8298,Транспортные средства и запчасти,Автомобильные детали и принадлежности,Товары для обслуживания автомобилей и ухода за ними,Декор для автомобилей,Кронштейны и держатели автомобильных номерных знаков
8463,Транспортные средства и запчасти,Автомобильные детали и принадлежности,Товары для обслуживания автомобилей и ухода за ними,Декор для автомобилей,Чехлы автомобильных рычагов переключения передач
8464,Транспортные средства и запчасти,Автомобильные детали и принадлежности,Товары для обслуживания автомобилей и ухода за ними,Декор для автомобилей,Оплетки для автомобильных рулевых колес
8469,Транспортные средства и запчасти,Автомобильные детали и принадлежности,Товары для обслуживания автомобилей и ухода за ними,Декор для автомобилей,Наборы принадлежностей для внутренней отделки салонов автомобилей
8478,Транспортные средства и запчасти,Автомобильные детали и принадлежности,Товары для обслуживания автомобилей и ухода за ними,Декор для автомобилей,Украшения для автомобильных зеркал заднего вида
2788,Транспортные средства и запчасти,Автомобильные детали и принадлежности,Товары для обслуживания автомобилей и ухода за ними,Автомобильные жидкости
2513,Транспортные средства и запчасти,Автомобильные детали и принадлежности,Товары для обслуживания автомобилей и ухода за ними,Автомобильные жидкости,Жидкость усилителя рулевого механизма
2517,Транспортные средства и запчасти,Автомобильные детали и принадлежности,Товары для обслуживания автомобилей и ухода за ними,Автомобильные жидкости,Присадки для системы охлаждения
2635,Транспортные средства и запчасти,Автомобильные детали и принадлежности,Товары для обслуживания автомобилей и ухода за ними,Автомобильные жидкости,Антифриз
2688,Транспортные средства и запчасти,Автомобильные детали и принадлежности,Товары для обслуживания автомобилей и ухода за ними,Автомобильные жидкости,Жидкость коробки передач
2719,Транспортные средства и запчасти,Автомобильные детали и принадлежности,Товары для обслуживания автомобилей и ухода за ними,Автомобильные жидкости,Очистители топливной системы
2735,Транспортные средства и запчасти,Автомобильные детали и принадлежности,Товары для обслуживания автомобилей и ухода за ними,Автомобильные жидкости,Трансмиссионное масло
2770,Транспортные средства и запчасти,Автомобильные детали и принадлежности,Товары для обслуживания автомобилей и ухода за ними,Автомобильные жидкости,Добавки для автомобилей
2881,Транспортные средства и запчасти,Автомобильные детали и принадлежности,Товары для обслуживания автомобилей и ухода за ними,Автомобильные жидкости,Обезжириватели двигателя
2916,Транспортные средства и запчасти,Автомобильные детали и принадлежности,Товары для обслуживания автомобилей и ухода за ними,Автомобильные жидкости,Жидкость гидромуфты
2943,Транспортные средства и запчасти,Автомобильные детали и принадлежности,Товары для обслуживания автомобилей и ухода за ними,Автомобильные жидкости,Стеклоомывающая жидкость
3044,Транспортные средства и запчасти,Автомобильные детали и принадлежности,Товары для обслуживания автомобилей и ухода за ними,Автомобильные жидкости,Масла для автомобильных двигателей
3051,Транспортные средства и запчасти,Автомобильные детали и принадлежности,Товары для обслуживания автомобилей и ухода за ними,Автомобильные жидкости,Тормозная жидкость
2895,Транспортные средства и запчасти,Автомобильные детали и принадлежности,Товары для обслуживания автомобилей и ухода за ними,Средства для чистки автомобилей
2590,Транспортные средства и запчасти,Автомобильные детали и принадлежности,Товары для обслуживания автомобилей и ухода за ними,Средства для чистки автомобилей,Растворы для мытья машины
2643,Транспортные средства и запчасти,Автомобильные детали и принадлежности,Товары для обслуживания автомобилей и ухода за ними,Средства для чистки автомобилей,"Воск, полировка, средства защиты"
2704,Транспортные средства и запчасти,Автомобильные детали и принадлежности,Товары для обслуживания автомобилей и ухода за ними,Средства для чистки автомобилей,Очистители ковров и обивки салона
2846,Транспортные средства и запчасти,Автомобильные детали и принадлежности,Товары для обслуживания автомобилей и ухода за ними,Средства для чистки автомобилей,Очистители для автомобильных стекол
2894,Транспортные средства и запчасти,Автомобильные детали и принадлежности,Товары для обслуживания автомобилей и ухода за ними,Средства для чистки автомобилей,Щетки для мытья машины
499766,Транспортные средства и запчасти,Автомобильные детали и принадлежности,Товары для обслуживания автомобилей и ухода за ними,Средства для чистки автомобилей,Наборы для очистки автомобильных систем впрыска топлива
3436,Транспортные средства и запчасти,Автомобильные детали и принадлежности,Товары для обслуживания автомобилей и ухода за ними,Автомобильные чехлы
2494,Транспортные средства и запчасти,Автомобильные детали и принадлежности,Товары для обслуживания автомобилей и ухода за ними,Автомобильные чехлы,Жёсткий верх
7031,Транспортные средства и запчасти,Автомобильные детали и принадлежности,Товары для обслуживания автомобилей и ухода за ними,Автомобильные чехлы,Откидной верх
8306,Транспортные средства и запчасти,Автомобильные детали и принадлежности,Товары для обслуживания автомобилей и ухода за ними,Автомобильные чехлы,Ветровые экраны для машинок для гольфа
8308,Транспортные средства и запчасти,Автомобильные детали и принадлежности,Товары для обслуживания автомобилей и ухода за ними,Автомобильные чехлы,Крышки и шторки багажных отсеков
8309,Транспортные средства и запчасти,Автомобильные детали и принадлежности,Товары для обслуживания автомобилей и ухода за ними,Автомобильные чехлы,Чехлы для хранения транспортных средств
8310,Транспортные средства и запчасти,Автомобильные детали и принадлежности,Товары для обслуживания автомобилей и ухода за ними,Автомобильные чехлы,Чехлы для хранения транспортных средств,Чехлы для хранения автомобилей
8311,Транспортные средства и запчасти,Автомобильные детали и принадлежности,Товары для обслуживания автомобилей и ухода за ними,Автомобильные чехлы,Чехлы для хранения транспортных средств,Чехлы для хранения жилых автофургонов
8312,Транспортные средства и запчасти,Автомобильные детали и принадлежности,Товары для обслуживания автомобилей и ухода за ними,Автомобильные чехлы,Чехлы для хранения транспортных средств,Чехлы для хранения судов
8313,Транспортные средства и запчасти,Автомобильные детали и принадлежности,Товары для обслуживания автомобилей и ухода за ними,Автомобильные чехлы,Чехлы для хранения транспортных средств,Чехлы для хранения мотоциклов
8314,Транспортные средства и запчасти,Автомобильные детали и принадлежности,Товары для обслуживания автомобилей и ухода за ними,Автомобильные чехлы,Чехлы для хранения транспортных средств,Чехлы для хранения машинок для гольфа
8316,Транспортные средства и запчасти,Автомобильные детали и принадлежности,Товары для обслуживания автомобилей и ухода за ними,Автомобильные чехлы,Чехлы для ветровых стекол автомобилей
3812,Транспортные средства и запчасти,Автомобильные детали и принадлежности,Товары для обслуживания автомобилей и ухода за ними,Краска для автомобилей
8144,Транспортные средства и запчасти,Автомобильные детали и принадлежности,Товары для обслуживания автомобилей и ухода за ними,Краска для автомобилей,Краски для суппортов автомобильных тормозов
8450,Транспортные средства и запчасти,Автомобильные детали и принадлежности,Товары для обслуживания автомобилей и ухода за ними,Краска для автомобилей,Краски для автомобильных кузовов
8236,Транспортные средства и запчасти,Автомобильные детали и принадлежности,Товары для обслуживания автомобилей и ухода за ними,Инструменты для ремонта автомобилей
2647,Транспортные средства и запчасти,Автомобильные детали и принадлежности,Товары для обслуживания автомобилей и ухода за ними,Инструменты для ремонта автомобилей,Ремкомплекты для ветрового стекла
3326,Транспортные средства и запчасти,Автомобильные детали и принадлежности,Товары для обслуживания автомобилей и ухода за ними,Инструменты для ремонта автомобилей,Провода для запуска двигателя от внешнего источника
5068,Транспортные средства и запчасти,Автомобильные детали и принадлежности,Товары для обслуживания автомобилей и ухода за ними,Инструменты для ремонта автомобилей,Автомобильные пусковые устройства
6482,Транспортные средства и запчасти,Автомобильные детали и принадлежности,Товары для обслуживания автомобилей и ухода за ними,Инструменты для ремонта автомобилей,Автомобильные диагностические сканеры
7414,Транспортные средства и запчасти,Автомобильные детали и принадлежности,Товары для обслуживания автомобилей и ухода за ними,Инструменты для ремонта автомобилей,Зарядные устройства для электромобилей
8259,Транспортные средства и запчасти,Автомобильные детали и принадлежности,Товары для обслуживания автомобилей и ухода за ними,Инструменты для ремонта автомобилей,Инструменты для регулировки и демонтажа автомобильных сцеплений
8260,Транспортные средства и запчасти,Автомобильные детали и принадлежности,Товары для обслуживания автомобилей и ухода за ними,Инструменты для ремонта автомобилей,Наборы для обслуживания автомобильных тормозов
8261,Транспортные средства и запчасти,Автомобильные детали и принадлежности,Товары для обслуживания автомобилей и ухода за ними,Инструменты для ремонта автомобилей,Инструменты для ремонта и замены автомобильных шин
499774,Транспортные средства и запчасти,Автомобильные детали и принадлежности,Товары для обслуживания автомобилей и ухода за ними,Инструменты для ремонта автомобилей,Автомобильные кузовные шпатлевки
499929,Транспортные средства и запчасти,Автомобильные детали и принадлежности,Товары для обслуживания автомобилей и ухода за ними,Инструменты для ремонта автомобилей,Тестеры аккумулятора
8534,Транспортные средства и запчасти,Автомобильные детали и принадлежности,Товары для обслуживания автомобилей и ухода за ними,Переносные канистры для топлива
3391,Транспортные средства и запчасти,Автомобильные детали и принадлежности,Судовые детали и принадлежности
1122,Транспортные средства и запчасти,Автомобильные детали и принадлежности,Судовые детали и принадлежности,Товары для ухода за судами
3866,Транспортные средства и запчасти,Автомобильные детали и принадлежности,Судовые детали и принадлежности,Товары для ухода за судами,Средства для чистки судов
3955,Транспортные средства и запчасти,Автомобильные детали и принадлежности,Судовые детали и принадлежности,Товары для ухода за судами,Средства для полировки судов
1125,Транспортные средства и запчасти,Автомобильные детали и принадлежности,Судовые детали и принадлежности,Судовые двигатели и моторы
1132,Транспортные средства и запчасти,Автомобильные детали и принадлежности,Судовые детали и принадлежности,Детали парусных судов
3315,Транспортные средства и запчасти,Автомобильные детали и принадлежности,Судовые детали и принадлежности,Швартовка судов и постановка на якорь
3189,Транспортные средства и запчасти,Автомобильные детали и принадлежности,Судовые детали и принадлежности,Швартовка судов и постановка на якорь,Якори
3362,Транспортные средства и запчасти,Автомобильные детали и принадлежности,Судовые детали и принадлежности,Швартовка судов и постановка на якорь,Якорные канаты
3452,Транспортные средства и запчасти,Автомобильные детали и принадлежности,Судовые детали и принадлежности,Швартовка судов и постановка на якорь,Якорные цепи
3480,Транспортные средства и запчасти,Автомобильные детали и принадлежности,Судовые детали и принадлежности,Швартовка судов и постановка на якорь,Брашпили
3572,Транспортные средства и запчасти,Автомобильные детали и принадлежности,Судовые детали и принадлежности,Швартовка судов и постановка на якорь,Швартовые утки
3655,Транспортные средства и запчасти,Автомобильные детали и принадлежности,Судовые детали и принадлежности,Швартовка судов и постановка на якорь,Шлюпочные крюки
3718,Транспортные средства и запчасти,Автомобильные детали и принадлежности,Судовые детали и принадлежности,Швартовка судов и постановка на якорь,Судовые трапы
3899,Транспортные средства и запчасти,Автомобильные детали и принадлежности,Судовые детали и принадлежности,Швартовка судов и постановка на якорь,Причальные трапы
3400,Транспортные средства и запчасти,Автомобильные детали и принадлежности,Судовые детали и принадлежности,Судовые топливные системы
3415,Транспортные средства и запчасти,Автомобильные детали и принадлежности,Судовые детали и принадлежности,Судовые топливные системы,Судовые топливопроводы и их детали
3648,Транспортные средства и запчасти,Автомобильные детали и принадлежности,Судовые детали и принадлежности,Судовые топливные системы,Судовые топливные баки и их детали
3892,Транспортные средства и запчасти,Автомобильные детали и принадлежности,Судовые детали и принадлежности,Судовые топливные системы,Судовые топливные насосы и их детали
3968,Транспортные средства и запчасти,Автомобильные детали и принадлежности,Судовые детали и принадлежности,Судовые топливные системы,Судовые указатели уровня топлива
3606,Транспортные средства и запчасти,Автомобильные детали и принадлежности,Судовые детали и принадлежности,Детали судовых двигателей
3097,Транспортные средства и запчасти,Автомобильные детали и принадлежности,Судовые детали и принадлежности,Детали судовых двигателей,Судовые насосные колеса
3143,Транспортные средства и запчасти,Автомобильные детали и принадлежности,Судовые детали и принадлежности,Детали судовых двигателей,Судовые генераторы переменного тока
3277,Транспортные средства и запчасти,Автомобильные детали и принадлежности,Судовые детали и принадлежности,Детали судовых двигателей,Поршни для судовых двигателей и их детали
3321,Транспортные средства и запчасти,Автомобильные детали и принадлежности,Судовые детали и принадлежности,Детали судовых двигателей,Оборудование для управления судовыми двигателями
3463,Транспортные средства и запчасти,Автомобильные детали и принадлежности,Судовые детали и принадлежности,Детали судовых двигателей,Судовые карбюраторы и их детали
3507,Транспортные средства и запчасти,Автомобильные детали и принадлежности,Судовые детали и принадлежности,Детали судовых двигателей,Системы блокировки судовых двигателей
3566,Транспортные средства и запчасти,Автомобильные детали и принадлежности,Судовые детали и принадлежности,Детали судовых двигателей,Крепления для судовых двигателей
3743,Транспортные средства и запчасти,Автомобильные детали и принадлежности,Судовые детали и принадлежности,Детали судовых двигателей,Детали судовой системы зажигания
3806,Транспортные средства и запчасти,Автомобильные детали и принадлежности,Судовые детали и принадлежности,Детали судовых двигателей,Судовые гребные винты
3619,Транспортные средства и запчасти,Автомобильные детали и принадлежности,Судовые детали и принадлежности,Детали судовых выпускных систем
3232,Транспортные средства и запчасти,Автомобильные детали и принадлежности,Судовые детали и принадлежности,Детали судовых выпускных систем,Судовые коллекторы
3309,Транспортные средства и запчасти,Автомобильные детали и принадлежности,Судовые детали и принадлежности,Детали судовых выпускных систем,Глушители для судовых двигателей и их детали
3995,Транспортные средства и запчасти,Автомобильные детали и принадлежности,Судовые детали и принадлежности,Детали судовой системы рулевого управления
3308,Транспортные средства и запчасти,Автомобильные детали и принадлежности,Судовые детали и принадлежности,Детали судовой системы рулевого управления,Тросы для судовых систем рулевого управления
3663,Транспортные средства и запчасти,Автомобильные детали и принадлежности,Судовые детали и принадлежности,Детали судовой системы рулевого управления,Судовые рулевые колеса
6293,Транспортные средства и запчасти,Автомобильные детали и принадлежности,Судовые детали и принадлежности,Судовые осветительные приборы
3977,Транспортные средства и запчасти,Автомобильные детали и принадлежности,Детали и принадлежности для воздушных судов
8237,Транспортные средства и запчасти,Автомобильные детали и принадлежности,Автомобильные товары для перевозки грузов
2290,Транспортные средства и запчасти,Автомобильные детали и принадлежности,Автомобильные товары для перевозки грузов,Автомобильные органайзеры
3472,Транспортные средства и запчасти,Автомобильные детали и принадлежности,Автомобильные товары для перевозки грузов,Автомобильные конструкции для перевозки багажа
2836,Транспортные средства и запчасти,Автомобильные детали и принадлежности,Автомобильные товары для перевозки грузов,Автомобильные конструкции для перевозки багажа,Автомобильные багажники для велосипедов
4240,Транспортные средства и запчасти,Автомобильные детали и принадлежности,Автомобильные товары для перевозки грузов,Автомобильные конструкции для перевозки багажа,Автомобильные стойки для багажа
6041,Транспортные средства и запчасти,Автомобильные детали и принадлежности,Автомобильные товары для перевозки грузов,Автомобильные конструкции для перевозки багажа,Автомобильные системы крышных багажников
6042,Транспортные средства и запчасти,Автомобильные детали и принадлежности,Автомобильные товары для перевозки грузов,Автомобильные конструкции для перевозки багажа,Автомобильные багажники для плавательных досок
6043,Транспортные средства и запчасти,Автомобильные детали и принадлежности,Автомобильные товары для перевозки грузов,Автомобильные конструкции для перевозки багажа,Автомобильные багажники для лыж и сноубордов
6044,Транспортные средства и запчасти,Автомобильные детали и принадлежности,Автомобильные товары для перевозки грузов,Автомобильные конструкции для перевозки багажа,Автомобильные багажники для скутеров и мотоциклов
6046,Транспортные средства и запчасти,Автомобильные детали и принадлежности,Автомобильные товары для перевозки грузов,Автомобильные конструкции для перевозки багажа,Автомобильные багажники для удочек
6047,Транспортные средства и запчасти,Автомобильные детали и принадлежности,Автомобильные товары для перевозки грузов,Автомобильные конструкции для перевозки багажа,Автомобильные багажники для лодок
7115,Транспортные средства и запчасти,Автомобильные детали и принадлежности,Автомобильные товары для перевозки грузов,Автомобильные конструкции для перевозки багажа,Автомобильные багажники для оружия
4027,Транспортные средства и запчасти,Автомобильные детали и принадлежности,Автомобильные товары для перевозки грузов,Автомобильные прицепы
1133,Транспортные средства и запчасти,Автомобильные детали и принадлежности,Автомобильные товары для перевозки грузов,Автомобильные прицепы,Прицепы для перевозки лодок
4037,Транспортные средства и запчасти,Автомобильные детали и принадлежности,Автомобильные товары для перевозки грузов,Автомобильные прицепы,Прицепы для перевозки лошадей и домашнего скота
4044,Транспортные средства и запчасти,Автомобильные детали и принадлежности,Автомобильные товары для перевозки грузов,Автомобильные прицепы,Автомобильные грузовые прицепы
4243,Транспортные средства и запчасти,Автомобильные детали и принадлежности,Автомобильные товары для перевозки грузов,Автомобильные прицепы,Автомобильные жилые прицепы
5512,Транспортные средства и запчасти,Автомобильные детали и принадлежности,Автомобильные товары для перевозки грузов,Мотоциклетные сумки
6454,Транспортные средства и запчасти,Автомобильные детали и принадлежности,Автомобильные товары для перевозки грузов,Принадлежности для автомобильных внешних багажников
7122,Транспортные средства и запчасти,Автомобильные детали и принадлежности,Автомобильные товары для перевозки грузов,Принадлежности для автомобильных внешних багажников,Принадлежности для автомобильных багажников для велосипедов
8086,Транспортные средства и запчасти,Автомобильные детали и принадлежности,Автомобильные товары для перевозки грузов,Принадлежности для автомобильных внешних багажников,Принадлежности для автомобильных багажников для лыж и сноубордов
6744,Транспортные средства и запчасти,Автомобильные детали и принадлежности,Автомобильные товары для перевозки грузов,Автомобильные грузовые сети
8147,Транспортные средства и запчасти,Автомобильные детали и принадлежности,Автомобильные товары для перевозки грузов,Рампы для погрузки автомобилей
8378,Транспортные средства и запчасти,Автомобильные детали и принадлежности,Автомобильные товары для перевозки грузов,Ящики и органайзеры для пикапов
8475,Транспортные средства и запчасти,Автомобильные детали и принадлежности,Автомобильные товары для перевозки грузов,Вешалки и крючки для автомобильных подголовников
8301,Транспортные средства и запчасти,Автомобильные детали и принадлежности,Товары для обеспечения безопасности и защиты автомобилей
2768,Транспортные средства и запчасти,Автомобильные детали и принадлежности,Товары для обеспечения безопасности и защиты автомобилей,Автомобильные сигнализации и замки
1802,Транспортные средства и запчасти,Автомобильные детали и принадлежности,Товары для обеспечения безопасности и защиты автомобилей,Автомобильные сигнализации и замки,Автомобильные сигнализации
2699,Транспортные средства и запчасти,Автомобильные детали и принадлежности,Товары для обеспечения безопасности и защиты автомобилей,Автомобильные сигнализации и замки,Системы для дистанционного отпирания дверей
2750,Транспортные средства и запчасти,Автомобильные детали и принадлежности,Товары для обеспечения безопасности и защиты автомобилей,Автомобильные сигнализации и замки,Замки для автомобильных рулевых механизмов
3024,Транспортные средства и запчасти,Автомобильные детали и принадлежности,Товары для обеспечения безопасности и защиты автомобилей,Автомобильные сигнализации и замки,Автомобильные иммобилайзеры
6083,Транспортные средства и запчасти,Автомобильные детали и принадлежности,Товары для обеспечения безопасности и защиты автомобилей,Автомобильные сигнализации и замки,Мотосигнализации и замки
6084,Транспортные средства и запчасти,Автомобильные детали и принадлежности,Товары для обеспечения безопасности и защиты автомобилей,Автомобильные сигнализации и замки,Принадлежности для автомобильных сигнализаций
8302,Транспортные средства и запчасти,Автомобильные детали и принадлежности,Товары для обеспечения безопасности и защиты автомобилей,Автомобильные сигнализации и замки,Автомобильные дверные замки и детали для них
8303,Транспортные средства и запчасти,Автомобильные детали и принадлежности,Товары для обеспечения безопасности и защиты автомобилей,Автомобильные сигнализации и замки,Автомобильные дверные замки и детали для них,Автомобильные дверные замки и системы блокировки
8304,Транспортные средства и запчасти,Автомобильные детали и принадлежности,Товары для обеспечения безопасности и защиты автомобилей,Автомобильные сигнализации и замки,Автомобильные дверные замки и детали для них,Кнопки автомобильных дверных замков
8305,Транспортные средства и запчасти,Автомобильные детали и принадлежности,Товары для обеспечения безопасности и защиты автомобилей,Автомобильные сигнализации и замки,Автомобильные дверные замки и детали для них,Приводы автомобильных дверных замков
235921,Транспортные средства и запчасти,Автомобильные детали и принадлежности,Товары для обеспечения безопасности и защиты автомобилей,Автомобильные сигнализации и замки,Замки для автомобильных сцепных устройств
500077,Транспортные средства и запчасти,Автомобильные детали и принадлежности,Товары для обеспечения безопасности и защиты автомобилей,Автомобильные сигнализации и замки,Колесные блокираторы
2879,Транспортные средства и запчасти,Автомобильные детали и принадлежности,Товары для обеспечения безопасности и защиты автомобилей,Товары для обеспечения безопасности автомобилей
6966,Транспортные средства и запчасти,Автомобильные детали и принадлежности,Товары для обеспечения безопасности и защиты автомобилей,Товары для обеспечения безопасности автомобилей,Предупредительные флажки для транспортных средств
8445,Транспортные средства и запчасти,Автомобильные детали и принадлежности,Товары для обеспечения безопасности и защиты автомобилей,Товары для обеспечения безопасности автомобилей,Автомобильные фальшфейеры
8446,Транспортные средства и запчасти,Автомобильные детали и принадлежности,Товары для обеспечения безопасности и защиты автомобилей,Товары для обеспечения безопасности автомобилей,Автомобильные каркасы и брусья безопасности
8447,Транспортные средства и запчасти,Автомобильные детали и принадлежности,Товары для обеспечения безопасности и защиты автомобилей,Товары для обеспечения безопасности автомобилей,Оконные сетки для автомобиля
8448,Транспортные средства и запчасти,Автомобильные детали и принадлежности,Товары для обеспечения безопасности и защиты автомобилей,Товары для обеспечения безопасности автомобилей,Детали для автомобильных подушек безопасности
8449,Транспортные средства и запчасти,Автомобильные детали и принадлежности,Товары для обеспечения безопасности и защиты автомобилей,Товары для обеспечения безопасности автомобилей,Автомобильные ремни безопасности
8476,Транспортные средства и запчасти,Автомобильные детали и принадлежности,Товары для обеспечения безопасности и защиты автомобилей,Товары для обеспечения безопасности автомобилей,Ленты автомобильных ремней безопасности
8477,Транспортные средства и запчасти,Автомобильные детали и принадлежности,Товары для обеспечения безопасности и защиты автомобилей,Товары для обеспечения безопасности автомобилей,Застежки для автомобильных ремней безопасности
8506,Транспортные средства и запчасти,Автомобильные детали и принадлежности,Товары для обеспечения безопасности и защиты автомобилей,Товары для обеспечения безопасности автомобилей,Колесные башмаки для транспортных средств
326120,Транспортные средства и запчасти,Автомобильные детали и принадлежности,Товары для обеспечения безопасности и защиты автомобилей,Товары для обеспечения безопасности автомобилей,Чехлы для автомобильных ремней безопасности
5547,Транспортные средства и запчасти,Автомобильные детали и принадлежности,Товары для обеспечения безопасности и защиты автомобилей,Защитная экипировка для мотоциклистов
2110,Транспортные средства и запчасти,Автомобильные детали и принадлежности,Товары для обеспечения безопасности и защиты автомобилей,Защитная экипировка для мотоциклистов,Мотоциклетные шлемы
5106,Транспортные средства и запчасти,Автомобильные детали и принадлежности,Товары для обеспечения безопасности и защиты автомобилей,Защитная экипировка для мотоциклистов,Мотоциклетные очки
5908,Транспортные средства и запчасти,Автомобильные детали и принадлежности,Товары для обеспечения безопасности и защиты автомобилей,Защитная экипировка для мотоциклистов,Мотоциклетные перчатки
5959,Транспортные средства и запчасти,Автомобильные детали и принадлежности,Товары для обеспечения безопасности и защиты автомобилей,Защитная экипировка для мотоциклистов,Защитное оснащение для груди и спины мотоциклистов
5960,Транспортные средства и запчасти,Автомобильные детали и принадлежности,Товары для обеспечения безопасности и защиты автомобилей,Защитная экипировка для мотоциклистов,Мотоциклетные пояса для защиты почек и поясницы
5961,Транспортные средства и запчасти,Автомобильные детали и принадлежности,Товары для обеспечения безопасности и защиты автомобилей,Защитная экипировка для мотоциклистов,Мотоциклетные шейные воротники
5962,Транспортные средства и запчасти,Автомобильные детали и принадлежности,Товары для обеспечения безопасности и защиты автомобилей,Защитная экипировка для мотоциклистов,Защитное оснащение для коленей и щиколоток
5963,Транспортные средства и запчасти,Автомобильные детали и принадлежности,Товары для обеспечения безопасности и защиты автомобилей,Защитная экипировка для мотоциклистов,Защита локтей и запястий для мотоциклистов
6493,Транспортные средства и запчасти,Автомобильные детали и принадлежности,Товары для обеспечения безопасности и защиты автомобилей,Защитная экипировка для мотоциклистов,Детали и принадлежности для мотоциклетных шлемов
8507,Транспортные средства и запчасти,Автомобильные детали и принадлежности,Товары для обеспечения безопасности и защиты автомобилей,Защитная экипировка для мотоциклистов,Защита для рук на руль мотоцикла
362737,Транспортные средства и запчасти,Автомобильные детали и принадлежности,Товары для обеспечения безопасности и защиты автомобилей,Защитное оборудование для мотовездеходов ATV и UTV
362738,Транспортные средства и запчасти,Автомобильные детали и принадлежности,Товары для обеспечения безопасности и защиты автомобилей,Защитное оборудование для мотовездеходов ATV и UTV,Накладки на руль для мотовездеходов ATV и UTV
8526,Транспортные средства и запчасти,Автомобильные детали и принадлежности,Автомобильная электроника
891,Транспортные средства и запчасти,Автомобильные детали и принадлежности,Автомобильная электроника,Автомобильные усилители
894,Транспортные средства и запчасти,Автомобильные детали и принадлежности,Автомобильная электроника,Автомобильные эквалайзеры и кроссоверы
895,Транспортные средства и запчасти,Автомобильные детали и принадлежности,Автомобильная электроника,Автомобильные динамики
2833,Транспортные средства и запчасти,Автомобильные детали и принадлежности,Автомобильная электроника,Автомобильные сабвуферы
5438,Транспортные средства и запчасти,Автомобильные детали и принадлежности,Автомобильная электроника,Автомобильные кассетные проигрыватели
5525,Транспортные средства и запчасти,Автомобильные детали и принадлежности,Автомобильная электроника,Автомобильные кассетные адаптеры
5572,Транспортные средства и запчасти,Автомобильные детали и принадлежности,Автомобильная электроника,Автомобильные комплекты громкой связи
6968,Транспортные средства и запчасти,Автомобильные детали и принадлежности,Автомобильная электроника,Автомобильные парковочные камеры
8483,Транспортные средства и запчасти,Автомобильные детали и принадлежности,Автомобильная электроника,Автомобильные кронштейны для мониторов
505766,Транспортные средства и запчасти,Автомобильные детали и принадлежности,Автомобильная электроника,Автомобильные развлекательные системы
5614,Транспортные средства и запчасти,Транспортные средства
1267,Транспортные средства и запчасти,Транспортные средства,Моторные транспортные средства
916,Транспортные средства и запчасти,Транспортные средства,Моторные транспортные средства,"Легковые машины, грузовики, фургоны"
919,Транспортные средства и запчасти,Транспортные средства,Моторные транспортные средства,Мотоциклы и скутеры
920,Транспортные средства и запчасти,Транспортные средства,Моторные транспортные средства,Жилые автофургоны
3549,Транспортные средства и запчасти,Транспортные средства,Моторные транспортные средства,Снегоходы
3931,Транспортные средства и запчасти,Транспортные средства,Моторные транспортные средства,Машинки для гольфа
503031,Транспортные средства и запчасти,Транспортные средства,Моторные транспортные средства,Моторные транспортные средства повышенной проходимости
2528,Транспортные средства и запчасти,Транспортные средства,Моторные транспортные средства,Моторные транспортные средства повышенной проходимости,Багги и карты
3018,Транспортные средства и запчасти,Транспортные средства,Моторные транспортные средства,Моторные транспортные средства повышенной проходимости,Мотовездеходы ATV и UTV
3395,Транспортные средства и запчасти,Транспортные средства,Воздушные суда
3540,Транспортные средства и запчасти,Транспортные средства,Суда
1130,Транспортные средства и запчасти,Транспортные средства,Суда,Частные суда
3087,Транспортные средства и запчасти,Транспортные средства,Суда,Парусные суда
3095,Транспортные средства и запчасти,Транспортные средства,Суда,Моторные лодки
5644,Транспортные средства и запчасти,Транспортные средства,Суда,Яхты
922,Канцелярские товары
923,Канцелярские товары,Товары для хранения документов и архивов
925,Канцелярские товары,Товары для хранения документов и архивов,Коробки для хранения бумаг
926,Канцелярские товары,Товары для хранения документов и архивов,Органайзеры для CD и DVD
927,Канцелярские товары,Товары для хранения документов и архивов,"Календари, органайзеры и планировщики"
928,Канцелярские товары,Товары для хранения документов и архивов,Денежные ящики
930,Канцелярские товары,Товары для хранения документов и архивов,Папки-регистраторы
939,Канцелярские товары,Товары для хранения документов и архивов,Органайзеры для столов
3062,Канцелярские товары,Товары для хранения документов и архивов,Футляры для ручек и карандашей
4312,Канцелярские товары,Товары для хранения документов и архивов,Материалы для брошюровки
4086,Канцелярские товары,Товары для хранения документов и архивов,Материалы для брошюровки,Принадлежности для брошюровки
2139,Канцелярские товары,Товары для хранения документов и архивов,Материалы для брошюровки,Принадлежности для брошюровки,Защитные обложки для листов
4183,Канцелярские товары,Товары для хранения документов и архивов,Материалы для брошюровки,Принадлежности для брошюровки,Разделители с указателями
4212,Канцелярские товары,Товары для хранения документов и архивов,Материалы для брошюровки,Принадлежности для брошюровки,Кольца для брошюровки
4182,Канцелярские товары,Товары для хранения документов и архивов,Материалы для брошюровки,Скобы и пружины для брошюровки
4303,Канцелярские товары,Товары для хранения документов и архивов,Материалы для брошюровки,Сшиватели
7080,Канцелярские товары,Товары для хранения документов и архивов,Материалы для брошюровки,Брошюровщики
5070,Канцелярские товары,Товары для хранения документов и архивов,Органайзеры для поздравительных открыток
5531,Канцелярские товары,Товары для хранения документов и архивов,Картотеки
5997,Канцелярские товары,Товары для хранения документов и архивов,Адресные книги
6171,Канцелярские товары,Товары для хранения документов и архивов,Подставки для визиток
6177,Канцелярские товары,Товары для хранения документов и архивов,Футляры для карточек
6190,Канцелярские товары,Товары для хранения документов и архивов,Альбомы для визиток
6779,Канцелярские товары,Товары для хранения документов и архивов,Коробки для карточек с рецептами
6884,Канцелярские товары,Товары для хранения документов и архивов,Обложки для папок и отчетов
543662,Канцелярские товары,Товары для хранения документов и архивов,Обложки для папок и отчетов,Папки файловые
543663,Канцелярские товары,Товары для хранения документов и архивов,Обложки для папок и отчетов,Папки с карманами
6885,Канцелярские товары,Товары для хранения документов и архивов,Портфолио
543640,Канцелярские товары,Товары для хранения документов и архивов,Портфолио,Папки
543641,Канцелярские товары,Товары для хранения документов и архивов,Портфолио,Органайзеры
6962,Канцелярские товары,Товары для хранения документов и архивов,Устройства для сортировки почты
932,Канцелярские товары,Общие принадлежности
934,Канцелярские товары,Общие принадлежности,Клейкие ленты для офиса
936,Канцелярские товары,Общие принадлежности,Зажимы и скрепки
543675,Канцелярские товары,Общие принадлежности,Зажимы и скрепки,Скрепки
543676,Канцелярские товары,Общие принадлежности,Зажимы и скрепки,Канцелярские зажимы для бумаг
938,Канцелярские товары,Общие принадлежности,Ластики
944,Канцелярские товары,Общие принадлежности,Канцелярские резинки
948,Канцелярские товары,Общие принадлежности,Скобы для степлеров
949,Канцелярские товары,Общие принадлежности,Кнопки и булавки
956,Канцелярские товары,Общие принадлежности,Бумажные изделия
957,Канцелярские товары,Общие принадлежности,Бумажные изделия,Визитные карточки
958,Канцелярские товары,Общие принадлежности,Бумажные изделия,Конверты
959,Канцелярские товары,Общие принадлежности,Бумажные изделия,Картотечные карточки
961,Канцелярские товары,Общие принадлежности,Бумажные изделия,Блокноты
962,Канцелярские товары,Общие принадлежности,Бумажные изделия,Бумага для принтеров и копировальной техники
1513,Канцелярские товары,Общие принадлежности,Бумажные изделия,Обложечная бумага
2658,Канцелярские товары,Общие принадлежности,Бумажные изделия,Переплетная бумага
2689,Канцелярские товары,Общие принадлежности,Бумажные изделия,Стикеры
3457,Канцелярские товары,Общие принадлежности,Бумажные изделия,Почтовая бумага
3871,Канцелярские товары,Общие принадлежности,Бумажные изделия,Почтовые открытки
5264,Канцелярские товары,Общие принадлежности,Бумажные изделия,Чистые идентификационные карты
5918,Канцелярские товары,Общие принадлежности,Бумажные изделия,Бланки и квитанции
5919,Канцелярские товары,Общие принадлежности,Бумажные изделия,Бумага для чеков и счётных машин в рулонах
6930,Канцелярские товары,Общие принадлежности,Бумажные изделия,Чеки
960,Канцелярские товары,Общие принадлежности,Ярлыки и этикетки
4117,Канцелярские товары,Общие принадлежности,Ярлыки и этикетки,Транспортные бирки
4137,Канцелярские товары,Общие принадлежности,Ярлыки и этикетки,Зажимы с ярлыками
4154,Канцелярские товары,Общие принадлежности,Ярлыки и этикетки,Ярлыки для папок
4200,Канцелярские товары,Общие принадлежности,Ярлыки и этикетки,Транспортные этикетки
4377,Канцелярские товары,Общие принадлежности,Ярлыки и этикетки,Адресные бирки
5502,Канцелярские товары,Общие принадлежности,Ярлыки и этикетки,Этикеточная лента и сменные рулоны
2591,Канцелярские товары,Общие принадлежности,"Корректирующие жидкости, ручки и ленты"
543618,Канцелярские товары,Общие принадлежности,"Корректирующие жидкости, ручки и ленты",Корректирующие жидкости
543619,Канцелярские товары,Общие принадлежности,"Корректирующие жидкости, ручки и ленты",Корректирующие ленты
543620,Канцелярские товары,Общие принадлежности,"Корректирующие жидкости, ручки и ленты",Корректирующие ручки
6319,Канцелярские товары,Общие принадлежности,Зажимы для бумаги
8015,Канцелярские товары,Общие принадлежности,"Плёнка, пакеты и файлы для ламинирования"
505805,Канцелярские товары,Общие принадлежности,Канцелярский пластилин
950,Канцелярские товары,Офисное оборудование
333,Канцелярские товары,Офисное оборудование,Калькуляторы
543517,Канцелярские товары,Офисное оборудование,Калькуляторы,Графические калькуляторы
543518,Канцелярские товары,Офисное оборудование,Калькуляторы,Простые калькуляторы
543519,Канцелярские товары,Офисное оборудование,Калькуляторы,Финансовые калькуляторы
543520,Канцелярские товары,Офисное оборудование,Калькуляторы,Инженерные калькуляторы
543521,Канцелярские товары,Офисное оборудование,Калькуляторы,Строительные калькуляторы
337,Канцелярские товары,Офисное оборудование,Электронные словари и переводчики
952,Канцелярские товары,Офисное оборудование,Машинки для печати этикеток
953,Канцелярские товары,Офисное оборудование,Офисные шредеры
954,Канцелярские товары,Офисное оборудование,Стенографические системы
955,Канцелярские товары,Офисное оборудование,Пишущие машинки
1625,Канцелярские товары,Офисное оборудование,Ламинаторы
1708,Канцелярские товары,Офисное оборудование,Франкировальные машины
6404,Канцелярские товары,Офисное оборудование,Часы для учёта рабочего времени
499864,Канцелярские товары,Офисное оборудование,Принадлежности для калькуляторов
964,Канцелярские товары,Расходные материалы для презентаций
963,Канцелярские товары,Расходные материалы для презентаций,Прозрачные листы
965,Канцелярские товары,Расходные материалы для презентаций,Классные доски
966,Канцелярские товары,Расходные материалы для презентаций,Демонстрационные щиты
1627,Канцелярские товары,Расходные материалы для презентаций,Демонстрационные щиты,Монтажные щиты
2263,Канцелярские товары,Расходные материалы для презентаций,Демонстрационные щиты,Пенокартон
2401,Канцелярские товары,Расходные материалы для презентаций,Демонстрационные щиты,Доски объявлений
2674,Канцелярские товары,Расходные материалы для презентаций,Демонстрационные щиты,Плакатные щиты
7525,Канцелярские товары,Расходные материалы для презентаций,Демонстрационные щиты,Принадлежности для досок объявлений
7526,Канцелярские товары,Расходные материалы для презентаций,Демонстрационные щиты,Принадлежности для досок объявлений,Окантовка для досок объявлений
543688,Канцелярские товары,Расходные материалы для презентаций,Демонстрационные щиты,Принадлежности для досок объявлений,Наборы лент для оформления стенда
967,Канцелярские товары,Расходные материалы для презентаций,Этюдники
968,Канцелярские товары,Расходные материалы для презентаций,Мольберты
969,Канцелярские товары,Расходные материалы для презентаций,Лазерные указки
970,Канцелярские товары,Расходные материалы для презентаций,Кафедры
971,Канцелярские товары,Расходные материалы для презентаций,Маркерные доски
4465,Канцелярские товары,Расходные материалы для презентаций,Беспроводные устройства для презентаций
4492,Канцелярские товары,Расходные материалы для презентаций,Документ-камеры
2014,Канцелярские товары,Обработка бумаги
1803,Канцелярские товары,Обработка бумаги,Пресс-папье
1836,Канцелярские товары,Обработка бумаги,Сталкивательные машины
2207,Канцелярские товары,Обработка бумаги,Фальцевальные машины
6178,Канцелярские товары,Обработка бумаги,Подложки для работы карандашом
6467,Канцелярские товары,Обработка бумаги,Дыроколы
6486,Канцелярские товары,Обработка бумаги,Перчатки-напальчники
2435,Канцелярские товары,Именные таблички
2636,Канцелярские товары,Упаковочные материалы
973,Канцелярские товары,Упаковочные материалы,Упаковочные и посылочные коробки
974,Канцелярские товары,Упаковочные материалы,Расходные материалы для упаковки
975,Канцелярские товары,Упаковочные материалы,Упаковочная лента
2986,Канцелярские товары,Офисные принадлежности
935,Канцелярские товары,Офисные принадлежности,Планшеты
941,Канцелярские товары,Офисные принадлежности,Увеличительные стекла
943,Канцелярские товары,Офисные принадлежности,Точилки для карандашей
947,Канцелярские товары,Офисные принадлежности,Степлеры
977,Канцелярские товары,Офисные принадлежности,Инструменты для письма и рисования
978,Канцелярские товары,Офисные принадлежности,Инструменты для письма и рисования,Мел
979,Канцелярские товары,Офисные принадлежности,Инструменты для письма и рисования,Цветные мелки
980,Канцелярские товары,Офисные принадлежности,Инструменты для письма и рисования,Маркеры и выделители
543608,Канцелярские товары,Офисные принадлежности,Инструменты для письма и рисования,Маркеры и выделители,Маркеры
543609,Канцелярские товары,Офисные принадлежности,Инструменты для письма и рисования,Маркеры и выделители,Текстовыделители
2623,Канцелярские товары,Офисные принадлежности,Инструменты для письма и рисования,Уголь для рисования
4752,Канцелярские товары,Офисные принадлежности,Инструменты для письма и рисования,Пастель для рисования
6065,Канцелярские товары,Офисные принадлежности,Инструменты для письма и рисования,Ручки и карандаши
982,Канцелярские товары,Офисные принадлежности,Инструменты для письма и рисования,Ручки и карандаши,Ручки
6066,Канцелярские товары,Офисные принадлежности,Инструменты для письма и рисования,Ручки и карандаши,Наборы ручек и карандашей
6068,Канцелярские товары,Офисные принадлежности,Инструменты для письма и рисования,Ручки и карандаши,Карандаши
981,Канцелярские товары,Офисные принадлежности,Инструменты для письма и рисования,Ручки и карандаши,Карандаши,Простые карандаши
543660,Канцелярские товары,Офисные принадлежности,Инструменты для письма и рисования,Ручки и карандаши,Карандаши,Простые карандаши,Механические карандаши
543661,Канцелярские товары,Офисные принадлежности,Инструменты для письма и рисования,Ручки и карандаши,Карандаши,Простые карандаши,Деревянные карандаши
3026,Канцелярские товары,Офисные принадлежности,Инструменты для письма и рисования,Ручки и карандаши,Карандаши,Карандаши для художественных работ
6067,Канцелярские товары,Офисные принадлежности,Инструменты для письма и рисования,Многофункциональные письменные принадлежности
2883,Канцелярские товары,Офисные принадлежности,Сигнальные звонки
4341,Канцелярские товары,Офисные принадлежности,Офисные резиновые штампы
4470,Канцелярские товары,Офисные принадлежности,Аксессуары для письменных принадлежностей
4471,Канцелярские товары,Офисные принадлежности,Аксессуары для письменных принадлежностей,Чернила и стержни для ручек
4472,Канцелярские товары,Офисные принадлежности,Аксессуары для письменных принадлежностей,Карандашные грифели
7117,Канцелярские товары,Офисные принадлежности,Аксессуары для письменных принадлежностей,Чернила для заправки маркеров
543666,Канцелярские товары,Офисные принадлежности,Аксессуары для письменных принадлежностей,Чернила для заправки маркеров,Чернила для маркеров
543667,Канцелярские товары,Офисные принадлежности,Аксессуары для письменных принадлежностей,Чернила для заправки маркеров,Чернила для текстовыделителей
4499,Канцелярские товары,Офисные принадлежности,Антистеплеры
503746,Канцелярские товары,Офисные принадлежности,Диспенсеры для клейкой ленты
505830,Канцелярские товары,Офисные принадлежности,Канцелярские ножи
5829,Канцелярские товары,Машины для импульсной сварки
6174,Канцелярские товары,Принадлежности для книг
93,Канцелярские товары,Принадлежности для книг,Закладки
4941,Канцелярские товары,Принадлежности для книг,Лампы для книг
6175,Канцелярские товары,Принадлежности для книг,Подставки и упоры для книг
6176,Канцелярские товары,Принадлежности для книг,Обложки для книг
6373,Канцелярские товары,Офисные тележки
1996,Канцелярские товары,Офисные тележки,Стойки для аудио- и видеооборудования
6179,Канцелярские товары,Офисные тележки,Хозяйственные тележки
6180,Канцелярские товары,Офисные тележки,Тележки для документов
6181,Канцелярские товары,Офисные тележки,Почтовые тележки
6182,Канцелярские товары,Офисные тележки,Тележки для книг
6519,Канцелярские товары,Офисные коврики
6462,Канцелярские товары,Офисные коврики,Коврики против усталости
6520,Канцелярские товары,Офисные коврики,Коврики для офисов
6521,Канцелярские товары,Офисные коврики,Коврики для кресел
8078,Канцелярские товары,Настольные коврики
8499,Канцелярские товары,Наколенные столики
988,Спортивные товары
990,Спортивные товары,Товары для фитнеса
993,Спортивные товары,Товары для фитнеса,Мячи для фитнеса
999,Спортивные товары,Товары для фитнеса,Товары для йоги и пилатеса
3640,Спортивные товары,Товары для фитнеса,Товары для йоги и пилатеса,Коврики для йоги и пилатеса
3810,Спортивные товары,Товары для фитнеса,Товары для йоги и пилатеса,Тренажеры для пилатеса
5107,Спортивные товары,Товары для фитнеса,Товары для йоги и пилатеса,Сумки для ковриков для занятий йогой
6743,Спортивные товары,Товары для фитнеса,Товары для йоги и пилатеса,Полотенца для йоги и пилатеса
6750,Спортивные товары,Товары для фитнеса,Товары для йоги и пилатеса,Блоки для йоги и пилатеса
3938,Спортивные товары,Товары для фитнеса,Медицинские мячи
4669,Спортивные товары,Товары для фитнеса,Коврики для тренажеров
5319,Спортивные товары,Товары для фитнеса,Вспененные ролики для упражнений
5693,Спортивные товары,Товары для фитнеса,Секундомеры
5869,Спортивные товары,Товары для фитнеса,Резиновые ленты для упражнений
6103,Спортивные товары,Товары для фитнеса,Утяжеленная одежда
6337,Спортивные товары,Товары для фитнеса,Принадлежности для спортивных валиков
6338,Спортивные товары,Товары для фитнеса,Принадлежности для спортивных валиков,Сумки для хранения спортивных валиков
6867,Спортивные товары,Товары для фитнеса,Эспандеры для рук
7174,Спортивные товары,Товары для фитнеса,Шары для тренировок реакции
8062,Спортивные товары,Товары для фитнеса,Парашюты для тренировки скорости и силы
8066,Спортивные товары,Товары для фитнеса,Виброплатформы
8215,Спортивные товары,Товары для фитнеса,Перекладины для отжимания и подтягивания
8471,Спортивные товары,Товары для фитнеса,Треугольные подушки для тренировок
237166,Спортивные товары,Товары для фитнеса,Платформы для аэробики
355576,Спортивные товары,Товары для фитнеса,Инверсионные столы и системы
499792,Спортивные товары,Товары для фитнеса,Товары для кардиотренировок
2614,Спортивные товары,Товары для фитнеса,Товары для кардиотренировок,Скакалки
4589,Спортивные товары,Товары для фитнеса,Товары для кардиотренировок,Кардиотренажеры
992,Спортивные товары,Товары для фитнеса,Товары для кардиотренировок,Кардиотренажеры,Эллиптические тренажеры
994,Спортивные товары,Товары для фитнеса,Товары для кардиотренировок,Кардиотренажеры,Велотренажеры
995,Спортивные товары,Товары для фитнеса,Товары для кардиотренировок,Кардиотренажеры,Гребные тренажеры
996,Спортивные товары,Товары для фитнеса,Товары для кардиотренировок,Кардиотренажеры,Тренажеры-лестницы и степперов
543610,Спортивные товары,Товары для фитнеса,Товары для кардиотренировок,Кардиотренажеры,Тренажеры-лестницы и степперов,Тренажёры-лестницы
543611,Спортивные товары,Товары для фитнеса,Товары для кардиотренировок,Кардиотренажеры,Тренажеры-лестницы и степперов,Степперы
997,Спортивные товары,Товары для фитнеса,Товары для кардиотренировок,Кардиотренажеры,Беговые дорожки
4598,Спортивные товары,Товары для фитнеса,Товары для кардиотренировок,Принадлежности для кардиотренажеров
499699,Спортивные товары,Товары для фитнеса,Товары для кардиотренировок,Принадлежности для кардиотренажеров,Принадлежности для беговых дорожек
499700,Спортивные товары,Товары для фитнеса,Товары для кардиотренировок,Принадлежности для кардиотренажеров,Принадлежности для тренажеров-лестниц и степперов
499701,Спортивные товары,Товары для фитнеса,Товары для кардиотренировок,Принадлежности для кардиотренажеров,Принадлежности для гребных тренажеров
499702,Спортивные товары,Товары для фитнеса,Товары для кардиотренировок,Принадлежности для кардиотренажеров,Принадлежности для велотренажеров
499703,Спортивные товары,Товары для фитнеса,Товары для кардиотренировок,Принадлежности для кардиотренажеров,Принадлежности для эллиптических тренажеров
499793,Спортивные товары,Товары для фитнеса,Товары для тяжелой атлетики
3164,Спортивные товары,Товары для фитнеса,Товары для тяжелой атлетики,Тренажеры со свободным отягощением
3217,Спортивные товары,Товары для фитнеса,Товары для тяжелой атлетики,Принадлежности для силовых тренажеров и тренировочных скамей
3542,Спортивные товары,Товары для фитнеса,Товары для тяжелой атлетики,Силовые тренажеры и стойки
3654,Спортивные товары,Товары для фитнеса,Товары для тяжелой атлетики,Пояса для тяжелой атлетики
3858,Спортивные товары,Товары для фитнеса,Товары для тяжелой атлетики,Перчатки и эластичные бинты для тяжелой атлетики
6452,Спортивные товары,Товары для фитнеса,Товары для тяжелой атлетики,Принадлежности для свободных весов
3271,Спортивные товары,Товары для фитнеса,Товары для тяжелой атлетики,Принадлежности для свободных весов,Грифы для штанг
8083,Спортивные товары,Товары для фитнеса,Товары для тяжелой атлетики,Принадлежности для свободных весов,Стеллажи для свободных весов
499794,Спортивные товары,Товары для фитнеса,Товары для тяжелой атлетики,Принадлежности для свободных весов,Замки для штанг
499795,Спортивные товары,Товары для фитнеса,Спортивные скамьи
499796,Спортивные товары,Товары для фитнеса,Балансировочные тренажеры
499797,Спортивные товары,Товары для фитнеса,Гимнастические колеса и ролики
499798,Спортивные товары,Товары для фитнеса,Подвесные системы для тренировок
499912,Спортивные товары,Товары для фитнеса,Стойки для силовых тренировок
499978,Спортивные товары,Товары для фитнеса,Комплекты спортивных тренажеров
505302,Спортивные товары,Товары для фитнеса,Отражатели и осветители для занятий спортом
1001,Спортивные товары,Зальные игры
1002,Спортивные товары,Зальные игры,Аэрохоккей
3245,Спортивные товары,Зальные игры,Аэрохоккей,Столы для аэрохоккея
3548,Спортивные товары,Зальные игры,Аэрохоккей,Детали столов для аэрохоккея
505330,Спортивные товары,Зальные игры,Аэрохоккей,Снаряжение для игры в аэрохоккей
1003,Спортивные товары,Зальные игры,Бильярд
3059,Спортивные товары,Зальные игры,Бильярд,Полки для бильярдных шаров
3135,Спортивные товары,Зальные игры,Бильярд,Бильярдные шары
3139,Спортивные товары,Зальные игры,Бильярд,Бильярдные столы
3183,Спортивные товары,Зальные игры,Бильярд,Детали и принадлежности для бильярдного стола
3547,Спортивные товары,Зальные игры,Бильярд,Детали и принадлежности для бильярдного стола,Сукно для бильярдных столов
3574,Спортивные товары,Зальные игры,Бильярд,Детали и принадлежности для бильярдного стола,Бильярдные лузы
3754,Спортивные товары,Зальные игры,Бильярд,Детали и принадлежности для бильярдного стола,Щетки для чистки бильярдных столов
8065,Спортивные товары,Зальные игры,Бильярд,Детали и принадлежности для бильярдного стола,Чехлы для бильярдных столов
3222,Спортивные товары,Зальные игры,Бильярд,Принадлежности для киев
3720,Спортивные товары,Зальные игры,Бильярд,Принадлежности для киев,Стойки для киев
499993,Спортивные товары,Зальные игры,Бильярд,Принадлежности для киев,Чехлы для киев
499994,Спортивные товары,Зальные игры,Бильярд,Принадлежности для киев,Мел для киев
3469,Спортивные товары,Зальные игры,Бильярд,Лампы для бильярдных столов
3755,Спортивные товары,Зальные игры,Бильярд,Перчатки для бильярда
3910,Спортивные товары,Зальные игры,Бильярд,Бильярдные кии
1004,Спортивные товары,Зальные игры,Боулинг
3219,Спортивные товары,Зальные игры,Боулинг,Шары для боулинга
3260,Спортивные товары,Зальные игры,Боулинг,Фиксаторы на запястье для боулинга
3535,Спортивные товары,Зальные игры,Боулинг,Перчатки для боулинга
3669,Спортивные товары,Зальные игры,Боулинг,Кегли для боулинга
3698,Спортивные товары,Зальные игры,Боулинг,Сумки для боулинга
1005,Спортивные товары,Зальные игры,Товары для игры в дартс
3327,Спортивные товары,Зальные игры,Товары для игры в дартс,Части дротиков для дартса
3109,Спортивные товары,Зальные игры,Товары для игры в дартс,Части дротиков для дартса,Основы дротиков для дартса
3250,Спортивные товары,Зальные игры,Товары для игры в дартс,Части дротиков для дартса,Иглы дротиков для дартса
3766,Спортивные товары,Зальные игры,Товары для игры в дартс,Части дротиков для дартса,Крылья дротиков для дартса
3559,Спортивные товары,Зальные игры,Товары для игры в дартс,Доски для дартса
3839,Спортивные товары,Зальные игры,Товары для игры в дартс,Дротики для дартса
3957,Спортивные товары,Зальные игры,Товары для игры в дартс,Основа для дартса
1007,Спортивные товары,Зальные игры,Товары для настольного футбола
3524,Спортивные товары,Зальные игры,Товары для настольного футбола,Детали стола и принадлежности для настольного футбола
3641,Спортивные товары,Зальные игры,Товары для настольного футбола,Мячики для настольного футбола
3847,Спортивные товары,Зальные игры,Товары для настольного футбола,Столы для настольного футбола
1008,Спортивные товары,Зальные игры,Товары для настольного тенниса
3132,Спортивные товары,Зальные игры,Товары для настольного тенниса,Принадлежности для роботов для настольного тенниса
3345,Спортивные товары,Зальные игры,Товары для настольного тенниса,Столы для настольного тенниса
3375,Спортивные товары,Зальные игры,Товары для настольного тенниса,Ракетки и наборы для настольного тенниса
3546,Спортивные товары,Зальные игры,Товары для настольного тенниса,Роботы для настольного тенниса
3788,Спортивные товары,Зальные игры,Товары для настольного тенниса,Сетки и стойки для настольного тенниса
3900,Спортивные товары,Зальные игры,Товары для настольного тенниса,Принадлежности для ракеток для настольного тенниса
3964,Спортивные товары,Зальные игры,Товары для настольного тенниса,Мячики для настольного тенниса
1009,Спортивные товары,Зальные игры,Товары для настольного шаффлборда
3148,Спортивные товары,Зальные игры,Товары для настольного шаффлборда,Столы для шаффлборда
3996,Спортивные товары,Зальные игры,Товары для настольного шаффлборда,Порошок для настольного шаффлборда
4021,Спортивные товары,Зальные игры,Товары для настольного шаффлборда,Шайбы для настольного шаффлборда
7010,Спортивные товары,Зальные игры,Универсальные столы для игр
1011,Спортивные товары,Товары для отдыха на открытом воздухе
1013,Спортивные товары,Товары для отдыха на открытом воздухе,Товары для туристических походов
1014,Спортивные товары,Товары для отдыха на открытом воздухе,Товары для туристических походов,Походная мебель
3089,Спортивные товары,Товары для отдыха на открытом воздухе,Товары для туристических походов,Походная мебель,Раскладушки
3695,Спортивные товары,Товары для отдыха на открытом воздухе,Товары для туристических походов,Походная мебель,Надувные матрасы
4451,Спортивные товары,Товары для отдыха на открытом воздухе,Товары для туристических походов,Походная мебель,Принадлежности для надувных матрасов и ковриков
1016,Спортивные товары,Товары для отдыха на открытом воздухе,Товары для туристических походов,Туристическая кухонная и столовая посуда
1019,Спортивные товары,Товары для отдыха на открытом воздухе,Товары для туристических походов,Туристические лампы и фонари
1020,Спортивные товары,Товары для отдыха на открытом воздухе,Товары для туристических походов,Спальные мешки
1021,Спортивные товары,Товары для отдыха на открытом воздухе,Товары для туристических походов,Туристические спальные коврики
1022,Спортивные товары,Товары для отдыха на открытом воздухе,Товары для туристических походов,Палатки
1023,Спортивные товары,Товары для отдыха на открытом воздухе,Товары для туристических походов,Переносные водоочистители
3508,Спортивные товары,Товары для отдыха на открытом воздухе,Товары для туристических походов,Химические грелки для рук
3538,Спортивные товары,Товары для отдыха на открытом воздухе,Товары для туристических походов,Москитные сетки
3738,Спортивные товары,Товары для отдыха на открытом воздухе,Товары для туристических походов,Трекинговые палки
3937,Спортивные товары,Товары для отдыха на открытом воздухе,Товары для туристических походов,Туристические инструменты
3495,Спортивные товары,Товары для отдыха на открытом воздухе,Товары для туристических походов,Туристические инструменты,Охотничьи ножи
4095,Спортивные товары,Товары для отдыха на открытом воздухе,Товары для туристических походов,Туристические инструменты,Многофункциональные приборы и ножи
4785,Спортивные товары,Товары для отдыха на открытом воздухе,Товары для туристических походов,Навигационные компасы
5636,Спортивные товары,Товары для отдыха на открытом воздухе,Товары для туристических походов,Компрессионные мешки
5655,Спортивные товары,Товары для отдыха на открытом воздухе,Товары для туристических походов,Принадлежности для палаток
5656,Спортивные товары,Товары для отдыха на открытом воздухе,Товары для туристических походов,Принадлежности для палаток,Дно для палаток
5657,Спортивные товары,Товары для отдыха на открытом воздухе,Товары для туристических походов,Принадлежности для палаток,Тамбуры палаток
5658,Спортивные товары,Товары для отдыха на открытом воздухе,Товары для туристических походов,Принадлежности для палаток,Колышки и стойки для палаток
499680,Спортивные товары,Товары для отдыха на открытом воздухе,Товары для туристических походов,Принадлежности для палаток,Внутренние палатки
5881,Спортивные товары,Товары для отдыха на открытом воздухе,Товары для туристических походов,Вкладыши для спальных мешков
7154,Спортивные товары,Товары для отдыха на открытом воздухе,Товары для туристических походов,Принадлежности для трекинговых палок
8079,Спортивные товары,Товары для отдыха на открытом воздухе,Товары для туристических походов,Ветрозащитные экраны
502993,Спортивные товары,Товары для отдыха на открытом воздухе,Товары для туристических походов,Переносные туалеты и души
502994,Спортивные товары,Товары для отдыха на открытом воздухе,Товары для туристических походов,Переносные туалеты и души,Переносные души со шторами
503009,Спортивные товары,Товары для отдыха на открытом воздухе,Товары для туристических походов,Переносные туалеты и души,Переносные туалеты и устройства для мочеиспускания
1025,Спортивные товары,Товары для отдыха на открытом воздухе,Велоспорт
1026,Спортивные товары,Товары для отдыха на открытом воздухе,Велоспорт,Велосипеды
1030,Спортивные товары,Товары для отдыха на открытом воздухе,Велоспорт,Одноколесные велосипеды
3070,Спортивные товары,Товары для отдыха на открытом воздухе,Велоспорт,Принадлежности для одноколесных велосипедов
3214,Спортивные товары,Товары для отдыха на открытом воздухе,Велоспорт,Велосипедные принадлежности
1027,Спортивные товары,Товары для отдыха на открытом воздухе,Велоспорт,Велосипедные принадлежности,Велосипедные замки
1028,Спортивные товары,Товары для отдыха на открытом воздухе,Велоспорт,Велосипедные принадлежности,Передние и задные велосипедные стойки
3243,Спортивные товары,Товары для отдыха на открытом воздухе,Велоспорт,Велосипедные принадлежности,Велосипедные компьютеры
3341,Спортивные товары,Товары для отдыха на открытом воздухе,Велоспорт,Велосипедные принадлежности,Велосипедные корзинки
3368,Спортивные товары,Товары для отдыха на открытом воздухе,Велоспорт,Велосипедные принадлежности,Велосипедные зеркала
3428,Спортивные товары,Товары для отдыха на открытом воздухе,Велоспорт,Велосипедные принадлежности,Велосипедные стойки и крепления
3558,Спортивные товары,Товары для отдыха на открытом воздухе,Велоспорт,Велосипедные принадлежности,Сумки и чехлы для перевозки велосипедов
3631,Спортивные товары,Товары для отдыха на открытом воздухе,Велоспорт,Велосипедные принадлежности,Тренировочные колеса
3719,Спортивные товары,Товары для отдыха на открытом воздухе,Велоспорт,Велосипедные принадлежности,Велосипедные крылья
3778,Спортивные товары,Товары для отдыха на открытом воздухе,Велоспорт,Велосипедные принадлежности,Велосипедные сумки
3811,Спортивные товары,Товары для отдыха на открытом воздухе,Велоспорт,Велосипедные принадлежности,Велосипедные прицепы
3827,Спортивные товары,Товары для отдыха на открытом воздухе,Велоспорт,Велосипедные принадлежности,Велосипедные насосы
3868,Спортивные товары,Товары для отдыха на открытом воздухе,Велоспорт,Велосипедные принадлежности,Тренировочные стойки
3879,Спортивные товары,Товары для отдыха на открытом воздухе,Велоспорт,Велосипедные принадлежности,Велосипедные звонки и гудки
4145,Спортивные товары,Товары для отдыха на открытом воздухе,Велоспорт,Велосипедные принадлежности,Клетки для велосипедов
5540,Спортивные товары,Товары для отдыха на открытом воздухе,Велоспорт,Велосипедные принадлежности,Принадлежности для велокомпьютеров
5842,Спортивные товары,Товары для отдыха на открытом воздухе,Велоспорт,Велосипедные принадлежности,Детские сиденья для велосипедов
6048,Спортивные товары,Товары для отдыха на открытом воздухе,Велоспорт,Велосипедные принадлежности,Велосипедные багажники для досок для сёрфинга
6442,Спортивные товары,Товары для отдыха на открытом воздухе,Велоспорт,Велосипедные принадлежности,Чехлы для велосипедов
6445,Спортивные товары,Товары для отдыха на открытом воздухе,Велоспорт,Велосипедные принадлежности,Чехлы для велосипедных сидений
6506,Спортивные товары,Товары для отдыха на открытом воздухе,Велоспорт,Велосипедные принадлежности,Ударные велосипедные насосы
7223,Спортивные товары,Товары для отдыха на открытом воздухе,Велоспорт,Велосипедные принадлежности,Ремешки и туклипсы велосипедных педалей
7448,Спортивные товары,Товары для отдыха на открытом воздухе,Велоспорт,Велосипедные принадлежности,Бусины для велосипедных спиц
499694,Спортивные товары,Товары для отдыха на открытом воздухе,Велоспорт,Велосипедные принадлежности,Наборы и материалы для ремонта велосипедных шин
500067,Спортивные товары,Товары для отдыха на открытом воздухе,Велоспорт,Велосипедные принадлежности,Запчасти и приспособления для детских велосипедных кресел
500092,Спортивные товары,Товары для отдыха на открытом воздухе,Велоспорт,Велосипедные принадлежности,Ручки и украшения для велосипедного руля
500109,Спортивные товары,Товары для отдыха на открытом воздухе,Велоспорт,Велосипедные принадлежности,Комплекты для установки электронного привода на велосипед
505668,Спортивные товары,Товары для отдыха на открытом воздухе,Велоспорт,Велосипедные принадлежности,Инструменты для ремонта велосипедов
3531,Спортивные товары,Товары для отдыха на открытом воздухе,Велоспорт,Трехколесные велосипеды
3618,Спортивные товары,Товары для отдыха на открытом воздухе,Велоспорт,Детали для велосипедов
3216,Спортивные товары,Товары для отдыха на открытом воздухе,Велоспорт,Детали для велосипедов,Велосипедные колеса
3292,Спортивные товары,Товары для отдыха на открытом воздухе,Велоспорт,Детали для велосипедов,Велосипедные седла
3639,Спортивные товары,Товары для отдыха на открытом воздухе,Велоспорт,Детали для велосипедов,Велосипедные рамы
3740,Спортивные товары,Товары для отдыха на открытом воздухе,Велоспорт,Детали для велосипедов,Детали тормозных систем велосипедов
4574,Спортивные товары,Товары для отдыха на открытом воздухе,Велоспорт,Детали для велосипедов,Детали тормозных систем велосипедов,Велосипедные тормозные скобы
4575,Спортивные товары,Товары для отдыха на открытом воздухе,Велоспорт,Детали для велосипедов,Детали тормозных систем велосипедов,Велосипедные тормозные рычаги
4576,Спортивные товары,Товары для отдыха на открытом воздухе,Велоспорт,Детали для велосипедов,Детали тормозных систем велосипедов,Велосипедные тормозные роторы
4577,Спортивные товары,Товары для отдыха на открытом воздухе,Велоспорт,Детали для велосипедов,Детали тормозных систем велосипедов,Велосипедные тормозные системы
4194,Спортивные товары,Товары для отдыха на открытом воздухе,Велоспорт,Детали для велосипедов,Велосипедные седлодержатели
4571,Спортивные товары,Товары для отдыха на открытом воздухе,Велоспорт,Детали для велосипедов,Велосипедные шины
4572,Спортивные товары,Товары для отдыха на открытом воздухе,Велоспорт,Детали для велосипедов,Велосипедные камеры
4582,Спортивные товары,Товары для отдыха на открытом воздухе,Велоспорт,Детали для велосипедов,Велосипедные рули
4583,Спортивные товары,Товары для отдыха на открытом воздухе,Велоспорт,Детали для велосипедов,Велосипедные выносы руля
4585,Спортивные товары,Товары для отдыха на открытом воздухе,Велоспорт,Детали для велосипедов,Детали ходовой части велосипеда
4586,Спортивные товары,Товары для отдыха на открытом воздухе,Велоспорт,Детали для велосипедов,Детали ходовой части велосипеда,Велосипедные кассеты звездочек
4587,Спортивные товары,Товары для отдыха на открытом воздухе,Велоспорт,Детали для велосипедов,Детали ходовой части велосипеда,Велосипедные цепи
4588,Спортивные товары,Товары для отдыха на открытом воздухе,Велоспорт,Детали для велосипедов,Детали ходовой части велосипеда,Велосипедные переключатели передач
4590,Спортивные товары,Товары для отдыха на открытом воздухе,Велоспорт,Детали для велосипедов,Детали ходовой части велосипеда,Велосипедные каретки
4591,Спортивные товары,Товары для отдыха на открытом воздухе,Велоспорт,Детали для велосипедов,Детали ходовой части велосипеда,Велосипедные передние звездочки
4592,Спортивные товары,Товары для отдыха на открытом воздухе,Велоспорт,Детали для велосипедов,Детали ходовой части велосипеда,Велосипедные шатуны
4593,Спортивные товары,Товары для отдыха на открытом воздухе,Велоспорт,Детали для велосипедов,Детали ходовой части велосипеда,Велосипедные педали
4594,Спортивные товары,Товары для отдыха на открытом воздухе,Велоспорт,Детали для велосипедов,Детали ходовой части велосипеда,Велосипедные переключатели скоростей
4595,Спортивные товары,Товары для отдыха на открытом воздухе,Велоспорт,Детали для велосипедов,Зажимы велосипедных седлодержателей
4596,Спортивные товары,Товары для отдыха на открытом воздухе,Велоспорт,Детали для велосипедов,Мелкие детали для велосипедов
4597,Спортивные товары,Товары для отдыха на открытом воздухе,Велоспорт,Детали для велосипедов,Детали велосипедного колеса
4599,Спортивные товары,Товары для отдыха на открытом воздухе,Велоспорт,Детали для велосипедов,Детали велосипедного колеса,Велосипедные ступицы
4600,Спортивные товары,Товары для отдыха на открытом воздухе,Велоспорт,Детали для велосипедов,Детали велосипедного колеса,Велосипедные спицы
4601,Спортивные товары,Товары для отдыха на открытом воздухе,Велоспорт,Детали для велосипедов,Детали велосипедного колеса,Велосипедные ниппели
4602,Спортивные товары,Товары для отдыха на открытом воздухе,Велоспорт,Детали для велосипедов,Детали велосипедного колеса,Ободы велосипедных колес
7538,Спортивные товары,Товары для отдыха на открытом воздухе,Велоспорт,Детали для велосипедов,Детали велосипедного колеса,Велосипедные подножки
8528,Спортивные товары,Товары для отдыха на открытом воздухе,Велоспорт,Детали для велосипедов,Детали велосипедного колеса,Оси и эксцентрики для велосипедных колес
499875,Спортивные товары,Товары для отдыха на открытом воздухе,Велоспорт,Детали для велосипедов,Детали велосипедного колеса,Велосипедные ободные ленты
500053,Спортивные товары,Товары для отдыха на открытом воздухе,Велоспорт,Детали для велосипедов,Детали велосипедного колеса,Детали велосипедных ступиц
4603,Спортивные товары,Товары для отдыха на открытом воздухе,Велоспорт,Детали для велосипедов,Велосипедные вилки
6960,Спортивные товары,Товары для отдыха на открытом воздухе,Велоспорт,Детали для велосипедов,Удлинители велосипедных ручек
7477,Спортивные товары,Товары для отдыха на открытом воздухе,Велоспорт,Детали для велосипедов,Рулевые колонки велосипедов
7478,Спортивные товары,Товары для отдыха на открытом воздухе,Велоспорт,Детали для велосипедов,Детали для рулевых колонок велосипедов
7479,Спортивные товары,Товары для отдыха на открытом воздухе,Велоспорт,Детали для велосипедов,Детали для рулевых колонок велосипедов,Кольца для рулевых колонок велосипедов
7480,Спортивные товары,Товары для отдыха на открытом воздухе,Велоспорт,Детали для велосипедов,Детали для рулевых колонок велосипедов,Подшипники для рулевых колонок велосипедов
8239,Спортивные товары,Товары для отдыха на открытом воздухе,Велоспорт,Детали для велосипедов,Откидные подножки для велосипедов
499684,Спортивные товары,Товары для отдыха на открытом воздухе,Велоспорт,Детали для велосипедов,Оболочки велосипедных тросов
499685,Спортивные товары,Товары для отдыха на открытом воздухе,Велоспорт,Детали для велосипедов,Велосипедные тросы
499868,Спортивные товары,Товары для отдыха на открытом воздухе,Велоспорт,Детали для велосипедов,Велосипедные групсеты
499869,Спортивные товары,Товары для отдыха на открытом воздухе,Велоспорт,Детали для велосипедов,Колпачки для велосипедных вентилей
499870,Спортивные товары,Товары для отдыха на открытом воздухе,Велоспорт,Детали для велосипедов,Велосипедные вентили
499871,Спортивные товары,Товары для отдыха на открытом воздухе,Велоспорт,Детали для велосипедов,Адаптеры для велосипедных вентилей
3634,Спортивные товары,Товары для отдыха на открытом воздухе,Велоспорт,Принадлежности для трехколесных велосипедов
3982,Спортивные товары,Товары для отдыха на открытом воздухе,Велоспорт,Экипировка и принадлежности для велосипедного спорта
1029,Спортивные товары,Товары для отдыха на открытом воздухе,Велоспорт,Экипировка и принадлежности для велосипедного спорта,Велосипедные шлемы
3118,Спортивные товары,Товары для отдыха на открытом воздухе,Велоспорт,Экипировка и принадлежности для велосипедного спорта,Шипы для велотуфель
3246,Спортивные товары,Товары для отдыха на открытом воздухе,Велоспорт,Экипировка и принадлежности для велосипедного спорта,Велосипедные перчатки
3272,Спортивные товары,Товары для отдыха на открытом воздухе,Велоспорт,Экипировка и принадлежности для велосипедного спорта,Велосипедные бахилы
7474,Спортивные товары,Товары для отдыха на открытом воздухе,Велоспорт,Экипировка и принадлежности для велосипедного спорта,Принадлежности для шипов для велотуфель
7453,Спортивные товары,Товары для отдыха на открытом воздухе,Велоспорт,Экипировка и принадлежности для велосипедного спорта,Принадлежности для шипов для велотуфель,Крышки для шипов для велотуфель
7475,Спортивные товары,Товары для отдыха на открытом воздухе,Велоспорт,Экипировка и принадлежности для велосипедного спорта,Принадлежности для шипов для велотуфель,Шайбы и стержни для шипов для велотуфель
7476,Спортивные товары,Товары для отдыха на открытом воздухе,Велоспорт,Экипировка и принадлежности для велосипедного спорта,Принадлежности для шипов для велотуфель,Болты для шипов для велотуфель
8061,Спортивные товары,Товары для отдыха на открытом воздухе,Велоспорт,Экипировка и принадлежности для велосипедного спорта,Щитки для велосипедистов
500028,Спортивные товары,Товары для отдыха на открытом воздухе,Велоспорт,Экипировка и принадлежности для велосипедного спорта,Запчасти и приспособления для велосипедных шлемов
1031,Спортивные товары,Товары для отдыха на открытом воздухе,Конный спорт
3257,Спортивные товары,Товары для отдыха на открытом воздухе,Конный спорт,Товары для ухода за лошадьми
5025,Спортивные товары,Товары для отдыха на открытом воздухе,Конный спорт,Товары для ухода за лошадьми,Средства для ухода за лошадьми
6386,Спортивные товары,Товары для отдыха на открытом воздухе,Конный спорт,Товары для ухода за лошадьми,Средства для ухода за лошадьми,Триммеры и машинки для стрижки лошадей
499818,Спортивные товары,Товары для отдыха на открытом воздухе,Конный спорт,Товары для ухода за лошадьми,Средства для ухода за лошадьми,"Щетки, гребни и варежки для чистки лошадей"
5569,Спортивные товары,Товары для отдыха на открытом воздухе,Конный спорт,Товары для ухода за лошадьми,Денниковые бинты и защита ног
6898,Спортивные товары,Товары для отдыха на открытом воздухе,Конный спорт,Товары для ухода за лошадьми,Одеяла для лошадей
7459,Спортивные товары,Товары для отдыха на открытом воздухе,Конный спорт,Товары для ухода за лошадьми,Витамины и добавки для лошадей
7481,Спортивные товары,Товары для отдыха на открытом воздухе,Конный спорт,Товары для ухода за лошадьми,Лакомства для лошадей
7482,Спортивные товары,Товары для отдыха на открытом воздухе,Конный спорт,Товары для ухода за лошадьми,Корм для лошадей
499817,Спортивные товары,Товары для отдыха на открытом воздухе,Конный спорт,Товары для ухода за лошадьми,Москитные маски для лошадей
499819,Спортивные товары,Товары для отдыха на открытом воздухе,Конный спорт,Товары для ухода за лошадьми,Противоглистные средства для лошадей
5593,Спортивные товары,Товары для отдыха на открытом воздухе,Конный спорт,Сбруя
1491,Спортивные товары,Товары для отдыха на открытом воздухе,Конный спорт,Сбруя,Подпруги
1754,Спортивные товары,Товары для отдыха на открытом воздухе,Конный спорт,Сбруя,Поводья
2210,Спортивные товары,Товары для отдыха на открытом воздухе,Конный спорт,Сбруя,Сёдла
2756,Спортивные товары,Товары для отдыха на открытом воздухе,Конный спорт,Сбруя,Упряжь
3426,Спортивные товары,Товары для отдыха на открытом воздухе,Конный спорт,Сбруя,Уздечки
4018,Спортивные товары,Товары для отдыха на открытом воздухе,Конный спорт,Сбруя,Удила
8109,Спортивные товары,Товары для отдыха на открытом воздухе,Конный спорт,Сбруя,Стремена
499709,Спортивные товары,Товары для отдыха на открытом воздухе,Конный спорт,Сбруя,Поводья для лошадей
499710,Спортивные товары,Товары для отдыха на открытом воздухе,Конный спорт,Сбруя,Недоуздки для лошадей
5594,Спортивные товары,Товары для отдыха на открытом воздухе,Конный спорт,Экипировка и принадлежности для верховой езды
3084,Спортивные товары,Товары для отдыха на открытом воздухе,Конный спорт,Экипировка и принадлежности для верховой езды,Перчатки для конного спорта
3265,Спортивные товары,Товары для отдыха на открытом воздухе,Конный спорт,Экипировка и принадлежности для верховой езды,Стеки и кнуты для верховой езды
3821,Спортивные товары,Товары для отдыха на открытом воздухе,Конный спорт,Экипировка и принадлежности для верховой езды,Шлемы для конного спорта
6914,Спортивные товары,Товары для отдыха на открытом воздухе,Конный спорт,Экипировка и принадлежности для верховой езды,Брюки для верховой езды
7215,Спортивные товары,Товары для отдыха на открытом воздухе,Конный спорт,Принадлежности для сбруи
8107,Спортивные товары,Товары для отдыха на открытом воздухе,Конный спорт,Принадлежности для сбруи,Принадлежности для сёдел
7216,Спортивные товары,Товары для отдыха на открытом воздухе,Конный спорт,Принадлежности для сбруи,Принадлежности для сёдел,Седельные сумки
8108,Спортивные товары,Товары для отдыха на открытом воздухе,Конный спорт,Принадлежности для сбруи,Принадлежности для сёдел,Вальтрапы и потники
326122,Спортивные товары,Товары для отдыха на открытом воздухе,Конный спорт,Принадлежности для сбруи,Принадлежности для сёдел,Седельные сумки и корзины
499959,Спортивные товары,Товары для отдыха на открытом воздухе,Конный спорт,Принадлежности для сбруи,Принадлежности для сёдел,Чехлы для седел
499820,Спортивные товары,Товары для отдыха на открытом воздухе,Конный спорт,Принадлежности для сбруи,Ящики для сбруи
1043,Спортивные товары,Товары для отдыха на открытом воздухе,Гольф
1044,Спортивные товары,Товары для отдыха на открытом воздухе,Гольф,Сумки для гольфа
1045,Спортивные товары,Товары для отдыха на открытом воздухе,Гольф,Мячи для гольфа
1046,Спортивные товары,Товары для отдыха на открытом воздухе,Гольф,Клюшки для гольфа
3106,Спортивные товары,Товары для отдыха на открытом воздухе,Гольф,Стойки для мячей для гольфа
3578,Спортивные товары,Товары для отдыха на открытом воздухе,Гольф,Флажки для гольфа
3642,Спортивные товары,Товары для отдыха на открытом воздухе,Гольф,Принадлежности и детали для клюшек для гольфа
4043,Спортивные товары,Товары для отдыха на открытом воздухе,Гольф,Принадлежности и детали для клюшек для гольфа,Чехлы для битков клюшек для гольфа
4254,Спортивные товары,Товары для отдыха на открытом воздухе,Гольф,Принадлежности и детали для клюшек для гольфа,Ручки клюшек для гольфа
499780,Спортивные товары,Товары для отдыха на открытом воздухе,Гольф,Принадлежности и детали для клюшек для гольфа,Стержни для клюшек для гольфа
3772,Спортивные товары,Товары для отдыха на открытом воздухе,Гольф,Тренировочные приспособления для гольфа
4466,Спортивные товары,Товары для отдыха на открытом воздухе,Гольф,Перчатки для гольфа
4467,Спортивные товары,Товары для отдыха на открытом воздухе,Гольф,Полотенца для гольфа
4605,Спортивные товары,Товары для отдыха на открытом воздухе,Гольф,Принадлежности для сумок для гольфа
4525,Спортивные товары,Товары для отдыха на открытом воздухе,Гольф,Принадлежности для сумок для гольфа,Сумки и чехлы для мячей для гольфа
4537,Спортивные товары,Товары для отдыха на открытом воздухе,Гольф,Принадлежности для сумок для гольфа,Тележки для гольфа
6864,Спортивные товары,Товары для отдыха на открытом воздухе,Гольф,Маркеры для мячей для гольфа
7314,Спортивные товары,Товары для отдыха на открытом воздухе,Гольф,Наборы принадлежностей для гольфа
8044,Спортивные товары,Товары для отдыха на открытом воздухе,Гольф,Вилки для гольфа
3276,Спортивные товары,Товары для отдыха на открытом воздухе,Товары для скейтбординга
1059,Спортивные товары,Товары для отдыха на открытом воздухе,Товары для скейтбординга,Скейтборды
3067,Спортивные товары,Товары для отдыха на открытом воздухе,Товары для скейтбординга,Защитное снаряжение для скейтбордистов
3488,Спортивные товары,Товары для отдыха на открытом воздухе,Товары для скейтбординга,Защитное снаряжение для скейтбордистов,Защитные накладки для скейтбординга
7789,Спортивные товары,Товары для отдыха на открытом воздухе,Товары для скейтбординга,Защитное снаряжение для скейтбордистов,Перчатки для скейтбординга
499776,Спортивные товары,Товары для отдыха на открытом воздухе,Товары для скейтбординга,Защитное снаряжение для скейтбордистов,Шлемы для скейтбординга
3127,Спортивные товары,Товары для отдыха на открытом воздухе,Товары для скейтбординга,Направляющие для скейта
3626,Спортивные товары,Товары для отдыха на открытом воздухе,Товары для скейтбординга,Рампы для скейта
3670,Спортивные товары,Товары для отдыха на открытом воздухе,Товары для скейтбординга,Детали для скейтбордов
3192,Спортивные товары,Товары для отдыха на открытом воздухе,Товары для скейтбординга,Детали для скейтбордов,Подвески для скейтбордов
3637,Спортивные товары,Товары для отдыха на открытом воздухе,Товары для скейтбординга,Детали для скейтбордов,Колёса для скейтбордов
3869,Спортивные товары,Товары для отдыха на открытом воздухе,Товары для скейтбординга,Детали для скейтбордов,Доски для скейтбордов
505817,Спортивные товары,Товары для отдыха на открытом воздухе,Товары для скейтбординга,Детали для скейтбордов,Мелкие детали для скейтбордов
3334,Спортивные товары,Товары для отдыха на открытом воздухе,Товары для рыбной ловли
1037,Спортивные товары,Товары для отдыха на открытом воздухе,Товары для рыбной ловли,Рыболовная леска и поводки
1041,Спортивные товары,Товары для отдыха на открытом воздухе,Товары для рыбной ловли,Сумки и коробки для рыболовных снастей
3096,Спортивные товары,Товары для отдыха на открытом воздухе,Товары для рыбной ловли,Живая приманка
3614,Спортивные товары,Товары для отдыха на открытом воздухе,Товары для рыбной ловли,Рыболовные сети
4926,Спортивные товары,Товары для отдыха на открытом воздухе,Товары для рыбной ловли,Рыболовные катушки
4927,Спортивные товары,Товары для отдыха на открытом воздухе,Товары для рыбной ловли,Удочки
5406,Спортивные товары,Товары для отдыха на открытом воздухе,Товары для рыбной ловли,Сапоги для рыбалки и охоты
6495,Спортивные товары,Товары для отдыха на открытом воздухе,Товары для рыбной ловли,Контейнеры для рыболовных наживок и приманок
7217,Спортивные товары,Товары для отдыха на открытом воздухе,Товары для рыбной ловли,Материалы для вязания мушек
6440,Спортивные товары,Товары для отдыха на открытом воздухе,Товары для рыбной ловли,Материалы для вязания мушек,Рыболовная пряжа
7125,Спортивные товары,Товары для отдыха на открытом воздухе,Товары для рыбной ловли,Материалы для вязания мушек,Рыболовные бусы
7221,Спортивные товары,Товары для отдыха на открытом воздухе,Товары для рыбной ловли,Рыболовные садки
7342,Спортивные товары,Товары для отдыха на открытом воздухе,Товары для рыбной ловли,Рыболовные багры
7343,Спортивные товары,Товары для отдыха на открытом воздухе,Товары для рыбной ловли,Рыболовные копья
7344,Спортивные товары,Товары для отдыха на открытом воздухе,Товары для рыбной ловли,Инструменты для извлечения рыболовных крючков
8064,Спортивные товары,Товары для отдыха на открытом воздухе,Товары для рыбной ловли,Сигнализаторы поклевки
8092,Спортивные товары,Товары для отдыха на открытом воздухе,Товары для рыбной ловли,Принадлежности для рыболовных катушек
8094,Спортивные товары,Товары для отдыха на открытом воздухе,Товары для рыбной ловли,Принадлежности для рыболовных катушек,Смазка для рыболовных катушек
8208,Спортивные товары,Товары для отдыха на открытом воздухе,Товары для рыбной ловли,Принадлежности для рыболовных катушек,Сменные рыболовные катушки
8273,Спортивные товары,Товары для отдыха на открытом воздухе,Товары для рыбной ловли,Принадлежности для рыболовных катушек,Сумки и чехлы для рыболовных катушек
8093,Спортивные товары,Товары для отдыха на открытом воздухе,Товары для рыбной ловли,Принадлежности для удочек
8272,Спортивные товары,Товары для отдыха на открытом воздухе,Товары для рыбной ловли,Принадлежности для удочек,Сумки и чехлы для удочек
499942,Спортивные товары,Товары для отдыха на открытом воздухе,Товары для рыбной ловли,Принадлежности для удочек,Подставки и стеллажи для удочек
499823,Спортивные товары,Товары для отдыха на открытом воздухе,Товары для рыбной ловли,Рыболовные снасти
3359,Спортивные товары,Товары для отдыха на открытом воздухе,Товары для рыбной ловли,Рыболовные снасти,Рыболовные крючки
3603,Спортивные товары,Товары для отдыха на открытом воздухе,Товары для рыбной ловли,Рыболовные снасти,Наживка и приманка для рыбной ловли
3651,Спортивные товары,Товары для отдыха на открытом воздухе,Товары для рыбной ловли,Рыболовные снасти,Рыболовные грузила
3859,Спортивные товары,Товары для отдыха на открытом воздухе,Товары для рыбной ловли,Рыболовные снасти,Рыболовные поплавки
7222,Спортивные товары,Товары для отдыха на открытом воздухе,Товары для рыбной ловли,Рыболовные снасти,Рыболовные застежки и вертлюги
3789,Спортивные товары,Товары для отдыха на открытом воздухе,Товары для дельтапланеризма и прыжков с парашютом
4023,Спортивные товары,Товары для отдыха на открытом воздухе,Товары для дельтапланеризма и прыжков с парашютом,Парашюты
4327,Спортивные товары,Товары для отдыха на открытом воздухе,Товары для дельтапланеризма и прыжков с парашютом,Дельтапланы
5877,Спортивные товары,Товары для отдыха на открытом воздухе,Товары для дельтапланеризма и прыжков с парашютом,Костюмы для воздушного спорта
5635,Спортивные товары,Товары для отдыха на открытом воздухе,Рюкзаки-водопойки
5879,Спортивные товары,Товары для отдыха на открытом воздухе,Самокаты и скутеры для катания
5998,Спортивные товары,Товары для отдыха на открытом воздухе,Принадлежности для питьевых систем
7059,Спортивные товары,Товары для отдыха на открытом воздухе,Скалолазание
3201,Спортивные товары,Товары для отдыха на открытом воздухе,Скалолазание,Чехлы для веревок
3211,Спортивные товары,Товары для отдыха на открытом воздухе,Скалолазание,Мешочки для магнезии
3218,Спортивные товары,Товары для отдыха на открытом воздухе,Скалолазание,Страховочные системы
3266,Спортивные товары,Товары для отдыха на открытом воздухе,Скалолазание,Защитная экипировка для альпинизма
3322,Спортивные товары,Товары для отдыха на открытом воздухе,Скалолазание,Амортизирующие прокладки для скалолазания
3363,Спортивные товары,Товары для отдыха на открытом воздухе,Скалолазание,Страховочные приспособления
3369,Спортивные товары,Товары для отдыха на открытом воздухе,Скалолазание,Альпинистские ленты
3454,Спортивные товары,Товары для отдыха на открытом воздухе,Скалолазание,Жумары и спусковые устройства для скалолазания
3518,Спортивные товары,Товары для отдыха на открытом воздухе,Скалолазание,Зацепы для скалодрома
3746,Спортивные товары,Товары для отдыха на открытом воздухе,Скалолазание,Карабины
3825,Спортивные товары,Товары для отдыха на открытом воздухе,Скалолазание,Веревки для альпинизма
3849,Спортивные товары,Товары для отдыха на открытом воздухе,Скалолазание,Оттяжки
7060,Спортивные товары,Товары для отдыха на открытом воздухе,Скалолазание,Инструменты для ледолазания
7061,Спортивные товары,Товары для отдыха на открытом воздухе,Скалолазание,Альпинистские ледобуры
499815,Спортивные товары,Товары для отдыха на открытом воздухе,Скалолазание,Снаряжение и принадлежности для скалолазания
3314,Спортивные товары,Товары для отдыха на открытом воздухе,Скалолазание,Снаряжение и принадлежности для скалолазания,Защитные каски для скалолазания
5394,Спортивные товары,Товары для отдыха на открытом воздухе,Скалолазание,Снаряжение и принадлежности для скалолазания,Альпинистские кошки
499816,Спортивные товары,Товары для отдыха на открытом воздухе,Скалолазание,Снаряжение и принадлежности для скалолазания,Перчатки для скалолазания
7375,Спортивные товары,Товары для отдыха на открытом воздухе,Лендкайтинг
7376,Спортивные товары,Товары для отдыха на открытом воздухе,Лендкайтинг,Багги для лендкайтинга
7377,Спортивные товары,Товары для отдыха на открытом воздухе,Лендкайтинг,Принадлежности для лендкайтинга
499761,Спортивные товары,Товары для отдыха на открытом воздухе,Товары для катания на роликовых коньках
1058,Спортивные товары,Товары для отдыха на открытом воздухе,Товары для катания на роликовых коньках,Роликовые коньки
2837,Спортивные товары,Товары для отдыха на открытом воздухе,Товары для катания на роликовых коньках,Двухрядные ролики
499759,Спортивные товары,Товары для отдыха на открытом воздухе,Товары для катания на роликовых коньках,Детали для роликовых коньков вида инлайн
499760,Спортивные товары,Товары для отдыха на открытом воздухе,Товары для катания на роликовых коньках,Детали для роликовых коньков вида квад
499771,Спортивные товары,Товары для отдыха на открытом воздухе,Товары для катания на роликовых коньках,Защитная экипировка для катания на роликовых коньках
499775,Спортивные товары,Товары для отдыха на открытом воздухе,Товары для катания на роликовых коньках,Защитная экипировка для катания на роликовых коньках,Защитные накладки для катания на роликовых коньках
500029,Спортивные товары,Товары для отдыха на открытом воздухе,Товары для катания на роликовых коньках,Лыжероллеры
499811,Спортивные товары,Товары для отдыха на открытом воздухе,Гребля и водные виды спорта
1120,Спортивные товары,Товары для отдыха на открытом воздухе,Гребля и водные виды спорта,Товары для гребли и рафтинга
1124,Спортивные товары,Товары для отдыха на открытом воздухе,Гребля и водные виды спорта,Товары для гребли и рафтинга,Каноэ
1127,Спортивные товары,Товары для отдыха на открытом воздухе,Гребля и водные виды спорта,Товары для гребли и рафтинга,Байдарки
1129,Спортивные товары,Товары для отдыха на открытом воздухе,Гребля и водные виды спорта,Товары для гребли и рафтинга,Вёсла
3406,Спортивные товары,Товары для отдыха на открытом воздухе,Гребля и водные виды спорта,Товары для гребли и рафтинга,Гребные лодки
3476,Спортивные товары,Товары для отдыха на открытом воздухе,Гребля и водные виды спорта,Товары для гребли и рафтинга,Плоты для сплава по бурным рекам
6097,Спортивные товары,Товары для отдыха на открытом воздухе,Гребля и водные виды спорта,Товары для гребли и рафтинга,Водные велосипеды
6312,Спортивные товары,Товары для отдыха на открытом воздухе,Гребля и водные виды спорта,Товары для гребли и рафтинга,Принадлежности для байдарок
6314,Спортивные товары,Товары для отдыха на открытом воздухе,Гребля и водные виды спорта,Товары для гребли и рафтинга,Принадлежности для каноэ
7449,Спортивные товары,Товары для отдыха на открытом воздухе,Гребля и водные виды спорта,Товары для гребли и рафтинга,Перчатки для гребли
499964,Спортивные товары,Товары для отдыха на открытом воздухе,Гребля и водные виды спорта,Товары для гребли и рафтинга,Тросы для весел
1135,Спортивные товары,Товары для отдыха на открытом воздухе,Гребля и водные виды спорта,Товары для дайвинга и сноркелинга
1136,Спортивные товары,Товары для отдыха на открытом воздухе,Гребля и водные виды спорта,Товары для дайвинга и сноркелинга,Компенсаторы плавучести
1137,Спортивные товары,Товары для отдыха на открытом воздухе,Гребля и водные виды спорта,Товары для дайвинга и сноркелинга,Компьютеры для дайвинга
1139,Спортивные товары,Товары для отдыха на открытом воздухе,Гребля и водные виды спорта,Товары для дайвинга и сноркелинга,Ласты для дайвинга и сноркелинга
1140,Спортивные товары,Товары для отдыха на открытом воздухе,Гребля и водные виды спорта,Товары для дайвинга и сноркелинга,Маски для дайвинга и сноркелинга
1141,Спортивные товары,Товары для отдыха на открытом воздухе,Гребля и водные виды спорта,Товары для дайвинга и сноркелинга,Регуляторы для дайвинга
1142,Спортивные товары,Товары для отдыха на открытом воздухе,Гребля и водные виды спорта,Товары для дайвинга и сноркелинга,Трубки для сноркелинга
5312,Спортивные товары,Товары для отдыха на открытом воздухе,Гребля и водные виды спорта,Товары для дайвинга и сноркелинга,Водолазные ножи
6514,Спортивные товары,Товары для отдыха на открытом воздухе,Гребля и водные виды спорта,Товары для дайвинга и сноркелинга,Пояса для дайвинга
499867,Спортивные товары,Товары для отдыха на открытом воздухе,Гребля и водные виды спорта,Товары для дайвинга и сноркелинга,Комплекты оборудования для дайвинга и сноркелинга
1143,Спортивные товары,Товары для отдыха на открытом воздухе,Гребля и водные виды спорта,Товары для сёрфинга
3320,Спортивные товары,Товары для отдыха на открытом воздухе,Гребля и водные виды спорта,Товары для сёрфинга,Доски для сёрфинга
3525,Спортивные товары,Товары для отдыха на открытом воздухе,Гребля и водные виды спорта,Товары для сёрфинга,Плавники для сёрфинговых досок
3579,Спортивные товары,Товары для отдыха на открытом воздухе,Гребля и водные виды спорта,Товары для сёрфинга,Футляры для сёрфинговых досок
3649,Спортивные товары,Товары для отдыха на открытом воздухе,Гребля и водные виды спорта,Товары для сёрфинга,Ремешки для сёрфинговых досок
3762,Спортивные товары,Товары для отдыха на открытом воздухе,Гребля и водные виды спорта,Товары для сёрфинга,Хвостовые накладки для сёрфинга
3801,Спортивные товары,Товары для отдыха на открытом воздухе,Гребля и водные виды спорта,Товары для сёрфинга,Воск для сёрфинговых досок
6286,Спортивные товары,Товары для отдыха на открытом воздухе,Гребля и водные виды спорта,Товары для сёрфинга,Доски для сёрфинга по мелководью
6287,Спортивные товары,Товары для отдыха на открытом воздухе,Гребля и водные виды спорта,Товары для сёрфинга,Доски для бодисёрфинга
6288,Спортивные товары,Товары для отдыха на открытом воздухе,Гребля и водные виды спорта,Товары для сёрфинга,Пэдлборды
7451,Спортивные товары,Товары для отдыха на открытом воздухе,Гребля и водные виды спорта,Товары для сёрфинга,Перчатки для сёрфинга
1144,Спортивные товары,Товары для отдыха на открытом воздухе,Гребля и водные виды спорта,Товары для плавания
2966,Спортивные товары,Товары для отдыха на открытом воздухе,Гребля и водные виды спорта,Товары для плавания,Доски для плавания
3304,Спортивные товары,Товары для отдыха на открытом воздухе,Гребля и водные виды спорта,Товары для плавания,Перчатки для плавания
3360,Спортивные товары,Товары для отдыха на открытом воздухе,Гребля и водные виды спорта,Товары для плавания,Очки для плавания
3595,Спортивные товары,Товары для отдыха на открытом воздухе,Гребля и водные виды спорта,Товары для плавания,Колобашки для плавания
3596,Спортивные товары,Товары для отдыха на открытом воздухе,Гребля и водные виды спорта,Товары для плавания,Машины для плавания
3807,Спортивные товары,Товары для отдыха на открытом воздухе,Гребля и водные виды спорта,Товары для плавания,Шапочки для плавания
6330,Спортивные товары,Товары для отдыха на открытом воздухе,Гребля и водные виды спорта,Товары для плавания,Принадлежности для масок и очков для плавания
6473,Спортивные товары,Товары для отдыха на открытом воздухе,Гребля и водные виды спорта,Товары для плавания,Лопатки для плавания
6511,Спортивные товары,Товары для отдыха на открытом воздухе,Гребля и водные виды спорта,Товары для плавания,Ласты
2512,Спортивные товары,Товары для отдыха на открытом воздухе,Гребля и водные виды спорта,Товары для плавания,Ласты,Тренировочные ласты
6512,Спортивные товары,Товары для отдыха на открытом воздухе,Гребля и водные виды спорта,Товары для плавания,Ласты,Моноласты
6513,Спортивные товары,Товары для отдыха на открытом воздухе,Гребля и водные виды спорта,Товары для плавания,Пояса для плавания
6515,Спортивные товары,Товары для отдыха на открытом воздухе,Гребля и водные виды спорта,Товары для плавания,Носовые зажимы для пловцов
6550,Спортивные товары,Товары для отдыха на открытом воздухе,Гребля и водные виды спорта,Товары для плавания,Грузы для плавания
7104,Спортивные товары,Товары для отдыха на открытом воздухе,Гребля и водные виды спорта,Товары для плавания,Средства для обучения детей плаванию
1148,Спортивные товары,Товары для отдыха на открытом воздухе,Гребля и водные виды спорта,Товары для виндсёрфинга
3413,Спортивные товары,Товары для отдыха на открытом воздухе,Гребля и водные виды спорта,Товары для виндсёрфинга,Паруса для виндсёрфинга
3624,Спортивные товары,Товары для отдыха на открытом воздухе,Гребля и водные виды спорта,Товары для виндсёрфинга,Детали для виндсёрфинговых досок
3285,Спортивные товары,Товары для отдыха на открытом воздухе,Гребля и водные виды спорта,Товары для виндсёрфинга,Детали для виндсёрфинговых досок,Мачты для виндсёрфинговых досок
3908,Спортивные товары,Товары для отдыха на открытом воздухе,Гребля и водные виды спорта,Товары для виндсёрфинга,Детали для виндсёрфинговых досок,Плавники для виндсёрфинговых досок
3894,Спортивные товары,Товары для отдыха на открытом воздухе,Гребля и водные виды спорта,Товары для виндсёрфинга,Доски для виндсёрфинга
3195,Спортивные товары,Товары для отдыха на открытом воздухе,Гребля и водные виды спорта,Буксирный водный спорт
1146,Спортивные товары,Товары для отдыха на открытом воздухе,Гребля и водные виды спорта,Буксирный водный спорт,Товары для катания на водных лыжах
3289,Спортивные товары,Товары для отдыха на открытом воздухе,Гребля и водные виды спорта,Буксирный водный спорт,Товары для катания на водных лыжах,Гидрофойлы
3350,Спортивные товары,Товары для отдыха на открытом воздухе,Гребля и водные виды спорта,Буксирный водный спорт,Товары для катания на водных лыжах,Водные лыжи
6296,Спортивные товары,Товары для отдыха на открытом воздухе,Гребля и водные виды спорта,Буксирный водный спорт,Товары для катания на водных лыжах,Сумки и чехлы для водных лыж
6302,Спортивные товары,Товары для отдыха на открытом воздухе,Гребля и водные виды спорта,Буксирный водный спорт,Товары для катания на водных лыжах,Крепления для водных лыж
3282,Спортивные товары,Товары для отдыха на открытом воздухе,Гребля и водные виды спорта,Буксирный водный спорт,Вейкбординг
3353,Спортивные товары,Товары для отдыха на открытом воздухе,Гребля и водные виды спорта,Буксирный водный спорт,Вейкбординг,Вейкборды
505291,Спортивные товары,Товары для отдыха на открытом воздухе,Гребля и водные виды спорта,Буксирный водный спорт,Вейкбординг,Детали для вейкбордов
505317,Спортивные товары,Товары для отдыха на открытом воздухе,Гребля и водные виды спорта,Буксирный водный спорт,Вейкбординг,Крепления для кайтбордов и вейкбордов
3370,Спортивные товары,Товары для отдыха на открытом воздухе,Гребля и водные виды спорта,Буксирный водный спорт,Нибординг
3101,Спортивные товары,Товары для отдыха на открытом воздухе,Гребля и водные виды спорта,Буксирный водный спорт,Нибординг,Ниборды
3636,Спортивные товары,Товары для отдыха на открытом воздухе,Гребля и водные виды спорта,Буксирный водный спорт,Буксирные тросы для водного спорта
6301,Спортивные товары,Товары для отдыха на открытом воздухе,Гребля и водные виды спорта,Буксирный водный спорт,Прицепные плоты и водные круги
7452,Спортивные товары,Товары для отдыха на открытом воздухе,Гребля и водные виды спорта,Буксирный водный спорт,Перчатки для буксирного водного спорта
5579,Спортивные товары,Товары для отдыха на открытом воздухе,Гребля и водные виды спорта,Товары для кайтсёрфинга
5580,Спортивные товары,Товары для отдыха на открытом воздухе,Гребля и водные виды спорта,Товары для кайтсёрфинга,Кайтборды
5581,Спортивные товары,Товары для отдыха на открытом воздухе,Гребля и водные виды спорта,Товары для кайтсёрфинга,Детали для кайтбордов
5582,Спортивные товары,Товары для отдыха на открытом воздухе,Гребля и водные виды спорта,Товары для кайтсёрфинга,Кайты для кайтсёрфинга
5583,Спортивные товары,Товары для отдыха на открытом воздухе,Гребля и водные виды спорта,Товары для кайтсёрфинга,Трапеции для кайтсёрфинга и винсёрфинга
5584,Спортивные товары,Товары для отдыха на открытом воздухе,Гребля и водные виды спорта,Товары для кайтсёрфинга,Чехлы для кайтбордов
7178,Спортивные товары,Товары для отдыха на открытом воздухе,Гребля и водные виды спорта,Стеллажи для хранения плавсредств
8172,Спортивные товары,Товары для отдыха на открытом воздухе,Гребля и водные виды спорта,Стеллажи для хранения плавсредств,Стеллажи для хранения лодок
8173,Спортивные товары,Товары для отдыха на открытом воздухе,Гребля и водные виды спорта,Стеллажи для хранения плавсредств,Стеллажи для хранения досок для водных видов спорта
499813,Спортивные товары,Товары для отдыха на открытом воздухе,Гребля и водные виды спорта,Одежда для гребли и водных видов спорта
1128,Спортивные товары,Товары для отдыха на открытом воздухе,Гребля и водные виды спорта,Одежда для гребли и водных видов спорта,Спасательные жилеты
1138,Спортивные товары,Товары для отдыха на открытом воздухе,Гребля и водные виды спорта,Одежда для гребли и водных видов спорта,Гидротермокостюмы
1147,Спортивные товары,Товары для отдыха на открытом воздухе,Гребля и водные виды спорта,Одежда для гребли и водных видов спорта,Гидрокостюмы
3376,Спортивные товары,Товары для отдыха на открытом воздухе,Гребля и водные виды спорта,Одежда для гребли и водных видов спорта,Рашгарды
6496,Спортивные товары,Товары для отдыха на открытом воздухе,Гребля и водные виды спорта,Одежда для гребли и водных видов спорта,Принадлежности для спасательных жилетов
499687,Спортивные товары,Товары для отдыха на открытом воздухе,Гребля и водные виды спорта,Одежда для гребли и водных видов спорта,Шлемы для водных видов спорта
499814,Спортивные товары,Товары для отдыха на открытом воздухе,Гребля и водные виды спорта,Одежда для гребли и водных видов спорта,Части гидрокостюмов
5399,Спортивные товары,Товары для отдыха на открытом воздухе,Гребля и водные виды спорта,Одежда для гребли и водных видов спорта,Части гидрокостюмов,"Шлемы, перчатки и боты для гидрокостюмов"
5400,Спортивные товары,Товары для отдыха на открытом воздухе,Гребля и водные виды спорта,Одежда для гребли и водных видов спорта,Части гидрокостюмов,Штаны гидрокостюмов
5401,Спортивные товары,Товары для отдыха на открытом воздухе,Гребля и водные виды спорта,Одежда для гребли и водных видов спорта,Части гидрокостюмов,Куртки гидрокостюмов
499824,Спортивные товары,Товары для отдыха на открытом воздухе,Товары для охоты и стрельбы
1033,Спортивные товары,Товары для отдыха на открытом воздухе,Товары для охоты и стрельбы,Товары для стрельбы из лука
3291,Спортивные товары,Товары для отдыха на открытом воздухе,Товары для охоты и стрельбы,Товары для стрельбы из лука,Принадлежности и части стрел
499830,Спортивные товары,Товары для отдыха на открытом воздухе,Товары для охоты и стрельбы,Товары для стрельбы из лука,Принадлежности и части стрел,Спортивные и охотничьи наконечники для стрел
499831,Спортивные товары,Товары для отдыха на открытом воздухе,Товары для охоты и стрельбы,Товары для стрельбы из лука,Принадлежности и части стрел,Оперение стрел
499832,Спортивные товары,Товары для отдыха на открытом воздухе,Товары для охоты и стрельбы,Товары для стрельбы из лука,Принадлежности и части стрел,Хвостовики стрел
3533,Спортивные товары,Товары для отдыха на открытом воздухе,Товары для охоты и стрельбы,Товары для стрельбы из лука,Стрелы для луков и арбалетов
3757,Спортивные товары,Товары для отдыха на открытом воздухе,Товары для охоты и стрельбы,Товары для стрельбы из лука,Колчаны
3773,Спортивные товары,Товары для отдыха на открытом воздухе,Товары для охоты и стрельбы,Товары для стрельбы из лука,Защита для рук при стрельбе из лука
3883,Спортивные товары,Товары для отдыха на открытом воздухе,Товары для охоты и стрельбы,Товары для стрельбы из лука,Мишени для стрельбы из лука
499825,Спортивные товары,Товары для отдыха на открытом воздухе,Товары для охоты и стрельбы,Товары для стрельбы из лука,Луки и арбалеты
3332,Спортивные товары,Товары для отдыха на открытом воздухе,Товары для охоты и стрельбы,Товары для стрельбы из лука,Луки и арбалеты,Блочные луки
3505,Спортивные товары,Товары для отдыха на открытом воздухе,Товары для охоты и стрельбы,Товары для стрельбы из лука,Луки и арбалеты,Арбалеты
3715,Спортивные товары,Товары для отдыха на открытом воздухе,Товары для охоты и стрельбы,Товары для стрельбы из лука,Луки и арбалеты,Длинные луки
499826,Спортивные товары,Товары для отдыха на открытом воздухе,Товары для охоты и стрельбы,Товары для стрельбы из лука,Принадлежности для луков и арбалетов
499833,Спортивные товары,Товары для отдыха на открытом воздухе,Товары для охоты и стрельбы,Товары для стрельбы из лука,Перчатки и спусковые механизмы для стрельбы из лука
3125,Спортивные товары,Товары для отдыха на открытом воздухе,Товары для охоты и стрельбы,Товары для стендовой стрельбы
3305,Спортивные товары,Товары для отдыха на открытом воздухе,Товары для охоты и стрельбы,Товары для стендовой стрельбы,Машины для запуска тарелочек
3528,Спортивные товары,Товары для отдыха на открытом воздухе,Товары для охоты и стрельбы,Товары для стендовой стрельбы,Тарелочки для стендовой стрельбы
3136,Спортивные товары,Товары для отдыха на открытом воздухе,Товары для охоты и стрельбы,Товары для охоты
1034,Спортивные товары,Товары для отдыха на открытом воздухе,Товары для охоты и стрельбы,Товары для охоты,Охотничья маскировка
3674,Спортивные товары,Товары для отдыха на открытом воздухе,Товары для охоты и стрельбы,Товары для охоты,Капканы
3748,Спортивные товары,Товары для отдыха на открытом воздухе,Товары для охоты и стрельбы,Товары для охоты,Лабазы
5917,Спортивные товары,Товары для отдыха на открытом воздухе,Товары для охоты и стрельбы,Товары для охоты,Снаряжение для охотничьих собак
6992,Спортивные товары,Товары для отдыха на открытом воздухе,Товары для охоты и стрельбы,Товары для охоты,Кормушки для диких животных
7373,Спортивные товары,Товары для отдыха на открытом воздухе,Товары для охоты и стрельбы,Товары для охоты,Наушники с усилителями звука
8011,Спортивные товары,Товары для отдыха на открытом воздухе,Товары для охоты и стрельбы,Товары для охоты,Аттрактанты для диких животных
3583,Спортивные товары,Товары для отдыха на открытом воздухе,Товары для охоты и стрельбы,Товары для охоты,Аттрактанты для диких животных,Приманки для охоты
3756,Спортивные товары,Товары для отдыха на открытом воздухе,Товары для охоты и стрельбы,Товары для охоты,Аттрактанты для диких животных,Манки для охоты
8080,Спортивные товары,Товары для отдыха на открытом воздухе,Товары для охоты и стрельбы,Товары для охоты,Аттрактанты для диких животных,Маскирующие запахи и аттрактанты
8081,Спортивные товары,Товары для отдыха на открытом воздухе,Товары для охоты и стрельбы,Товары для охоты,Аттрактанты для диких животных,"Приманка, корм и минералы для диких животных"
7460,Спортивные товары,Товары для отдыха на открытом воздухе,Товары для охоты и стрельбы,Защитная экипировка для охоты и стрельбы
7461,Спортивные товары,Товары для отдыха на открытом воздухе,Товары для охоты и стрельбы,Защитная экипировка для охоты и стрельбы,Перчатки для охоты и стрельбы
7518,Спортивные товары,Товары для отдыха на открытом воздухе,Товары для охоты и стрельбы,Защитная экипировка для охоты и стрельбы,Куртки для охоты и стрельбы
499834,Спортивные товары,Товары для отдыха на открытом воздухе,Товары для охоты и стрельбы,Товары для пейнтбола и страйкбола
1049,Спортивные товары,Товары для отдыха на открытом воздухе,Товары для охоты и стрельбы,Товары для пейнтбола и страйкбола,Пейнтбол
3187,Спортивные товары,Товары для отдыха на открытом воздухе,Товары для охоты и стрельбы,Товары для пейнтбола и страйкбола,Пейнтбол,Детали и принадлежности для пейнтбольного оружия
3152,Спортивные товары,Товары для отдыха на открытом воздухе,Товары для охоты и стрельбы,Товары для пейнтбола и страйкбола,Пейнтбол,Детали и принадлежности для пейнтбольного оружия,Магазины для пейнтбола
3244,Спортивные товары,Товары для отдыха на открытом воздухе,Товары для охоты и стрельбы,Товары для пейнтбола и страйкбола,Пейнтбол,Детали и принадлежности для пейнтбольного оружия,Баллоны для пейнтбола
3690,Спортивные товары,Товары для отдыха на открытом воздухе,Товары для охоты и стрельбы,Товары для пейнтбола и страйкбола,Пейнтбол,Детали и принадлежности для пейнтбольного оружия,Орудийный ствол для пейнтбола
8514,Спортивные товары,Товары для отдыха на открытом воздухе,Товары для охоты и стрельбы,Товары для пейнтбола и страйкбола,Пейнтбол,Детали и принадлежности для пейнтбольного оружия,Выносы для пейнтбольного оружия
3234,Спортивные товары,Товары для отдыха на открытом воздухе,Товары для охоты и стрельбы,Товары для пейнтбола и страйкбола,Пейнтбол,Пейнтбольное оружие
3408,Спортивные товары,Товары для отдыха на открытом воздухе,Товары для охоты и стрельбы,Товары для пейнтбола и страйкбола,Пейнтбол,Гранаты для пейнтбола
3438,Спортивные товары,Товары для отдыха на открытом воздухе,Товары для охоты и стрельбы,Товары для пейнтбола и страйкбола,Пейнтбол,Пейнтбольные шарики
6748,Спортивные товары,Товары для отдыха на открытом воздухе,Товары для охоты и стрельбы,Товары для пейнтбола и страйкбола,Пейнтбол,Пейнтбольные гранатометы
6781,Спортивные товары,Товары для отдыха на открытом воздухе,Товары для охоты и стрельбы,Товары для пейнтбола и страйкбола,Пейнтбол,Пейнтбольные рюкзаки и разгрузочные жилеты
2443,Спортивные товары,Товары для отдыха на открытом воздухе,Товары для охоты и стрельбы,Товары для пейнтбола и страйкбола,Страйкбол
3093,Спортивные товары,Товары для отдыха на открытом воздухе,Товары для охоты и стрельбы,Товары для пейнтбола и страйкбола,Страйкбол,Оружие для страйкбола
3116,Спортивные товары,Товары для отдыха на открытом воздухе,Товары для охоты и стрельбы,Товары для пейнтбола и страйкбола,Страйкбол,Детали и принадлежности для страйкбольного оружия
8005,Спортивные товары,Товары для отдыха на открытом воздухе,Товары для охоты и стрельбы,Товары для пейнтбола и страйкбола,Страйкбол,Детали и принадлежности для страйкбольного оружия,Батареи для страйкбольного оружия
3925,Спортивные товары,Товары для отдыха на открытом воздухе,Товары для охоты и стрельбы,Товары для пейнтбола и страйкбола,Страйкбол,Пули для страйкбольного оружия
499835,Спортивные товары,Товары для отдыха на открытом воздухе,Товары для охоты и стрельбы,Товары для пейнтбола и страйкбола,Защитное снаряжение для пейнтбола и страйкбола
499836,Спортивные товары,Товары для отдыха на открытом воздухе,Товары для охоты и стрельбы,Товары для пейнтбола и страйкбола,Защитное снаряжение для пейнтбола и страйкбола,Перчатки для пейнтбола и страйкбола
499837,Спортивные товары,Товары для отдыха на открытом воздухе,Товары для охоты и стрельбы,Товары для пейнтбола и страйкбола,Защитное снаряжение для пейнтбола и страйкбола,Жилеты для пейнтбола и страйкбола
499838,Спортивные товары,Товары для отдыха на открытом воздухе,Товары для охоты и стрельбы,Товары для пейнтбола и страйкбола,Защитное снаряжение для пейнтбола и страйкбола,Защитные очки и маски для пейнтбола
499839,Спортивные товары,Товары для отдыха на открытом воздухе,Товары для охоты и стрельбы,Товары для пейнтбола и страйкбола,Защитное снаряжение для пейнтбола и страйкбола,Накладки для пейнтбола и страйкбола
499840,Спортивные товары,Товары для отдыха на открытом воздухе,Товары для охоты и стрельбы,Принадлежности для стрельбы и полигонов
3170,Спортивные товары,Товары для отдыха на открытом воздухе,Товары для охоты и стрельбы,Принадлежности для стрельбы и полигонов,Мишени
499841,Спортивные товары,Товары для отдыха на открытом воздухе,Товары для охоты и стрельбы,Принадлежности для стрельбы и полигонов,Упоры и подставки для стрельбы
499842,Спортивные товары,Товары для отдыха на открытом воздухе,Товары для охоты и стрельбы,Принадлежности для стрельбы и полигонов,Станки для стрельбы
499844,Спортивные товары,Товары для отдыха на открытом воздухе,Товары для зимних видов спорта и игр
1166,Спортивные товары,Товары для отдыха на открытом воздухе,Товары для зимних видов спорта и игр,Ходьба на снегоступах
3064,Спортивные товары,Товары для отдыха на открытом воздухе,Товары для зимних видов спорта и игр,Ходьба на снегоступах,Снегоступы
3073,Спортивные товары,Товары для отдыха на открытом воздухе,Товары для зимних видов спорта и игр,Ходьба на снегоступах,Крепления для снегоступов
7539,Спортивные товары,Товары для отдыха на открытом воздухе,Товары для зимних видов спорта и игр,Сани и нарты
499845,Спортивные товары,Товары для отдыха на открытом воздухе,Товары для зимних видов спорта и игр,Товары для лыжного спорта и сноубординга
1157,Спортивные товары,Товары для отдыха на открытом воздухе,Товары для зимних видов спорта и игр,Товары для лыжного спорта и сноубординга,Лыжные палки
1161,Спортивные товары,Товары для отдыха на открытом воздухе,Товары для зимних видов спорта и игр,Товары для лыжного спорта и сноубординга,Шлемы для лыж и сноуборда
1162,Спортивные товары,Товары для отдыха на открытом воздухе,Товары для зимних видов спорта и игр,Товары для лыжного спорта и сноубординга,Крепления для сноуборда
1163,Спортивные товары,Товары для отдыха на открытом воздухе,Товары для зимних видов спорта и игр,Товары для лыжного спорта и сноубординга,Ботинки для сноубординга
1164,Спортивные товары,Товары для отдыха на открытом воздухе,Товары для зимних видов спорта и игр,Товары для лыжного спорта и сноубординга,Доски для сноубординга
3550,Спортивные товары,Товары для отдыха на открытом воздухе,Товары для зимних видов спорта и игр,Товары для лыжного спорта и сноубординга,Очки для лыж и сноуборда
5088,Спортивные товары,Товары для отдыха на открытом воздухе,Товары для зимних видов спорта и игр,Товары для лыжного спорта и сноубординга,Детали креплений для сноубордов
6062,Спортивные товары,Товары для отдыха на открытом воздухе,Товары для зимних видов спорта и игр,Товары для лыжного спорта и сноубординга,Лыжные ботинки
6063,Спортивные товары,Товары для отдыха на открытом воздухе,Товары для зимних видов спорта и игр,Товары для лыжного спорта и сноубординга,Лыжные крепления
6064,Спортивные товары,Товары для отдыха на открытом воздухе,Товары для зимних видов спорта и игр,Товары для лыжного спорта и сноубординга,Лыжи
1158,Спортивные товары,Товары для отдыха на открытом воздухе,Товары для зимних видов спорта и игр,Товары для лыжного спорта и сноубординга,Лыжи,Горные лыжи
3331,Спортивные товары,Товары для отдыха на открытом воздухе,Товары для зимних видов спорта и игр,Товары для лыжного спорта и сноубординга,Лыжи,Беговые лыжи
7224,Спортивные товары,Товары для отдыха на открытом воздухе,Товары для зимних видов спорта и игр,Товары для лыжного спорта и сноубординга,Сумки для лыж и сноубордов
7558,Спортивные товары,Товары для отдыха на открытом воздухе,Товары для зимних видов спорта и игр,Товары для лыжного спорта и сноубординга,Стеллажи для хранения лыж и сноубордов
8074,Спортивные товары,Товары для отдыха на открытом воздухе,Товары для зимних видов спорта и игр,Товары для лыжного спорта и сноубординга,Воск для лыж и сноубордов
8203,Спортивные товары,Товары для отдыха на открытом воздухе,Товары для зимних видов спорта и игр,Товары для лыжного спорта и сноубординга,Принадлежности для очков для лыжного спорта и сноубординга
5050,Спортивные товары,Товары для отдыха на открытом воздухе,Товары для зимних видов спорта и игр,Товары для лыжного спорта и сноубординга,Принадлежности для очков для лыжного спорта и сноубординга,Линзы для лыжных очков
499681,Спортивные товары,Товары для отдыха на открытом воздухе,Товары для зимних видов спорта и игр,Товары для лыжного спорта и сноубординга,Ремешки для лыж и сноубордов
505296,Спортивные товары,Товары для отдыха на открытом воздухе,Товары для зимних видов спорта и игр,Товары для лыжного спорта и сноубординга,Детали креплений для лыж
505772,Спортивные товары,Товары для отдыха на открытом воздухе,Товары для зимних видов спорта и игр,Товары для лыжного спорта и сноубординга,Инструменты для лыж и сноубордов
499951,Спортивные товары,Товары для отдыха на открытом воздухе,Товары для зимних видов спорта и игр,Оборудование для спасательных работ при сходе лавин
499877,Спортивные товары,Товары для отдыха на открытом воздухе,Товары для зимних видов спорта и игр,Оборудование для спасательных работ при сходе лавин,Лавинные подушки безопасности
499952,Спортивные товары,Товары для отдыха на открытом воздухе,Товары для зимних видов спорта и игр,Оборудование для спасательных работ при сходе лавин,Лавинные зонды
499846,Спортивные товары,Товары для отдыха на открытом воздухе,Товары для подвижных игр
1062,Спортивные товары,Товары для отдыха на открытом воздухе,Товары для подвижных игр,Товары для бадминтона
3107,Спортивные товары,Товары для отдыха на открытом воздухе,Товары для подвижных игр,Товары для бадминтона,Сетки для бадминтона
3907,Спортивные товары,Товары для отдыха на открытом воздухе,Товары для подвижных игр,Товары для бадминтона,Воланы
3950,Спортивные товары,Товары для отдыха на открытом воздухе,Товары для подвижных игр,Товары для бадминтона,Ракетки и наборы для бадминтона
3126,Спортивные товары,Товары для отдыха на открытом воздухе,Товары для подвижных игр,Тетербол
499882,Спортивные товары,Товары для отдыха на открытом воздухе,Товары для подвижных игр,Тетербол,Стойки для тетербола
499883,Спортивные товары,Товары для отдыха на открытом воздухе,Товары для подвижных игр,Тетербол,Комплекты для тетербола
499884,Спортивные товары,Товары для отдыха на открытом воздухе,Товары для подвижных игр,Тетербол,Мячи для тетербола
3390,Спортивные товары,Товары для отдыха на открытом воздухе,Товары для подвижных игр,Товары для пиклбола
499847,Спортивные товары,Товары для отдыха на открытом воздухе,Товары для подвижных игр,Товары для пиклбола,Мячи для пиклболла
499848,Спортивные товары,Товары для отдыха на открытом воздухе,Товары для подвижных игр,Товары для пиклбола,Ракетки для пиклболла
3405,Спортивные товары,Товары для отдыха на открытом воздухе,Товары для подвижных игр,Газонные игры
3484,Спортивные товары,Товары для отдыха на открытом воздухе,Товары для подвижных игр,Диск-гольф
3227,Спортивные товары,Товары для отдыха на открытом воздухе,Товары для подвижных игр,Диск-гольф,Корзины для диск-гольфа
3993,Спортивные товары,Товары для отдыха на открытом воздухе,Товары для подвижных игр,Диск-гольф,Сумки для диск-гольфа
3787,Спортивные товары,Товары для отдыха на открытом воздухе,Товары для подвижных игр,Шаффлборд
3190,Спортивные товары,Товары для отдыха на открытом воздухе,Товары для подвижных игр,Шаффлборд,Шайбы для шаффлборда
3689,Спортивные товары,Товары для отдыха на открытом воздухе,Товары для подвижных игр,Шаффлборд,Кии для шаффлборда
7430,Спортивные товары,Товары для отдыха на открытом воздухе,Товары для подвижных игр,Наборы для пэдлбола
499904,Спортивные товары,Товары для отдыха на открытом воздухе,Товары для подвижных игр,Товары для тенниса на платформе и падл-тенниса
499849,Спортивные товары,Товары для отдыха на открытом воздухе,Товары для подвижных игр,Товары для тенниса на платформе и падл-тенниса,Мячи для тенниса на платформе
499850,Спортивные товары,Товары для отдыха на открытом воздухе,Товары для подвижных игр,Товары для тенниса на платформе и падл-тенниса,Ракетки для тенниса на платформе и падл-тенниса
499713,Спортивные товары,Товары для атлетических видов спорта
989,Спортивные товары,Товары для атлетических видов спорта,Товары для танцев
3269,Спортивные товары,Товары для атлетических видов спорта,Товары для танцев,Балетные станки
1000,Спортивные товары,Товары для атлетических видов спорта,Гимнастика
3123,Спортивные товары,Товары для атлетических видов спорта,Гимнастика,Гимнастические трамплины
3182,Спортивные товары,Товары для атлетических видов спорта,Гимнастика,Гимнастические кони
3774,Спортивные товары,Товары для атлетических видов спорта,Гимнастика,Гимнастические кольца
3779,Спортивные товары,Товары для атлетических видов спорта,Гимнастика,Гимнастические снаряды для опорных прыжков
3808,Спортивные товары,Товары для атлетических видов спорта,Гимнастика,Защитная экипировка для гимнастики
499781,Спортивные товары,Товары для атлетических видов спорта,Гимнастика,Защитная экипировка для гимнастики,Гимнастические захваты
503763,Спортивные товары,Товары для атлетических видов спорта,Гимнастика,Гимнастические перекладины и бревна
1006,Спортивные товары,Товары для атлетических видов спорта,Фехтование
3261,Спортивные товары,Товары для атлетических видов спорта,Фехтование,Защитная экипировка для фехтования
3366,Спортивные товары,Товары для атлетических видов спорта,Фехтование,Защитная экипировка для фехтования,Фехтовальные перчатки и браслеты
3707,Спортивные товары,Товары для атлетических видов спорта,Фехтование,Защитная экипировка для фехтования,Фехтовальные маски
499740,Спортивные товары,Товары для атлетических видов спорта,Фехтование,Защитная экипировка для фехтования,Фехтовальные куртки
3622,Спортивные товары,Товары для атлетических видов спорта,Фехтование,Фехтовальное оружие
1047,Спортивные товары,Товары для атлетических видов спорта,Товары для командного гандбола
499785,Спортивные товары,Товары для атлетических видов спорта,Товары для командного гандбола,Мячи для гандбола
1060,Спортивные товары,Товары для атлетических видов спорта,Товары для беговых видов легкой атлетики
3149,Спортивные товары,Товары для атлетических видов спорта,Товары для беговых видов легкой атлетики,Барьеры для бега
3389,Спортивные товары,Товары для атлетических видов спорта,Товары для беговых видов легкой атлетики,Метательные копья
3445,Спортивные товары,Товары для атлетических видов спорта,Товары для беговых видов легкой атлетики,Перекладины для прыжков в высоту
3478,Спортивные товары,Товары для атлетических видов спорта,Товары для беговых видов легкой атлетики,Метательные диски
3770,Спортивные товары,Товары для атлетических видов спорта,Товары для беговых видов легкой атлетики,Спортивные ядра
3864,Спортивные товары,Товары для атлетических видов спорта,Товары для беговых видов легкой атлетики,Ямы для прыжков в высоту
3878,Спортивные товары,Товары для атлетических видов спорта,Товары для беговых видов легкой атлетики,Эстафетные палочки
3880,Спортивные товары,Товары для атлетических видов спорта,Товары для беговых видов легкой атлетики,Метательные молоты
3987,Спортивные товары,Товары для атлетических видов спорта,Товары для беговых видов легкой атлетики,Ямы для прыжков с шестом
3997,Спортивные товары,Товары для атлетических видов спорта,Товары для беговых видов легкой атлетики,Стартовые пистолеты
4020,Спортивные товары,Товары для атлетических видов спорта,Товары для беговых видов легкой атлетики,Шесты
499786,Спортивные товары,Товары для атлетических видов спорта,Товары для беговых видов легкой атлетики,Стартовые колодки
1065,Спортивные товары,Товары для атлетических видов спорта,Товары для тенниса
3105,Спортивные товары,Товары для атлетических видов спорта,Товары для тенниса,Корзины и тележки для теннисных мячей
3113,Спортивные товары,Товары для атлетических видов спорта,Товары для тенниса,Теннисные мячи
3565,Спортивные товары,Товары для атлетических видов спорта,Товары для тенниса,Модули хранения теннисных мячей
3658,Спортивные товары,Товары для атлетических видов спорта,Товары для тенниса,Принадлежности для теннисных ракеток
3295,Спортивные товары,Товары для атлетических видов спорта,Товары для тенниса,Принадлежности для теннисных ракеток,Втулки для теннисных ракеток
3352,Спортивные товары,Товары для атлетических видов спорта,Товары для тенниса,Принадлежности для теннисных ракеток,Демпферы для ракеток
3403,Спортивные товары,Товары для атлетических видов спорта,Товары для тенниса,Принадлежности для теннисных ракеток,Обмотки и ленты для ручек теннисных ракеток
3638,Спортивные товары,Товары для атлетических видов спорта,Товары для тенниса,Принадлежности для теннисных ракеток,Сумки для теннисных ракеток
3922,Спортивные товары,Товары для атлетических видов спорта,Товары для тенниса,Принадлежности для теннисных ракеток,Струны для теннисных ракеток
3906,Спортивные товары,Товары для атлетических видов спорта,Товары для тенниса,Теннисные ракетки
3961,Спортивные товары,Товары для атлетических видов спорта,Товары для тенниса,Теннисные сетки
3985,Спортивные товары,Товары для атлетических видов спорта,Товары для тенниса,Машины для запуска теннисных мячей
1068,Спортивные товары,Товары для атлетических видов спорта,Борьба
3057,Спортивные товары,Товары для атлетических видов спорта,Борьба,Защитная экипировка для борьбы
499790,Спортивные товары,Товары для атлетических видов спорта,Борьба,Защитная экипировка для борьбы,Наколенники для рестлинга
499791,Спортивные товары,Товары для атлетических видов спорта,Борьба,Защитная экипировка для борьбы,Шлемы для рестлинга
1070,Спортивные товары,Товары для атлетических видов спорта,Товары для бейсбола и софтбола
1076,Спортивные товары,Товары для атлетических видов спорта,Товары для бейсбола и софтбола,Перчатки и рукавицы для бейсбола и софтбола
1077,Спортивные товары,Товары для атлетических видов спорта,Товары для бейсбола и софтбола,Машины автоматической подачи бейсбольного мяча
1078,Спортивные товары,Товары для атлетических видов спорта,Товары для бейсбола и софтбола,Защитная экипировка для бейсбола и софтбола
3668,Спортивные товары,Товары для атлетических видов спорта,Товары для бейсбола и софтбола,Защитная экипировка для бейсбола и софтбола,Шлемы для бейсбола и софтбола
499715,Спортивные товары,Товары для атлетических видов спорта,Товары для бейсбола и софтбола,Защитная экипировка для бейсбола и софтбола,Защита груди для бейсбола и софтбола
499716,Спортивные товары,Товары для атлетических видов спорта,Товары для бейсбола и софтбола,Защитная экипировка для бейсбола и софтбола,Наборы экипировки для кэтчеров
499717,Спортивные товары,Товары для атлетических видов спорта,Товары для бейсбола и софтбола,Защитная экипировка для бейсбола и софтбола,Шлемы и маски для кэтчеров
499718,Спортивные товары,Товары для атлетических видов спорта,Товары для бейсбола и софтбола,Защитная экипировка для бейсбола и софтбола,Защита ног для бейсбола и софтбола
3544,Спортивные товары,Товары для атлетических видов спорта,Товары для бейсбола и софтбола,Бейсбольные и софтбольные базы
3671,Спортивные товары,Товары для атлетических видов спорта,Товары для бейсбола и софтбола,Мячи для софтбола
3679,Спортивные товары,Товары для атлетических видов спорта,Товары для бейсбола и софтбола,Биты для софтбола
3747,Спортивные товары,Товары для атлетических видов спорта,Товары для бейсбола и софтбола,Перчатки для бейсбола и софтбола
3783,Спортивные товары,Товары для атлетических видов спорта,Товары для бейсбола и софтбола,Бейсбольные мячи
3790,Спортивные товары,Товары для атлетических видов спорта,Товары для бейсбола и софтбола,Бейсбольные биты
234670,Спортивные товары,Товары для атлетических видов спорта,Товары для бейсбола и софтбола,Горки для бейсбольных и софтбольных питчеров
234671,Спортивные товары,Товары для атлетических видов спорта,Товары для бейсбола и софтбола,Коврики для бейсбольных и софтбольных питчеров
1081,Спортивные товары,Товары для атлетических видов спорта,Товары для баскетбола
1082,Спортивные товары,Товары для атлетических видов спорта,Товары для баскетбола,Баскетбольные корзины
1083,Спортивные товары,Товары для атлетических видов спорта,Товары для баскетбола,Баскетбольные мячи
4676,Спортивные товары,Товары для атлетических видов спорта,Товары для баскетбола,Детали и принадлежности для баскетбольных корзин
3829,Спортивные товары,Товары для атлетических видов спорта,Товары для баскетбола,Детали и принадлежности для баскетбольных корзин,Баскетбольные сетки
4050,Спортивные товары,Товары для атлетических видов спорта,Товары для баскетбола,Детали и принадлежности для баскетбольных корзин,Баскетбольные стойки
4089,Спортивные товары,Товары для атлетических видов спорта,Товары для баскетбола,Детали и принадлежности для баскетбольных корзин,Баскетбольные щиты
4192,Спортивные товары,Товары для атлетических видов спорта,Товары для баскетбола,Детали и принадлежности для баскетбольных корзин,Баскетбольные кольца
7251,Спортивные товары,Товары для атлетических видов спорта,Товары для баскетбола,Детали и принадлежности для баскетбольных корзин,Амортизирующие подкладки для баскетбола
499751,Спортивные товары,Товары для атлетических видов спорта,Товары для баскетбола,Баскетбольные тренажеры
1087,Спортивные товары,Товары для атлетических видов спорта,Товары для крикета
3815,Спортивные товары,Товары для атлетических видов спорта,Товары для крикета,Биты для крикета
3870,Спортивные товары,Товары для атлетических видов спорта,Товары для крикета,Мячи для крикета
499734,Спортивные товары,Товары для атлетических видов спорта,Товары для крикета,Стойки для крикета
499735,Спортивные товары,Товары для атлетических видов спорта,Товары для крикета,Комплекты инвентаря для крикета
499736,Спортивные товары,Товары для атлетических видов спорта,Товары для крикета,Защитная экипировка для крикета
3339,Спортивные товары,Товары для атлетических видов спорта,Товары для крикета,Защитная экипировка для крикета,Перчатки для крикета
3543,Спортивные товары,Товары для атлетических видов спорта,Товары для крикета,Защитная экипировка для крикета,Шлемы для крикета
499739,Спортивные товары,Товары для атлетических видов спорта,Товары для крикета,Защитная экипировка для крикета,Защита ног для крикета
499737,Спортивные товары,Товары для атлетических видов спорта,Товары для крикета,Принадлежности для крикетных бит
499738,Спортивные товары,Товары для атлетических видов спорта,Товары для крикета,Принадлежности для крикетных бит,Ручки для крикетных бит
1093,Спортивные товары,Товары для атлетических видов спорта,Американский футбол
1094,Спортивные товары,Товары для атлетических видов спорта,Американский футбол,Мячи для американского футбола
1097,Спортивные товары,Товары для атлетических видов спорта,Американский футбол,Защитное оснащение для американского футбола
1098,Спортивные товары,Товары для атлетических видов спорта,Американский футбол,Защитное оснащение для американского футбола,Шлемы для американского футбола
3060,Спортивные товары,Товары для атлетических видов спорта,Американский футбол,Защитное оснащение для американского футбола,Принадлежности для шлемов для американского футбола
3063,Спортивные товары,Товары для атлетических видов спорта,Американский футбол,Защитное оснащение для американского футбола,Принадлежности для шлемов для американского футбола,Защитные козырьки на шлемы для американского футбола
3090,Спортивные товары,Товары для атлетических видов спорта,Американский футбол,Защитное оснащение для американского футбола,Принадлежности для шлемов для американского футбола,Защитные маски для американского футбола
3247,Спортивные товары,Товары для атлетических видов спорта,Американский футбол,Защитное оснащение для американского футбола,Принадлежности для шлемов для американского футбола,Предметы защиты подбородка для американского футбола
3343,Спортивные товары,Товары для атлетических видов спорта,Американский футбол,Защитное оснащение для американского футбола,Принадлежности для шлемов для американского футбола,Накладки на шлемы для американского футбола
3497,Спортивные товары,Товары для атлетических видов спорта,Американский футбол,Защитное оснащение для американского футбола,Накладки на шею для американского футбола
3510,Спортивные товары,Товары для атлетических видов спорта,Американский футбол,Защитное оснащение для американского футбола,Защитные пояса для американского футбола
3621,Спортивные товары,Товары для атлетических видов спорта,Американский футбол,Защитное оснащение для американского футбола,Накладки на плечи для американского футбола
499778,Спортивные товары,Товары для атлетических видов спорта,Американский футбол,Защитное оснащение для американского футбола,Защитные майки и жилеты для американского футбола
3442,Спортивные товары,Товары для атлетических видов спорта,Американский футбол,Перчатки для американского футбола
3492,Спортивные товары,Товары для атлетических видов спорта,Американский футбол,Штанги ворот для американского футбола
3656,Спортивные товары,Товары для атлетических видов спорта,Американский футбол,Подставки для мяча для американского футбола
3998,Спортивные товары,Товары для атлетических видов спорта,Американский футбол,Тренировочная форма для американского футбола
499779,Спортивные товары,Товары для атлетических видов спорта,Американский футбол,Тренировочная форма для американского футбола,Манекены и тележки для американского футбола
1110,Спортивные товары,Товары для атлетических видов спорта,Товары для регби
3487,Спортивные товары,Товары для атлетических видов спорта,Товары для регби,Перчатки для регби
3761,Спортивные товары,Товары для атлетических видов спорта,Товары для регби,Мячи для регби
3881,Спортивные товары,Товары для атлетических видов спорта,Товары для регби,Стойки для регби
3983,Спортивные товары,Товары для атлетических видов спорта,Товары для регби,Тренировочное оборудование для регби
499782,Спортивные товары,Товары для атлетических видов спорта,Товары для регби,Защитная экипировка для регби
3077,Спортивные товары,Товары для атлетических видов спорта,Товары для регби,Защитная экипировка для регби,Шлемы для регби
1111,Спортивные товары,Товары для атлетических видов спорта,Товары для футбола
1112,Спортивные товары,Товары для атлетических видов спорта,Товары для футбола,Футбольные мячи
1113,Спортивные товары,Товары для атлетических видов спорта,Товары для футбола,Футбольные ворота
3141,Спортивные товары,Товары для атлетических видов спорта,Товары для футбола,Вратарские футбольные перчатки
3973,Спортивные товары,Товары для атлетических видов спорта,Товары для футбола,Угловые флажки
6055,Спортивные товары,Товары для атлетических видов спорта,Товары для футбола,Принадлежности для футбольных ворот
499784,Спортивные товары,Товары для атлетических видов спорта,Товары для футбола,Защитная экипировка для футбола
1114,Спортивные товары,Товары для атлетических видов спорта,Товары для футбола,Защитная экипировка для футбола,Средства защиты голеней для футбола
1115,Спортивные товары,Товары для атлетических видов спорта,Товары для волейбола
1116,Спортивные товары,Товары для атлетических видов спорта,Товары для волейбола,Волейбольные мячи
1117,Спортивные товары,Товары для атлетических видов спорта,Товары для волейбола,Волейбольные сетки
499787,Спортивные товары,Товары для атлетических видов спорта,Товары для волейбола,Оборудование для волейбольных тренировок
499788,Спортивные товары,Товары для атлетических видов спорта,Товары для волейбола,Защитная экипировка для волейбола
499789,Спортивные товары,Товары для атлетических видов спорта,Товары для волейбола,Защитная экипировка для волейбола,Наколенники для волейбола
1145,Спортивные товары,Товары для атлетических видов спорта,Водное поло
3575,Спортивные товары,Товары для атлетических видов спорта,Водное поло,Шапочки для водного поло
3678,Спортивные товары,Товары для атлетических видов спорта,Водное поло,Ворота для водного поло
3794,Спортивные товары,Товары для атлетических видов спорта,Водное поло,Мячи для водного поло
3354,Спортивные товары,Товары для атлетических видов спорта,Чирлидинг
3953,Спортивные товары,Товары для атлетических видов спорта,Чирлидинг,Помпоны для чирлидинга
6734,Спортивные товары,Товары для атлетических видов спорта,Оборудование для брумбола
6739,Спортивные товары,Товары для атлетических видов спорта,Принадлежности для судей и тренеров
6729,Спортивные товары,Товары для атлетических видов спорта,Принадлежности для судей и тренеров,Штрафные карты и флажки
6730,Спортивные товары,Товары для атлетических видов спорта,Принадлежности для судей и тренеров,Свистки для судей и тренеров
6731,Спортивные товары,Товары для атлетических видов спорта,Принадлежности для судей и тренеров,Флажки для линейных судей
8505,Спортивные товары,Товары для атлетических видов спорта,Принадлежности для судей и тренеров,Спортивные табло
499727,Спортивные товары,Товары для атлетических видов спорта,Принадлежности для судей и тренеров,Судейские сумки
499729,Спортивные товары,Товары для атлетических видов спорта,Принадлежности для судей и тренеров,Капитанские повязки
499730,Спортивные товары,Товары для атлетических видов спорта,Принадлежности для судей и тренеров,Судейские идикаторы
499731,Спортивные товары,Товары для атлетических видов спорта,Принадлежности для судей и тренеров,Бейсбольные счетчики
499732,Спортивные товары,Товары для атлетических видов спорта,Принадлежности для судей и тренеров,Монеты и диски для подбрасывания
499733,Спортивные товары,Товары для атлетических видов спорта,Принадлежности для судей и тренеров,Судейские стойки и кресла
505813,Спортивные товары,Товары для атлетических видов спорта,Принадлежности для судей и тренеров,Инструменты и средства для нанесения разметки на поля и площадки
7156,Спортивные товары,Товары для атлетических видов спорта,Товары для английской лапты
7157,Спортивные товары,Товары для атлетических видов спорта,Товары для английской лапты,Перчатки для английской лапты
7158,Спортивные товары,Товары для атлетических видов спорта,Товары для английской лапты,Биты для английской лапты
499719,Спортивные товары,Товары для атлетических видов спорта,Товары для бокса и боевых искусств
3411,Спортивные товары,Товары для атлетических видов спорта,Товары для бокса и боевых искусств,Элементы боксерского ринга
3652,Спортивные товары,Товары для атлетических видов спорта,Товары для бокса и боевых искусств,Боксерские ринги
3717,Спортивные товары,Товары для атлетических видов спорта,Товары для бокса и боевых искусств,Пояса для боевых искусств
4008,Спортивные товары,Товары для атлетических видов спорта,Товары для бокса и боевых искусств,Защитная экипировка для бокса
3235,Спортивные товары,Товары для атлетических видов спорта,Товары для бокса и боевых искусств,Защитная экипировка для бокса,Боксерские перчатки
499722,Спортивные товары,Товары для атлетических видов спорта,Товары для бокса и боевых искусств,Защитная экипировка для бокса,Шлемы для бокса и боевых искусств
499723,Спортивные товары,Товары для атлетических видов спорта,Товары для бокса и боевых искусств,Защитная экипировка для бокса,Защита корпуса для бокса и боевых искусств
499724,Спортивные товары,Товары для атлетических видов спорта,Товары для бокса и боевых искусств,Защитная экипировка для бокса,Средства защиты голеней для смешанных боевых искусств
499725,Спортивные товары,Товары для атлетических видов спорта,Товары для бокса и боевых искусств,Защитная экипировка для бокса,Щитки для рук для бокса и боевых искусств
499726,Спортивные товары,Товары для атлетических видов спорта,Товары для бокса и боевых искусств,Защитная экипировка для бокса,Бинты для рук для бокса и смешанных боевых искусств
4282,Спортивные товары,Товары для атлетических видов спорта,Товары для бокса и боевых искусств,Оружие для боевых искусств
499720,Спортивные товары,Товары для атлетических видов спорта,Товары для бокса и боевых искусств,Тренажеры для бокса и боевых искусств
3297,Спортивные товары,Товары для атлетических видов спорта,Товары для бокса и боевых искусств,Тренажеры для бокса и боевых искусств,Боксерские груши
7116,Спортивные товары,Товары для атлетических видов спорта,Товары для бокса и боевых искусств,Тренажеры для бокса и боевых искусств,Манекены для захватов
7129,Спортивные товары,Товары для атлетических видов спорта,Товары для бокса и боевых искусств,Тренажеры для бокса и боевых искусств,Принадлежности для боксерских и тренировочных груш
499721,Спортивные товары,Товары для атлетических видов спорта,Товары для бокса и боевых искусств,Тренажеры для бокса и боевых искусств,Щиты для отработки ударов и макивары
499769,Спортивные товары,Товары для атлетических видов спорта,Товары для бокса и боевых искусств,Тренажеры для бокса и боевых искусств,Лапы для бокса и смешанных боевых искусств
499741,Спортивные товары,Товары для атлетических видов спорта,Товары для хоккея на траве и лакросса
1089,Спортивные товары,Товары для атлетических видов спорта,Товары для хоккея на траве и лакросса,Мячи для хоккея на траве
1092,Спортивные товары,Товары для атлетических видов спорта,Товары для хоккея на траве и лакросса,Клюшки для хоккея на траве
3001,Спортивные товары,Товары для атлетических видов спорта,Товары для хоккея на траве и лакросса,Ворота для хоккея на траве
3204,Спортивные товары,Товары для атлетических видов спорта,Товары для хоккея на траве и лакросса,Тренировочное оборудование для лакросса
3336,Спортивные товары,Товары для атлетических видов спорта,Товары для хоккея на траве и лакросса,Детали клюшек для лакросса
3418,Спортивные товары,Товары для атлетических видов спорта,Товары для хоккея на траве и лакросса,Детали клюшек для лакросса,Головки для клюшек для лакроса
3423,Спортивные товары,Товары для атлетических видов спорта,Товары для хоккея на траве и лакросса,Детали клюшек для лакросса,Ручки для клюшек для лакросса
3785,Спортивные товары,Товары для атлетических видов спорта,Товары для хоккея на траве и лакросса,Детали клюшек для лакросса,Сетки и шнурки для лакросса
3536,Спортивные товары,Товары для атлетических видов спорта,Товары для хоккея на траве и лакросса,Мячи для лакросса
3817,Спортивные товары,Товары для атлетических видов спорта,Товары для хоккея на траве и лакросса,Клюшки для лакросса
3970,Спортивные товары,Товары для атлетических видов спорта,Товары для хоккея на траве и лакросса,Ворота для лакросса
499742,Спортивные товары,Товары для атлетических видов спорта,Товары для хоккея на траве и лакросса,Наборы оборудования для лакросса
499744,Спортивные товары,Товары для атлетических видов спорта,Товары для хоккея на траве и лакросса,Защитная экипировка для хоккея на траве и лакросса
499745,Спортивные товары,Товары для атлетических видов спорта,Товары для хоккея на траве и лакросса,Защитная экипировка для хоккея на траве и лакросса,Перчатки для хоккея на траве и лакросса
499746,Спортивные товары,Товары для атлетических видов спорта,Товары для хоккея на траве и лакросса,Защитная экипировка для хоккея на траве и лакросса,Шлемы для хоккея на траве и лакросса
499747,Спортивные товары,Товары для атлетических видов спорта,Товары для хоккея на траве и лакросса,Защитная экипировка для хоккея на траве и лакросса,Маски и очки для хоккея на траве и лакросса
502970,Спортивные товары,Товары для атлетических видов спорта,Товары для хоккея на траве и лакросса,Защитная экипировка для хоккея на траве и лакросса,Щитки для хоккея на траве и лакросса
499799,Спортивные товары,Товары для атлетических видов спорта,Спортивное оборудование общего назначения
3877,Спортивные товары,Товары для атлетических видов спорта,Спортивное оборудование общего назначения,Рупоры для спортивных мероприятий
3971,Спортивные товары,Товары для атлетических видов спорта,Спортивное оборудование общего назначения,Спортивная магнезия
6344,Спортивные товары,Товары для атлетических видов спорта,Спортивное оборудование общего назначения,Сиденья и подушки для стадионов
7397,Спортивные товары,Товары для атлетических видов спорта,Спортивное оборудование общего назначения,Сумки и тележки для мячей
7433,Спортивные товары,Товары для атлетических видов спорта,Спортивное оборудование общего назначения,Принадлежности для насосов для мячей
7435,Спортивные товары,Товары для атлетических видов спорта,Спортивное оборудование общего назначения,Принадлежности для насосов для мячей,Иглы для насосов для мячей
7434,Спортивные товары,Товары для атлетических видов спорта,Спортивное оборудование общего назначения,Насосы для мячей
8077,Спортивные товары,Товары для атлетических видов спорта,Спортивное оборудование общего назначения,Тренировочные ворота и сетки для них
8222,Спортивные товары,Товары для атлетических видов спорта,Спортивное оборудование общего назначения,Маски для имитации горных тренировок
8319,Спортивные товары,Товары для атлетических видов спорта,Спортивное оборудование общего назначения,Конусы для спортивных тренировок
499800,Спортивные товары,Товары для атлетических видов спорта,Спортивное оборудование общего назначения,Спортивные защитные раковины
499801,Спортивные товары,Товары для атлетических видов спорта,Спортивное оборудование общего назначения,Капы для спортсменов
499802,Спортивные товары,Товары для атлетических видов спорта,Спортивное оборудование общего назначения,Лестницы и барьеры для тренировки скорости и ловкости
499803,Спортивные товары,Товары для атлетических видов спорта,Спортивное оборудование общего назначения,Гимнастические маты
499903,Спортивные товары,Товары для атлетических видов спорта,Спортивное оборудование общего назначения,Стеллажи и тележки для хранения гимнастических и тренировочных матов
499861,Спортивные товары,Товары для атлетических видов спорта,Экипировка для валлибола
499915,Спортивные товары,Товары для атлетических видов спорта,Товары для фигурного катания и хоккея
1057,Спортивные товары,Товары для атлетических видов спорта,Товары для фигурного катания и хоккея,Коньки
1105,Спортивные товары,Товары для атлетических видов спорта,Товары для фигурного катания и хоккея,Хоккейное защитное снаряжение
3615,Спортивные товары,Товары для атлетических видов спорта,Товары для фигурного катания и хоккея,Хоккейное защитное снаряжение,Хоккейные штаны
6078,Спортивные товары,Товары для атлетических видов спорта,Товары для фигурного катания и хоккея,Хоккейное защитное снаряжение,Хоккейные перчатки
6080,Спортивные товары,Товары для атлетических видов спорта,Товары для фигурного катания и хоккея,Хоккейное защитное снаряжение,Хоккейные шлемы
499755,Спортивные товары,Товары для атлетических видов спорта,Товары для фигурного катания и хоккея,Хоккейное защитное снаряжение,Хоккейные щитки для защиты ног
499756,Спортивные товары,Товары для атлетических видов спорта,Товары для фигурного катания и хоккея,Хоккейное защитное снаряжение,Хоккейные щитки для защиты локтей
499757,Спортивные товары,Товары для атлетических видов спорта,Товары для фигурного катания и хоккея,Хоккейное защитное снаряжение,Хоккейные щитки для защиты груди и плеч
499890,Спортивные товары,Товары для атлетических видов спорта,Товары для фигурного катания и хоккея,Хоккейное защитное снаряжение,Наборы экипировки для хоккейных вратарей
499975,Спортивные товары,Товары для атлетических видов спорта,Товары для фигурного катания и хоккея,Хоккейное защитное снаряжение,Хоккейные подтяжки и ремни
3791,Спортивные товары,Товары для атлетических видов спорта,Товары для фигурного катания и хоккея,Детали и принадлежности для коньков
3241,Спортивные товары,Товары для атлетических видов спорта,Товары для фигурного катания и хоккея,Детали и принадлежности для коньков,Затяжки для шнурков коньков
3623,Спортивные товары,Товары для атлетических видов спорта,Товары для фигурного катания и хоккея,Детали и принадлежности для коньков,Точила для коньков
4019,Спортивные товары,Товары для атлетических видов спорта,Товары для фигурного катания и хоккея,Детали и принадлежности для коньков,Накладки на лезвия коньков
6708,Спортивные товары,Товары для атлетических видов спорта,Товары для фигурного катания и хоккея,Детали и принадлежности для коньков,Обувь для фигуристов
7000,Спортивные товары,Товары для атлетических видов спорта,Товары для фигурного катания и хоккея,Детали и принадлежности для коньков,Лезвия для коньков
6074,Спортивные товары,Товары для атлетических видов спорта,Товары для фигурного катания и хоккея,Хоккейные ворота
6076,Спортивные товары,Товары для атлетических видов спорта,Товары для фигурного катания и хоккея,Хоккейные клюшки
6077,Спортивные товары,Товары для атлетических видов спорта,Товары для фигурного катания и хоккея,Хоккейные шайбы и мячи
6857,Спортивные товары,Товары для атлетических видов спорта,Товары для фигурного катания и хоккея,Хоккейные сани
7011,Спортивные товары,Товары для атлетических видов спорта,Товары для фигурного катания и хоккея,Детали для хоккейных клюшек
6852,Спортивные товары,Товары для атлетических видов спорта,Товары для фигурного катания и хоккея,Детали для хоккейных клюшек,Крюки для хоккейных клюшек
6942,Спортивные товары,Товары для атлетических видов спорта,Товары для фигурного катания и хоккея,Детали для хоккейных клюшек,Черенки для хоккейных клюшек
7012,Спортивные товары,Товары для атлетических видов спорта,Товары для фигурного катания и хоккея,Средства для ухода за хоккейными клюшками
503752,Спортивные товары,Товары для атлетических видов спорта,Ракетболл и сквош
3119,Спортивные товары,Товары для атлетических видов спорта,Ракетболл и сквош,Защитные очки для сквоша и ракетбола
3714,Спортивные товары,Товары для атлетических видов спорта,Ракетболл и сквош,Ракетки для ракетбола
4002,Спортивные товары,Товары для атлетических видов спорта,Ракетболл и сквош,Ракетки для сквоша
499783,Спортивные товары,Товары для атлетических видов спорта,Ракетболл и сквош,Перчатки для сквоша и рэкетбола
503753,Спортивные товары,Товары для атлетических видов спорта,Ракетболл и сквош,Мячи для ракетболла и сквоша
1239,Игры и игрушки
1249,Игры и игрушки,Оборудование для игр на открытом воздухе
1251,Игры и игрушки,Оборудование для игр на открытом воздухе,Домики для детей
1738,Игры и игрушки,Оборудование для игр на открытом воздухе,Батуты
1863,Игры и игрушки,Оборудование для игр на открытом воздухе,Пого-стики
2743,Игры и игрушки,Оборудование для игр на открытом воздухе,Песочницы
2867,Игры и игрушки,Оборудование для игр на открытом воздухе,Горки
3948,Игры и игрушки,Оборудование для игр на открытом воздухе,Прыгающие ходули
5524,Игры и игрушки,Оборудование для игр на открытом воздухе,Принадлежности для батутов
6269,Игры и игрушки,Оборудование для игр на открытом воздухе,Принадлежности для качелей и детских городков
6270,Игры и игрушки,Оборудование для игр на открытом воздухе,Качели
6271,Игры и игрушки,Оборудование для игр на открытом воздухе,Качели и детские городки
6396,Игры и игрушки,Оборудование для игр на открытом воздухе,Надувные воздушные замки
6397,Игры и игрушки,Оборудование для игр на открытом воздухе,Игровые палатки и туннели
6450,Игры и игрушки,Оборудование для игр на открытом воздухе,Качалки-балансиры
6464,Игры и игрушки,Оборудование для игр на открытом воздухе,Приспособления для водных игр
3556,Игры и игрушки,Оборудование для игр на открытом воздухе,Приспособления для водных игр,Водяные столики
6465,Игры и игрушки,Оборудование для игр на открытом воздухе,Приспособления для водных игр,Игрушечные разбрызгиватели
500095,Игры и игрушки,Оборудование для игр на открытом воздухе,Приспособления для водных игр,Аквапарки и горки
7219,Игры и игрушки,Оборудование для игр на открытом воздухе,Принадлежности для надувных воздушных замков
1253,Игры и игрушки,Игрушки
1254,Игры и игрушки,Игрушки,Конструкторы и строительные игрушки
3163,Игры и игрушки,Игрушки,Конструкторы и строительные игрушки,Горки с шариками
3172,Игры и игрушки,Игрушки,Конструкторы и строительные игрушки,Вспененные блоки
3287,Игры и игрушки,Игрушки,Конструкторы и строительные игрушки,Конструкторы из блоков
3617,Игры и игрушки,Игрушки,Конструкторы и строительные игрушки,Деревянные блоки
3805,Игры и игрушки,Игрушки,Конструкторы и строительные игрушки,Игрушечные строительные наборы
1255,Игры и игрушки,Игрушки,"Куклы, фигурки и наборы игрушек"
1257,Игры и игрушки,Игрушки,"Куклы, фигурки и наборы игрушек",Куклы
1258,Игры и игрушки,Игрушки,"Куклы, фигурки и наборы игрушек",Куклы и марионетки
1259,Игры и игрушки,Игрушки,"Куклы, фигурки и наборы игрушек",Мягкие игрушки
2497,Игры и игрушки,Игрушки,"Куклы, фигурки и наборы игрушек",Принадлежности для кукольных домиков
2499,Игры и игрушки,Игрушки,"Куклы, фигурки и наборы игрушек",Кукольные домики
3166,Игры и игрушки,Игрушки,"Куклы, фигурки и наборы игрушек",Игровые наборы
3584,Игры и игрушки,Игрушки,"Куклы, фигурки и наборы игрушек",Принадлежности для кукол
6056,Игры и игрушки,Игрушки,"Куклы, фигурки и наборы игрушек",Принадлежности для марионеток и кукольного театра
6057,Игры и игрушки,Игрушки,"Куклы, фигурки и наборы игрушек",Кукольные театры
6058,Игры и игрушки,Игрушки,"Куклы, фигурки и наборы игрушек",Игрушки в виде известных персонажей
7114,Игры и игрушки,Игрушки,"Куклы, фигурки и наборы игрушек",Фигурки с качающейся головой
8021,Игры и игрушки,Игрушки,"Куклы, фигурки и наборы игрушек",Бумажные и магнитные куклы
1261,Игры и игрушки,Игрушки,Летающие игрушки
3263,Игры и игрушки,Игрушки,Летающие игрушки,Игрушечные парашюты
3378,Игры и игрушки,Игрушки,Летающие игрушки,Игрушечные планеры
3460,Игры и игрушки,Игрушки,Летающие игрушки,Воздушные змеи
3966,Игры и игрушки,Игрушки,Летающие игрушки,Воздушно-водяные ракеты
1262,Игры и игрушки,Игрушки,Обучающие игрушки
3088,Игры и игрушки,Игрушки,Обучающие игрушки,Домашние муравейники
3500,Игры и игрушки,Игрушки,Обучающие игрушки,Детские научные наборы
3928,Игры и игрушки,Игрушки,Обучающие игрушки,Наборы для сбора и изучения насекомых
5529,Игры и игрушки,Игрушки,Обучающие игрушки,Игрушки для обучения чтению
6466,Игры и игрушки,Игрушки,Обучающие игрушки,Игрушечные счёты
499938,Игры и игрушки,Игрушки,Обучающие игрушки,Астрономические модели и игрушки
500015,Игры и игрушки,Игрушки,Обучающие игрушки,Дидактические карточки
1264,Игры и игрушки,Игрушки,Музыкальные игрушки
3252,Игры и игрушки,Игрушки,Музыкальные игрушки,Игрушечные музыкальные инструменты
1266,Игры и игрушки,Игрушки,Спортивные игрушки
3199,Игры и игрушки,Игрушки,Спортивные игрушки,Фитнес-игрушки
3215,Игры и игрушки,Игрушки,Спортивные игрушки,Фитнес-игрушки,Обручи
3226,Игры и игрушки,Игрушки,Спортивные игрушки,Детский гольф
3371,Игры и игрушки,Игрушки,Спортивные игрушки,Игрушечные мячи для американского футбола
3552,Игры и игрушки,Игрушки,Спортивные игрушки,Детский баскетбол
3665,Игры и игрушки,Игрушки,Спортивные игрушки,Детский боулинг
3675,Игры и игрушки,Игрушки,Спортивные игрушки,Бумеранги
3776,Игры и игрушки,Игрушки,Спортивные игрушки,Детский бейсбол
3909,Игры и игрушки,Игрушки,Спортивные игрушки,Футбэги
3943,Игры и игрушки,Игрушки,Спортивные игрушки,Детский хоккей
4167,Игры и игрушки,Игрушки,Спортивные игрушки,Фрисби
8529,Игры и игрушки,Игрушки,Спортивные игрушки,Игрушечная рыбалка
499965,Игры и игрушки,Игрушки,Спортивные игрушки,Мячи
500113,Игры и игрушки,Игрушки,Спортивные игрушки,Фингерборды и наборы для фингербордов
505284,Игры и игрушки,Игрушки,Спортивные игрушки,Игрушечные ракетки
1268,Игры и игрушки,Игрушки,Игрушки для пляжа и песочницы
2505,Игры и игрушки,Игрушки,Игрушечные транспортные средства
3296,Игры и игрушки,Игрушки,Игрушечные транспортные средства,Игрушечные грузовые и строительные машины
3444,Игры и игрушки,Игрушки,Игрушечные транспортные средства,Игрушечные самолеты
3474,Игры и игрушки,Игрушки,Игрушечные транспортные средства,Комплекты игрушечных гоночных автомобилей и трасс
3506,Игры и игрушки,Игрушки,Игрушечные транспортные средства,Игрушечные вертолеты
3551,Игры и игрушки,Игрушки,Игрушечные транспортные средства,Игрушечные машины
3589,Игры и игрушки,Игрушки,Игрушечные транспортные средства,Игрушечные космические корабли
3590,Игры и игрушки,Игрушки,Игрушечные транспортные средства,Игрушечные мотоциклы
3792,Игры и игрушки,Игрушки,Игрушечные транспортные средства,Игрушечные лодки
5152,Игры и игрушки,Игрушки,Игрушечные транспортные средства,Игрушечные железные дороги
2546,Игры и игрушки,Игрушки,Радиоуправляемые игрушки
3532,Игры и игрушки,Игрушки,Радиоуправляемые игрушки,Радиоуправляемые лодки
3554,Игры и игрушки,Игрушки,Радиоуправляемые игрушки,Радиоуправляемые вертолеты
3601,Игры и игрушки,Игрушки,Радиоуправляемые игрушки,Радиоуправляемые машины
3677,Игры и игрушки,Игрушки,Радиоуправляемые игрушки,Радиоуправляемые самолёты
5968,Игры и игрушки,Игрушки,Радиоуправляемые игрушки,Радиоуправляемые мотоциклы
5969,Игры и игрушки,Игрушки,Радиоуправляемые игрушки,Радиоуправляемые танки
6059,Игры и игрушки,Игрушки,Радиоуправляемые игрушки,Радиоуправляемые роботы
7090,Игры и игрушки,Игрушки,Радиоуправляемые игрушки,Радиоуправляемые дирижабли
2778,Игры и игрушки,Игрушки,Принадлежности для радиоуправляемых игрушек
2799,Игры и игрушки,Игрушки,Игрушки для катания
2724,Игры и игрушки,Игрушки,Игрушки для катания,Педальные машины и машины-каталки для детей
2753,Игры и игрушки,Игрушки,Игрушки для катания,Детские электромобили
3441,Игры и игрушки,Игрушки,Игрушки для катания,Качалки
6379,Игры и игрушки,Игрушки,Игрушки для катания,Детские тележки
6407,Игры и игрушки,Игрушки,Игрушки для катания,Лошадки-качалки
2953,Игры и игрушки,Игрушки,Заводные игрушки
3074,Игры и игрушки,Игрушки,Сувенирные игрушки
5872,Игры и игрушки,Игрушки,Сувенирные игрушки,Магнитные игрушки
3207,Игры и игрушки,Игрушки,Сухие бассейны
3229,Игры и игрушки,Игрушки,Сюжетно-ролевые игры
3129,Игры и игрушки,Игрушки,Сюжетно-ролевые игры,Игрушки для профессий
3288,Игры и игрушки,Игрушки,Сюжетно-ролевые игры,Игрушечные садовые инструменты
3298,Игры и игрушки,Игрушки,Сюжетно-ролевые игры,Игрушечные кухни и еда
543622,Игры и игрушки,Игрушки,Сюжетно-ролевые игры,Игрушечные кухни и еда,Игрушечные кухонные гарнитуры
543623,Игры и игрушки,Игрушки,Сюжетно-ролевые игры,Игрушечные кухни и еда,Игрушечная посуда для сервировки стола
543624,Игры и игрушки,Игрушки,Сюжетно-ролевые игры,Игрушечные кухни и еда,Игрушечная еда
543690,Игры и игрушки,Игрушки,Сюжетно-ролевые игры,Игрушечные кухни и еда,Игрушечная посуда
3659,Игры и игрушки,Игрушки,Сюжетно-ролевые игры,Игрушечная электроника
3680,Игры и игрушки,Игрушки,Сюжетно-ролевые игры,Игрушечные деньги
3751,Игры и игрушки,Игрушки,Сюжетно-ролевые игры,Игрушечные инструменты
4004,Игры и игрушки,Игрушки,Сюжетно-ролевые игры,Игрушечное домашнее хозяйство
8295,Игры и игрушки,Игрушки,Сюжетно-ролевые игры,Игрушечные наборы для похода в магазин
3562,Игры и игрушки,Игрушки,Оптические игрушки
3301,Игры и игрушки,Игрушки,Оптические игрушки,Калейдоскопы
3782,Игры и игрушки,Игрушки,Оптические игрушки,Призмы
3625,Игры и игрушки,Игрушки,Игрушки-роботы
3627,Игры и игрушки,Игрушки,Игрушечное оружие
3731,Игры и игрушки,Игрушки,Игрушки для творчества
3079,Игры и игрушки,Игрушки,Игрушки для творчества,Доски для рисования
505818,Игры и игрушки,Игрушки,Игрушки для творчества,Пластилин
3911,Игры и игрушки,Игрушки,Игрушки для купания
4352,Игры и игрушки,Игрушки,Развивающие игрушки
3212,Игры и игрушки,Игрушки,Развивающие игрушки,Растворы для мыльных пузырей
3466,Игры и игрушки,Игрушки,Развивающие игрушки,Волчки
3534,Игры и игрушки,Игрушки,Развивающие игрушки,Марблы
3733,Игры и игрушки,Игрушки,Развивающие игрушки,Каучуковые шарики
3874,Игры и игрушки,Игрушки,Развивающие игрушки,Игрушки для выдувания мыльных пузырей
3929,Игры и игрушки,Игрушки,Развивающие игрушки,Йо-йо
4177,Игры и игрушки,Игрушки,Развивающие игрушки,Андамании
4216,Игры и игрушки,Игрушки,Развивающие игрушки,Игра в бабки
7148,Игры и игрушки,Игрушки,Развивающие игрушки,Запасные части и принадлежности для йо-йо
7425,Игры и игрушки,Игрушки,Развивающие игрушки,Игрушки для пэдлбола
7473,Игры и игрушки,Игрушки,Развивающие игрушки,Игрушки с лентами
7519,Игры и игрушки,Игрушки,Развивающие игрушки,Игры бильбоке
5970,Игры и игрушки,Игрушки,Принадлежности для детских автомобилей
5153,Игры и игрушки,Игрушки,Принадлежности для детских автомобилей,Принадлежности для игрушечной железной дороги
5971,Игры и игрушки,Игрушки,Принадлежности для детских автомобилей,Принадлежности для игрушечных гоночных автомобилей
7202,Игры и игрушки,Игрушки,Принадлежности для игрушек для катания
7311,Игры и игрушки,Игрушки,Принадлежности для сухих бассейнов
7312,Игры и игрушки,Игрушки,Принадлежности для сухих бассейнов,Шарики для сухих бассейнов
7366,Игры и игрушки,Игрушки,Принадлежности для летающих игрушек
7368,Игры и игрушки,Игрушки,Принадлежности для летающих игрушек,Принадлежности для воздушных змеев
7371,Игры и игрушки,Игрушки,Принадлежности для летающих игрушек,Принадлежности для воздушных змеев,Лебёдки для воздушных змеев
8127,Игры и игрушки,Игрушки,Принадлежности для спортивных игрушек
8129,Игры и игрушки,Игрушки,Принадлежности для спортивных игрушек,Принадлежности для фитнес-игрушек
8128,Игры и игрушки,Игрушки,Принадлежности для спортивных игрушек,Принадлежности для фитнес-игрушек,Принадлежности для хулахупов
499712,Игры и игрушки,Игрушки,Подарочные корзины с игрушками
500005,Игры и игрушки,Игрушки,Принадлежности для игрушечного оружия
3793,Игры и игрушки,Игры
1246,Игры и игрушки,Игры,Настольные игры
1247,Игры и игрушки,Игры,Карточные игры
3749,Игры и игрушки,Игры,Бинго
4554,Игры и игрушки,Игры,Портативные электронные игры
5403,Игры и игрушки,Игры,Покерные фишки и наборы
6037,Игры и игрушки,Игры,Наборы костей и игры в кости
6038,Игры и игрушки,Игры,Игры с костяшками
6054,Игры и игрушки,Игры,Игры на складывание
6329,Игры и игрушки,Игры,Боевые волчки
6794,Игры и игрушки,Игры,Принадлежности для боевых волчков
6853,Игры и игрушки,Игры,Принадлежности для карточных игр
7383,Игры и игрушки,Игры,Принадлежности для покерных фишек
7384,Игры и игрушки,Игры,Принадлежности для покерных фишек,Лотки и контейнеры для покерных фишек
7411,Игры и игрушки,Игры,Наборы для блек-джека и крэпса
7412,Игры и игрушки,Игры,Колеса и наборы для рулетки
8472,Игры и игрушки,Игры,Слот-машины
3867,Игры и игрушки,Пазлы и головоломки
2618,Игры и игрушки,Пазлы и головоломки,Пазлы
4011,Игры и игрушки,Пазлы и головоломки,Механические головоломки
6725,Игры и игрушки,Пазлы и головоломки,Деревянные головоломки
7081,Игры и игрушки,Пазлы и головоломки,Принадлежности для пазлов
4648,Игры и игрушки,Игровые таймеры
2092,Программное обеспечение
313,Программное обеспечение,Программное обеспечение для компьютеров
315,Программное обеспечение,Программное обеспечение для компьютеров,Компиляторы и средства программирования
317,Программное обеспечение,Программное обеспечение для компьютеров,Программное обеспечение для обучения
318,Программное обеспечение,Программное обеспечение для компьютеров,Программное обеспечение для КПК
319,Программное обеспечение,Программное обеспечение для компьютеров,Программное обеспечение для дизайна и обработки мультимедиа
4949,Программное обеспечение,Программное обеспечение для компьютеров,Программное обеспечение для дизайна и обработки мультимедиа,Программное обеспечение для домашнего издательства
4950,Программное обеспечение,Программное обеспечение для компьютеров,Программное обеспечение для дизайна и обработки мультимедиа,ПО для обработки файлов анимации
4951,Программное обеспечение,Программное обеспечение для компьютеров,Программное обеспечение для дизайна и обработки мультимедиа,Программное обеспечение дя графического дизайна
4952,Программное обеспечение,Программное обеспечение для компьютеров,Программное обеспечение для дизайна и обработки мультимедиа,Программное обеспечение для обработки звука
4953,Программное обеспечение,Программное обеспечение для компьютеров,Программное обеспечение для дизайна и обработки мультимедиа,Программное обеспечение для обработки видео
4954,Программное обеспечение,Программное обеспечение для компьютеров,Программное обеспечение для дизайна и обработки мультимедиа,Программное обеспечение для веб-дизайна
5096,Программное обеспечение,Программное обеспечение для компьютеров,Программное обеспечение для дизайна и обработки мультимедиа,Программное обеспечение для создания музыки
6027,Программное обеспечение,Программное обеспечение для компьютеров,Программное обеспечение для дизайна и обработки мультимедиа,Программное обеспечение для трехмерного моделирования
6028,Программное обеспечение,Программное обеспечение для компьютеров,Программное обеспечение для дизайна и обработки мультимедиа,Программное обеспечение для просмотра мультимедиа
6029,Программное обеспечение,Программное обеспечение для компьютеров,Программное обеспечение для дизайна и обработки мультимедиа,Программное обеспечение для дизайна интерьеров
321,Программное обеспечение,Программное обеспечение для компьютеров,Операционные системы
3283,Программное обеспечение,Программное обеспечение для компьютеров,Программное обеспечение и данные для GPS
5127,Программное обеспечение,Программное обеспечение для компьютеров,Программное обеспечение для переводов и словари
5299,Программное обеспечение,Программное обеспечение для компьютеров,Антивирусное программное обеспечение
5300,Программное обеспечение,Программное обеспечение для компьютеров,Программное обеспечение для работы и бизнеса
5301,Программное обеспечение,Программное обеспечение для компьютеров,Утилиты и служебное программное обеспечение для компьютеров
5302,Программное обеспечение,Программное обеспечение для компьютеров,Сетевое программное обеспечение
5303,Программное обеспечение,Программное обеспечение для компьютеров,Офисное программное обеспечение
5304,Программное обеспечение,Программное обеспечение для компьютеров,"Финансовое, бухгалтерское и налоговое программное обеспечение"
7225,Программное обеспечение,Программное обеспечение для компьютеров,Диски для восстановления системы
1279,Программное обеспечение,Видеоигры
5032,Программное обеспечение,Цифровые товары и валюта
2065,Программное обеспечение,Цифровые товары и валюта,Фотографии и видеоматериалы для лицензирования
5034,Программное обеспечение,Цифровые товары и валюта,Компьютерные значки
5035,Программное обеспечение,Цифровые товары и валюта,Обои для рабочего стола
5036,Программное обеспечение,Цифровые товары и валюта,Шрифты
5935,Программное обеспечение,Цифровые товары и валюта,Виртуальная валюта
8022,Программное обеспечение,Цифровые товары и валюта,Шаблоны документов
500046,Программное обеспечение,Цифровые товары и валюта,Произведения цифрового искусства
5181,Багаж и сумки
100,Багаж и сумки,Рюкзаки
101,Багаж и сумки,Портфели
103,Багаж и сумки,Большие спортивные сумки
104,Багаж и сумки,Поясные сумки
105,Багаж и сумки,Сумки-чехлы для одежды
106,Багаж и сумки,Сумки почтальонов
107,Багаж и сумки,Чемоданы
108,Багаж и сумки,Сумки для туалетных принадлежностей
110,Багаж и сумки,Багажные принадлежности
5620,Багаж и сумки,Багажные принадлежности,Органайзеры для багажа
5650,Багаж и сумки,Багажные принадлежности,Дорожные сумочки
5651,Багаж и сумки,Багажные принадлежности,Багажные ярлыки
5652,Багаж и сумки,Багажные принадлежности,Багажные ремни
6919,Багаж и сумки,Багажные принадлежности,Дорожные бутылки и контейнеры
7521,Багаж и сумки,Багажные принадлежности,Чехлы для рюкзаков
499691,Багаж и сумки,Багажные принадлежности,Багажные стеллажи и стойки
503014,Багаж и сумки,Багажные принадлежности,Прокладочные материалы и вставки для сухих контейнеров
549,Багаж и сумки,Сумки для подгузников
5608,Багаж и сумки,Сумки для покупок
6553,Багаж и сумки,Дорожные косметички
502974,Багаж и сумки,Сухие контейнеры
5605,Товары для церемоний и религиозных обрядов
97,Товары для церемоний и религиозных обрядов,Культовые товары
1949,Товары для церемоний и религиозных обрядов,Культовые товары,Накидки для культовых церемоний
3923,Товары для церемоний и религиозных обрядов,Культовые товары,Четки
7120,Товары для церемоний и религиозных обрядов,Культовые товары,Религиозные алтари
328060,Товары для церемоний и религиозных обрядов,Культовые товары,Открытки с молитвами
499711,Товары для церемоний и религиозных обрядов,Культовые товары,Карты таро
5455,Товары для церемоний и религиозных обрядов,Свадебные товары
5456,Товары для церемоний и религиозных обрядов,Свадебные товары,Цветочницы
5457,Товары для церемоний и религиозных обрядов,Свадебные товары,Подушки для колец
503723,Товары для церемоний и религиозных обрядов,Свадебные товары,Декоративные дорожки для прохода в церкви
5606,Товары для церемоний и религиозных обрядов,Товары для мемориальных церемоний
5607,Товары для церемоний и религиозных обрядов,Товары для мемориальных церемоний,Мемориальные урны
