1,Животные и товары для питомцев
2,,Товары для домашних животных
3,,,Товары для птиц
4989,,,,Клетки и подставки для птиц
4990,,,,Корма для птиц
4991,,,,Лесенки и жердочки для птиц
4992,,,,Игрушки для птиц
4993,,,,Лакомства для птиц
7385,,,,Принадлежности для птичьих клеток
7386,,,,,Кормушки и поилки для птичьих клеток
499954,,,,,Поилки для птичьих клеток
7398,,,,Игровые площадки для птиц
4,,,Товары для кошек
3367,,,,Корм для кошек
543683,,,,,Ветеринарные корма для кошек
543684,,,,,Обычные корма для кошек
4433,,,,Лежаки для кошек
4997,,,,Мебель для кошек
4999,,,,Наполнитель для кошачьих лотков
5000,,,,Кошачьи лотки
5001,,,,Игрушки для кошек
5002,,,,Лакомства для кошек
5082,,,,Костюмы для кошек
7142,,,,Коврики для кошачьих лотков
8069,,,,Подкладки для кошачьих лотков
500059,,,,Принадлежности для кошачьей мебели
5,,,Товары для собак
3530,,,,Корма для собак
543681,,,,,Ветеринарные корма для собак
543682,,,,,Обычные корма для собак
4434,,,,Лежаки для собак
5004,,,,Костюмы для собак
5010,,,,Игрушки для собак
5011,,,,Лакомства для собак
5094,,,,Домики для собак
7274,,,,Собачьи конуры и вольеры
7372,,,,Пеленки и подгузники для собак
7428,,,,Принадлежности для собачьих конур и вольеров
8123,,,,Беговые дорожки для собак
499900,,,,Подгузники для собак
6,,,Товары для рыб
3238,,,,Аквариумы
5019,,,,Предметы декоративного оформления аквариума
5020,,,,Фильтры для аквариумов
5021,,,,Гравий и грунт для аквариумов
5023,,,,Подставки для аквариумов
5024,,,,Корм для рыб
5079,,,,Устройства для освещения аквариумов
5161,,,,Средства для обработки аквариумной воды
6085,,,,Удобрения для водных растений
6403,,,,Кормушки для рыб
6951,,,,Переливные коробки для аквариума
500038,,,,Средства и инструменты для чистки аквариумов
500062,,,,Терморегуляторы для аквариума
505303,,,,Трубки для аквариумов и прудов
505306,,,,Сети для аквариумных рыб
505307,,,,Распылители воздуха для аквариума
7,,,Товары для рептилий и амфибий
5026,,,,Корм для рептилий и амфибий
5027,,,,Принадлежности для террариумов
5028,,,,Устройства для обогрева и освещения террариумов
5029,,,,Террариумы
5030,,,,Грунт для террариумов
4497,,,Дверцы для домашних животных
5013,,,Товары для мелких животных
5014,,,,Подстилки для небольших животных
5015,,,,Корм для небольших животных
5016,,,,Принадлежности для сред обитания небольших животных
5017,,,,Террариумы и клетки для мелких животных
7517,,,,Лакомства для небольших животных
5081,,,Витамины и пищевые добавки для домашних животных
5086,,,Лекарственные средства для домашних животных
5087,,,Манежи для домашних животных
5092,,,Бубенчики и талисманы для домашних животных
5093,,,Номерные жетоны и бирки для домашних животных
5144,,,Намордники для домашних животных
5145,,,Ветеринарные воротники для домашних животных
5162,,,Контейнеры для корма для домашних животных
5163,,,Совки для корма для домашних животных
6248,,,Средства для лечения педикулёза у домашних животных
6249,,,Поводки для домашних животных
6250,,,Ошейники и сбруи для домашних животных
6251,,,Переноски и ящики для животных
6252,,,"Миски, кормушки и поилки для домашних животных"
6253,,,Удлинители поводков для домашних животных
6276,,,Коляски для домашних животных
6321,,,Системы дрессировки домашних животных
6383,,,Средства для ухода за домашними животными
6384,,,,Триммеры для домашних животных
6385,,,,Щетки и расчески для домашних животных
6406,,,,Шампуни и кондиционеры для домашних животных
7318,,,,Лак для когтей домашних животных
7319,,,,Инструменты для ухода за когтями домашних животных
8167,,,,Фены для сушки домашних животных
499917,,,,Влажные салфетки для домашних животных
503733,,,,Духи и дезодорирующие спреи для домашних животных
6811,,,Вешалки для одежды для домашних животных
6861,,,Медицинская лента и бинты для домашних животных
6973,,,Лесенки и рампы для животных
6978,,,Биометрические мониторы для домашних животных
6980,,,,Глюкометры для домашних животных
6981,,,,Термометры для домашних животных
6982,,,,Педометры для домашних животных
6983,,,Снаряжение для тренировки домашних животных
7143,,,Коврики под миску для домашних животных
7144,,,Средства для ухода за полостью рта домашних животных
7396,,,Солнцезащитные средства для домашних животных
8050,,,Глазные капли и мази для домашних животных
8068,,,Наборы первой помощи для домашних животных
8070,,,Пакеты для фекалий домашних животных
8474,,,Автомобильные барьеры для домашних животных
8513,,,Подставки для мисок для домашних животных
499743,,,Электрогрелки для домашних животных
500026,,,Принадлежности для переносок и ящиков
500084,,,Принадлежности для лежанок
500110,,,Принадлежности для подогреваемых лежанок для домашних животных
502982,,,Ёмкости для удобного хранения и извлечения пакетов для фекалий домашних животных
505297,,,Принадлежности для уборки фекалий домашних животных
505314,,,Товары для дрессировки домашних животных
6846,,,,Туалетные подстилки для домашних животных
505304,,,,Держатели коврика для дрессировки домашних животных
505311,,,,Спреи для дрессировки домашних животных
505313,,,,Кликеры для дрессировки домашних животных и контейнеры для лакомств
505811,,,Принадлежности для дверей с окошком для домашних животных
3237,,Живые животные
8,Искусство и развлечения
5709,,Вечеринки и праздники
96,,,Товары для вечеринок
1371,,,,Приглашения
1484,,,,Наклейки для запечатывания конвертов
1887,,,,Карточки для ответов на приглашения
2104,,,,Именные карточки для официальных приемов
2531,,,,Праздничные транспаранты
2587,,,,Воздушные шарики
2781,,,,Конфетти
2783,,,,Трещотки и свистки
3735,,,,Игры с выпивкой
3361,,,,,Пивной понг
3440,,,,,,Столы для игры в пивной понг
3994,,,,Пиньяты
4351,,,,Баллончики с серпантином
4730,,,,Свечи для тортов
4914,,,,Фейерверки и петарды
4915,,,,Бенгальские огни
5043,,,,Соломинки
5452,,,,Сувениры для вечеринок
5453,,,,,Свадебные сувениры
5472,,,,Держатели для табличек
6311,,,,Наборы воздушных шариков
6906,,,,Шляпы для вечеринок
7007,,,,Украшения для коктейлей
7097,,,,Коробки и держатели для праздничных открыток
7160,,,,Игры для вечеринок
8038,,,,Программы мероприятий
8110,,,,Надувные украшения для вечеринок
8216,,,,Декоративные помпоны
328061,,,,Открытки для советов
502972,,,,Наборы для вечеринок
502981,,,,Серпантин и праздничные занавески
505763,,,,Накидки на стулья
408,,,Товары для спецэффектов
409,,,,Дымовые машины
410,,,,Осветительные приборы для спецэффектов
5711,,,,Шары для дискотек
5967,,,,Системы управления спецэффектами
503028,,,,Стойки для компонентов осветительной системы
2559,,,Подарки
53,,,,Подарочные сертификаты
94,,,,Упаковка подарков
2816,,,,,Обёрточная бумага
5091,,,,,Коробки для подарков
5838,,,,,Подарочные сумки
6712,,,,,Шёлковая бумага
8213,,,,,Ярлыки и наклейки для подарков
95,,,,Поздравительные открытки
2899,,,,Свежие цветы
5916,,,,Цветки для петлиц и бутоньерки
6100,,,,Булавки для цветков и бутоньерок
5868,,,Призы и награды
543653,,,,Трофеи
543654,,,,Наградные розетки
543655,,,,Значки и медали
543656,,,,Наградные сертификаты
543657,,,,Наградные плакетки
5710,,Хобби и творчество
16,,,Рукоделие и хобби
504639,,,,Инструменты для рукоделия и хобби
4073,,,,,Пистолеты для склеивания
5137,,,,,Коврики для резки
5921,,,,,Столы с подсветкой
6101,,,,,Английские булавки
6133,,,,,Коврики для валяния
6150,,,,,Манекены для платьев
6151,,,,,Леска для вязания
6152,,,,,Коврики для вышивания
6156,,,,,Напёрстки
543638,,,,,,Защитные колпачки для пальцев
543639,,,,,,Защитные накладки на руку для шитья
6158,,,,,"Рамки, обручи и распорки для текстильного искусства"
6159,,,,,Прямые булавки
504640,,,,,Инструменты для резки бумаги и тиснения
5136,,,,,,Отделочные ножи с выдвижным лезвием
6119,,,,,,Устройства для рилевки и гофрирования бумаги
6122,,,,,,Ручки для тиснения
6161,,,,,,Вспарыватели швов
6447,,,,,,Резаки для нитей и пряжи
7340,,,,,,Термоинструменты для тиснения
504641,,,,,,Канцелярские ножницы и ножницы для рукоделия
504642,,,,,,Станки для раскроя ткани и тиснения
505386,,,,,Принадлежности для изготовления украшений
505387,,,,,Инструменты для работы с пряжей и нитями
6138,,,,,,Веретена
6153,,,,,,Моталки для нитей и пряжи
6154,,,,,,Катушки для нитей и пряжи
6155,,,,,,Направляющие для нитей и пряжи
6163,,,,,,Нитевдеватели
6164,,,,,,Чесальные инструменты и машины
6166,,,,,,Ткацкие челноки
6167,,,,,,Ткацкие трепала
505388,,,,,Устройства для работы с текстилем
615,,,,,,Швейные машины
6134,,,,,,Иглы для валяния
6137,,,,,,Прялки
505421,,,,,,Механические ткацкие станки
505422,,,,,,Ручные ткацкие станки
505391,,,,,Инструменты для смешивания красок
1653,,,,,,Мастихины
1719,,,,,,Палитры
505392,,,,,Инструменты для измерения и разметки
18,,,,,,Художественные кисти
2671,,,,,,Трафареты
3083,,,,,,Циркули
4032,,,,,,Декоративные резиновые штампы
5883,,,,,,Трафаретные машины
6125,,,,,,Резиновые валики для нанесения краски
6126,,,,,,Ролики для нанесения краски
6157,,,,,,Линейки для текстильного искусства
6160,,,,,,Маркеры и счетчики стежков
505420,,,,,,Приспособления для выжигания по дереву
505393,,,,,Иглы и крючки
4579,,,,,,Иглы для швейных машин
5992,,,,,,Швейные иглы
6127,,,,,,Вязальные крючки
6139,,,,,,Вязальные спицы
6168,,,,,,Крючки для вязания ковров
504643,,,,Принадлежности для инструментов для рукоделия и хобби
4580,,,,,Футляры и чехлы для швейных машин
5120,,,,,Лапки для швейных машин
6136,,,,,Принадлежности для прялок
232168,,,,,Лезвия для канцелярских ножей
499918,,,,,Блоки для штампов
503348,,,,,Запасные детали для швейных машин
505286,,,,,Раздвижные столы для швейных машин
505369,,,,Органайзеры для принадлежностей для рукоделия
499971,,,,,Наборы для шитья и текстильных работ
505394,,,,,"Органайзеры для иголок, булавок и крючков"
505395,,,,,Органайзеры для пряжи и нитей
505370,,,,Наборы для рукоделия и хобби
4778,,,,,Наборы для рисования
4986,,,,,Наборы для детского творчества
6382,,,,,Наборы для ремонта ткани
6829,,,,,Наборы мозаики
6989,,,,,Наборы для изготовления благовоний
7096,,,,,Наборы для вышивания
502979,,,,,Наборы для изготовления ювелирных украшений
503758,,,,,Наборы для изготовления фотоальбомов и тиснения
505374,,,,,Наборы для изготовления свечей
505371,,,,Шаблоны и формы для рукоделия
3697,,,,,Выкройки
6135,,,,,Формы для валяния
6999,,,,,Шаблоны для вышивки бисером
8007,,,,,Формы для рукоделия и ремесёл
505373,,,,,Шаблоны для вышивки
505372,,,,Материалы для рукоделия и хобби
24,,,,,Бумага для художественных работ
2532,,,,,,Бумага для черчения
2741,,,,,,Велень
2967,,,,,,Бумага для оригами
6110,,,,,,Переводная бумага
8168,,,,,,Фольга для рукоделия
505399,,,,,,Бумага для открыток и фотоальбомов
543510,,,,,,,Карточная бумага
543511,,,,,,,Бумага для скрапбукинга
505400,,,,,,Бумага для рисования
44,,,,,Гончарное дело и лепка
3692,,,,,,Глина и пластилин
543628,,,,,,,Формовочная глина
543629,,,,,,,Тесто для лепки
505401,,,,,,Основа для папье-маше
505402,,,,,,Шликер
505804,,,,,,Гипсовая ткань
6121,,,,,Порошок для тиснения
6142,,,,,Материалы для набивки
505405,,,,,,Наполнитель для подушек
505406,,,,,,Мягкие шарики
505407,,,,,,Ватная прокладка и набивка
7402,,,,,Фитили
7403,,,,,Вкладки для фитилей
505375,,,,,Воск для свечей
505376,,,,,Склеивающие вещества и магниты
36,,,,,,Фигурные магниты
6418,,,,,,Плавкая тканевая лента
7192,,,,,,Лента для цветов
503745,,,,,,Канцелярский клей и клей для рукодельных работ
505419,,,,,,Декоративная клейкая лента
505377,,,,,Проволока для рукоделия
5062,,,,,,Ёршики для чистки трубок
6102,,,,,,Ювелирная проволока
505418,,,,,,Проволока для создания цветочных композиций
505378,,,,,"Краски, чернила и глазурь для рукодельных работ"
6558,,,,,,Основы для рисования красками
499879,,,,,,Глазурь для фаянса и керамики
500094,,,,,,Фиксативы
505414,,,,,,Штемпельные подушечки
505415,,,,,,Красители для рукодельных работ
505416,,,,,,Художественные чернила
505417,,,,,,Краски для рукоделия и хобби
505379,,,,,Украшения и декоративные элементы
32,,,,,,Бисер
198,,,,,,Драгоценные камни
1927,,,,,,Нашивки
4054,,,,,,Декоративные наклейки
5982,,,,,,Стразы
5996,,,,,,Ювелирная фурнитура
6146,,,,,,Эластичные материалы
6955,,,,,,Тканевые заплатки
505410,,,,,,Блёстки
505411,,,,,,Перья
505412,,,,,,Ленты и накладки
505413,,,,,,Бабочки и вязаные цветы
505380,,,,,Застежки и крепления для рукодельных работ
4174,,,,,,Молнии
4226,,,,,,Пуговицы и кнопки
6145,,,,,,Застежки-липучки
500056,,,,,,Бегунки для молний
505408,,,,,,Пряжки и крючки
505409,,,,,,Кнопки для застежек
505381,,,,,Формы и основы для рукодельных работ
6117,,,,,,Листовая пена и пенопласт
504419,,,,,,Каркасы в виде венков и рамки с цветочным узором
505403,,,,,,Формы из папье-маше
505404,,,,,,Деревянные детали и формы для рукодельных работ
505382,,,,,Нитки для рукоделия
49,,,,,,Нитки
2669,,,,,,Пряжа
6140,,,,,,Нетканое волокно
6540,,,,,,Ювелирные цепи
505383,,,,,Кожа и винил
505384,,,,,Текстиль
47,,,,,,Ткани
7076,,,,,,Флизелин
505396,,,,,,Ткань для печати рисунка
505397,,,,,,Холст для рукоделия
19,,,,,,,Холсты и доски
6144,,,,,,,Пластиковая канва
505398,,,,,,,Холст для вышивки
33,,,Предметы для жонглирования
35,,,Товары для демонстрации фокусов
54,,,Музыкальные инструменты
63,,,,Медные духовые инструменты
65,,,,,Баритоны
67,,,,,Валторны
70,,,,,Тромбоны
72,,,,,Тубы
505769,,,,,Альтгорны и баритоны
505770,,,,,Трубы и корнеты
75,,,,Ударные музыкальные инструменты
2518,,,,,Ударные установки
2797,,,,,Малые барабаны
2856,,,,,Электронные ударные установки
2917,,,,,Большие барабаны
3005,,,,,Том-томы
3015,,,,,Хай-хеты
3043,,,,,Ударные тарелки
6098,,,,,Гонги
7232,,,,,Коврики для барабанов
7285,,,,,Ручная перкуссия
2515,,,,,,Тамбурины
7286,,,,,,Терки и трещотки
7287,,,,,,Музыкальные шейкеры
7288,,,,,,Сагаты и ручные ударные тарелки
7289,,,,,,Клавесы и кастаньеты
7290,,,,,,Музыкальные треугольники
7291,,,,,,Музыкальные блоки
7293,,,,,,Ковбеллы
7294,,,,,,Вибраслэпы
7295,,,,,,Ручные барабаны
7296,,,,,,,Конги
7297,,,,,,,Кахоны
7298,,,,,,,Бонго
7299,,,,,,,Дарбуки
7300,,,,,,,Бубны
7301,,,,,,,Говорящие барабаны
7302,,,,,,,Таблы
7555,,,,,,Ручные колокольчики и колокола
7431,,,,,Ксилофоны и глокеншпили
76,,,,Фортепиано
77,,,,Струнные инструменты
78,,,,,Контрабасы
79,,,,,Виолончели
80,,,,,Гитары
84,,,,,Арфы
85,,,,,Альты
86,,,,,Скрипки
87,,,,Деревянные духовые инструменты
88,,,,,Кларнеты
89,,,,,Флейты
90,,,,,Блокфлейты
91,,,,,Саксофоны
4540,,,,,Фаготы
4541,,,,,Гобои
4743,,,,,Гармоники
4744,,,,,Варганы
5481,,,,,Мелодические гармоники
6721,,,,,Вистлы
6728,,,,,Локомотивные гудки
7188,,,,,Флейтофоны
7249,,,,,Окарины
7250,,,,,Дудки
4983,,,,Аккордеоны и концертины
4984,,,,Волынки
6001,,,,Электронные музыкальные инструменты
74,,,,,Клавишные инструменты
245,,,,,Музыкальные сэмплеры
6002,,,,,MIDI-контроллеры
6003,,,,,Синтезаторы звука
55,,,Принадлежности для музыкальных инструментов
56,,,,Усилители для музыкальных инструментов
57,,,,Принадлежности для медных инструментов
4797,,,,,Средства для чистки медных духовых инструментов и ухода за ними
4890,,,,,,"Щётки, тросики и стержни для медных духовых инструментов"
4891,,,,,,Принадлежности для ухода за медными духовыми инструментами
4892,,,,,,Средства для чистки медных духовых инструментов
4893,,,,,,Защита помпового механизма для медных духовых инструментов
4894,,,,,,Смазки для медных духовых инструментов
4895,,,,,,Ткань для полировки медных духовых инструментов
4798,,,,,Запчасти для медных духовых инструментов
505308,,,,,Мундштуки для медных духовых инструментов
505309,,,,,Ремни и подставки для медных духовых инструментов
505310,,,,,Футляры для медных духовых инструментов
505768,,,,,Сурдины для медных духовых инструментов
60,,,,Принадлежности для клавишных музыкальных инструментов
3324,,,,,Аккустические педали
3588,,,,,Подставки для клавишных музыкальных инструментов
7357,,,,,Сумки и чехлы для клавишных инструментов
61,,,,Принадлежности для струнных инструментов
3502,,,,,Принадлежности для гитар
3176,,,,,,Гитарные тюнеры
3178,,,,,,Гитарные струны
3392,,,,,,Увлажнители для гитары
3412,,,,,,Звукосниматели для электрогитар
3646,,,,,,Стойки для гитар
3775,,,,,,Звукосниматели для акустических гитар
3882,,,,,,Чехлы и футляры для гитар
4111,,,,,,Гитарные медиаторы
5367,,,,,,Каподастры
5368,,,,,,Гитарные слайды
499688,,,,,,Ремни для гитар
503032,,,,,,Фурнитура и детали для гитары
503721,,,,,,Натяжители струн для гитары
4806,,,,,Средства для чистки струнных инструментов и ухода за ними
3374,,,,,,Канифоль для смычков
4911,,,,,,Ткань для чистки струнных инструментов
4912,,,,,,Средства для полировки струнных инструментов
503033,,,,,Принадлежности для оркестровых струнных инструментов
8209,,,,,,Чехлы для смычков для струнных инструментов
503034,,,,,,Струны для оркестровых струнных инструментов
503035,,,,,,Подставки для оркестровых струнных инструментов
503036,,,,,,Звукосниматели для оркестровых струнных инструментов
503037,,,,,,Сурдины для оркестровых струнных инструментов
503038,,,,,,Фурнитура и детали для оркестровых струнных инструментов
503039,,,,,,Футляры для оркестровых струнных инструментов
503040,,,,,,Смычки для оркестровых струнных инструментов
62,,,,Принадлежности для деревянных духовых инструментов
4790,,,,,Принадлежности для фаготов
4809,,,,,,Средства для чистки фаготов и ухода за ними
4815,,,,,,,Шомполы для чистки фаготов
4810,,,,,,Футляры и чехлы для фаготов
4811,,,,,,Детали для фаготов
4816,,,,,,,Шейки для фаготов
4817,,,,,,,Мелкие детали для фаготов
4812,,,,,,Трости для фаготов
4813,,,,,,Стойки для фаготов
4814,,,,,,Ремни и подставки для фаготов
4791,,,,,Принадлежности для кларнетов
4818,,,,,,Средства для чистки кларнетов и ухода за ними
4826,,,,,,,Наборы для ухода за кларнетами
4827,,,,,,,Защитные вставки для кларнетов
4828,,,,,,,Шомполы для чистки кларнетов
4819,,,,,,Футляры и чехлы для кларнетов
4820,,,,,,Лигатуры и колпачки для кларнетов
4822,,,,,,Детали для кларнетов
4829,,,,,,,Бочонки для кларнетов
4830,,,,,,,Раструбы для кларнетов
4831,,,,,,,Мундштуки для кларнетов
4832,,,,,,,Мелкие детали для кларнетов
4823,,,,,,Подставки и стойки для кларнетов
4824,,,,,,Трости для кларнетов
4825,,,,,,Ремни и подставки для кларнетов
4792,,,,,Принадлежности для флейт
4833,,,,,,Средства для чистки флейт и ухода за ними
4838,,,,,,,Принадлежности для ухода за флейтами
4839,,,,,,,Стержни для чистки флейт
4840,,,,,,,Шомполы для чистки флейт
4834,,,,,,Футляры и чехлы для флейт
4836,,,,,,Детали для флейт
4841,,,,,,,Колена для флейт
4842,,,,,,,Мелкие детали для флейт
4837,,,,,,Подставки и стойки для флейт
4793,,,,,Аксессуары для гобоя
4843,,,,,,Средства для чистки гобоев и ухода за ними
4849,,,,,,,Наборы для ухода за гобоями
4850,,,,,,,Шомполы для чистки гобоев
4844,,,,,,Футляры и чехлы для гобоев
4845,,,,,,Детали для гобоев
4851,,,,,,,Мелкие детали для гобоев
4846,,,,,,Подставки и стойки для гобоев
4847,,,,,,Трости для гобоев
4848,,,,,,Подвесы и держатели для гобоев
4794,,,,,Принадлежности для саксофонов
4852,,,,,,Средства для чистки саксофонов и ухода за ними
4860,,,,,,,Наборы для ухода за саксофонами
4861,,,,,,,Защитные вставки для саксофонов
4862,,,,,,,Шомполы для чистки саксофонов
4853,,,,,,Футляры и чехлы для саксофонов
4854,,,,,,Лигатуры и колпачки для саксофонов
4856,,,,,,Детали для саксофонов
4863,,,,,,,Мундштуки для саксофонов
4864,,,,,,,Шейки для саксофонов
4865,,,,,,,Мелкие детали для саксофонов
4857,,,,,,Подставки и стойки для саксофонов
4858,,,,,,Трости для саксофонов
4859,,,,,,Ремни и подставки для саксофонов
4866,,,,,Смазка для пробки для деревянных духовых инструментов
4867,,,,,Ткань для полировки деревянных духовых инструментов
4939,,,,,Ножи для тростей для деревянных духовых инструментов
4955,,,,,Принадлежности для губных гармоник
4956,,,,,,Футляры для губных гармоник
5046,,,,,,Ремешки для губных гармоник
4957,,,,,Футляры для тростей для деревянных духовых инструментов
503747,,,,,Принадлежности для блок-флейты
503748,,,,,,Футляры для блок-флейты
503749,,,,,,Средства для ухода за блок-флейтой
503750,,,,,,Детали для блок-флейты
3270,,,,Электронные тюнеры
3465,,,,Принадлежности для ударных музыкальных инструментов
59,,,,,Барабанные палочки и кисти
4631,,,,,Палочки для ударных музыкальных инструментов
7099,,,,,Оборудование для ударных установок
7101,,,,,,Педали для барабанов
7102,,,,,,Крепёж для ударных установок
7103,,,,,,Колотушки для бас-барабанов
7100,,,,,Чехлы для ударных тарелок и барабанов
7150,,,,,Принадлежности для барабанных палочек и кистей
7151,,,,,,Сумки и чехлы для барабанных палочек и кистей
7152,,,,,Ключи для барабанов
7153,,,,,Кожа для барабанов
7231,,,,,Сурдины для ударных тарелок и барабанов
7282,,,,,Принадлежности для ручной перкуссии
7283,,,,,,Сумки и чехлы для ручной перкуссии
7284,,,,,,Стойки и крепления для ручной перкуссии
7308,,,,,Стойки для ударных музыкальных инструментов
7455,,,,,Модули для электронных ударных установок
4142,,,,Пюпитры
7277,,,,Принадлежности для пюпитров
7278,,,,,Зажимы для нот
7279,,,,,Сумки для пюпитров
7280,,,,,Светильники для пюпитров
8072,,,,Принадлежности для усилителей для музыкальных инструментов
6970,,,,,Шкафы для музыкальных усилителей
7364,,,,,Стойки для усилителей для музыкальных инструментов
8073,,,,,Педали для усилителей для музыкальных инструментов
8461,,,,,Чехлы и ящики для усилителей для музыкальных инструментов
8462,,,,,Регуляторы для усилителей для музыкальных инструментов
8480,,,,,Электронные лампы для усилителей для музыкальных инструментов
500001,,,,Маршевые лиры и пюпитры
505288,,,,Дирижерские палочки
505328,,,,Банкетки и стулья
505365,,,,Метрономы
216,,,Коллекционные предметы
37,,,,Масштабные модели
217,,,,Коллекционные монеты и банкноты
543606,,,,,Коллекционные монеты
543607,,,,,Коллекционные банкноты
218,,,,Горные породы и окаменелости
219,,,,Почтовые марки
220,,,,Коллекционное оружие
221,,,,,Коллекционные мечи
1340,,,,,Подставки и стенды для мечей
5311,,,,,Коллекционные ножи
499953,,,,,Коллекционные пистолеты и ружья
1312,,,,Штемпели
3599,,,,Автографы
3865,,,,Спортивные реликвии для коллекционеров
3515,,,,,Товары для спортивных болельщиков
1051,,,,,,Товары для болельщиков автогонок
1074,,,,,,Товары для бейсбольных и софтбольных болельщиков
1084,,,,,,Товары для баскетбольных болельщиков
1095,,,,,,Товары для болельщиков американского футбола
3576,,,,,,Товары для футбольных болельщиков
4006,,,,,,Товары для хоккейных болельщиков
6187,,,,,,Товары для теннисных болельщиков
4333,,,,,Спортивная атрибутика с автографами
4093,,,,,,Футбольная атрибутика с автографами
4124,,,,,,Атрибутика с автографами звёзд американского футбола
4144,,,,,,Хоккейная атрибутика с автографами
4149,,,,,,Бейсбольная и софтбольная атрибутика с автографами
4180,,,,,,Автоспортивная атрибутика с автографами
4279,,,,,,Баскетбольная атрибутика с автографами
6186,,,,,,Теннисная атрибутика с автографами
8210,,,,,,Боксерская атрибутика с автографами
3893,,,,Коллекционные рекламные объявления
6000,,,,Принадлежности для масштабных моделей
6997,,,,Коллекционные карточки
3577,,,Сырьё для домашнего пивоварения и виноделия
2579,,,,Виноделие
3014,,,,Зерно и солод для пивоварения
499891,,,,Наборы для домашнего пивоварения и виноделия
502980,,,,Бутылки для розлива
5999,,,Моделизм
3885,,,,Сборные модели ракет
4175,,,,Сборные модели
5150,,,,Модели железных дорог
5151,,,,Принадлежности для моделей железных дорог
499969,,Билеты на мероприятия
111,Бизнес и промышленность
112,,Сельское хозяйство
6991,,,Животноводство
6990,,,,Кормушки для скота
499946,,,,Поводья для скота
499997,,,,Инкубаторы для яиц
505821,,,,Корм для скота
543544,,,,,Корм для кур
543545,,,,,Корм для крупного рогатого скота
543546,,,,,Корм для свиней
543547,,,,,Корм для коз и овец
543548,,,,,Корм для смешанного стада
114,,Строительство
134,,,Товары для межевания
8278,,,Дорожные конусы и буферы
135,,Общественное питание
137,,,Торговые автоматы
4096,,,Пластиковые корзины для продуктов
4217,,,Контейнеры для грязной посуды
4632,,,Одноразовая посуда
5098,,,,Одноразовые миски
5099,,,,Одноразовые стаканы
5100,,,,Одноразовые столовые приборы
5101,,,,Одноразовые тарелки
4742,,,Сервировочные столики
5097,,,Контейнеры для еды и напитков на вынос
5102,,,Рекламные пищевые контейнеры
5104,,,Плитки для подогрева тарелок и блюд
6517,,,Грили для хот-догов
6786,,,Машины для мойки и сушки пищевых продуктов
7088,,,Одноразовые приборы для сервировки
7089,,,,Одноразовые подносы
7303,,,Хлебобулочные контейнеры
7353,,,Бункеры для льда
7553,,,Наклонные сковороды
8059,,,Одноразовые крышки
8532,,,Держатели для банковских чеков
8533,,,Защитные буфетные экраны
138,,Розничная торговля
1837,,,Бумажные и полиэтиленовые пакеты для покупок
3803,,,Манекены для одежды
4127,,,Пистолеты для нанесения ценников
4160,,,Витрины для розничных магазинов
4181,,,Счётно-денежное оборудование
3273,,,,Автоматы для размена денег
4055,,,,Бумажная упаковка для монет и ленты для банкнот
4151,,,,Счётно-денежные машины
4290,,,,Оборудование для проверки банкнот
4329,,,,Инкассаторские сумки
505824,,,,Кассовые аппараты и терминалы в торговых точках
543647,,,,,Кассовые аппараты
543648,,,,,POS-терминалы
505825,,,,Принадлежности для кассовых аппаратов и терминалов в торговых точках
4283,,,,,Выдвижные ящики-кассы
5310,,,,,Устройства ввода подписи
505808,,,,,Терминалы для приема платежей с пластиковых карт
4244,,,Стеллажи и вешалки для одежды
7128,,,Детали манекенов
499897,,,Макеты и модели для витрин
976,,Знаки и обозначения
4297,,,Электрические вывески
4070,,,,Неоновые вывески
4131,,,,Светодиодные вывески
5892,,,Знаки безопасности и предупреждающие надписи
5893,,,Знаки для охраняемых объектов
5894,,,Аварийные знаки и знаки выхода
5895,,,Дорожные знаки и указатели
5896,,,Знаки автостоянки
5897,,,Знаки идентификации помещений
5898,,,Вывески для розничной торговли
5899,,,Знаки и вывески для тротуаров и дворов
5900,,,Знаки с правилами
7322,,,Вывески с часами работы
7323,,,"Знаки ""Открыто"" и ""Закрыто"""
8155,,,Цифровые вывески
1470,,Производство
1475,,Гостиничный бизнес
1556,,Товары для обеспечения правопорядка
361,,,Металлоискатели
1906,,,Кандалы
1624,,Лабораторное и научное оборудование
3002,,,Лабораторные химикаты
4255,,,Лабораторные принадлежности
4036,,,,Лабораторные колбы
4061,,,,Мерные цилиндры
4075,,,,Пипетки
4140,,,,Промывные склянки
4155,,,,Штативы для пробирок
4276,,,,Чашки Петри
4306,,,,Пробирки
4310,,,,Лабораторные стаканы
4335,,,Лабораторное оборудование
158,,,,Микроскопы
4116,,,,Автоклавы
4133,,,,Лабораторные электроплитки
4231,,,,Лабораторные печи
4336,,,,Центрифуги
4474,,,,Лабораторные смесители
4555,,,,Принадлежности для микроскопов
4556,,,,,Окуляры и адаптеры для микроскопов
4557,,,,,Камеры для микроскопов
4558,,,,,Предметные стекла для микроскопов
4664,,,,,Сменные лампы для микроскопов
4665,,,,,Объективы для микроскопов
7218,,,,Генераторы сухого льда
7393,,,,Спектрометры
7437,,,,Микротомы
7468,,,,Принадлежности для спектрометров
500057,,,,Лиофильные сушилки
500114,,,,Лабораторные холодильники
503722,,,,Лабораторные воронки
6975,,,Биохимические реагенты
7325,,,Препаровальные наборы
8119,,,Лабораторные образцы
1795,,Тяжелое оборудование
2072,,,Рубительные машины
1813,,Финансы и страхование
7565,,,Слитки
1827,,Лесное хозяйство и заготовка леса
2047,,Рабочее защитное снаряжение
2227,,,Средства для защиты глаз
2389,,,Пуленепробиваемые жилеты
2723,,,Каски
2808,,,Защитные костюмы
5591,,,Защитные перчатки
6764,,,Защитные фартуки
7085,,,Рабочие страховочные фалы
8269,,,Принадлежности для противогазов и респираторов
499708,,,Рабочие страховочные привязи
499927,,,Сварочные маски
499961,,,Защитные наколенники
503724,,,Защитные маски
513,,,,Медицинские маски
2349,,,,Защитные маски для пожарных
2473,,,,Противогазы и респираторы
7407,,,,Пылезащитные маски
2155,,Кино и телевидение
2187,,Горное дело
2496,,Медицина
1645,,,Хирургические халаты
1898,,,Больничные халаты
2907,,,Медицинские расходные материалы
511,,,,Одноразовые перчатки
7063,,,,Медицинские напальчники
7324,,,,Медицинские шпатели
499696,,,,Медицинские иглы и шприцы
543670,,,,,Иглы медицинские
543671,,,,,Шприцы медицинские
543672,,,,,Шприцы в комплекте с иглами
505828,,,,Средства для ухода за стомой
2928,,,Медицинские костюмы
3477,,,Медицинское оборудование
3230,,,,Автоматические наружные дефибрилляторы
4245,,,,Отоскопы и офтальмоскопы
4364,,,,Стетоскопы
6280,,,,Мониторы показателей жизнедеятельности
6714,,,,Принадлежности для мониторов показателей жизнедеятельности
6972,,,,Неврологические молотки
7522,,,,Медицинские подъёмники
499858,,,,Медицинские носилки и тележки
503006,,,,Пояса для перемещения пациентов
5167,,,Медицинская мебель
4435,,,,Больничные койки
5168,,,,Столы для хиропрактики
5169,,,,Смотровые кресла и столы
5170,,,,Медицинские шкафы
5171,,,,Медицинские тележки
5173,,,,,Реанимационные тележки
5174,,,,,Штативы и тележки для внутривенных инъекций
5172,,,,Операционные столы
5602,,,Медицинские шапочки
6275,,,Больничные занавески
6303,,,Медицинское бельё
6490,,,Медицинское оборудование для обучения
6491,,,,Медицинские манекены для обучения
230913,,,Медицинские инструменты
6281,,,,Медицинские щипцы
8026,,,,Скальпели
232166,,,,Лезвия для скальпелей
499935,,,,Ххирургические иглы и нити
4285,,Пирсинг и татуировка
4326,,,Оборудование для татуировки
4072,,,,Иглы для татуировки
4215,,,,Краски для татуировки
4379,,,,Машинки для татуировки
5853,,,,Коррекция и исправление татуировок
4350,,,Материалы для пирсинга
4122,,,,Иглы для пирсинга
5830,,Товары для хранения промышленной продукции
5831,,,Контейнеры для транспортировки
5832,,,Промышленные шкафы
5833,,,Промышленные стеллажи
8274,,,"Перегородки, барьеры и двери из проволочной сетки"
5863,,Реклама и маркетинг
5864,,,Выставочные стойки
5865,,,Выставочные стенды
5884,,,Брошюры
6987,,Оборудование для транспортировки материалов
131,,,Подъёмные устройства
503767,,,,Лифты для персонала
503768,,,,"Тали, краны и вагонетки"
503769,,,,"Ролики, блоки и шкивы"
503771,,,,Подъёмники и погрузчики
503772,,,,Лебёдки
6988,,,Конвейеры
503011,,,Паллеты и погрузочные платформы
7240,,Парикмахерское дело и косметология
7241,,,Кресла для парикмахерских
7242,,,Кресла для педикюра
505670,,,Парикмахерские накидки и воротнички
7261,,Компоненты автоматики
7262,,,Частотно-регулируемые приводы
7263,,,Программируемые логические контроллеры
7497,,Стоматология
7499,,,Стоматологические инструменты
7498,,,,Стоматологические зеркала
7531,,,,Наборы стоматологических инструментов
8120,,,,Профилактические стоматологические головки
8121,,,,Профилактические стоматологические насадки
8490,,,,Двусторонние стаканчики
7500,,,Зубной цемент
8130,,,Профилактические стоматологические пасты
8025,,Принадлежности для хранения промышленной продукции
500086,,Уборочные тележки
141,Камеры и оптика
39,,Фотография
41,,,Фотолаборатория
1622,,,,Химические реагенты для фотографий
2234,,,,Оборудование для проявки и обработки
2516,,,,,Оборудование и материалы для ретуширования
2625,,,,,Столы для сканирования
2650,,,,,Проявочные бачки и катушки
2728,,,,,"Лотки, мойки и сушилки для печати фотографий"
2999,,,,,Раковины для фотолабораторий
2520,,,,Увеличительное оборудование
2543,,,,,Таймеры для фотолабораторий
2698,,,,,Фотоувеличители
2815,,,,,Анализаторы и экспонометры
2969,,,,,Столики фотоувеличителя
3029,,,,,Фокусирующие устройства
2600,,,,Фотолабораторные фонари
2804,,,,Фотобумага
42,,,Освещение и оборудование для студий
1548,,,,Экспонометры
1611,,,,Оснащение для заднего плана
2007,,,,Стойки и крепления для студийного осветительного оборудования
2475,,,,Оборудование для управления освещением
2490,,,,,Осветительные фильтры и маски
3056,,,,,Рассеиватели для вспышек
5431,,,,,Отражатели для вспышки
5432,,,,,Софтбоксы
2926,,,,Павильонное освещение и вспышки
5499,,,,Принадлежности для экспонометров
503017,,,,Принадлежности для студийных стоек и штативов
503018,,,,Принадлежности для павильонного освещения и вспышек
4368,,,Принадлежности для хранения фотонегативов и слайдов
503735,,,Средства для обработки фотографий
142,,Камеры
152,,,Цифровые камеры
154,,,Пленочные камеры
155,,,Видеокамеры
312,,,Веб-камеры
362,,,Камеры систем наблюдения
4024,,,Одноразовые камеры
5402,,,Лесные камеры
499976,,,Бороскопы
156,,Оптика
157,,,Бинокли
161,,,Дальномеры
4040,,,Наблюдательные приборы
165,,,,Телескопы
1695,,,,Оружейные прицелы и оптические приборы
4136,,,,Зрительные трубы
4164,,,Монокуляры
2096,,Принадлежности для камер и другой оптики
143,,,Детали и принадлежности для камер
148,,,,Вспышки для камер
153,,,,Фотопленка
2394,,,,Лампы для видеокамер
2987,,,,Держатели для вспышки
5429,,,,Ремни для камер
5479,,,,Принадлежности для вспышек
5532,,,,Пульты дистанционного управления для фотоаппаратов
5937,,,,Принадлежности для камер видеонаблюдения
6307,,,,Боксы для подводной съемки
6308,,,,Сумки для камер
8174,,,,Наборы принадлежностей для фотоаппаратов
8535,,,,Принадлежности для боксов для подводной съемки
296246,,,,Сменные панели и дверцы для корпусов фотоаппаратов
296247,,,,Сменные кнопки и регуляторы для фотоаппаратов
296248,,,,Светочувствительные матрицы для фотоаппаратов
296249,,,,Сменные экраны для фотоаппаратов
298420,,,,Цифровые задники для фотоаппаратов
461567,,,,Зубчатые механизмы для фотоаппаратов
461568,,,,Механизмы трансфокации для фотоаппаратов
499998,,,,Стабилизаторы для камер
500037,,,,Держатели для камер
500104,,,,Приспособления для фокусировки
500107,,,,Внешние мониторы для камер и фотоаппаратов
503019,,,,Защитные противосолнечные козырьки для экранов и видоискателей фотоаппаратов
503020,,,,Шумопоглощающие футляры и принадлежности для фотоаппаратов
149,,,Объективы для фотоаппаратов и видеокамер
4432,,,,Объективы для камер
5280,,,,Объективы для видеокамер
5346,,,,Объективы для камер видеонаблюдения
150,,,Штативы и одиночные опоры
160,,,Принадлежности для оптики
4274,,,,Принадлежности для приборов ночного видения
5282,,,,Принадлежности для бинокулярных и монокулярных приборов
5283,,,,Принадлежности для дальномеров
5284,,,,Принадлежности для телескопов
5542,,,,Принадлежности для зрительных труб
5543,,,,Принадлежности для оружейных прицелов
5545,,,,Сумки и чехлы для оптики
2911,,,Принадлежности для объективов фотоаппаратов
147,,,,Фильтры для объективов
2627,,,,Светозащитные бленды
2829,,,,Крышки для объективов
4416,,,,Телеконвертеры и расширители
4441,,,,Сумки для объективов
5588,,,,Адаптеры для объективов и фильтров
4638,,,Принадлежности для штативов и одиночных опор
3035,,,,Хомуты и крепления для штативов
4639,,,,Головки штативов и одиночных опор
4640,,,,Чемоданчики для штативов и одиночных опор
503016,,,,Распорки для штативов
503726,,,,Ручки для штативов
463625,,,Сменные кабели для фотоаппаратов и оптических устройств
166,Предметы одежды и принадлежности
167,,Принадлежности для одежды
168,,,Банданы и косынки
543586,,,,Банданы
543587,,,,Шапочки для ухода за волосами
169,,,Поясные ремни
170,,,Перчатки и варежки
171,,,Аксессуары для волос
181,,,,Парики
1483,,,,Резинки для волос
1662,,,,Повязки на голову
1948,,,,Шпильки для волос
2477,,,,Расчёски для волос
4057,,,,Шиньоны
5914,,,,Тиары
5915,,,,Венки для волос
6183,,,,Сетки для волос
7305,,,,Принадлежности для париков
7306,,,,,Клей и ленты для париков
7307,,,,,Колпаки для париков
8451,,,,Валики для пучков
502988,,,,Шпильки и заколки
543644,,,,,Шпильки
543645,,,,,Заколки-крабы
543646,,,,,Заколки
173,,,Шляпы
176,,,Галстуки и бабочки
177,,,Шарфы и шали
543673,,,,Шарфы
543674,,,,Шали
178,,,Солнечные очки
179,,,Подтяжки
180,,,Зажимы для галстуков
193,,,Запонки
1786,,,Балаклавы
1893,,,Манжеты
2020,,,Головные уборы и платки
1922,,,,Головные уборы
5939,,,,Тюрбаны
7054,,,,Вуалетки
3913,,,Пряжки для ремней
4179,,,Значки
5114,,,Декоративные веера
5207,,,Нагрудные платки
5390,,,Принадлежности для традиционной одежды
5685,,,,Таби
5686,,,,Аксессуары для оби
5687,,,,Оби
5688,,,,Нижнее белье для кимоно
5422,,,Принадлежности для детской одежды
5623,,,,Пояса для младенцев
5624,,,,Варежки и перчатки для младенцев
5625,,,,Детские шапки
5626,,,,Детская защитная одежда
5443,,,Принадлежности для невест
5446,,,,Фата
5941,,,Теплые изделия для ног
5942,,,Теплые изделия для рук
6238,,,Наушники от холода
6268,,,Леи
6984,,,Упругие пластинки для воротников
6985,,,Сменные пуговицы
7133,,,Муфты для рук
7230,,,Шарфы-трубы
499972,,,Наградные ленты
502987,,,Бандажи для беременных и поясничные корсеты
184,,Маскарадные костюмы и принадлежности
5192,,,Принадлежности для маскарадных костюмов
5426,,,,Шляпы для маскарадных костюмов
5907,,,,Маскарадные плащи
7304,,,,Накладные лысины
8017,,,,Наборы маскарадных принадлежностей
8018,,,,Имитация драгоценностей
8200,,,,Перчатки для маскарадных костюмов
500008,,,,Имитация табачных изделий
500118,,,,Специальные аксессуары для маскарадных костюмов
5193,,,Маскарадные костюмы
5194,,,Маски
5387,,,Обувь для маскарадных костюмов
187,,Обувь
188,,Ювелирные украшения
189,,,Браслеты для ног
190,,,Украшения для пирсинга
191,,,Браслеты
192,,,Подвески и брелоки
194,,,Серьги
196,,,Ожерелья
197,,,Броши и значки
200,,,Кольца
201,,,Наручные и карманные часы
5122,,,Принадлежности для наручных часов
5123,,,,Ремешки для часов
6870,,,,Устройства для завода часов
7471,,,,Наклейки для наручных часов
6463,,,Ювелирные наборы
1604,,Одежда
182,,,Одежда для младенцев
5408,,,,Детские штаны и юбки
5409,,,,Купальные костюмы для младенцев
5410,,,,Детские топы
5411,,,,Детские песочники
5412,,,,"Пеленки, распашонки, ползунки"
5423,,,,Детские носки
5424,,,,Детские платья
5425,,,,Верхняя одежда для детей
5549,,,,Пеленальные штанишки для малышей
5621,,,,Детское нижнее белье
5622,,,,Наборы одежды для младенцев
203,,,Верхняя одежда
1831,,,,Жилеты
3066,,,,Дождевая одежда
5506,,,,Краги
5514,,,,Непромокаемые брюки
5598,,,,Пальто и куртки
5909,,,,Зимние штаны и комбинезоны
204,,,Штаны
207,,,Шорты
208,,,Пижамы и одежда для отдыха
2302,,,,Свободные халаты
2580,,,,Пижамы
5513,,,,Ночные рубашки
5713,,,,Одежда для отдыха
211,,,Купальные костюмы
212,,,Рубашки и топы
213,,,Носки и нижнее белье
209,,,,Носки
214,,,,Бюстгальтеры
215,,,,Чулочно-носочные изделия
1578,,,,Моделирующее белье
1772,,,,Женское белье
1807,,,,Теплые кальсоны
2562,,,,Нижнее белье
2563,,,,Принадлежности для женского белья
1675,,,,,Подвязки
2160,,,,,Пояса с резинками
2745,,,,Нижние рубашки
2963,,,,Нижние юбки и шортики
5327,,,,Суспензории
5834,,,,Трусы-слипы
7207,,,,Принадлежности для бюстгальтеров
7208,,,,,Подкладки под бретели бюстгальтеров
7209,,,,,Стикини
7210,,,,,"Подкладки, увеличивающие грудь"
7211,,,,,Бретельки и экстендеры для бюстгальтеров
1581,,,Юбки
2331,,,,Мини-юбки
6228,,,,Длинные юбки
6229,,,,Юбки до колен
1594,,,Выходные костюмы
1516,,,,Юбочные костюмы
1580,,,,Смокинги
5183,,,,Брючные костюмы
2271,,,Платья
2306,,,Униформа
206,,,,Школьная форма
2292,,,,Белые халаты
3414,,,,Форма для охранников
3598,,,,Спортивная форма
3191,,,,,Бейсбольная форма
3253,,,,,Судейская форма
3379,,,,,Форма для софтбола
3439,,,,,Баскетбольная форма
3683,,,,,Форма для чирлидинга
3724,,,,,Форма для крикета
3852,,,,,Одежда для борьбы
3888,,,,,Форма для американского футбола
3958,,,,,Хоккейная форма
4003,,,,,Одежда для боевых искусств
5564,,,,,Футбольная форма
5484,,,,Форменные брюки и комбинезоны
5878,,,,Летные комбинезоны
5949,,,,Военная форма
7235,,,,Униформа для работников общественного питания
2396,,,,,Жакеты для поваров
7236,,,,,Поварские штаны
7237,,,,,Поварские колпаки
5182,,,Одежда из цельного куска ткани
5250,,,,Комбинезоны и ромперы
5490,,,,Леотарды и юнитарды
7132,,,,Комбинезоны с длинными рукавами
5322,,,Спортивная одежда
3951,,,,Штаны для американского футбола
5378,,,,Шорты для бокса
5379,,,,Шорты для боевых искусств
5460,,,,Одежда для охоты
5461,,,,,Жилеты для охоты и рыбалки
5462,,,,,Камуфляжные костюмы
5552,,,,,Брюки для охоты
5517,,,,Защитная одежда для мотоциклистов
5463,,,,,Мотоциклетные костюмы
6006,,,,,Куртки для мотоциклистов
7003,,,,,Штаны для мотоциклистов
5555,,,,Одежда для пейнтбола
5697,,,,Одежда для велосипедного спорта
3128,,,,,Велосипедные комбинезоны
3188,,,,,Велосипедные шорты и трусы
3455,,,,,Велосипедные майки
3729,,,,,Велосипедные штаны
6087,,,,,Трико для велосипедистов
499979,,,,"Танцевальные костюмы, платья и юбки"
5344,,,Юбки-шорты
5388,,,Традиционная и церемониальная одежда
5343,,,,Кимоно
5679,,,,,Кимоно томесоде и хомонги
5680,,,,,Кимоно комон
5681,,,,,Кимоно иромудзи
5682,,,,,Кимоно фурисодэ
5683,,,,,Повседневные кимоно
5684,,,,,Свадебные кимоно
5483,,,,Одежда для религиозных обрядов
8149,,,,,Одежда для крещения
5673,,,,Кимоно для улицы
5677,,,,,Пальто-кимоно
5678,,,,,Хаори
5674,,,,Хакама
5676,,,,Юката
6031,,,,Дирндли
6227,,,,Японские смокинги
7281,,,,Традиционные кожаные штаны
8248,,,,Сари и лехенга
5441,,,Свадебные наряды
5329,,,,Свадебные платья
5330,,,,Платья для подружек невесты
7313,,,Наборы одежды
1933,,Принадлежности для обуви
1856,,,Шнурки для обуви
2427,,,Шпоры
5385,,,Бахилы
5567,,,Вставки для обуви
7078,,,Гетры
6551,,"Ручные сумки, кошельки и чехлы"
2668,,,Кошельки и зажимы для денег
3032,,,Дамские ручные сумки
6169,,,Ящики для визиток
6170,,,Держатели для бейджей и пропусков
6552,,Принадлежности для ручных сумок и кошельков
175,,,Брелоки для ключей
5841,,,Цепи для кошельков
6277,,,Ремешки
6460,,,Обложки для чековых книжек
222,Электроника
223,,Аудиосистемы
242,,,Устройства для воспроизведения и записи звука
225,,,,Бумбоксы
226,,,,CD-плееры
230,,,,Системы караоке
233,,,,MP3-Плееры
235,,,,Проигрыватели минидисков
243,,,,Кассетные проигрыватели
244,,,,Диктофоны
251,,,,Стереосистемы
252,,,,Системы домашних кинотеатров
256,,,,Проигрыватели грампластинок
4652,,,,Музыкальные автоматы
5434,,,,Многодорожечные рекордеры
6886,,,,Радиоприемники
8271,,,,Катушечные магнитофоны и плееры
1420,,,Принадлежности для аудиосистем
232,,,,Принадлежности для MP3-плееров
3055,,,,,Футляры для MP3-плееров
7566,,,,,Наборы принадлежностей для MP3-плееров и мобильных телефонов
239,,,,Принадлежности для спутниковых радиосистем
2372,,,,Принадлежности для проигрывателей грампластинок
3306,,,,Принадлежности для микрофонов
3912,,,,Подставки для микрофонов
5395,,,,Принадлежности для систем караоке
5396,,,,,Карты с песнями караоке
7163,,,,Принадлежности для акустических колонок
8047,,,,,Сумки для подставок для акустических колонок
8049,,,,,Подставки для акустических колонок
500112,,,,,"Сумки, футляры и чехлы для колонок"
500119,,,,,Тактильные преобразователи
500120,,,,,Детали и наборы деталей для аудиоколонок
503008,,,,Принадлежности для аудио- и видеоресиверов
505797,,,,Принадлежности для наушников и гарнитур
503004,,,,,Насадки для наушников
2154,,,Системы громкой связи
2165,,,Аудиокомпоненты
224,,,,Звуковые усилители
4493,,,,,Усилители для наушников
5381,,,,,Стереоусилители
234,,,,Микрофоны
236,,,,Аудиомикшеры
241,,,,Аудио- и видеоресиверы
246,,,,Процессоры сигналов
247,,,,,Эффект-процессоры
248,,,,,Эквалайзеры
3945,,,,,Предварительные усилители для микрофонов
5369,,,,,Фонокорректоры
5435,,,,,Кроссоверы
5596,,,,,Пороговые шумоподавители и компрессоры
5597,,,,,Системы управления громкой связью
249,,,,Акустические колонки
5129,,,,Аудиопередатчики
4035,,,,,FM-передатчики
5130,,,,,Передатчики Bluetooth
6545,,,,Канальные линейки
6546,,,,Директ-боксы
505298,,,,Комплекты для студийной записи
505771,,,,Наушники и гарнитуры
543626,,,,,Накладные наушники
543627,,,,,Головные гарнитуры
3727,,,Сценическое оборудование
3242,,,,Беспроводные передатчики
4921,,,Профессиональные и DJ-аудиосистемы
4922,,,,DJ CD-плееры
4923,,,,DJ-системы
8159,,,Мегафоны
262,,Связь
263,,,Принадлежности для радиосистем
266,,,Автоответчики
268,,,Пейджеры
270,,,Телефония
264,,,,Принадлежности для мобильных телефонов
2353,,,,,Чехлы для мобильных телефонов
4550,,,,,Подвески и ремешки для мобильных телефонов
5566,,,,,Стойки и держатели для мобильных телефонов
6030,,,,,SIM-карты для мобильных телефонов
543515,,,,,,Мобильные телефоны с предоплаченными картами
543516,,,,,,SIM-карты
7347,,,,,Запасные части для мобильных телефонов
8111,,,,,Принадлежности для камер мобильных телефонов
499916,,,,,Инструменты для извлечения SIM-карт
265,,,,Принадлежности для телефонов
269,,,,,Телефонные карты
267,,,,Мобильные телефоны
543512,,,,,Мобильные телефоны с предоплаченной связью
543513,,,,,Мобильные телефоны с контрактом
543514,,,,,Разблокированные мобильные телефоны
271,,,,Проводные телефоны
272,,,,Беспроводные телефоны
1924,,,,Спутниковые телефоны
4666,,,,Телефоны для конференц-связи
274,,,Товары для видеоконференций
360,,,Системы двусторонней связи
2471,,,Товары для радиосвязи
273,,,,Приемопередатчики
2106,,,,СиБи-радио
4415,,,,Радиосканеры
5275,,,Определители для телефонов
5404,,,Принадлежности для домофонов
278,,Компьютеры
298,,,Портативные устройства
3539,,,,Электронные книги
3769,,,,КПК
5256,,,,Терминалы сбора данных
325,,,Настольные компьютеры
328,,,Ноутбуки
331,,,Серверы
4745,,,Планшетные ПК
5254,,,Компьютеры Barebone
5255,,,Интерактивные киоски
8539,,,Тонкие и нулевые клиенты
543668,,,,Тонкие клиенты
543669,,,,Нулевые клиенты
500002,,,Цифровые очки
502995,,,Панельные компьютеры
339,,GPS-навигаторы
340,,Морская электроника
1550,,,Рыболокаторы
1552,,,Судовые радары
2178,,,Морские картплоттеры и системы GPS
4450,,,Морские радиомодули
8134,,,Судовые аудио- и видеоприемники
8473,,,Судовые громкоговорители
342,,Сетевое оборудование
290,,,Сетевые карты и адаптеры
343,,,Модемы
1350,,,Мосты и маршрутизаторы
2358,,,,VoIP-шлюзы и маршрутизаторы
5496,,,,Точки беспроводного доступа
5497,,,,Беспроводные маршрутизаторы
5659,,,,Сетевые мосты
2121,,,Повторители и трансиверы
2455,,,Сетевые концентраторы и коммутаторы
2479,,,Концентраторы и мультиплексоры
3425,,,Принт-серверы
3742,,,Устройства защиты сети и межсетевые экраны
5576,,,Принадлежности для модемов
6508,,,Инжекторы и разветвители питания
345,,"Печать, копирование, сканирование и факсимильная связь"
284,,,Принадлежности для сканеров
306,,,Сканеры
6865,,,Трехмерные принтеры
499682,,,Принадлежности для 3D-принтеров
500106,,,"Принтеры, копировальные аппараты и факсы"
502990,,,"Принадлежности для принтеров, копировальных аппаратов и факсов"
1683,,,,Память для принтеров
5258,,,,Расходные материалы для принтеров
356,,,,,Картриджи с тонером и чернилами
5259,,,,,Печатные барабаны и комплекты
5260,,,,,Ленты для принтеров
5261,,,,,Печатающие головки
5262,,,,,Комплекты обслуживания принтера
5266,,,,,Фильтры для принтеров
7362,,,,,Заправки для картриджей с чернилами и тонером
5265,,,,Дуплексеры для принтеров
5459,,,,Стойки для принтеров
502991,,,,"Детали для принтеров, копировальных аппаратов и факсов"
386,,Видеоаппаратура
305,,,Компьютерные мониторы
387,,,Видеоплееры и рекордеры
388,,,,DVD-плееры
389,,,,Рекордеры DVD
390,,,,Цифровые видеорекордеры
391,,,,Видеомагнитофоны
5276,,,,Сетевые медиаплееры
396,,,Проекторы
397,,,,Мультимедийные проекторы
398,,,,Диапроекторы
399,,,,Слайд-проекторы
404,,,Телевизоры
1368,,,Аппаратура и производственное оборудование для редактирования видеоизображений
1634,,,Видеомультиплексоры
2027,,,Принадлежности для видеоустройств
283,,,,Принадлежности для компьютерных мониторов
5516,,,,,Калибровщики цвета
393,,,,Принадлежности для проекторов
394,,,,,Сменные лампы для проекторов
395,,,,,Проекционные экраны
4570,,,,,Стойки для проекционных экранов
5257,,,,,Крепления для проекторов
5599,,,,,Юбки для штативов и проекционных стоек
403,,,,Детали и принадлежности для телевизоров
4458,,,,,Крепления для телевизоров и мониторов
5471,,,,,Сменные лампы для телевизоров
5503,,,,,Телевизионные приставки
43616,,,,,Запасные динамики для телевизоров
2145,,,,Устройства перемотки
4760,,,,3D-очки
5278,,,Видеосерверы
5450,,,Видеопередатчики
5561,,,Товары для спутникового и кабельного телевидения
401,,,,Приемники спутникового телевидения
5562,,,,Приёмники кабельного телевидения
912,,Детекторы радаров
1270,,Принадлежности для консолей видеоигр
1505,,,Принадлежности для игровых консолей
2070,,,Принадлежности для портативных игровых консолей
1294,,Консоли для видеоигр
1801,,Электронные компоненты
1337,,,Модуляторы
1544,,,Разветвители
1977,,,Разъемы для электронных компонентов
2182,,,Преобразователи
2205,,,,Преобразователи развертки
503001,,,,Аудиоконвертеры
7395,,,Акселерометры
2082,,Принадлежности для электроники
258,,,Адаптеры
146,,,,Адаптеры для карт памяти
4463,,,,Аудио- и видеоадаптеры
7182,,,,USB-адаптеры
259,,,Кабели
1480,,,,Сетевые кабели
1763,,,,Системные и силовые кабели
1867,,,,Аудио- и видеокабели
3461,,,,КВМ-кабели
3541,,,,Телефонные кабели
500035,,,,Кабели для передачи данных
275,,,Электропитание
276,,,,Аккумуляторы
1564,,,,,Аккумуляторы для ноутбуков
1722,,,,,Аккумуляторы для фотоаппаратов
1745,,,,,Аккумуляторы для мобильных телефонов
1880,,,,,Аккумуляторы для беспроводных телефонов
2222,,,,,Аккумуляторы для видеокамер
4928,,,,,Батареи и аккумуляторы общего назначения
5133,,,,,Аккумуляторы для КПК
6289,,,,,Батареи для ИБП
7438,,,,,Батареи для планшетных ПК
7551,,,,,Батареи для устройств для чтения электронных книг
499810,,,,,Аккумуляторы для MP3-плееров
500117,,,,,Аккумуляторы для игровых приставок и пультов управления
1348,,,,Источники бесперебойного питания
1375,,,,Принадлежности для ИБП
2978,,,,Топливные элементы
3160,,,,Удлинители и сетевые фильтры
5274,,,,Корпуса и шкафы для систем электропитания
5380,,,,Устройства для защиты от импульсных перенапряжений
6790,,,,Регуляторы мощности
6933,,,,Принадлежности для адаптеров электропитания
7135,,,,Туристические переходники и адаптеры
7166,,,,Принадлежности для батарей
3130,,,,,Зарядные устройства для камер
6817,,,,,Устройства регулирования зарядки
7167,,,,,Зарядные устройства для аккумуляторов общего назначения
8243,,,,,Держатели для аккумуляторов
499928,,,,,Тестеры батареек
505295,,,,Адаптеры питания и зарядные устройства
279,,,Компьютерные принадлежности
280,,,,Принадлежности для карманных устройств
4736,,,,,Принадлежности для электронных книг
4738,,,,,,Чехлы для электронных книг
4737,,,,,Принадлежности для КПК
4739,,,,,,Чехлы для КПК
300,,,,Док-станции для ноутбуков
1993,,,,Коврики для мыши
5308,,,,Стилусы
5489,,,,Подставки для компьютеров
5669,,,,Запасные стержни и головки для стилусов
6291,,,,Подушки для запястья
6979,,,,Платформы и подставки для клавиатуры
7530,,,,Чехлы и кожухи для компьютеров
499956,,,,Подставки и доки для планшетных ПК
500040,,,,Комплекты компьютерных принадлежностей
285,,,Компьютерные компоненты
287,,,,Платы расширения для компьютеров
286,,,,,Звуковые карты
297,,,,,Видеокарты
1487,,,,,Платы и адаптеры ТВ-тюнеров
503755,,,,,Райзер-платы
505299,,,,,Интерфейсные платы и адаптеры для компьютеров
291,,,,Блоки питания для компьютеров
292,,,,Процессоры для компьютеров
293,,,,Компьютерные стойки и крепеж
294,,,,Комплекты для сборки компьютеров
295,,,,Детали для охлаждения компьютерных систем
296,,,,Корпуса компьютеров
311,,,,Концентраторы USB и FireWire
1928,,,,Устройства ввода
139,,,,,Сканеры штрихкодов
301,,,,,Игровые контроллеры
543588,,,,,,Джойстики
543589,,,,,,Геймпады
543590,,,,,,Пульты управления для игр
543591,,,,,,Игровые рули
543593,,,,,,Игровые контроллеры для имитации музыкальных инструментов
302,,,,,Графические планшеты
303,,,,,Компьютерные клавиатуры
304,,,,,Мыши и трекболы
308,,,,,Сенсорные панели
1562,,,,,КВМ-переключатели
3580,,,,,Устройства для считывания карт памяти
4512,,,,,Цифровые клавишные панели
5309,,,,,Цифровые ручки
5366,,,,,Устройства чтения отпечатков пальцев
499950,,,,,Устройства для управжения жестами
505801,,,,,Устройства для чтения магнитных карт и карт с чипом
2414,,,,Оборудование для хранения данных
377,,,,,Оптические дисководы
380,,,,,Жесткие диски
385,,,,,Ленточные накопители
1301,,,,,Дисководы для гибких дисков
1623,,,,,Принадлежности для дисковых накопителей
381,,,,,,Футляры для переноски жестких дисков
4417,,,,,,Док-станции для жестких дисков
505767,,,,,,Футляры и док-станции для жестких дисков
3712,,,,,USB флэш-накопители
5268,,,,,Устройства для дублирования данных
376,,,,,,Дупликаторы CD/DVD-дисков
5112,,,,,,Дупликаторы USB-накопителей
5271,,,,,,Дупликаторы жестких дисков
5269,,,,,Сетевые системы хранения данных
5272,,,,,Дисковые массивы
4224,,,,Запчасти для ноутбуков
4102,,,,,Сменные экраны для ноутбуков
4270,,,,,Наклейки на ноутбуки
4301,,,,,Сменные клавиатуры для ноутбуков
6416,,,,,Петли для ноутбуков
7501,,,,,Запасные кабели для ноутбуков
8160,,,,,Дигитайзеры для экранов ноутбуков
43617,,,,,Запасные динамики для ноутбуков
6475,,,,Принадлежности для устройств ввода
6476,,,,,Стойки для сканеров штрих-кодов
8008,,,,,Принадлежности для игровых контроллеров
500052,,,,,Принадлежности для мыши и трекбола
503003,,,,,Клавиши и наклейки на клавиши клавиатуры
6932,,,,Шкафы для блейд-серверов
7349,,,,Детали для планшетных ПК
45262,,,,,Сменные динамики для планшетных ПК
500013,,,,,Экраны для планшетных ПК
503002,,,,,Чехлы для планшетных ПК
8158,,,,Заглушки для слотов компьютерных плат
8162,,,,Детали для электронных книг
8163,,,,,Сменные экраны для электронных книг
288,,,Память
384,,,,Флеш-память
3387,,,,,Карты флеш-памяти
1665,,,,Кэш-память
1733,,,,ОЗУ
1767,,,,Видеопамять
2130,,,,ПЗУ
341,,,Пульты дистанционного управления
367,,,Чистые носители
1718,,,Антенны
3328,,,Прокладка кабелей
3764,,,,Зажимы для кабелей
4016,,,,Ленты для проводов и кабелей
5273,,,,Коммутационные  панели
6402,,,,Кабельные коробы
6780,,,,Кабельные муфты
499686,,,,Идентификационные маркеры для кабелей и проводов
500036,,,,Пистолеты для стяжки кабеля
3422,,,Принадлежности для модулей памяти
3672,,,,Кассеты для модулей памяти
4617,,,Чистящие средства для электроники
5466,,,Защитные пленки и экраны для электроприборов
5467,,,,Фильтры конфиденциальности
5468,,,,Защитные плёнки для экранов
5469,,,,Протекторы для клавиатур
5523,,,,Наклейки и переводные картинки для электроприборов
5473,,,Усилители сигналов
5476,,,Принадлежности для антенн
5477,,,,Опорные механизмы и кронштейны для крепления антенн
5478,,,,Поворотные устройства для антенн
6016,,,,Спутниковые конвертеры
5695,,,Глушители сигналов
5589,,,,Радарные глушители
5612,,,,Глушители GPS
5696,,,,Глушители сигналов мобильных телефонов
8156,,,Аудио- и видеоразветвители и переключатели
8164,,,,Разветвители и переключатели HDMI
499944,,,,DVI-сплиттеры и DVI-коммутаторы
499945,,,,VGA-сплиттеры и VGA-коммутаторы
499878,,,Треноги и моноподы для мобильных телефонов и планшетных ПК
3356,,Оборудование для аркад
3117,,,Игровые автоматы
3140,,,Машины для пинбола
3676,,,Принадлежности для игровых автоматов
3681,,,Машины для скибола
3946,,,Принадлежности для машины для пинбола
8085,,,Баскетбольные игровые автоматы
3702,,Печатные платы и их компоненты
3635,,,Пассивные компоненты электрических цепей
3121,,,,Индукторы
3220,,,,Электрические конденсаторы
3424,,,,Резисторы
7260,,,,Электронные осцилляторы
3889,,,Прототипные печатные платы
4010,,,,Макетные платы
3991,,,Полупроводники
3094,,,,Транзисторы
3632,,,,Диоды
3949,,,,Микроконтроллеры
7257,,,,Интегральные схемы и чипы
7258,,,Электронные фильтры
7259,,,Электронные шифраторы и дешифраторы
7264,,,Печатные платы
3416,,,,Платы для прототипирования
8516,,,,Печатные платы для телевизоров
8544,,,,"Печатные платы для принтеров, копиров и факсов"
8545,,,,Печатные платы для бытовых приборов
8549,,,,Печатные платы для бассейнов и джакузи
298419,,,,Печатные платы для фотоаппаратов
499675,,,,Печатные платы для сканеров
499889,,,,Печатные платы для спортивных тренажеров
499898,,,,Печатные платы для компьютеров
289,,,,,Материнские платы
8546,,,,,Печатные платы для жестких дисков
499899,,,,,Платы инвертеров для компьютеров
500027,,,Принадлежности для печатных плат
3895,,Принадлежности для устройств GPS
3213,,,Крепления для устройств GPS
3781,,,Чехлы для устройств GPS
4488,,Устройства для взимания оплаты
6544,,GPS-трекеры
500091,,Радары скорости
412,"Продукты, напитки и табачные изделия"
413,,Напитки
415,,,Горячий шоколад
418,,,Молоко
420,,,Вода
543530,,,,Дистиллированная вода
543531,,,,Газированная вода
543534,,,,,Газированная вода со вкусом
543535,,,,,Газированная вода без вкуса
543532,,,,Родниковая вода
543533,,,,Негазированная минеральная вода
1868,,,Кофе
2073,,,Чаи и чайные смеси
2628,,,Газированная вода с сиропом
2887,,,Соки
5723,,,Спортивные и энергетические напитки
5724,,,Растительное молоко
6797,,,Пахта
6848,,,Смеси для напитков
7528,,,Напитки с уксусом
8030,,,Эгг-ног
8036,,,Ароматизированные фруктовые напитки
499676,,,Алкогольные напитки
414,,,,Пиво
417,,,,Крепкие алкогольные напитки
1671,,,,,Джин
1926,,,,,Виски
2107,,,,,Водка
2220,,,,,Текила
2364,,,,,Бренди
2605,,,,,Ром
2933,,,,,Ликеры
502976,,,,,Сетю и соджу
543642,,,,,,Сётю
543643,,,,,,Соджу
505761,,,,,Абсент
421,,,,Вино
5725,,,,Смеси для коктейлей
543536,,,,,Долгохранящиеся смеси для коктейлей
543537,,,,,Замороженные смеси для коктейлей
5887,,,,Алкогольные напитки со вкусовыми добавками
6761,,,,Крепкий сидр
7486,,,,Биттеры
422,,Пищевые продукты
136,,,Корзины с продуктовыми наборами
423,,,Легкие закуски
1445,,,,Крекеры
1534,,,,Попкорн
2392,,,,Чипсы
2432,,,,Хлебцы из воздушного риса
3284,,,,Вяленое мясо
3446,,,,Крендели
5743,,,,Пудинги и закуски из желатина
5744,,,,Фруктовые закуски
5745,,,,Походная смесь
5746,,,,Гренки для супа
5747,,,,Плитки из зерновых и мюсли
543651,,,,,Батончики-мюсли
543652,,,,,Батончики из гранолы
6192,,,,Сырные палочки
6194,,,,Шкварки
6785,,,,Закусочные сладости
6847,,,,Приправы для салатов
7159,,,,Хлебные палочки
7327,,,,Баньтьынг
7427,,,,Кунжутные палочки
427,,,Приправы и соусы
1387,,,,Горчица
1568,,,,Майонез
1969,,,,Заправки к салатам
2018,,,,Кетчуп
4614,,,,Острый соус
4615,,,,Ореховый соус
4616,,,,Соевый соус
4692,,,,Тахина
4943,,,,Сиропы
4947,,,,Мёд
5759,,,,Соусы для пасты
5760,,,,Оливки и каперсы
5762,,,,Подливки
5763,,,,Рыбный соус
6203,,,,Соус для пиццы
6246,,,,Вустерский соус
6772,,,,Коктейль-соус для креветок
6782,,,,Соус с хреном
6783,,,,Соус тартар
6845,,,,Топпинги для десертов
6844,,,,,Сироп для мороженого
6854,,,,,Фруктовый топпинг
6905,,,,Соус карри
500074,,,,Маринады и соусы для барбекю
500075,,,,Релиш и чатни
500076,,,,Маринованные овощи
500089,,,,Кисло-сладкие соусы
500105,,,,Белые и сливочные соусы
428,,,Молочные продукты
429,,,,Сыр
1855,,,,Творог
1954,,,,Йогурт
4418,,,,Сливки для кофе
5786,,,,Сливки
5787,,,,Сметана
5827,,,,Масло и маргарин
6821,,,,Взбитые сливки
430,,,Фрукты и овощи
1755,,,,Сухофрукты
5793,,,,Свежие и замороженные овощи
6568,,,,,Спаржа
6570,,,,,Артишоки
6577,,,,,Бобы
6580,,,,,Свекла
6585,,,,,Батат
6586,,,,,Картофель
6587,,,,,Огуречник
6590,,,,,Брюссельская капуста
6591,,,,,Брокколи
6592,,,,,Кочанная капуста
6595,,,,,Морковь
6596,,,,,Испанские артишоки
6598,,,,,Корень сельдерея
6599,,,,,Сельдерей
6600,,,,,Цветная капуста
6608,,,,,Огурцы
6609,,,,,Кукуруза
6613,,,,,Баклажаны
6615,,,,,Папоротник
6616,,,,,Капуста гай-чой
6617,,,,,Гай-лан
6618,,,,,Корень лопушника
6619,,,,,Корень имбиря
6620,,,,,Чеснок
6622,,,,,Зелень
5792,,,,,,Смеси для салатов
6569,,,,,,Рукола
6581,,,,,,Зелень свеклы
6584,,,,,,Китайская капуста
6597,,,,,,Листовая свекла
6610,,,,,,Капуста чой-сум
6629,,,,,,Кормовая капуста
6637,,,,,,Салат-латук
6656,,,,,,Он-чой
6695,,,,,,Шпинат
6706,,,,,,Рапс
6717,,,,,,Цикорий
6627,,,,,Лук-порей
6628,,,,,Кольраби
6630,,,,,Хикама
6631,,,,,Корень хрена
6643,,,,,Ксантосома
6644,,,,,Корень лотуса
6653,,,,,Грибы
6655,,,,,Лук репчатый
6657,,,,,Окра
6663,,,,,Пастернак
6664,,,,,Корень петрушки
6668,,,,,Перцы
6669,,,,,Горох
6681,,,,,Ревень
6682,,,,,Редис
6692,,,,,Тамарилло
6693,,,,,Топинамбур
6694,,,,,Сахарный тростник
6700,,,,,Водный кресс
6701,,,,,Водяные орехи
6703,,,,,Помидоры
6704,,,,,Корень таро
6705,,,,,Корень тапиоки
6716,,,,,Аракача
6808,,,,,Листья кактуса
6816,,,,,Луковицы фенхеля
6818,,,,,Лук-шарлот
7193,,,,,Ростки пшеницы
8515,,,,,Клубни ямса
499905,,,,,Овощные смеси
503761,,,,,Ростки бобовых
505329,,,,,Свёкла и брюква
505354,,,,,Тыквы
5794,,,,Фруктовые пюре
5795,,,,Свежие и замороженные фрукты
6566,,,,,Яблоки
6571,,,,,Атемойя
6572,,,,,Авокадо
6573,,,,,Бабако
6574,,,,,Бананы
6582,,,,,Ягоды
6589,,,,,Плоды хлебного дерева
6593,,,,,Плоды опунции
6594,,,,,Карамбола
6602,,,,,Черимойя
6614,,,,,Фейхоа
6624,,,,,Хомли
6625,,,,,Гуава
6626,,,,,Виноград
6633,,,,,Киви
6638,,,,,Личи
6639,,,,,Локваты
6640,,,,,Лонган
6645,,,,,Мангостаны
6647,,,,,Мами
6649,,,,,Дыни
6661,,,,,Папайя
6665,,,,,Груши
6667,,,,,Маракуйя
6670,,,,,Ананасы
6671,,,,,Физалис
6672,,,,,Хурма
6673,,,,,Гранаты
6676,,,,,Питахайа
6678,,,,,Рамбутаны
6679,,,,,Айва
6687,,,,,Сапота
6688,,,,,Саподилла
6691,,,,,Саусепы
6698,,,,,Тамаринд
6809,,,,,Кокосы
6810,,,,,Инжир
6812,,,,,Финики пальчатые
6813,,,,,Мадруно
6814,,,,,Сахарные яблоки
499906,,,,,Свежие и замороженные фруктовые смеси
503759,,,,,Цитрусовые
6621,,,,,,Грейпфруты
6632,,,,,,Кумкваты
6636,,,,,,Лимоны
6641,,,,,,Лаймкваты
6642,,,,,,Лаймы
6658,,,,,,Апельсины
6697,,,,,,Танжело
503760,,,,,Костянки
6567,,,,,,Абрикосы
6601,,,,,,Вишни
6646,,,,,,Манго
6674,,,,,,Сливы
6675,,,,,,Плумкот
505301,,,,,,Персики и  нектарины
5796,,,,Сухие бобы
5797,,,,Консервированные бобы
5798,,,,Консервированные овощи
5799,,,,Консервированные фрукты
7387,,,,Сушеные овощи
431,,,"Зерновые, рис и крупы"
4682,,,,Рис
4683,,,,Амарант
4684,,,,Гречневая крупа
4686,,,,Просо
4687,,,,Ячмень
4688,,,,Пшеница
4689,,,,Крупы и мюсли
4690,,,,"Овес, овсяная крупа и овсяная мука"
6259,,,,Квиноа
7196,,,,Кус-кус
7374,,,,Рожь
432,,,"Мясо, морепродукты и яйца"
4627,,,,Яйца
543554,,,,,Яичный белок
543555,,,,,Жидкие и замороженные яйца
543556,,,,,Готовые яйца
543557,,,,,Целые яйца
4628,,,,Мясо
5804,,,,,Мясные блюда и деликатесы
5805,,,,,Свежее и замороженное мясо
5811,,,,,Мясные консервы
4629,,,,Морепродукты
5812,,,,,Свежие и замороженные морепродукты
5813,,,,,Консервированные морепродукты
433,,,Орехи и семечки
434,,,Паста и лапша
1876,,,Выпечка
424,,,,Хлебо-булочные изделия
1573,,,,Бейглы
1895,,,,Маффины
2194,,,,Торты и десерты
2229,,,,Печенье
5054,,,,Помадка
5748,,,,Тортильи и лаваши
5749,,,,Пироги и торты
5750,,,,Выпечка и лепешки
5751,,,,Пончики
5790,,,,Рожки для мороженого
5904,,,,Выпечка ассорти
6195,,,,Кексы
6196,,,,Кексы к кофе
6891,,,,Лепешки для тако
2423,,,Супы и бульоны
2660,,,Кулинарные и кондитерские ингредиенты
2126,,,,Кулинарные масла
2140,,,,Уксус
2572,,,,Смеси для выпечки
2775,,,,Мука
2803,,,,Разрыхлитель
2905,,,,Дрожжи
4613,,,,Бобовые паста и соус
5105,,,,Сахарные волокна
5752,,,,Тесто
5753,,,,,Тесто для пирогов
5755,,,,,Тесто для хлеба и пасты
5756,,,,,Тесто для печений и брауни
5765,,,,Кулинарный растительный и животный жир
5766,,,,Меласса
5767,,,,Маршмэллоу
5768,,,,Желатин
5769,,,,Сахарная глазурь
5770,,,,Кукурузный сироп
5771,,,,Пищевой крахмал
5773,,,,Панировочные сухари
5774,,,,Пищевая сода
5775,,,,Экстракты и ароматизаторы для выпечки
5776,,,,Кондитерский шоколад
5777,,,,Вина для готовки
5778,,,,Смеси для вафель и оладий
5800,,,,Начинки для выпечки
6754,,,,Обсыпка для выпечки
6774,,,,Блинные смеси
6775,,,,Съедобные украшения для выпечки
6922,,,,Томатная паста
7127,,,,Пищевые красители
7354,,,,Заквасочные культуры
7506,,,,Наборы печений для украшения
8076,,,,Мука грубого помола
499707,,,,Шарики тапиоки
499986,,,,Лимонный и лаймовый сок
500093,,,,Консервированное и сухое молоко
503734,,,,Сахар и сахарозаменители
543549,,,,Заменители яиц
4608,,,Приправы и специи
1529,,,,Травы и специи
4610,,,,Глутамат натрия
4611,,,,Соль
6199,,,,Перец
4748,,,Конфеты и шоколад
5740,,,Соусы и спреды
1702,,,,Сальса
2188,,,,Джемы
3965,,,,Ореховая паста
5741,,,,Хумус
5742,,,,Гуакамоле
5785,,,,Сливочный сыр
6204,,,,Яблочная паста
6784,,,,Тапенад
6830,,,,Овощной дип-соус
6831,,,,Сырная паста и соусы
5788,,,Замороженные десерты
5789,,,,Фруктовый лед на палочке
6873,,,,Рожки с пломбиром
499991,,,,Мороженое и замороженный йогурт
5807,,,"Тофу, соевые и вегетерианские продукты"
5808,,,,Сейтан
5809,,,,Тофу
5810,,,,Темпе
6839,,,,Аналоги сыра
6843,,,,Аналоги мяса
5814,,,Готовые блюда
499988,,,,Готовые закуски и главные блюда
499989,,,,Готовые закуски и гарниры
6219,,,Фрукты в сахарной и шоколадной глазури
435,,Табачные изделия
3151,,,Сигареты
3682,,,Сигары
3741,,,Разрыхленный табак
3916,,,Жевательный табак
4091,,,Вапорайзеры и электронные сигареты
543634,,,,Вапорайзеры
543635,,,,Электронные сигареты
499963,,,Курительные трубки
436,Мебель
441,,Скамьи
4241,,,Изящные скамейки
6850,,,Кухонные и обеденные скамьи
6851,,,Скамьи для прихожих
442,,Тележки
453,,,Кухонные тележки
6374,,,Кухонные острова
443,,Кресла и стулья
438,,,Кресла-мешки
456,,,Шезлонги
1463,,,Барные стулья
2002,,,Кресла-качалки
2919,,,Кресла с электромассажем
3358,,,Складные стулья и табуретки
5886,,,Кухонные и столовые стулья
6499,,,"Кресла, реклайнеры и кресла-кровати"
6800,,,Игровые кресла
6859,,,Каминные кресла
7197,,,Подвесные кресла
500051,,,Напольные кресла
450,,Футоны
457,,Стойки для телевизоров и аппаратуры
458,,Оттоманки
460,,Диваны
464,,Стеллажи
465,,,Книжные шкафы
6372,,,Настенные полки
554,,Мебель для младенцев
558,,,Пеленальные столы
559,,,Высокие стулья и подушки для кормления детей
6349,,,Наборы мебели для младенцев
6393,,,Колыбели и люльки
6394,,,Кровати для детей и младенцев
6969,,,Принадлежности для высоких стульев и подушек для кормления детей
7068,,,Принадлежности для колыбелей и люлек
7070,,,Принадлежности для детских кроватей
7071,,,,Наборы для изменения детских кроватей
7072,,,,Детские защитные уголки для кроватей
2786,,Перины для футонов
4163,,Перегородки для помещений
4299,,Садовая мебель
2684,,,Садовые столы
6367,,,Наборы садовой мебели
6368,,,Садовая мебель для сидения
4105,,,,Кресла-шезлонги
4513,,,,Садовые диваны
5044,,,,Садовые скамьи
6828,,,,Садовые стулья
500111,,,,Садовые секционные диваны
6822,,,Садовые оттоманки
6892,,,Садовые кровати
7310,,,Уличные коробки для хранения
6345,,Наборы мебели
6346,,,Наборы мебели для спальных комнат
6347,,,Наборы мебели для кухонь и столовых комнат
6348,,,Наборы мебели для гостиных комнат
500000,,,Комплекты мебели для ванной
6356,,Шкафы и мебель для хранения
447,,,Буфеты и серванты
448,,,Серванты и стойки для фарфора
463,,,Шкафы для документов
4063,,,Гардеробы
4148,,,Туалетные столики
2081,,,,Туалетные столики для ванных комнат
6360,,,,Туалетные столики для спальных комнат
4195,,,Костюмеры
4205,,,Сундуки
4268,,,,Сундуки для игрушек
6947,,,,Сундуки для приданого
5578,,,Винные шкафы
5938,,,Шкафчики
6357,,,Шкафы для вина и спиртных напитков
6358,,,Шкафы и стойки для носителей информации
6539,,,Стеллажи для журналов
6934,,,Кухонные шкафчики
465846,,,Гладильные центры
6362,,Офисная мебель
2045,,,Офисные стулья
4191,,,Письменные столы
6363,,,Рабочие столы
2242,,,,Столы для рисования и черчения
4317,,,,Столы для конференц-залов
6908,,,Рабочие места и офисные ячейки
500061,,,Комплекты офисной мебели
6392,,Столы
462,,,Прикроватные тумбочки
2693,,,Столы для покера и игр
4080,,,Раскладные столы
4355,,,Кухонные и обеденные столы
4484,,,Котацу
5121,,,Столы для швейных машин
6351,,,Столы для игр
6369,,,Приставные и узкие столы
1395,,,,Кофейные столы
1549,,,,Приставные столики
1602,,,,Узкие столы
6433,,Кровати и постельные принадлежности
451,,,Передние и задние спинки кроватей
2696,,,Матрасы
2720,,,Основания для матрасов
4437,,,Принадлежности для кроватей
505764,,,Кровати и кроватные рамы
6860,,Рамы для футонов
6913,,Принадлежности для столов
6910,,,Столешницы
6911,,,Ножки для столов
6915,,Принадлежности для декоративных перегородок
6963,,Принадлежности для садовой мебели
6964,,,Чехлы для садовой мебели
7212,,Принадлежности для соф
7213,,,Опоры для стульев и соф
500064,,,Диванные секции
7248,,Принадлежности для стульев
8206,,,Запасные части для подвесных кресел
8023,,Принадлежности для стеллажей
8024,,,Запасные полки
503765,,Принадлежности для офисной мебели
6909,,,Принадлежности для рабочих мест и офисных ячеек
7559,,,Принадлежности для офисных стульев
503766,,,Детали и принадлежности для офисных столов
469,Красота и здоровье
491,,Медицинские средства
494,,,Биометрические мониторы
495,,,,Тонометры
496,,,,Анализаторы жира
497,,,,Анализаторы холестерина
500,,,,Напольные весы
501,,,,Медицинские термометры
2246,,,,Глюкометры
2633,,,,Индикаторные трубки
4767,,,,Пренатальные кардиомониторы
5551,,,,Пульсоксиметры
500009,,,,Устройства для отслеживания физической активности
505822,,,,Мониторы фертильности и тесты на овуляцию
543679,,,,,Тесты и мониторы фертильности
543680,,,,,Тесты на овуляцию
508,,,Средства оказания первой помощи
509,,,,"Бинты, лейкопластыри и медицинские ленты"
510,,,,Наборы для оказания первой помощи
516,,,,Лечение теплом и холодом
4753,,,,,Охлаждающие подкладки
5848,,,,,Разогревающие мази
6205,,,,,Греющие подкладки
2954,,,,Антисептики
4527,,,,Принадлежности для промывания глаз
6206,,,,Средства для защиты гипса и бинтовых повязок
517,,,Препараты для лечения недержания
518,,,Медикаменты и лекарства
519,,,Товары для обеспечения мобильности инвалидов
520,,,,Инвалидная техника
3364,,,,,Кресла-коляски
3512,,,,,Скутеры для инвалидов
7138,,,,,Лестничные подъемники
502969,,,,,Доски и простыни для перемещения пациентов
521,,,,Принадлежности для инвалидной техники
5164,,,,Вспомогательные приспособления для ходьбы
4248,,,,,Костыли
5165,,,,,Трости
5166,,,,,Ходунки для пожилых людей
5488,,,,Специальная мебель и принадлежности
7243,,,,,Скамьи и сидения для душа
6929,,,,Принадлежности для ходунков для пожилых людей
523,,,Опоры и фиксаторы
775,,,Презервативы
2890,,,Фитнес и питание
525,,,,Витамины и пищевые добавки
2984,,,,Питательные батончики
5702,,,,Питательные напитки
6242,,,,Питательные гели и жвачки
6871,,,,Питательные пюре
7413,,,,Добавки для зондового питания
3777,,,Коробочки для пилюль
4551,,,Средства для лечения респираторных заболеваний
4552,,,,Ингаляторы
7316,,,,Маски для СИПАП-терапии
7317,,,,Устройства для СИПАП-терапии
499692,,,,Медицинские кислородные баллоны
505669,,,,Паровые ингаляторы
5071,,,Принадлежности для биометрических систем
3688,,,,Принадлежности для глюкометров
3111,,,,,Скарификаторы
3905,,,,,Полоски для определения уровня глюкозы в крови
6323,,,,,Растворы для контроля уровня глюкозы в крови
5072,,,,Принадлежности для напольных весов
6284,,,,Принадлежности для тонометров
6285,,,,,Манжеты для тонометров
505819,,,,Принадлежности для мониторов активности
5690,,,Слуховые аппараты
5849,,,Иглоукалывание
5850,,,,Модели для иглоукалывания
5851,,,,Иглы для иглоукалывания
5870,,,Оборудование для физиотерапии
8541,,,,Электрические стимуляторы мышц
505352,,,,Терапевтические качели
5923,,,Хирургические смазки
5965,,,Медицинские идентификаторы
5966,,,Системы вызова неотложной медпомощи
7002,,,Боксы для контрацептивов
7186,,,Спермициды
7220,,,Подкладные судна
8082,,,Емкости для медицинских анализов
8105,,,Компрессионные чехлы для культей
500087,,,Лапмы для фототерапии
505293,,,Диагностические тесты
1680,,,,Тесты на беременность
2552,,,,Тесты на наркотики
7336,,,,Анализы на ВИЧ
7337,,,,Наборы для определения группы крови
499934,,,,Наборы для диагностики аллергии
505294,,,,Тесты для диагностики инфекций мочевыводящих путей
505820,,,Проводящие гели и лосьоны
2915,,Личная гигиена
472,,,Солярии
473,,,Косметика
474,,,,Средства для ванны и душа
2503,,,,,Кусковое мыло
2522,,,,,Пены и соли для ванны
2747,,,,,Составы для мытья тела
2875,,,,,Губки и мочалки для душа
2876,,,,,Щётки для душа
3208,,,,,Жидкое мыло для рук
3691,,,,,Антибактериальные гели для рук
4049,,,,,Шапочки для душа
7417,,,,,Порошковое мыло для рук
499913,,,,,Гигиенические салфетки для взрослых
475,,,,Подарочные корзины со средствами для душа и ухода за телом
477,,,,Макияж
2571,,,,,Косметика для лица
2765,,,,,,Крема-основы и тональные крема
2980,,,,,,Пудры
6304,,,,,,Хайлайтеры и люминайзеры
6305,,,,,,Румяна и бронзанты
8218,,,,,,Основа под макияж
2645,,,,,Косметика для губ
2589,,,,,,Контурные карандаши для губ
2858,,,,,,Блески для губ
3021,,,,,,Губная помада
6306,,,,,,Оттенки для губ и щек
8217,,,,,,Основа для помады
2779,,,,,Косметика для глаз
2686,,,,,,Карандаши для бровей
2761,,,,,,Накладные ресницы
2807,,,,,,Карандаши для подводки век
2834,,,,,,Тушь
2904,,,,,,Тени для век
6340,,,,,,Средства для роста ресниц и бровей
8219,,,,,,Основа для туши для ресниц
8220,,,,,,Основа под тени для век
3509,,,,,Смываемые татуировки
4779,,,,,Маскарадный и сценический макияж
5978,,,,,Косметика для тела
5979,,,,,,Краска для тела
5981,,,,,,Блестки для тела и волос
6072,,,,,Завершающий спрей
478,,,,Средства для ухода за ногтями
2683,,,,,Лаки для ногтей
2946,,,,,Средства для снятия лака
3009,,,,,Кремы и масла для кутикулы
4218,,,,,Накладные ногти
5975,,,,,Наборы и принадлежности для нейл-арта
6893,,,,,Клеи для ногтей
7445,,,,,Разбавители для лака для ногтей
233419,,,,,Капли и спреи для сушки лака для ногтей
479,,,,Парфюмерия
567,,,,Средства для ухода за кожей
481,,,,,Средства для ухода за угристой кожей
482,,,,,Средства для ухода за губами
543573,,,,,,Бальзамы для губ
543574,,,,,,Лечебные средства для губ
2526,,,,,Очищающие средства для лица
2592,,,,,Лосьоны
2740,,,,,Средства для загара
5338,,,,,,Автозагар
5339,,,,,,Масла и лосьоны для загара
2844,,,,,Солнцезащитные средства
5820,,,,,Репелленты от насекомых для кожи
5976,,,,,Тонеры и сужающие поры средства
543658,,,,,,Тоники
543659,,,,,,Вяжущие средства для лица
5980,,,,,Пудра для тела
6034,,,,,Средства для снятия макияжа
6104,,,,,Масло для тела
6262,,,,,Маски и пилинги для ухода за лицом
6753,,,,,Вазелин
6791,,,,,Полоски для очистки пор лица
6863,,,,,Средства для удаления бородавок
7429,,,,,Наборы для антивозрастного ухода за кожей
7467,,,,,Наборы для очистки лица
8029,,,,,Сжатые листовые маски для ухода за кожей
2619,,,,Косметические инструменты
2548,,,,,Инструменты для макияжа
476,,,,,,Зеркала для макияжа
2780,,,,,,Щипцы для завивки ресниц
3025,,,,,,Кисти для макияжа
4106,,,,,,Губки для макияжа
4121,,,,,,Впитывающая бумага для лица
6282,,,,,,Заправка для завивателей ресниц
6555,,,,,,Трафареты для бровей
7356,,,,,,Клей и лента для двойного века
499822,,,,,,Пустые палитры и наборы для макияжа
502996,,,,,,Принадлежности для накладных ресниц
7256,,,,,,,Клей для накладных ресниц
7493,,,,,,,Аппликаторы для накладных ресниц
502997,,,,,,,Средства для снятия накладных ресниц
2958,,,,,Инструменты для ухода за кожей
2511,,,,,,Пемза
6260,,,,,,Щётки и системы для очистки кожи
6261,,,,,,Экстракторы угрей
6760,,,,,,Сауны для лица
7018,,,,,,Ролики для ухода за кожей
7190,,,,,,Пилки для стоп
8132,,,,,,Головки щёток для очистки кожи
499926,,,,,,Аппликаторы для солнцезащитных средств
2975,,,,,Инструменты для ухода за ногтями
2734,,,,,,Пилки для ногтей
2739,,,,,,Палочки для кутикулы
2828,,,,,,Кусачки для ногтей
3037,,,,,,Ножницы для кутикулы
5880,,,,,,Сушки для ногтей
6300,,,,,,Маникюрные наборы
6341,,,,,,Полировщики для ногтей
7490,,,,,,Дрели для ногтей
7494,,,,,,Разделители пальцев для педикюра
499698,,,,,,Принадлежности для дрелей для ногтей
6069,,,,Косметические наборы
6331,,,,Средства для очистки косметических инструментов
484,,,Дезодоранты и антиперспиранты
543598,,,,Дезодоранты
543599,,,,Антиперспиранты
485,,,Средства для женской гигиены
2387,,,,Женские гигиенические прокладки
2564,,,,Тампоны
5821,,,,Спринцовки и гели для женской гигиены
6862,,,,Женские дезодоранты
8122,,,,Менструальные чашечки
486,,,Средства для ухода за волосами
1901,,,,Средства для укладки волос
2441,,,,Шампуни и кондиционеры
543615,,,,,Шампуни
543616,,,,,Кондиционеры
543617,,,,,Наборы из шампуня и кондиционера
2814,,,,Средства для окраски волос
3013,,,,Ножницы для стрижки волос
4766,,,,Средства против выпадения волос
5977,,,,Принадлежности для окрашивания волос
6018,,,,Принадлежности для инструментов для укладки волос
4475,,,,,Принадлежности для сушки волос
4569,,,,,Принадлежности для выпрямления волос
5317,,,,,Бигуди и шпильки для бигуди
6019,,,,Инструменты для укладки волос
487,,,,,Гребни и расчески
488,,,,,Средства для завивки волос
489,,,,,Щипцы для завивки волос
490,,,,,Фены
3407,,,,,Утюжки для волос
499992,,,,,Наборы инструментов для укладки
6052,,,,Средства для перманентной завивки и распрямления волос
6053,,,,Средства для обесцвечивания волос
6099,,,,"Средства, скрывающие облысение"
6429,,,,Вапоризаторы и термошапки для волос
8452,,,,Наборы средств для ухода за волосами
493,,,Средства для ухода за спиной
7404,,,,Подушки для поддержки спины и поясницы
506,,,Средства для ухода за ушами
2596,,,,Беруши
5706,,,,Ушные свечи
6559,,,,Ушные капли
6560,,,,Сушилки для ушей
6561,,,,Шприцы для ушей
6562,,,,Наборы для удаления ушной серы
7542,,,,Диспенсеры берушей
500024,,,,Ушные ложки
515,,,Средства для ухода за ногами
2801,,,,Стельки и вкладыши
2992,,,,Средства для лечения мозолей
3022,,,,Средства для лечения мозолей и ороговелостей
3049,,,,Дезодоранты для ног
7495,,,,Разделители пальцев ног
526,,,Средства для ухода за полостью рта
527,,,,Зубные щётки
1360,,,,Зубные пасты
2527,,,,Зубные протезы
2620,,,,Зубные нити
2769,,,,Межзубные стимуляторы
3019,,,,Средства для отбеливания зубов
3040,,,,Ополаскиватели для полости рта
4316,,,,Зубочистки
4775,,,,Принадлежности для зубных щёток
4776,,,,,Сменные насадки для зубных щёток
4942,,,,,Дезинфицирующие средства для зубных щёток
6920,,,,,Чехлы для зубных щёток
5154,,,,Выдавливатели и дозаторы зубной пасты
5155,,,,Адгезивы для зубных протезов
5295,,,,Ирригаторы полости рта
5823,,,,Каппы
5824,,,,Очистители для зубных протезов
6189,,,,Дезодоранты для полости рта
6441,,,,Скребки для языка
6455,,,,Запасные насадки для ирригаторов полости рта
6715,,,,Автоматические флоссеры
8543,,,,Наборы для ремонта зубных протезов
505367,,,,Футляры для ортодонтических аппаратов
528,,,Средства для бритья
529,,,,Лосьон после бритья
531,,,,Принадлежности для электробритв
532,,,,Электробритвы
533,,,,Триммеры и машинки для стрижки волос
534,,,,Бритвы и бритвенные лезвия
2508,,,,Кровоостанавливающие карандаши
2681,,,,Кисточки для бритья
2971,,,,Кремы для бритья
4507,,,,Средства для удаления волос
4508,,,,,Средства для эпиляции
4509,,,,,Устройства для электролиза
4510,,,,,Эпиляторы
4511,,,,,Средства для восковой эпиляции
7199,,,,,Устройства для лазерной эпиляции
8136,,,,,Нагреватели воска для удаления волос
5111,,,,Наборы для бритья
6842,,,,Принадлежности для триммеров и машинок для стрижки волос
8214,,,,Средства для обесцвечивания волос на лице и теле
8531,,,,Миски и чашки для бритья
777,,,Гигиенические смазки
1380,,,Средства для ухода за зрением
524,,,,Очки
2521,,,,Принадлежности для очков
5507,,,,,Футляры и чехлы для очков
8204,,,,,Ремешки и цепочки для очков
352853,,,,,Растворы для очистки линз очков
543538,,,,,Запасные части для очков
2733,,,,Линзы для очков
2922,,,,Глазные капли
2923,,,,Контактные линзы
3011,,,,Средства для ухода за контактными линзами
6509,,,,,Растворы для контактных линз
6510,,,,,Контейнеры для контактных линз
7363,,,,,Наборы для ухода за контактными линзами
6977,,,,Солнцезащитные линзы
2656,,,Щипчики
2934,,,Ватные палочки
4076,,,Средства для нормализации сна
4056,,,,Генераторы белого шума
4211,,,,Подушки под шею
4313,,,,Маски для сна
6017,,,,Средства против храпа и апноэ
4929,,,Ватные шарики
5663,,,Массаж и релаксация
471,,,,Массажеры
543595,,,,,Массажные подушки
543596,,,,,Электромассажёры
543597,,,,,Приспособления для ручного массажа
1442,,,,Кресла для массажа
2074,,,,Массажные столы
5664,,,,Массажные масла
8135,,,,Массажные камни
8530,,,,Нагреватели для массажных камней
233420,,,,Подушечки для глаз
500060,,,,Приспособления для чесания спины
6921,,,Кабинки для автозагара
7134,,,Наборы и принадлежности для клизм
5573,,Средства для ухода за ювелирными изделиями
5124,,,Комплекты для ремонта часов
5974,,,Коробки для ювелирных украшений
499919,,,Средства для чистки и полировки ювелирных изделий
500082,,,Приспособления для чистки ювелирных изделий
500083,,,Пароочистители для ювелирных изделий
536,Дом и сад
359,,Средства обеспечения безопасности жилища
363,,,Охранное освещение
364,,,Мониторы и рекордеры системы безопасности
365,,,Датчики систем безопасности
2161,,,Датчики движения
3819,,,Сейфы
3873,,,Домашние системы сигнализации
5491,,,Ложные камеры наблюдения
499865,,,Принадлежности для сейфов
500025,,,Зеркала безопасности
574,,Принадлежности для ванной и туалета
575,,,Подвесные полки для ванной
577,,,Коврики для ванной комнаты
578,,,Кольца для занавесок для душа
579,,,Диспенсеры для косметических салфеток
580,,,Занавески для душа
582,,,Мыльницы
583,,,Туалетные ёршики
584,,,Держатели для туалетной бумаги
585,,,Держатели для зубных щеток
586,,,Вешалки и полки для полотенец
1962,,,Карнизы для душевых штор
2034,,,Крючки для одежды
2418,,,Аптечки
4366,,,Подушки для ванной
4971,,,Дозаторы мыла и лосьонов
5141,,,Сушилки для рук
6858,,,Наборы принадлежностей для ванной и туалета
7093,,,Крепеж для принадлежностей для ванной и туалета
7509,,,Запасные щётки для туалетных ершиков
8016,,,Принадлежности для сушилок для рук
8114,,,Поручни для ванн
594,,Осветительные приборы
1436,,,Аварийное освещение
1546,,,Прожекторы
2370,,,Подсветка для картин
2425,,,Лампочки
2690,,,,Люминесцентные трубки
2944,,,,Лампы накаливания
2947,,,,Компактные люминесцентные лампы
3329,,,,Светодиодные лампы
2608,,,Световые шнуры и ленты
3006,,,Светильники
2249,,,,Люстры
2524,,,,Потолочные светильники
2809,,,,Светильники для мебели
6073,,,,Настенные светильники
4636,,,Лампы
6274,,,Реечные светильники
4932,,,,Элементы крепления для реечных светильников
6272,,,,Принадлежности для реечных светильников
6273,,,,Шины для реечных светильников
7399,,,Бамбуковые факелы и масляные лампы
7400,,,Освещение для садовых дорожек
7401,,,Напольные светильники
500003,,,Плавучие светильники
505826,,,Ночные светильники и подсветка
600,,Курительные принадлежности
4082,,,Пепельницы
6878,,,Хьюмидоры
6879,,,Приспособления для обрезки сигар
6880,,,Принадлежности для хьюмидоров
6881,,,Портсигары
6882,,,Ящики для сигар
500007,,,Мундштуки
604,,Бытовые приборы
609,,,Системы дистанционного открытия дверей гаража
616,,,Пароочистители для ковров
543600,,,,Пароочистители для ковров и пола
543601,,,,Устройства для мытья ковров
543602,,,,Поломоечные машины
543603,,,,Паровые швабры
619,,,Пылесосы
621,,,Водонагреватели
1626,,,Климат-контроль
605,,,,Кондиционеры воздуха
606,,,,Очистители воздуха
607,,,,Осушители
608,,,,Вентиляторы
1700,,,,,Потолочные вентиляторы
2535,,,,,Настольные и напольные вентиляторы
4485,,,,,Вытяжные вентиляторы
7527,,,,,Ручные вентиляторы
8090,,,,,Настенные вентиляторы
611,,,,Обогреватели помещений
613,,,,Увлажнители
2060,,,,Обогреватели
2649,,,,Уличные обогреватели
3082,,,,Печи и котлы
6709,,,,Уличные генераторы тумана
6727,,,,Испарительные охладители
7328,,,,Канальные воздухонагреватели
2706,,,Устройства для стирки
2549,,,,Стиральные машины
2612,,,,Сушильные машины
2849,,,,Стирально-сушильные машины
5138,,,,Пароочистители для одежды
5139,,,,Утюги и гладильные системы
5140,,,,Паровые гладильные прессы
4483,,,Машины для сушки футона
5294,,,Полотеры
6741,,,Пульты и брелоки для управления гаражными дверями
7121,,,Паровые стрипперы обоев
235920,,,Сушилки для полов и ковров
500081,,,Ультразвуковые очистители
630,,Хозяйственные товары
623,,,Бытовой инвентарь и средства для уборки
2250,,,,Салфетки для вытирания пыли
2610,,,,Щётки для мытья окон
2713,,,,Швабры
2796,,,,Губки
2857,,,,Мётлы
4515,,,,Совки для мусора
4670,,,,Скребковые щётки
4671,,,,Рукоятки для мётел и швабр
4677,,,,Щётки для чистки ковров
4973,,,,Бытовые моющие средства
4974,,,,,Средства для чистки ковров
4975,,,,,Средства для мытья посуды
4976,,,,,Средства для чистки стекла и гладких поверхностей
543649,,,,,,Очистители стекол
543650,,,,,,Очистители для различных поверхностей
4977,,,,,Средства для очистки паркета
4978,,,,,Средства для чистки духовок и грилей
4979,,,,,Средства для удаления запаха и пятен от животных
4980,,,,,Средства для чистки унитазов
4981,,,,,Средства для чистки ванн и плитки
5825,,,,,Средства для чистки и полировки мебели
6474,,,,,Бытовые дезинфицирующие средства
7330,,,,,Универсальные чистящие средства
7426,,,,,Средства для чистки и полировки нержавеющей стали
7462,,,,,Средства для чистки стиральных машин
7510,,,,,Средства для чистки посудомоечных машин
7552,,,,,Ополаскиватели для посудомоечных машин
8043,,,,,Средства для чистки ткани и обивки
500065,,,,,Средства для удаления налета
5113,,,,Перчатки для уборки
6263,,,,Запасные щётки для инструментов для уборки пыли
6264,,,,Запасные щётки для швабр
6419,,,,Средства для защиты ткани и обивки
6437,,,,Вёдра
8071,,,,Технические салфетки
499767,,,,Насадки и сменные головки для скребковых щёток
499892,,,,Насадки мётел
627,,,Товары для стирки
633,,,,Гладильные доски
634,,,,Корзины для белья
2677,,,,Сушильные вешалки для одежды
2754,,,,Стиральные порошки
2794,,,,Кондиционеры для белья и антистатики
3080,,,,Ролики для чистки одежды
4656,,,,Чехлы для гладильных досок
4657,,,,Пятновыводители для тканей
4982,,,,Отбеливатели
5084,,,,Шарики для стирки
5085,,,,Мешки и корзины для белья
5704,,,,Бельевые прищепки
5705,,,,Машинки для удаления катышков
6240,,,,Освежители ткани
6387,,,,Средства для накрахмаливания
7320,,,,Наборы для химчистки
7457,,,,Подкладки для защиты одежды от пота
7502,,,,Антистатики и средства для устранения складок
499931,,,,Запчасти для гладильных досок
499937,,,,Подставки для утюгов
628,,,Уход за обувью
1659,,,,Крема и воск для обуви
1874,,,,Щётки для обуви
2301,,,,Сумки для обуви
2371,,,,Сушилки для обуви
2431,,,,Распорки для обуви
5600,,,,Крючки для обуви
5601,,,,Рожки для обуви
5604,,,,Средства по уходу за обувью и краски для обуви
8031,,,,Скребки для очистки подошв
8032,,,,Средства для чистки обуви
8033,,,,Наборы для ухода за обувью
636,,,Товары для хранения
2446,,,,Бытовые крючки и полки
5494,,,,,Подставки для зонтов
5707,,,,,Крючки общего назначения
499930,,,,,Крючки и вешалки для гладильных досок
3561,,,,Бытовые сумки для хранения
4360,,,,Товары для хранения фотографий
40,,,,,Фотоальбомы
4237,,,,,Коробки для хранения фотографий
5128,,,,Ящики для столовых приборов
5558,,,,Хранение одежды
631,,,,,Вешалки
3722,,,,,Органайзеры для зарядных устройств
5559,,,,,Тумбы и органайзеры для обуви
5714,,,,,Напольные вешалки
5716,,,,,Стойки для одежды
7514,,,,,Коробки для шляп
5631,,,,Бытовые контейнеры для хранения
6986,,,,Бытовые коробки для хранения
7255,,,,Бытовые выдвижные ящики для хранения
8058,,,,Вкладки-органайзеры для выдвижных ящиков
728,,,Борьба с вредителями
2631,,,,Ловушки для грызунов
2865,,,,Репелленты
512,,,,,Бытовые репелленты от насекомых
7137,,,,,Репелленты для животных
2869,,,,Пестициды
4220,,,,Мухобойки
2374,,,Мешки для мусора
2530,,,Бытовые бумажные изделия
624,,,,Салфетки для лица
629,,,,Туалетная бумага
2742,,,,Бумажные полотенца
3846,,,,Бумажные салфетки
3307,,,Основы для ковров
3355,,,Бытовые термометры
4516,,,Ёмкости для мусора
637,,,,Мусорные корзины и урны
4517,,,,Корзины для сбора отходов для переработки
5143,,,,Контейнеры для опасных отходов
500039,,,,Мусорные баки
5056,,,Принадлежности для уплотнителей мусора
6757,,,Принадлежности для утилизации отходов
4717,,,,Крышки для мусорных контейнеров
6726,,,,Ящики и шкафы для мусорных контейнеров
6758,,,,Колёса для мусорных контейнеров
6765,,,,Тележки для мусорных контейнеров
500115,,,,Ярлыки и знаки для мусорных контейнеров
7214,,,Подкладки под мебель
7351,,,Подкладки для ящиков и шкафов
7406,,,Поглотители влаги
8522,,,Коврики для гаражей
499674,,,Пленки и материалы для защиты полов
499885,,,Накладки для ступеней
638,,Товары для кухни и столовой
649,,,Барная посуда
650,,,,Графины
651,,,,Шейкеры и инструменты для барменов
3427,,,,,Открывалки для бутылок
4222,,,,,Пестики для колки льда
6956,,,,,Шейкеры
503757,,,,,Мадлеры
505327,,,,,Стрейнеры
1817,,,,Пивные краны и диспенсеры
2363,,,,Бирдекели
2976,,,,Штопоры
4562,,,,Пробки и затычки для бутылок
4563,,,,Аэраторы для вина
6957,,,,Наборы инструментов для напитков
7008,,,,Подвески для бокалов
7075,,,,Абсентовые фонтаны
7139,,,,Резаки для фольги
7238,,,,Держатели бирдекелей
7569,,,,Камни для виски
8493,,,,Держатели для винных бутылок
499990,,,,Крышки для бутылок
505806,,,,Ведерки для охлаждения напитков
668,,,Кухонные приборы и утварь
639,,,,Фартуки
653,,,,Дуршлаги и сита
665,,,,Кухонные ножи
666,,,,Кухонные доски
670,,,,Кухонные прихватки
733,,,,Открывалки для банок
741,,,,Электрические ножи
2948,,,,Кухонные органайзеры
2344,,,,,Органайзеры для специй
3061,,,,,Подставки и диспенсеры бумажных полотенец
3072,,,,,Салфетницы
3177,,,,,Стойки для посуды
3479,,,,,Стойки для питьевой посуды
3831,,,,,Лотки для столовых приборов и мелкой посуды
3845,,,,,Стойки для кастрюль
4322,,,,,Держатели и диспенсеры для зубочисток
5059,,,,,Подставки и диспенсеры соломинок
5157,,,,,Подставки для ножей
6415,,,,,Коробки для сахара
6480,,,,,Органайзеры для банок
6487,,,,,Органайзеры для кухонных шкафов
8012,,,,,Держатели и стойки для кухонной утвари
3091,,,,Кухонные термометры
3156,,,,Терки и измельчители пищи
3175,,,,Разливные ложки
3202,,,,,Ложки для мороженого
3258,,,,,Приспособления для нарезки шариков из дыни
3708,,,,,Лопатки для льда
502966,,,,,Совки для попкорна и картофеля фри
3196,,,,Кухонные лопатки
3206,,,,Ручные ломтерезки
3248,,,,Молотки для отбивания мяса
3256,,,,Кухонные скребки
3086,,,,,Скребки для очистки посуды
3419,,,,,Скребки с ручкой
3633,,,,,Скребки для решеток для гриля
3268,,,,Сушилки для посуды и сливные полки
3294,,,,Картофелемялки
3347,,,,Кухонные спринцовки
3381,,,,Кухонные щипцы
3586,,,,,Щипцы для лобстеров и крабов
3685,,,,,Орехоколы
4214,,,,,,Декоративные орехоколы
3385,,,,Чеснокодавилки
3421,,,,Ножи для пиццы
3430,,,,Кисточки для смазывания
3467,,,,Скалки
3475,,,,Мерные чаши и ложки
3521,,,,Приспособления для снятия кожуры и удаления сердцевины
3597,,,,Венчики
3620,,,,Половники
3713,,,,Кухонные таймеры
3723,,,,Пищевые дозаторы
3768,,,,Пекарские лопаты
3835,,,,Решётки для охлаждения
3850,,,,Формы-ножи для печений
3914,,,,Центрифуги для обсушки салатных листьев
3999,,,,Ступки и пестики
4005,,,,Щипцы
4247,,,,Прессы для банок
4332,,,,Пекарские струнные ножи
4334,,,,Подставки для ложек
4530,,,,Чаши для смешивания
4559,,,,Чайные ситечки
4630,,,,Украшения для тортов
4705,,,,Принадлежности для скалок
4706,,,,,Чехлы и рукава для скалок
4707,,,,,Кольца для скалок
4708,,,,Ткань для выпечки
4746,,,,Формы для льда
4762,,,,Мельницы для пряностей
4765,,,,Наборы кухонной утвари
4771,,,,Мешки для выпекания
4777,,,,Дозаторы приправ
4788,,,,Принадлежности для мельниц для пряностей
5078,,,,Вилки для разделки мяса
5080,,,,Коврики и решетки для раковин
5109,,,,Прессы для картофеля
5251,,,,Кухонные ножницы
5370,,,,Сита для муки
5928,,,,Кулинарные горелки
6342,,,,Прессы для печенья
6388,,,,Шумовки
6408,,,,Лопатки для тортов
6411,,,,Принадлежности для электроножей
6412,,,,,Запасные лезвия для электроножей
6497,,,,Миксеры и шейкеры для заправок для салатов
6522,,,,Ножи-декораторы
6526,,,,Диспенсеры для масла и уксуса
6554,,,,Кулинарные шампуры и шпажки
6723,,,,Резаки для теста
6746,,,,Органайзеры для раковин
6749,,,,Формы и штампы для макаронных изделий
6787,,,,Формы для желе
6974,,,,Диспенсеры сахара
7149,,,,Диспенсеры напитков
7247,,,,Коврики для суши
7329,,,,Паровые пакеты
7331,,,,Принадлежности для кулинарных термометров
7365,,,,Принадлежности для ножей для пиццы
7485,,,,Пистолеты для фарша
8006,,,,Кулинарные формы
503005,,,,Воронки
505316,,,,Трафареты для украшения блюд и напитков
672,,,Столовая посуда
652,,,,Чайники и кофейники
673,,,,Обеденная посуда
3498,,,,,Чаши
3553,,,,,Тарелки
5537,,,,,Наборы обеденной посуды
674,,,,Посуда для напитков
2169,,,,,Кружки
2694,,,,,Стопки
2712,,,,,Бокалы
2951,,,,,Стаканы
6049,,,,,Кофейные и чайные чашки
6051,,,,,Кофейные и чайные блюдца
6958,,,,,Наборы посуды для напитков
7568,,,,,Пивные кружки и стаканы
675,,,,Плоская керамическая посуда
3699,,,,,Палочки для еды
3844,,,,,Столовые ножи
3939,,,,,Ложки
4015,,,,,Вилки
5647,,,,,Столовые наборы
6439,,,,,Принадлежности для палочек для еды
676,,,,Солонки и перечницы
677,,,,Таганы
4026,,,,Предметы сервировки
3330,,,,,Сервировочные кувшины и графины
3373,,,,,Сахарницы и сливочники
3703,,,,,Соусники
3802,,,,,Сервировочные блюда
3941,,,,,Супницы
4009,,,,,Подносы
4372,,,,,Подставки для тортов
4735,,,,,Чаши для пунша
5135,,,,,Подносы для тортов
6086,,,,,Маслёнки
7550,,,,,Подставки для яиц
6425,,,,Принадлежности для сервировки
6426,,,,,Подставки для супниц
6427,,,,,Крышки для супниц
6434,,,,,Подставки для чаш с пуншем
6740,,,,Кофейные и чайные наборы
8046,,,,Прищепки и грузы для скатертей
730,,,Кухонная техника
610,,,,Измельчители мусора
679,,,,Варочные панели
680,,,,Посудомоечные машины
681,,,,Морозильные камеры
683,,,,Печи
684,,,,Вытяжки
685,,,,Кухонные плиты
686,,,,Холодильники
687,,,,Коптильни
688,,,,Прессы для мусора
732,,,,Хлебопечки
736,,,,Кофеварки и эспрессо-машины
1388,,,,,Капельные кофемашины
1557,,,,,Френч-прессы
1647,,,,,Электрические и ручные кофеварки эспрессо
2247,,,,,Кофейники с ситечком
2422,,,,,Эспрессо-машины
5286,,,,,Вакуумные кофеварки
738,,,,Фритюрницы
743,,,,Сушки для пищевых продуктов
744,,,,Измельчители пищевых продуктов
747,,,,Электроплитки
748,,,,Мороженицы
749,,,,Молотки и шейверы для льда
750,,,,Соковыжималки
751,,,,Электрические чайники
752,,,,Ножеточки
753,,,,Микроволновые печи
755,,,,Лапшерезки
756,,,,Машины для приготовления попкорна
763,,,,Вакуумные упаковщики
765,,,,Фильтры для воды
766,,,,Йогуртницы
1015,,,,Походные плитки
2985,,,,Уличные грили
3181,,,,Ломтерезки для мяса
3293,,,,Кулеры для воды
3319,,,,Машины для изготовления сахарной ваты
3526,,,,Устройства для взбивания и подогревания молока
4161,,,,Льдогенераторы
4421,,,,Электрические сковородки и воки
4482,,,,Машины для выпекания рисовых кексов
4495,,,,Ростеры и грили
4528,,,,Чаеварки
4532,,,,Устройства для приготовления пищи и пароварки
737,,,,,Медленноварки
739,,,,,Яйцеварки
757,,,,,Рисоварки
760,,,,,Пароварки
6279,,,,,Сувид-печи
6523,,,,,Вакуумные кастрюли
4539,,,,Винные холодильники
4720,,,,Наборы для фондю
5057,,,,Устройства для приготовления соевого молока
5090,,,,Темперирующие машины для шоколада
5103,,,,Мармиты
4292,,,,,Столы с паровым подогревом
5349,,,,,Лампы для подогревания пищи
6548,,,,,Кастрюли с подогревом
504633,,,,,Кадки для риса
5156,,,,Аппараты для приготовления замороженных десертов
5287,,,,Подогреватели для напитков
5289,,,,Тостеры и грили
759,,,,,Бутербродницы
761,,,,,Печи-тостеры
762,,,,,Тостеры
764,,,,,Вафельницы
5291,,,,,Сковороды для приготовления итальянских вафель
5292,,,,,Сковороды для приготовления тортилий и кесадилий
5318,,,,,Устройства для выпекания кексов и маффинов
6278,,,,,Печки и печи для пиццы
6516,,,,,Печки для кренделей
6819,,,,,Печки для пончиков
5577,,,,Сатураторы
6524,,,,Газовые противни
6543,,,,Оборудование для приготовления горячих напитков
7165,,,,Электрические противни и грили
505666,,,,Миксеры и блендеры
2626,,,Хранение продуктов
667,,,,Контейнеры для хранения продуктов
2644,,,,Банки для печенья
3110,,,,Пищевая обертка
1496,,,,,Фольга
3750,,,,,Пищевая пленка
3956,,,,,Вощёная бумага
5642,,,,,Пергаментная бумага
3337,,,,Хлебницы и хлебные пакеты
3591,,,,Пакеты для пищевых продуктов
5134,,,,Банки для мёда
6481,,,,Крышки контейнеров для хранения продуктов
6534,,,,Корзины для конфет
2901,,,Принадлежности для кухонного оборудования
1334,,,,Принадлежности для микроволновых печей
2540,,,,Принадлежности для лапшерезок
3443,,,,Детали и принадлежности для посудомоечных машин
3489,,,,Принадлежности для хлебопечек
3523,,,,Принадлежности для вакуумной упаковки
3124,,,,,Вакуумная упаковка
3684,,,,Принадлежности для уличного гриля
3382,,,,,Решётки для уличных грилей
3855,,,,,Крышки для уличных грилей
4560,,,,,Вертела и корзины для уличного гриля
5670,,,,,Тележки для гриля
5671,,,,,Опилки и гранулы для копчения
5672,,,,,Доски для гриля
5694,,,,,Брикеты древесного угля
7540,,,,,Трубы для печек на древесном угле
505667,,,,,Запасные детали для уличного гриля
3848,,,,Принадлежности для холодильников
3954,,,,Принадлежности для фритюрниц
3988,,,,Принадлежности для кофеварок и эспрессо-машин
734,,,,,Кофемолки
3239,,,,,Кофейники
3450,,,,,Фильтры для кофе
3838,,,,,Портафильтры
4500,,,,,Корзинки-фильтры для кофе
4786,,,,,Принадлежности для кофемолок
5065,,,,,Фильтры для воды для кофеварок
5066,,,,,Кувшины для латте
6888,,,,,Подогреватели для кофейников
503736,,,,,Детали для кофеварок и автоматов эспрессо
4519,,,,Принадлежности для соковыжималок
4653,,,,Принадлежности для установок для сушки продуктов
4654,,,,,Поддоны для установок для сушки продуктов
4655,,,,,Листы для установок для сушки продуктов
4674,,,,Принадлежности для морожениц
4675,,,,,Ёмкости для замораживания для морожениц
4763,,,,Принадлежности для измельчителей пищевых продуктов
5042,,,,Принадлежности для молотков и шейверов для льда
5075,,,,Принадлежности для автоматов для приготовления попкорна
5076,,,,Принадлежности для автоматов для приготовления сладкой ваты
5570,,,,Принадлежности для йогуртниц
6747,,,,Принадлежности для утилизаторов отходов
6944,,,,Принадлежности для наборов для фондю
6945,,,,,Вилки для фондю
6946,,,,,Подставки для горшков для фондю
503725,,,,,Горючие гели для фондю
7006,,,,Принадлежности для портативных плит
7118,,,,Принадлежности для кулеров для воды
7119,,,,,Бутыли для кулеров для воды
7187,,,,Принадлежности для льдогенераторов
7355,,,,Принадлежности для электрических кастрюль и воков
7444,,,,Принадлежности для тостеров
7570,,,,Принадлежности для морозильников
8051,,,,Принадлежности для мармитов
8052,,,,,Крышки для сковород мармитов
8053,,,,,Сковороды для мармитов
8087,,,,Принадлежности для вытяжных зонтов
8106,,,,Принадлежности для холодильников для вина
499996,,,,Принадлежности для вафельниц
500004,,,,"Принадлежности для плит, варочных поверхностей и духовок"
500066,,,,Принадлежности для электрических чайников
502989,,,,Принадлежности для аппаратов по приготовлению газированных напитков
505765,,,,Принадлежности для миксеров и блендеров
2920,,,Ёмкости для еды и напитков
669,,,,Сумки и коробки для завтрака
671,,,,Корзины для пикника
1017,,,,Охладители
1444,,,,Фляги
2507,,,,Сумки с теплоизоляцией
3435,,,,Фляги для пищи
3800,,,,Термосы
3809,,,,Бутылки для воды
4520,,,,Чехлы для напитков
4521,,,,,Чехлы для бутылок и жестяных банок
4522,,,,,Чехлы для чашек
4722,,,,Термопоты
5060,,,,Многоразовые крышки для емкостей с напитками
6449,,,,Сумки для переноски винных бутылок
6070,,,Кухонная посуда и жаростойкие формы
640,,,,Жаропрочная посуда
641,,,,,Противни для выпечки
642,,,,,Формы и противни для выпечки хлеба
643,,,,,Формы для тортов
644,,,,,Формы для кексов и маффинов
645,,,,,Формы для открытых пирогов
646,,,,,Камни для выпечки пиццы
647,,,,,Формы для суфле и порционных закусок
648,,,,,Формы для запекания
2843,,,,,Формы для пиццы
4764,,,,,Наборы жаропрочной посуды
6756,,,,,Противни для жарки
654,,,,Кухонная посуда
655,,,,,Блюда для запекания
656,,,,,Двухкамерные пароварки
657,,,,,Жаровни
658,,,,,Сковороды-гриль
659,,,,,Чайники
660,,,,,Скороварки
661,,,,,Кастрюли
662,,,,,Сковороды
663,,,,,Кастрюльки для мясного бульона
664,,,,,Сковороды-вок
4423,,,,,Сотейники
4459,,,,,Сковороды для паэльи
4721,,,,,Наборы кухонной посуды
5110,,,,,Пресс-грили
5340,,,,,Таджины
6518,,,,,Посуда для соления и ферментации
6838,,,,,Сковороды для блинов
4424,,,,Принадлежности для кухонной посуды
4427,,,,,Принадлежности для сковород-вок
4662,,,,,,Подставки для сковород-вок
4663,,,,,,Кисточки для сковород-вок
4501,,,,,Принадлежности для скороварок
4529,,,,,Решётки для пароварок
4660,,,,,Крышки для сковород и кастрюль
4661,,,,,Ручки для сковород и кастрюль
4502,,,,Принадлежности для жаропрочной посуды
4503,,,,,Подставки и бумажные формы для выпечки
4726,,,,,Рёшетки и формы для запекания
7131,,,,,Грузы для выпечки
6071,,,,Наборы кухонной посуды и жаростойких форм
6478,,,Принадлежности для хранения пищевых продуктов
5837,,,,Клипсы и зажимы для пакетов
6479,,,,Поглотители кислорода
8039,,,,Диспенсеры пищевой пленки
499924,,,,Кухонные этикетки
8161,,,Сборные кухни и мини-кухни
689,,Товары для газонов и садовых участков
2918,,,Товары для садового участка
717,,,,Гамаки
718,,,,Садовые качели
719,,,,Уличные зонты и шатры
2613,,,,Садовые конструкции
700,,,,,Садовые мостики
703,,,,,"Садовые арки, шпалеры, решётки и перголы"
716,,,,,Навесы и беседки
720,,,,,"Сараи, гаражи и навесы для автомобилей"
6105,,,,,Принадлежности для навесов и беседок
6106,,,,,,Каркасы для навесов и беседок
6107,,,,,,Наборы перегородок для навесов и беседок
6108,,,,,,Крыши для навесов и беседок
7423,,,,,,Стойки для навесов
7424,,,,,,Грузы для навесов
5910,,,,Уличные одеяла
5911,,,,,Пляжные коврики
5912,,,,,Спальный мешок –пончо
5913,,,,,Одеяла для пикников
6737,,,,Детали и принадлежности для гамаков
6751,,,,Принадлежности для садовых зонтов и тентов
5493,,,,,Подставки для садовых зонтов
7107,,,,,Чехлы для уличных зонтов
7108,,,,,Ткань для спдовых зонтов и шатров
8020,,,,,Светильники для уличных зонтов
499948,,,,,Москитные сетки для зонтов
499907,,,,Дверные и оконные навесы
499908,,,,Приадлежности для дверных и оконных навесов
499955,,,,Принадлежности для садовых качелей
2962,,,Товары для садоводства
113,,,,Удобрения
691,,,,Средства для борьбы с заболеваниями
693,,,,Теплицы
721,,,,Горшки и кадки
1794,,,,Песок и почва
543677,,,,,Песок
543678,,,,,Грунт для рассады
2988,,,,Перегной
3103,,,,Гербициды
3173,,,,Садовые инструменты
1967,,,,,Газонные и садовые распылители
2147,,,,,Совки и лопаты
3071,,,,,Вилы
3388,,,,,Грабли
3616,,,,,Тачки
3644,,,,,Огородные лопатки
3828,,,,,Разбрасыватели
3841,,,,,Секаторы
4000,,,,,Культиваторы
6967,,,,,Пилы для обрезки сучьев
7537,,,,,Инструменты для посадки луковиц
499922,,,,,Газонные катки
505292,,,,,Садовые серпы и мачете
4085,,,,Товары для приготовления компоста
690,,,,,Компост
6436,,,,,Машины для приготовления компоста
6840,,,,,Аэраторы для компоста
5632,,,,Принадлежности для садоводства
5633,,,,,Садовые сумки
7184,,,,,Скамейки для горшков
503756,,,,,"Садовые тележки, скамейки и подставки под колени"
6381,,,,Геотекстиль
6413,,,,Принадлежности для геотекстиля
6421,,,,,Клейкая лента для геотекстиля
6422,,,,,Скобы и колышки для геотекстиля
6428,,,,Подставки для растений
6834,,,,Бочки для дождевой воды
499894,,,,Корзины и опоры для растений
499962,,,,Вставки для цветочных горшков
500033,,,,Поддоны для цветочных горшков
505326,,,,Принадлежности для садовых инструментов
4972,,,,,Детали для тачки
505321,,,,,Насадки для садовых инструментов
505322,,,,,Ручки для садовых инструментов
3568,,,Оросительные системы
2313,,,,Садовые шланги
3780,,,,Принадлежности для водораспылителей
1302,,,,,Блоки управления водораспылителями
3491,,,,,Краны распылителей
4201,,,,Распылители для садовых шлангов
4718,,,,Фитинги и краны для садовых шлангов
6318,,,,Лейки
7561,,,,Водораспылители и головки
230912,,,,Шарики для полива растений
505814,,,,Принадлежности для леек
3798,,,Электрооборудование для садовых работ
694,,,,Газонокосилки
3311,,,,,Садовые тракторы
3730,,,,,Ручные газонокосилки
6258,,,,,Газонокосилки-прицепы
6788,,,,,Роботы-газонокосилки
1223,,,,Машины для прополки
1226,,,,Мойки высокого давления
1541,,,,Снегоуборочные машины
2204,,,,Мотоблоки и культиваторы
2218,,,,Машины для подрезки кромок газонов
3120,,,,Машины для подрезки живой изгороди
3340,,,,Садовые воздуходувки
3610,,,,Цепные пилы
5866,,,,Тракторы
6789,,,,Садовые пылесосы
7245,,,,Наборы электрооборудования для садовых работ
7332,,,,Базовые блоки для электрооборудования для садовых работ
500016,,,,Подметально-уборочные машины
500034,,,,Аэраторы и вертикуттеры
4564,,,Принадлежности для электрооборудования для садовых работ
4565,,,,Принадлежности для цепных пил
4646,,,,,Цепи для цепных пил
4647,,,,,Шины для цепных пил
4566,,,,Принадлежности для газонокосилок
4641,,,,,Лезвия для газонокосилок
4642,,,,,Чехлы для газонокосилок
4643,,,,,Ремни для газонокосилок
4644,,,,,Шкивы и направляющие ролики для газонокосилок
4645,,,,,Мешки для газонокосилок
6094,,,,,Колеса для газонокосилок
6095,,,,,Шины для газонокосилок
6541,,,,,Газоноподметальные машины
6542,,,,,Насадки для роторных газонокосилок
499872,,,,,Камеры для шин газонокосилок
499921,,,,,Приспособления для создания полос
499923,,,,,Насадки для мульчирования
499960,,,,,Заглушки и ножи для мульчирования
4567,,,,Принадлежности для снегоуборочных машин
5867,,,,Детали и принадлежности для тракторов
499880,,,,,Шины для тракторов
499881,,,,,Колеса для тракторов
6328,,,,Принадлежности для моек высокого давления
7168,,,,Принадлежности для воздуходувок
7171,,,,,Трубы для садовых воздуходувок
7169,,,,Принадлежности для косилок-триммеров
7170,,,,,Лезвия и катушки для косилок-триммеров
8034,,,,,Крышки катушек для косилок-триммеров
7265,,,,Принадлежности для шпалерных ножниц
7333,,,,Аккумуляторы для электрооборудования для уличных работ
7563,,,,Принадлежности для машин для подрезки кромок газонов
8485,,,,Насадки для многофункционального электрооборудования для наружных работ
7334,,,,,Насадки для шпалерных ножниц
7335,,,,,Насадки для косилок-триммеров
7564,,,,,Насадки для машин для подрезки кромок газонов
8487,,,,,Насадки для садовых воздуходувок
8488,,,,,Насадки-культиваторы
8489,,,,,Штанговые пилы-насадки
5362,,,Товары для уборки снега
5363,,,,Лопаты для уборки снега
5364,,,,Скребки для льда и щетки для снега
696,,Декоративные элементы
9,,,Произведения искусства
11,,,,"Статуэтки, скульптуры и статуи"
500044,,,,"Плакаты, картины, репродукции и фотографии"
500045,,,,Гобелены
572,,,Адресные знаки и таблички
573,,,Корзины
587,,,Подставки для книг
592,,,Ароматизаторы для помещений
588,,,,Свечи
3686,,,,Благовония
3898,,,,Освежители воздуха
4740,,,,Ароматические смеси
5847,,,,Ароматические масла
6767,,,,Ароматический воск
595,,,Зеркала
596,,,Праздничные украшения
3144,,,,Ёлочные Игрушки
5359,,,,Рождественские календари
5504,,,,Юбки для новогодних елок
5930,,,,Традиционные японские куклы
5990,,,,Вешалки для носков с подарками
5991,,,,Носки для подарков
6531,,,,Наборы для рождественских вертепов
6532,,,,Стенды для праздничных украшений
6603,,,,Подставки для новогодних елок
499804,,,,Крючки для ёлочных игрушек
499805,,,,Наборы для украшения пасхальных яиц
505809,,,,Праздничные наборы и украшения для сада
597,,,Рамки для фотографий и картин
598,,,Коврики
599,,,Мебельные чехлы
602,,,Вазы
603,,,Оконные драпировки
2621,,,,Балдахины
2882,,,,Занавески и портьеры
2885,,,,Жалюзи
4375,,,,Противомоскитные сетки
5989,,,,Пленки для окон
6492,,,,Витражные панели
697,,,Поилки для птиц
701,,,Флаги и ветроуказатели
702,,,Фонтаны и пруды
2763,,,,Пруды
2921,,,,Принадлежности для фонтанов и прудов
6763,,,,Фонтаны
704,,,Камни для садов и дорожек
706,,,Почтовые ящики
708,,,Декоративные таблички
709,,,Дождевые цепи
710,,,Дождемеры
711,,,Солнечные часы
712,,,Флюгеры и украшения для крыш
714,,,Ветряные колокольчики
2334,,,Обои
2675,,,Придверные коврики
2839,,,Декоративные ветряные колеса
3221,,,Настенные и оконные аппликации
3262,,,Глобусы
3473,,,Музыкальные шкатулки
3890,,,Домашние и офисные часы
3696,,,,Напольные часы и часовые шкафы
3840,,,,Настенные часы
4546,,,,Будильники
6912,,,,Настольные и каминные часы
4233,,,Кофры
4295,,,Копилки
4453,,,Подушки для кресел
4454,,,Диванные подушки
4456,,,Подушки для спины
4770,,,Беспламенные свечи
5521,,,Принадлежности для кормушек
5609,,,Статуэтки
5708,,,Вешалки для шляп и плащей
5875,,,Декоративные тарелки
5876,,,Магниты на холодильник
5885,,,Знаки и таблички
5922,,,Застекленные коробки
6254,,,Принадлежности для украшения окон
6255,,,,Держатели и кисточки для штор
6256,,,,Кольца для занавесок и портьер
6257,,,,Карнизы для занавесок и портьер
8042,,,,Детали для украшения окон
6265,,,Искусственная флора
6266,,,Искусственные пищевые продукты
6267,,,Венки и гирлянды
6317,,,Декоративные бутылки
6324,,,Кольца для салфеток
6333,,,Принадлежности для почтовых ящиков
6334,,,,Столбы для почтовых ящиков
7052,,,,Шкафы для почтовых ящиков
7176,,,,Флажки для почтовых ящиков
7177,,,,Крышки для почтовых ящиков
7339,,,,Запасные дверцы для почтовых ящиков
6424,,,Наполнители для ваз и конфетти
6456,,,Декоративные подносы
6457,,,Декоративные чаши
6530,,,Магниты на окна
6535,,,Снежные шары
6547,,,Садовые и газонные украшения
6927,,,Подушки для оттоманок
6935,,,Декоративные экосферы
6936,,,Высушенные цветы
6993,,,Садовые кормушки
698,,,,Кормушки для птиц
6994,,,,Кормушки для белок
6995,,,,Кормушки для бабочек
7113,,,Декоративные банки
7172,,,Ловцы снов
7173,,,Ловцы солнца
7206,,,Декоративные колокольчики
7380,,,Картонные макеты
7382,,,Номера и буквы для домов
7419,,,Принадлежности для флагов и ветроуказателей
7420,,,,Освещение для флагов и ветроуказателей
7421,,,,Шесты для флагов и ветроуказателей
503010,,,,Оборудование и комплекты для установки флагов и ветроуказателей
7422,,,Декоративные наконечники
7436,,,Прорези для почты
230911,,,Принадлежности для скворечников
499693,,,Измерители роста детей
500078,,,"Скворечники, домики для диких животных и насекомых"
699,,,,Скворечники
500079,,,,Домики для летучих мышей
500080,,,,Домики для бабочек
500121,,,Принадлежности для ароматизаторов воздуха
2784,,,,Подсвечники
4741,,,,Подставки для благовоний
6336,,,,Свечи и подогреватели масла
500122,,,,Колпачки для тушения свечей
503000,,,Песочные часы
505827,,,Детали для часов
729,,Бассейны и джакузи
2810,,,Плавательные бассейны
2832,,,Принадлежности для бассейнов и джакузи
2672,,,,Игрушки для бассейнов
2755,,,,Скиммеры для бассейнов
2860,,,,Надувные матрасы и кресла для бассейнов
2939,,,,Трамплины для прыжков в воду
2981,,,,Фильтры для бассейнов и джакузи
2994,,,,Защитные чехлы и подложки
2997,,,,Пылесосы для бассейнов
3017,,,,Устройства и химические средства для чистки бассейнов
5546,,,,Водяные горки для бассейнов
5654,,,,Нагреватели для бассейнов
6766,,,,Лестницы для бассейнов
6771,,,,Шланги для чистки бассейнов
6996,,,,Щётки для бассейнов
7496,,,,Наборы настилов для бассейнов
500042,,,,Хлорные генераторы
500050,,,,Принадлежности для защитных чехлов
503751,,,,Материалы для отделки чаши бассейна
505815,,,,Наборы для чистки бассейнов и джакузи
2982,,,Джакузи
3992,,,Сауны
543687,,,Принадлежности для сауны
543631,,,,Наборы принадлежностей для сауны
543632,,,,Печи для сауны
543633,,,,Вёдра и ковши для сауны
985,,Растения
984,,,Цветы
1684,,,Деревья
2802,,,Семена
543561,,,,Луковицы растений и цветов
543562,,,,Семена и семенные ленты
5590,,,Водные растения
6762,,,Комнатные и уличные растения
543558,,,,Комнатные растения в горшках
543559,,,,Кусты и кустарники
543560,,,,Садовые растения и растения для благоустройства
505285,,,Наборы для выращивания растений
1679,,"Средства для защиты от затоплений, пожаров и утечек газа"
1306,,,Детекторы утечек воды и затопления
1434,,,Огнетушители
1639,,,"Шкафы, стойки и держатели для огнетушителей"
1871,,,Пожарная сигнализация
1934,,,Пожарные спринклеры
7226,,,Панели управления пожарной сигнализацией
7227,,,Теплодетекторы
499673,,,Детекторы дыма и угарного газа
1471,,,,Детекторы дыма
2164,,,,Датчики угарного газа
2639,,Дровяные печи
2862,,Принадлежности для каминов и дровяных печей
625,,,Дрова и топливо
695,,,Дровницы
1530,,,Каминные инструменты
2044,,,Каминные меха
2365,,,Каминные экраны
4918,,,Вентиляторы и воздуходувки для дровяной печи
6563,,,Решётки для каминов и дровяных печей
7029,,,Принадлежности для поленниц и дровниц
7091,,,Подовые плиты
7109,,,Рефлекторы для каминов
7523,,,Подставки для дров в камине
2956,,Принадлежности для освещения
3185,,,Абажуры
3522,,,Таймеры освещения
7338,,,Основания фонарных столбов
7447,,,Опоры для фонарных столбов
505312,,,Топливо для масляной лампы
3348,,Принадлежности для бытовых приборов
618,,,Принадлежности для пылесосов
2367,,,Принадлежности для кондиционеров
3573,,,,Фильтры для кондиционеров
5826,,,,Чехлы для кондиционеров
2751,,,Принадлежности для водонагревателей
1709,,,,Вытяжные системы водонагревателей
1744,,,,Нагревательные элементы для водонагревателей
1835,,,,Поддоны для водонагревателей
2175,,,,Баки для горячей воды
2221,,,,Дымовые трубы для водонагревателей
2310,,,,Анодные стержни
500063,,,,Расширительные баки
3410,,,Принадлежности для воздухоочистителей
3667,,,,Фильтры для воздухоочистителей
3456,,,Принадлежности для стирального оборудования
5158,,,,Принадлежности для пароочистителей для одежды
5159,,,,Принадлежности для утюгов
5160,,,,Принадлежности для гладильных прессов
500085,,,,Принадлежности для стиральных и сушильных машин
3862,,,Принадлежности для увлажнителей воздуха
3402,,,,Фильтры для увлажнителей воздуха
4548,,,Принадлежности для пылесосов и пароочистителей
4650,,,Принадлежности для уличных обогревателей
4651,,,,Чехлы для уличных обогревателей
4667,,,Принадлежности для осушителей воздуха
5089,,,Принадлежности для вентиляторов
6773,,,Принадлежности для топок и котлов
7110,,,Принадлежности для радиаторов отопления
7111,,,,Рефлекторы для радиаторов отопления
4171,,Постельное бельё
569,,,Постельные принадлежности
1599,,,,Коврики для сна
1985,,,,Одеяла
2314,,,,Простыни
2541,,,,Пуховые одеяла
2700,,,,Подушки
2927,,,,Наволочки и чехлы для подушек
2974,,,,Покрывала
4452,,,,Наматрасники
2991,,,,,Толстые наматрасники
4420,,,,,Чехлы для матрасов
505287,,,,Стёганые и пуховые одеяла
505803,,,,Балдахины для кроватей
601,,,Столовое бельё
2547,,,,Сервировочные салфетки
4143,,,,Скатерти
4203,,,,Тканевые салфетки
4343,,,,Салфетки
6322,,,,Юбки для стола
6325,,,,Узкие скатерти для середины стола
4077,,,Полотенца
576,,,,Банные полотенца и махровые мочалки
4126,,,,Пляжные полотенца
4257,,,,Кухонные полотенца
505832,,,Наборы кухонного белья
4358,,Зонты
5835,,Готовность к чрезвычайным ситуациям
4490,,,Системы оповещения о землетрясениях
4491,,,Фиксаторы для мебели
5836,,,Наборы продовольствия для чрезвычайных ситуаций
6897,,,Спасательные одеяла
7058,,,Аварийные инструменты и наборы
6173,,Чехлы для зонтов
6792,,Камины
537,Товары для новорожденных и маленьких детей
540,,Товары для обеспечения безопасности детей
541,,,Детские мониторы
542,,,Калитки для детей и домашних животных
543,,,Детские замки и защитные устройства
544,,,Детские защитные перила
5049,,,Детские поводки
6869,,,Принадлежности для барьеров для детей и домашних животных
548,,Товары для пеленания
550,,,Накопители для подгузников
551,,,Подгузники
553,,,Детские влажные салфетки
2949,,,Присыпки для подгузников
5628,,,Матрасы для пеленания
6883,,,Органайзеры для пеленок
6949,,,Пеленки
6971,,,Сумки для мокрых подгузников
7001,,,Принадлежности для накопителей для подгузников
7014,,,Наборы подгузников
7200,,,Диспенсеры и нагреватели салфеток для младенцев
502999,,,Коврики для переодевания
561,,Товары для кормпления детей
562,,,Питание для детей и младенцев
563,,,,Молочные смеси
5718,,,,Детские соки
5719,,,,Детское питание
5720,,,,Детские закуски
5721,,,,Детские хлопья
8436,,,,Напитки и смеси для детского питания
564,,,Детские бутылки
565,,,Молокоотсосы
2125,,,Детские нагрудники
4768,,,Таймеры для ухода за детьми
5296,,,Подогреватели и стерилизаторы для бутылочек
5298,,,Подушки для кормления грудных детей
5629,,,Слюнявчики
5630,,,Соски и вкладыши для детских бутылочек
543636,,,,Соски для детских бутылочек
543637,,,,Антиколиковые клапаны для детских бутылочек
5843,,,Покрывала для кормления грудью
6950,,,Детские кружки-непроливайки
7234,,,Контейнеры для хранения грудного молока
8075,,,Наволочки для кормления грудью
503762,,,Накладки для сосков и вкладыши в бюстгальтеры
505366,,,Принадлежности для молокоотсосов
2764,,Средства для перевозки детей
538,,,Сумки-кенгуру
547,,,Детские автокресла
568,,,Детские коляски
2847,,Детские игрушки
539,,,Детские манежи
555,,,Детские кресла-качалки
560,,,Детские прыгунки и качели
1241,,,Ходунки
1242,,,Детские мобили
1243,,,Детские коврики
543612,,,,Детские игровые коврики
543613,,,,Детские развивающие коврики
1244,,,Погремушки
3459,,,Игрушки-каталки
3661,,,Игрушки для изучения алфавита
3860,,,Моторные детские игрушки
7191,,,Принадлежности для детских мобилей
7198,,,Развивающие игрушки для младенцев
7360,,,Соски
4386,,Принадлежности изделий для перевозки детей
4387,,,Принадлежности для детских колясок
4486,,,Принадлежности для детских автокресел
4916,,,Принадлежности для рюкзаков-переносок
5845,,,Детские сиденья для торговых тележек и стульчиков для кормления
8537,,,Прогулочные пеленки и мешки для детей
4678,,Товары для купания детей
4679,,,Детские ванночки и сидения для ванн
7082,,,Детские козырьки для душа
5252,,Товары для здоровья младенцев
566,,,Соски-пустышки и зубные кольца
5253,,,Носовые  аспираторы
6290,,,Наборы для ухода за детьми
7016,,,Держатели и зажимы для сосок
7309,,,Салфетки для сосок
5859,,Наборы подарков для младенцев
6899,,Одеяла для пеленания
543664,,,Одеяла для новорожденных
543665,,,Пеленальные одеяла
6952,,Товары для приучения к горшку
552,,,Детские горшки
6953,,,Наборы для приучения к горшку
632,Оборудование и технические изделия
115,,Строительные материалы
119,,,Двери
4468,,,,Двери для гаража
4634,,,,Двери для дома
120,,,Стекло
122,,,Изоляция
123,,,Материалы для кровли
121,,,,Водостоки
2008,,,,Системы водоотведения для крыш
4544,,,,Принадлежности для водостоков
8270,,,,Кровельный гонт и черепица
124,,,Окна
125,,,Древесина
2030,,,Люки
2729,,,Кухонные столешницы
2826,,,Напольные покрытия
6343,,,Дверная фурнитура
1356,,,,Дверные ручки
2665,,,,Дверные упоры
2795,,,,Дверные молотки
2972,,,,Дверные звонки
6446,,,,Доводчики
6458,,,,Электромеханические защелки
99338,,,,Накладки на замочные скважины для дверей
499970,,,,Металлические листы для защиты дверей
503727,,,,Дверные рамы
6943,,,Ставни
7004,,,Лестничные марши
7053,,,Панели для стен
7112,,,Отделочные материалы
7136,,,Настенная и потолочная плитка
7439,,,Звукоизоляционные панели и покрытия
499772,,,Оконная фурнитура
499773,,,,Оконные рукоятки
503728,,,,Оконные рамы
499949,,,Перила и поручни
503775,,,Сайдинг
503776,,,Гипсокартон
503777,,,Арматура и железная сетка
505300,,,Материалы для уплотнения швов и утепления
127,,Товары для систем электроснабжения
1218,,,Генераторы
1869,,,Разъёмы и розетки электропитания
2006,,,Электрические распределительные коробки и кронштейны
2028,,,"Телефонные, сетевые и мультимедйные розетки"
2274,,,Соединительные изолирующие зажимы
2345,,,Электрические провода и кабели
2377,,,Рамки и крышки для электрических розеток и выключателей
2413,,,Наборы для автоматизации дома
4709,,,Принадлежности для генераторов
4714,,,Солнечные панели
4715,,,Комплекты солнечного электроснабжения
4789,,,Удлинители
5142,,,Инверторы
5533,,,Преобразователи питания
5627,,,Колпачки для электрических вилок
6375,,,Принадлежности для удлинителей
6459,,,Электровыключатели
1935,,,,Выключатели
499932,,,,Специализированные выключатели
6807,,,Электрические щиты
6833,,,Таймеры и датчики для электрических розеток
7183,,,Пускорегулирующая аппаратура
7275,,,Электродвигатели
499768,,,Кабелепроводы и коробы
3797,,,,Термоусадочные трубки
499770,,,,Кабелепроводы
499893,,,Угольные щётки
499966,,,Разъемы питания
500049,,,"Роторы, статоры, якоря"
503729,,,Зажимы и соединители для проводов
505318,,,Трансформаторы и регуляторы напряжения
128,,Ограждения и барьеры
1352,,,Штакетник для ограждений
1788,,,Калитки
1919,,,Столбы и перекладины для ограждений
499958,,,Защитные и полицейские заграждения
502973,,,Панели для забора
502983,,,Принадлежности для заборов и ворот
502984,,,Штакетник
502986,,,Заборы и барьеры для сада
133,,Товары для систем водоснабжения и канализации
1673,,,Водопроводная арматура
1636,,,,Ванны
1687,,,,Раковины
2757,,,,,Кухонные и хозяйственные мойки
2886,,,,,Умывальники
2032,,,,Краны
2062,,,,Унитазы и биде
1746,,,,,Писсуары
1921,,,,,Унитазы
2376,,,,,Биде
7244,,,,Душевые кабины и комплекты для них
499999,,,,Комплекты сантехники для ванной
1723,,,Оборудование для колодцев и скважин
1810,,,Фитинги и крепления для труб
1694,,,,Сантехнические фланцы
2068,,,,Патрубки
2359,,,,Разъемы для труб
2466,,,,Водопроводные вентили
2611,,,,Регулирующая водопроводная арматура
2634,,,,Хомуты для сантехнических труб
2710,,,,Переходники и втулки для труб
2909,,,,Колпачки и заглушки для труб
6732,,,,Сантехнические прокладки
499697,,,,Скрытые балки и монтажные рамы
2203,,,Сантехнические ремонтные комплекты
2216,,,Водопроводные трубы
2243,,,Регуляторы уровня воды
2273,,,Оборудование для розлива и фильтрации воды
1390,,,,Опреснители
1952,,,,Умягчители воды
2055,,,,Встроенные фильтры для очистки воды
2171,,,,Принадлежности для фильтрации воды
2063,,,,,Картриджи фильтров для воды
2406,,,,,Корпуса фильтров для воды
2343,,,,Диспенсеры для воды
1354,,,,,Водоохладители
1821,,,,,Питьевые фонтанчики
5646,,,,Соль для умягчения воды
2570,,,Сантехнические шланги и трубы
6832,,,Таймеры для воды
504635,,,Сантехнические принадлежности
1458,,,,Плиты для арматуры
1489,,,,Принадлежности для водопроводных кранов
8115,,,,,Аэраторы для водопроводных кранов
8116,,,,,Ручки для водопроводных кранов
1963,,,,Принадлежности для раковин
2410,,,,,Ножки для раковин
2206,,,,Детали для душа
581,,,,,Насадки для душа
1779,,,,,Двери и перегородки для душа
2088,,,,,Панели для душа
4728,,,,,Поддоны для душа
5048,,,,,Фильтры для душа
7130,,,,,Перегородки и стены для душа
8277,,,,,Души с электроподогревом и повышением напора воды
8320,,,,,Души и ванны с гидромассажем
504638,,,,,Держатели и смесители для душа
2691,,,,Принадлежности для унитазов и биде
1425,,,,,Шаровые краны и затворы
1865,,,,,Сиденья для унитазов и биде
2478,,,,,Принадлежности для унитазов
2817,,,,,Рычаги сливных бачков
5665,,,,,Смывные бачки
5666,,,,,Крышки для смывных бачков
7358,,,,,Покрытия для сидений для унитазов
7446,,,,,Покрытия для крышки унитаза
504634,,,,,Краны и распылители для биде
2996,,,,Принадлежности для ванн
2463,,,,,Сливы для ванн
5508,,,,,Юбки для ванн
505368,,,,,Каркасы и ножки для ванн
504636,,,,Стоки
504637,,,,Принадлежности для стоков
1319,,,,,Сантехнические трапы
1407,,,,,Дреноочистители
1514,,,,,Канализационные системы
1932,,,,,Канализационные отводы
2170,,,,,Сточный водопровод
2257,,,,,Канализационные трубы
2851,,,,,Сантехнические заглушки и фильтры
1167,,Инструменты
126,,,Ручные тележки
130,,,Лестницы и строительные леса
635,,,,Табуреты-стремянки
1809,,,,Рабочие помосты
1866,,,,Строительные леса
2416,,,,Передвижные стремянки
6928,,,,Лестницы
338,,,Фонари
2454,,,,Налобные фонари
543689,,,,Фонарики
1169,,,Наковальни
1171,,,Топоры
1174,,,Инструменты для резьбы
1179,,,Монтировки
1180,,,Режущие инструменты
1181,,,,Болторезы
1182,,,,Стеклорезы
1454,,,,Ручные ножницы и вырубные машины по металлу
1824,,,,Пруткорезы
2080,,,,Труборезы
2411,,,,Универсальные ножи
2726,,,,Станки для резки плитки и черепицы
7562,,,,Бокорезы
1184,,,Метчики
1185,,,Зажимы
1186,,,Молотки
2208,,,,Ручные молотки
505364,,,,Механические молотки
1187,,,Рубанки
1188,,,Шлифовальные станки
1193,,,Инструменты для каменной кладки
1450,,,,Расшивки
1555,,,,Конструктивная арматура
1668,,,,Инструменты для кирпичной кладки
1799,,,,Шлифовальные машины
2181,,,,Кельмы
2305,,,,Бетономешалки
2337,,,,Мастерки
4132,,,,Затирочные машины
7484,,,,Губки для раствора
1194,,,Гвоздодёры
1195,,,Гайковерты
1196,,,Захватные устройства
1201,,,Козлы для пилки дров
1202,,,Штапели и скребки
1203,,,Отвертки
1206,,,Гвоздезабивные устройства и степлеры
1215,,,Инструменты для заделки швов
1217,,,Дрели
1216,,,,Сверлильные станки
1367,,,,Буры
1465,,,,Долбежные станки
1994,,,,Пневматические дрели
2629,,,,Ручные электрические дрели
1219,,,Точильные камни
1220,,,Строительные фены
1221,,,Ударные гайковерты и отвертки
1225,,,Инструменты для шлифовки и полировки
1235,,,Пилы
3224,,,,Ручные циркулярные пилы
3494,,,,Сабельные пилы
3516,,,,Концерезные пилы
3517,,,,Зуборезные пилы
3582,,,,Ленточные пилы
3594,,,,Ручные пилы
3706,,,,Отрезные станки со столом
3725,,,,Лобзики
4633,,,,Ажурные пилы
7077,,,,Пилы для резки кирпичей и плиток
499985,,,,Форматно-обрезные станки
1236,,,Паяльники
1238,,,Сварочные горелки
1305,,,Измерительные инструменты и датчики
1191,,,,Строительные уровни
4081,,,,,Пузырьковые уровни
4294,,,,,Нивелиры
4931,,,,,Лазерные строительные уровни
1198,,,,Угломеры
1205,,,,Угольники
1207,,,,Детекторы неоднородностей
1374,,,,Устройства для прогноза погоды
1413,,,,Поверочные линейки
1459,,,,Мерные ролики
1533,,,,Мерные вилки
1539,,,,Локаторы арматуры
1640,,,,Контроллеры и измерители расхода
1698,,,,Весы
1732,,,,Измерительные приборы
1785,,,,Зонды и локаторы
1850,,,,Измерительные циркули
1991,,,,Устройства для обнаружения газа
2021,,,,Линейки
2093,,,,Термоэлементы
2192,,,,Штангенциркули
2330,,,,Правила для ножей
2481,,,,Мерные ленты
3602,,,,Барометры
4022,,,,Высотомеры
4074,,,,pH-метры
4340,,,,Теодолиты
4506,,,,Инфракрасные термометры
4754,,,,Гигрометры
4755,,,,Влагомеры
4756,,,,Сейсмометры
4757,,,,Измерители интенсивности шума
4758,,,,Измерители ультрафиолетового света
4759,,,,Виброметры
5371,,,,Счетчики Гейгера
5487,,,,Измерители расстояния
5515,,,,Датчики качества воздуха
6799,,,,Тепловизоры
7394,,,,Измерительные преобразователи
500058,,,,Анемометры
503737,,,,Электроизмерительные приборы
1391,,,Инструменты для снятия заусенцев
1439,,,Прямые Т-образные ключи
1469,,,Инструменты для кабеля и проволоки
1563,,,Вантузы
1584,,,Резьбонарезные станки
1603,,,Устройства для замены лампочек
1632,,,Гаечные ключи
1644,,,Точила
1663,,,Токарные станки
1667,,,Устройства для гибки труб и арматуры
1787,,,Инструменты для притирки кранов
1819,,,Расширители
1832,,,Инструменты для разметки
1841,,,Инструменты для фрезеровки
1862,,,Щётки для чистки трубопроводов
1923,,,Инструменты для формообработки
1958,,,Плоскогубцы
2015,,,Компрессоры
2053,,,Устройства для чистки труб
2077,,,Малярные инструменты
1300,,,,Малярные кисти
1699,,,,Малярные губки
1774,,,,Малярные валики
2465,,,,Краскопульты
2486,,,,Аэрографы
6556,,,,Угловые кисти
6557,,,,Поддоны для краски
499888,,,,Шейкеры для краски
505325,,,,Фильтры для краски
2198,,,Технические ножи
2456,,,Промышленные вибраторы
2792,,,Щётки для чистки дымоходов
2835,,,Тиски и струбцины
3501,,,Буры для установки столбов
3745,,,Напильники
3932,,,Мотыги и кирки
4325,,,Уплотнители
4419,,,Шлифовальные колодки
4672,,,Щётки для бетона
4919,,,Наборы инструментов
4716,,,,Наборы электрических инструментов
6965,,,,Наборы ручных инструментов
5077,,,Фрезерные станки
5587,,,Многофункциональные электрические инструменты
5592,,,Рабочее освещение
5828,,,Сливы для масляных фильтров
5873,,,Подъёмные магниты
5927,,,Горелки
6461,,,Протяжная проволока для электриков
6868,,,Строгальные станки
6938,,,Пескоструйные аппараты
7030,,,Дровоколы
7064,,,Клепальные инструменты
7065,,,,Клепальные молотки
7066,,,,Клепальные щипцы
7271,,,Плотницкие расшивки
7416,,,Зеркала для осмотра
7556,,,Смазочные пистолеты
499887,,,Ручные электрические мешалки
503774,,,Зажигалки и спички
505315,,,Шила и пробойники
1910,,Емкости для хранения
1974,,Замки и ключи
1870,,,Системы доступа с картой-ключом
6488,,,Заготовки для ключей
8067,,,Накладки для ключей
503730,,,Замки и защёлки
2878,,Строительные расходные материалы
1318,,,Катушки
1771,,,Шарниры
1816,,,Фильтры и экраны
1979,,,Пылезащитные чехлы
3974,,,Товары для хранения инструментов
2485,,,,Пояса для инструментов
3280,,,,Шкафы для инструментов
3919,,,,Верстаки
3980,,,,Ящики для инструментов
4031,,,,Футляры для инструментов
4199,,,,Катушки для садовых шлангов
6876,,,,Сумки для инструментов
500103,,,,Подложки и держатели для инструментов
4696,,,Оборудование для шкафов
4697,,,,Задние щитки для шкафов
4698,,,,Защелки для шкафов
4699,,,,Двери для шкафов
4700,,,,Рукоятки и ручки для шкафов
232167,,,,Накладки на замочные скважины для мебели
4988,,,Брезент
6769,,,Пневматические шланги
6770,,,Смазочные шланги
6841,,,Шланги для подводки газа
7086,,,Формы для бетона
7092,,,Кронштейны
7270,,,Установочные шипы и штыри
7557,,,Маркировочная и предупредительная лента
8112,,,Земляные колышки
8113,,,Опорные плиты для столбов
8470,,,Направляющие для выдвижных ящиков
499933,,,Пружины
499981,,,Колесики
500030,,,Чехлы для мебели и аппаратуры
500054,,,Крепежные изделия
1508,,,,Дюбели для гипсокартона
1739,,,,Гайки и болты
2195,,,,Мойки
2230,,,,Винты-стяжки
2251,,,,Винты
2408,,,,Гвозди
7062,,,,Заклепки
500055,,,,Резьбовые шпильки
502977,,,"Цепи, верёвки и канаты"
1492,,,,Цепи
3053,,,,Канаты
4469,,,,Тяговые цепи
5119,,,,Бечёвка
6297,,,,Фиксирующие ремни
6298,,,,Амортизирующие тросы
6904,,,,Хозяйственная проволока
503731,,,Формы для отливки металла
503773,,,"Крючки, скобы и зажимы"
502978,,,,Многоразовые скрутки
502992,,,,Скобы
503764,,,,Планки и звенья цепей
503770,,,,"Подъёмные крюки, зажимы и хомуты"
505320,,,Опоры для стен
3650,,Принадлежности для инструментов
2174,,,Лезвия для инструментов
2202,,,,Пильное полотно
505831,,,,Лезвия для скребков и ножей
2380,,,Строительные скобы
2447,,,Принадлежности для фонарей
3281,,,Принадлежности для паяльника
3609,,,,Наконечники для паяльников
3629,,,,Подставки для паяльников
3470,,,Принадлежности для формообработки
3210,,,,Фрезы
3744,,,Принадлежности для фрезерования
3300,,,,Фрезерные столы
3673,,,,Фасонные фрезы
3944,,,Принадлежности для сверления
1540,,,,Свёрла
6378,,,,Точило для сверл
6806,,,,Кольцевые пилы
7140,,,,Удлинения сверла
8275,,,,Сверлильные стойки и направляющие
8276,,,,Сверлильные патроны
4487,,,Принадлежности для шлифовки
3240,,,,Наждачная бумага и шлифовальные губки
4658,,,Стеллажи для инструментов
4659,,,,Подставки для пил
5526,,,Принадлежности для измерительных инструментов и датчиков
5556,,,,Принадлежности для газоанализаторов
5557,,,,Принадлежности для электроизмерительных приборов
7415,,,,Принадлежности для мультиметров
503007,,,,Принадлежности для весов
5571,,,Подставки для инструментов
6292,,,Зарядные устройства для электроинструментов
6295,,,Батареи для электроинструментов
6471,,,Принадлежности для гайковертов
6549,,,Принадлежности для пил
6501,,,,Принадлежности для циркулярных станков
6503,,,,Принадлежности для торцовочных пил
7345,,,,Принадлежности для ручных циркулярных пил
7346,,,,Принадлежности для струбцин
7515,,,,Принадлежности для ленточных пил
6907,,,Струбцины
6939,,,Принадлежности для пескоструйных аппаратов
6940,,,,Шкафы для пескоструйных аппаратов
7019,,,Принадлежности для малярных инструментов
6887,,,,Принадлежности для краскопультов
7020,,,,Принадлежности для малярных валиков
328062,,,,Растворы для очистки малярных кистей
7056,,,Принадлежности для молотков
7055,,,,Рукоятки для молотков
7057,,,,Бойки для молотков
7087,,,,Принадлежности для пневматических молотков
7326,,,Принадлежности для топоров
7369,,,,Головки топоров
7370,,,,Топорища
7472,,,Намагничивающие и размагничивающие устройства
8117,,,Принадлежности для резаков
8118,,,,Пуансоны и матрицы для вырубных ножниц
8258,,,Стропы для инструментов
499859,,,Принадлежности для шлифовальных машин
499860,,,,Шлифовальные диски и насадки
499886,,,Мешалки
499947,,,Принадлежности для сварки
505323,,,Принадлежности для кирок и мотыг
505324,,,,Рукоятки для кирок и мотыг
505810,,,Клинья для рукояток инструментов
505812,,,Клинообразные инструменты
499873,,"Товары для отопления, вентиляции и кондиционирования воздуха"
1519,,,Устройства управления системами ОВКВ
1897,,,,Термостаты
2238,,,,Панели управления
500043,,,,Регуляторы влажности воздуха
2766,,,Вентиляция и воздуховоды
499874,,,Воздуховоды
500090,,,Осушители фильтра
499982,,Двигатели малого объема
500096,,Насосы
500097,,,Насосы для дождевателей и оросительной техники
500098,,,"Насосы для бассейнов, фонтанов и прудов"
500099,,,Насосы для бытовой техники
500100,,,Колодезные насосы и системы
500101,,,Перекачивающие насосы
500102,,,Насосы для откачки сточных вод
502975,,Контейнеры для топлива
503739,,Расходные строительные материалы
1753,,,Смазки
1995,,,Припой и флюс
2212,,,Аппаратные ленты
2277,,,Химические вещества
1479,,,,Средства для чистки дымоходов
1735,,,,Нейтрализаторы кислот
1749,,,,Средства для чистки канализационных систем
6191,,,,Антиобледенители
6795,,,,Аммиак
7470,,,,Средства для чистки септических резервуаров и выгребных ям
7503,,,,Средства для чистки заборов и настилов
7504,,,,Средства для чистки бетона и кладки
500088,,,,Жидкости для розжига
505319,,,,Спреи для охлаждения электрических компонентов
503740,,,Расходные материалы для покраски
1361,,,,Краска
1648,,,,Морилки
2058,,,,Грунты
2474,,,,Связующие вещества для краски
503738,,,,Отделочные покрытия
503741,,,Растворители и разжижители
503742,,,Клеи и адгезивы
503743,,,Расходные материалы для каменной кладки
2282,,,,Цемент
3031,,,,"Кирпичи, камень и бетон"
499876,,,,Жидкий строительный раствор
503744,,,Защитные и герметизирующие покрытия
505305,,,Средства для первичной обработки труб
505802,,,Составы для ремонта стен и гипс
543575,,Топливо
543576,,,Керосин
543578,,,,Окрашенный керосин
543579,,,,Очищенный керосин
543577,,,Пропан
543703,,,Топливо для отопления дома
772,Товары для взрослых
773,,Эротика
774,,,Эротическая одежда
776,,,Эротика на DVD и видео
778,,,Секс-игрушки
779,,,Эротические книги
4060,,,Эротические журналы
5055,,,Эротическая пища
6040,,,Эротические игры
6536,,,Наборы для танцев на пилоне
780,,Оружие
726,,,Газовые баллончики
727,,,Электрошокеры и тазеры
782,,,Огнестрельное оружие
2214,,,Принадлежности для огнестрельного оружия и средства для ухода за ним
781,,,,Патроны
1783,,,,Кобуры для огнестрельного оружия
1806,,,,Рукоятки для огнестрельного оружия
1822,,,,Направляющие для огнестрельного оружия
5067,,,,Целеуказатели для ружья
499853,,,,Ремни для огнестрельного оружия
500048,,,,"Чехлы, кейсы и сумки для оружия"
503021,,,,Принадлежности для чистки огнестрельного оружия
499854,,,,,Растворители для чистки огнестрельного оружия
499855,,,,,Ветошь для чистки огнестрельного оружия
499856,,,,,Тампоны для чистки огнестрельного оружия
503026,,,,Оборудование и материалы для перезарядки патронов
499857,,,,,Станки для перезарядки патронов
505762,,,,Кейсы и держатели для патронов
3092,,,Нунчаки
3437,,,Плетки
3666,,,Мечи
3694,,,Метательные звездочки
3833,,,Кастеты
3924,,,Дубинки и палки
6109,,,Боевые ножи
7175,,,Копья
7567,,,Дубинки
783,Средства информации
784,,Книги
543541,,,Аудиокниги
543542,,,Книги в цифровом формате
543543,,,Печатные книги
839,,DVD и видео
543527,,,Фильмы и телешоу на DVD
543528,,,Фильмы и телешоу на видеокассетах
543529,,,Скачиваемые фильмы и телешоу
855,,Музыкальные товары и звукозаписи
543522,,,Музыкальные компакт-диски
543523,,,Записи и долгоиграющие пластинки
543524,,,Аудиокассеты
543525,,,Записи озвученного текста и полевые записи
543526,,,Скачиваемая музыка
886,,Журналы и газеты
543539,,,Журналы
543540,,,Газеты
887,,Ноты
5037,,Пособия и руководства
5038,,,Руководства по эксплуатации электроники
5039,,,Руководства по эксплуатации бытовых электроприборов
5040,,,Руководства по эксплуатации кухонного оборудования
5041,,,Руководства по обслуживанию автомобилей
5860,,,Руководства к приборам и игрушкам
5861,,,Руководства для тренажеров и оборудования для фитнеса
7516,,,Руководства для электрических инструментов и оборудования
499821,,,Руководства для фотоаппаратов и оптических устройств
499866,,,Руководства для офисного оборудования
499995,,Столярные чертежи
888,Транспортные средства и запчасти
5613,,Автомобильные детали и принадлежности
899,,,Автомобильные запчасти
908,,,,Автомобильные выхлопные системы
2534,,,,Детали и принадлежности для окон автомобилей
2550,,,,Автомобильные системы циркуляции масла
2641,,,,Детали автомобильной трансмиссии
2642,,,,Автомобильные зеркала
2727,,,,Автомобильные топливные системы
2805,,,,Автомобильные системы климат-контроля
2820,,,,Детали автомобильных двигателей
2935,,,,Детали автомобильной подвески
2977,,,,Тормозные системы для автомобилей
3020,,,,Автомобильные колёсные системы
911,,,,,Шины для автомобилей
6091,,,,,,Шины для мотоциклов
6093,,,,,,Автомобильные шины
7252,,,,,,Шины для мотовездеходов ATV и UTV
2556,,,,,Детали для автомобильных колёс
2932,,,,,Автомобильные колёса и диски
6088,,,,,,Диски и колёса для мотоциклов
6090,,,,,,Диски и колёса для автомобилей
7253,,,,,,Диски и колеса для мотовездеходов ATV и UTV
2989,,,,,Принадлежности для автомобильных шин
3318,,,,Автомобильная светотехника
8137,,,,Автомобильные двигатели
8227,,,,Детали автомобильных рам и корпусов
8228,,,,Средства для буксировки автомобилей
8231,,,,Автомобильные силовые и электрические системы
8232,,,,Автомобильные коврики и обивка салона
8233,,,,Фурнитура для салонов автомобилей
8234,,,,Автомобильные датчики и приборы
8235,,,,Автомобильные средства управления
8238,,,,Автомобильные кресла и сиденья
913,,,Товары для обслуживания автомобилей и ухода за ними
2495,,,,Декор для автомобилей
2248,,,,,Номерные знаки
2582,,,,,Принадлежности для приборной панели
2588,,,,,Шарики на антенны
2652,,,,,Флаги для автомобилей
2667,,,,,Наклейки на бамперы
2722,,,,,Наборы для пинстрайпа
2789,,,,,Освежители воздуха для автомобилей
5994,,,,,Рамки для номерных знаков
5995,,,,,Автомобильные эмблемы и фигурки для капота
7022,,,,,Чехлы для номерных знаков
7532,,,,,Автомобильные магниты
8142,,,,,Рукоятки автомобильных рычагов переключения передач
8145,,,,,Крышки для автомобильных сцепных устройств
8202,,,,,Декоративная оклейка автомобилей
8298,,,,,Кронштейны и держатели автомобильных номерных знаков
8463,,,,,Чехлы автомобильных рычагов переключения передач
8464,,,,,Оплетки для автомобильных рулевых колес
8469,,,,,Наборы принадлежностей для внутренней отделки салонов автомобилей
8478,,,,,Украшения для автомобильных зеркал заднего вида
2788,,,,Автомобильные жидкости
2513,,,,,Жидкость усилителя рулевого механизма
2517,,,,,Присадки для системы охлаждения
2635,,,,,Антифриз
2688,,,,,Жидкость коробки передач
2719,,,,,Очистители топливной системы
2735,,,,,Трансмиссионное масло
2770,,,,,Добавки для автомобилей
2881,,,,,Обезжириватели двигателя
2916,,,,,Жидкость гидромуфты
2943,,,,,Стеклоомывающая жидкость
3044,,,,,Масла для автомобильных двигателей
3051,,,,,Тормозная жидкость
2895,,,,Средства для чистки автомобилей
2590,,,,,Растворы для мытья машины
2643,,,,,"Воск, полировка, средства защиты"
2704,,,,,Очистители ковров и обивки салона
2846,,,,,Очистители для автомобильных стекол
2894,,,,,Щетки для мытья машины
499766,,,,,Наборы для очистки автомобильных систем впрыска топлива
3436,,,,Автомобильные чехлы
2494,,,,,Жёсткий верх
7031,,,,,Откидной верх
8306,,,,,Ветровые экраны для машинок для гольфа
8308,,,,,Крышки и шторки багажных отсеков
8309,,,,,Чехлы для хранения транспортных средств
8310,,,,,,Чехлы для хранения автомобилей
8311,,,,,,Чехлы для хранения жилых автофургонов
8312,,,,,,Чехлы для хранения судов
8313,,,,,,Чехлы для хранения мотоциклов
8314,,,,,,Чехлы для хранения машинок для гольфа
8316,,,,,Чехлы для ветровых стекол автомобилей
3812,,,,Краска для автомобилей
8144,,,,,Краски для суппортов автомобильных тормозов
8450,,,,,Краски для автомобильных кузовов
8236,,,,Инструменты для ремонта автомобилей
2647,,,,,Ремкомплекты для ветрового стекла
3326,,,,,Провода для запуска двигателя от внешнего источника
5068,,,,,Автомобильные пусковые устройства
6482,,,,,Автомобильные диагностические сканеры
7414,,,,,Зарядные устройства для электромобилей
8259,,,,,Инструменты для регулировки и демонтажа автомобильных сцеплений
8260,,,,,Наборы для обслуживания автомобильных тормозов
8261,,,,,Инструменты для ремонта и замены автомобильных шин
499774,,,,,Автомобильные кузовные шпатлевки
499929,,,,,Тестеры аккумулятора
8534,,,,Переносные канистры для топлива
3391,,,Судовые детали и принадлежности
1122,,,,Товары для ухода за судами
3866,,,,,Средства для чистки судов
3955,,,,,Средства для полировки судов
1125,,,,Судовые двигатели и моторы
1132,,,,Детали парусных судов
3315,,,,Швартовка судов и постановка на якорь
3189,,,,,Якори
3362,,,,,Якорные канаты
3452,,,,,Якорные цепи
3480,,,,,Брашпили
3572,,,,,Швартовые утки
3655,,,,,Шлюпочные крюки
3718,,,,,Судовые трапы
3899,,,,,Причальные трапы
3400,,,,Судовые топливные системы
3415,,,,,Судовые топливопроводы и их детали
3648,,,,,Судовые топливные баки и их детали
3892,,,,,Судовые топливные насосы и их детали
3968,,,,,Судовые указатели уровня топлива
3606,,,,Детали судовых двигателей
3097,,,,,Судовые насосные колеса
3143,,,,,Судовые генераторы переменного тока
3277,,,,,Поршни для судовых двигателей и их детали
3321,,,,,Оборудование для управления судовыми двигателями
3463,,,,,Судовые карбюраторы и их детали
3507,,,,,Системы блокировки судовых двигателей
3566,,,,,Крепления для судовых двигателей
3743,,,,,Детали судовой системы зажигания
3806,,,,,Судовые гребные винты
3619,,,,Детали судовых выпускных систем
3232,,,,,Судовые коллекторы
3309,,,,,Глушители для судовых двигателей и их детали
3995,,,,Детали судовой системы рулевого управления
3308,,,,,Тросы для судовых систем рулевого управления
3663,,,,,Судовые рулевые колеса
6293,,,,Судовые осветительные приборы
3977,,,Детали и принадлежности для воздушных судов
8237,,,Автомобильные товары для перевозки грузов
2290,,,,Автомобильные органайзеры
3472,,,,Автомобильные конструкции для перевозки багажа
2836,,,,,Автомобильные багажники для велосипедов
4240,,,,,Автомобильные стойки для багажа
6041,,,,,Автомобильные системы крышных багажников
6042,,,,,Автомобильные багажники для плавательных досок
6043,,,,,Автомобильные багажники для лыж и сноубордов
6044,,,,,Автомобильные багажники для скутеров и мотоциклов
6046,,,,,Автомобильные багажники для удочек
6047,,,,,Автомобильные багажники для лодок
7115,,,,,Автомобильные багажники для оружия
4027,,,,Автомобильные прицепы
1133,,,,,Прицепы для перевозки лодок
4037,,,,,Прицепы для перевозки лошадей и домашнего скота
4044,,,,,Автомобильные грузовые прицепы
4243,,,,,Автомобильные жилые прицепы
5512,,,,Мотоциклетные сумки
6454,,,,Принадлежности для автомобильных внешних багажников
7122,,,,,Принадлежности для автомобильных багажников для велосипедов
8086,,,,,Принадлежности для автомобильных багажников для лыж и сноубордов
6744,,,,Автомобильные грузовые сети
8147,,,,Рампы для погрузки автомобилей
8378,,,,Ящики и органайзеры для пикапов
8475,,,,Вешалки и крючки для автомобильных подголовников
8301,,,Товары для обеспечения безопасности и защиты автомобилей
2768,,,,Автомобильные сигнализации и замки
1802,,,,,Автомобильные сигнализации
2699,,,,,Системы для дистанционного отпирания дверей
2750,,,,,Замки для автомобильных рулевых механизмов
3024,,,,,Автомобильные иммобилайзеры
6083,,,,,Мотосигнализации и замки
6084,,,,,Принадлежности для автомобильных сигнализаций
8302,,,,,Автомобильные дверные замки и детали для них
8303,,,,,,Автомобильные дверные замки и системы блокировки
8304,,,,,,Кнопки автомобильных дверных замков
8305,,,,,,Приводы автомобильных дверных замков
235921,,,,,Замки для автомобильных сцепных устройств
500077,,,,,Колесные блокираторы
2879,,,,Товары для обеспечения безопасности автомобилей
6966,,,,,Предупредительные флажки для транспортных средств
8445,,,,,Автомобильные фальшфейеры
8446,,,,,Автомобильные каркасы и брусья безопасности
8447,,,,,Оконные сетки для автомобиля
8448,,,,,Детали для автомобильных подушек безопасности
8449,,,,,Автомобильные ремни безопасности
8476,,,,,Ленты автомобильных ремней безопасности
8477,,,,,Застежки для автомобильных ремней безопасности
8506,,,,,Колесные башмаки для транспортных средств
326120,,,,,Чехлы для автомобильных ремней безопасности
5547,,,,Защитная экипировка для мотоциклистов
2110,,,,,Мотоциклетные шлемы
5106,,,,,Мотоциклетные очки
5908,,,,,Мотоциклетные перчатки
5959,,,,,Защитное оснащение для груди и спины мотоциклистов
5960,,,,,Мотоциклетные пояса для защиты почек и поясницы
5961,,,,,Мотоциклетные шейные воротники
5962,,,,,Защитное оснащение для коленей и щиколоток
5963,,,,,Защита локтей и запястий для мотоциклистов
6493,,,,,Детали и принадлежности для мотоциклетных шлемов
8507,,,,,Защита для рук на руль мотоцикла
362737,,,,Защитное оборудование для мотовездеходов ATV и UTV
362738,,,,,Накладки на руль для мотовездеходов ATV и UTV
8526,,,Автомобильная электроника
891,,,,Автомобильные усилители
894,,,,Автомобильные эквалайзеры и кроссоверы
895,,,,Автомобильные динамики
2833,,,,Автомобильные сабвуферы
5438,,,,Автомобильные кассетные проигрыватели
5525,,,,Автомобильные кассетные адаптеры
5572,,,,Автомобильные комплекты громкой связи
6968,,,,Автомобильные парковочные камеры
8483,,,,Автомобильные кронштейны для мониторов
505766,,,,Автомобильные развлекательные системы
5614,,Транспортные средства
1267,,,Моторные транспортные средства
916,,,,"Легковые машины, грузовики, фургоны"
919,,,,Мотоциклы и скутеры
920,,,,Жилые автофургоны
3549,,,,Снегоходы
3931,,,,Машинки для гольфа
503031,,,,Моторные транспортные средства повышенной проходимости
2528,,,,,Багги и карты
3018,,,,,Мотовездеходы ATV и UTV
3395,,,Воздушные суда
3540,,,Суда
1130,,,,Частные суда
3087,,,,Парусные суда
3095,,,,Моторные лодки
5644,,,,Яхты
922,Канцелярские товары
923,,Товары для хранения документов и архивов
925,,,Коробки для хранения бумаг
926,,,Органайзеры для CD и DVD
927,,,"Календари, органайзеры и планировщики"
928,,,Денежные ящики
930,,,Папки-регистраторы
939,,,Органайзеры для столов
3062,,,Футляры для ручек и карандашей
4312,,,Материалы для брошюровки
4086,,,,Принадлежности для брошюровки
2139,,,,,Защитные обложки для листов
4183,,,,,Разделители с указателями
4212,,,,,Кольца для брошюровки
4182,,,,Скобы и пружины для брошюровки
4303,,,,Сшиватели
7080,,,,Брошюровщики
5070,,,Органайзеры для поздравительных открыток
5531,,,Картотеки
5997,,,Адресные книги
6171,,,Подставки для визиток
6177,,,Футляры для карточек
6190,,,Альбомы для визиток
6779,,,Коробки для карточек с рецептами
6884,,,Обложки для папок и отчетов
543662,,,,Папки файловые
543663,,,,Папки с карманами
6885,,,Портфолио
543640,,,,Папки
543641,,,,Органайзеры
6962,,,Устройства для сортировки почты
932,,Общие принадлежности
934,,,Клейкие ленты для офиса
936,,,Зажимы и скрепки
543675,,,,Скрепки
543676,,,,Канцелярские зажимы для бумаг
938,,,Ластики
944,,,Канцелярские резинки
948,,,Скобы для степлеров
949,,,Кнопки и булавки
956,,,Бумажные изделия
957,,,,Визитные карточки
958,,,,Конверты
959,,,,Картотечные карточки
961,,,,Блокноты
962,,,,Бумага для принтеров и копировальной техники
1513,,,,Обложечная бумага
2658,,,,Переплетная бумага
2689,,,,Стикеры
3457,,,,Почтовая бумага
3871,,,,Почтовые открытки
5264,,,,Чистые идентификационные карты
5918,,,,Бланки и квитанции
5919,,,,Бумага для чеков и счётных машин в рулонах
6930,,,,Чеки
960,,,Ярлыки и этикетки
4117,,,,Транспортные бирки
4137,,,,Зажимы с ярлыками
4154,,,,Ярлыки для папок
4200,,,,Транспортные этикетки
4377,,,,Адресные бирки
5502,,,,Этикеточная лента и сменные рулоны
2591,,,"Корректирующие жидкости, ручки и ленты"
543618,,,,Корректирующие жидкости
543619,,,,Корректирующие ленты
543620,,,,Корректирующие ручки
6319,,,Зажимы для бумаги
8015,,,"Плёнка, пакеты и файлы для ламинирования"
505805,,,Канцелярский пластилин
950,,Офисное оборудование
333,,,Калькуляторы
543517,,,,Графические калькуляторы
543518,,,,Простые калькуляторы
543519,,,,Финансовые калькуляторы
543520,,,,Инженерные калькуляторы
543521,,,,Строительные калькуляторы
337,,,Электронные словари и переводчики
952,,,Машинки для печати этикеток
953,,,Офисные шредеры
954,,,Стенографические системы
955,,,Пишущие машинки
1625,,,Ламинаторы
1708,,,Франкировальные машины
6404,,,Часы для учёта рабочего времени
499864,,,Принадлежности для калькуляторов
964,,Расходные материалы для презентаций
963,,,Прозрачные листы
965,,,Классные доски
966,,,Демонстрационные щиты
1627,,,,Монтажные щиты
2263,,,,Пенокартон
2401,,,,Доски объявлений
2674,,,,Плакатные щиты
7525,,,,Принадлежности для досок объявлений
7526,,,,,Окантовка для досок объявлений
543688,,,,,Наборы лент для оформления стенда
967,,,Этюдники
968,,,Мольберты
969,,,Лазерные указки
970,,,Кафедры
971,,,Маркерные доски
4465,,,Беспроводные устройства для презентаций
4492,,,Документ-камеры
2014,,Обработка бумаги
1803,,,Пресс-папье
1836,,,Сталкивательные машины
2207,,,Фальцевальные машины
6178,,,Подложки для работы карандашом
6467,,,Дыроколы
6486,,,Перчатки-напальчники
2435,,Именные таблички
2636,,Упаковочные материалы
973,,,Упаковочные и посылочные коробки
974,,,Расходные материалы для упаковки
975,,,Упаковочная лента
2986,,Офисные принадлежности
935,,,Планшеты
941,,,Увеличительные стекла
943,,,Точилки для карандашей
947,,,Степлеры
977,,,Инструменты для письма и рисования
978,,,,Мел
979,,,,Цветные мелки
980,,,,Маркеры и выделители
543608,,,,,Маркеры
543609,,,,,Текстовыделители
2623,,,,Уголь для рисования
4752,,,,Пастель для рисования
6065,,,,Ручки и карандаши
982,,,,,Ручки
6066,,,,,Наборы ручек и карандашей
6068,,,,,Карандаши
981,,,,,,Простые карандаши
543660,,,,,,,Механические карандаши
543661,,,,,,,Деревянные карандаши
3026,,,,,,Карандаши для художественных работ
6067,,,,Многофункциональные письменные принадлежности
2883,,,Сигнальные звонки
4341,,,Офисные резиновые штампы
4470,,,Аксессуары для письменных принадлежностей
4471,,,,Чернила и стержни для ручек
4472,,,,Карандашные грифели
7117,,,,Чернила для заправки маркеров
543666,,,,,Чернила для маркеров
543667,,,,,Чернила для текстовыделителей
4499,,,Антистеплеры
503746,,,Диспенсеры для клейкой ленты
505830,,,Канцелярские ножи
5829,,Машины для импульсной сварки
6174,,Принадлежности для книг
93,,,Закладки
4941,,,Лампы для книг
6175,,,Подставки и упоры для книг
6176,,,Обложки для книг
6373,,Офисные тележки
1996,,,Стойки для аудио- и видеооборудования
6179,,,Хозяйственные тележки
6180,,,Тележки для документов
6181,,,Почтовые тележки
6182,,,Тележки для книг
6519,,Офисные коврики
6462,,,Коврики против усталости
6520,,,Коврики для офисов
6521,,,Коврики для кресел
8078,,Настольные коврики
8499,,Наколенные столики
988,Спортивные товары
990,,Товары для фитнеса
993,,,Мячи для фитнеса
999,,,Товары для йоги и пилатеса
3640,,,,Коврики для йоги и пилатеса
3810,,,,Тренажеры для пилатеса
5107,,,,Сумки для ковриков для занятий йогой
6743,,,,Полотенца для йоги и пилатеса
6750,,,,Блоки для йоги и пилатеса
3938,,,Медицинские мячи
4669,,,Коврики для тренажеров
5319,,,Вспененные ролики для упражнений
5693,,,Секундомеры
5869,,,Резиновые ленты для упражнений
6103,,,Утяжеленная одежда
6337,,,Принадлежности для спортивных валиков
6338,,,,Сумки для хранения спортивных валиков
6867,,,Эспандеры для рук
7174,,,Шары для тренировок реакции
8062,,,Парашюты для тренировки скорости и силы
8066,,,Виброплатформы
8215,,,Перекладины для отжимания и подтягивания
8471,,,Треугольные подушки для тренировок
237166,,,Платформы для аэробики
355576,,,Инверсионные столы и системы
499792,,,Товары для кардиотренировок
2614,,,,Скакалки
4589,,,,Кардиотренажеры
992,,,,,Эллиптические тренажеры
994,,,,,Велотренажеры
995,,,,,Гребные тренажеры
996,,,,,Тренажеры-лестницы и степперов
543610,,,,,,Тренажёры-лестницы
543611,,,,,,Степперы
997,,,,,Беговые дорожки
4598,,,,Принадлежности для кардиотренажеров
499699,,,,,Принадлежности для беговых дорожек
499700,,,,,Принадлежности для тренажеров-лестниц и степперов
499701,,,,,Принадлежности для гребных тренажеров
499702,,,,,Принадлежности для велотренажеров
499703,,,,,Принадлежности для эллиптических тренажеров
499793,,,Товары для тяжелой атлетики
3164,,,,Тренажеры со свободным отягощением
3217,,,,Принадлежности для силовых тренажеров и тренировочных скамей
3542,,,,Силовые тренажеры и стойки
3654,,,,Пояса для тяжелой атлетики
3858,,,,Перчатки и эластичные бинты для тяжелой атлетики
6452,,,,Принадлежности для свободных весов
3271,,,,,Грифы для штанг
8083,,,,,Стеллажи для свободных весов
499794,,,,,Замки для штанг
499795,,,Спортивные скамьи
499796,,,Балансировочные тренажеры
499797,,,Гимнастические колеса и ролики
499798,,,Подвесные системы для тренировок
499912,,,Стойки для силовых тренировок
499978,,,Комплекты спортивных тренажеров
505302,,,Отражатели и осветители для занятий спортом
1001,,Зальные игры
1002,,,Аэрохоккей
3245,,,,Столы для аэрохоккея
3548,,,,Детали столов для аэрохоккея
505330,,,,Снаряжение для игры в аэрохоккей
1003,,,Бильярд
3059,,,,Полки для бильярдных шаров
3135,,,,Бильярдные шары
3139,,,,Бильярдные столы
3183,,,,Детали и принадлежности для бильярдного стола
3547,,,,,Сукно для бильярдных столов
3574,,,,,Бильярдные лузы
3754,,,,,Щетки для чистки бильярдных столов
8065,,,,,Чехлы для бильярдных столов
3222,,,,Принадлежности для киев
3720,,,,,Стойки для киев
499993,,,,,Чехлы для киев
499994,,,,,Мел для киев
3469,,,,Лампы для бильярдных столов
3755,,,,Перчатки для бильярда
3910,,,,Бильярдные кии
1004,,,Боулинг
3219,,,,Шары для боулинга
3260,,,,Фиксаторы на запястье для боулинга
3535,,,,Перчатки для боулинга
3669,,,,Кегли для боулинга
3698,,,,Сумки для боулинга
1005,,,Товары для игры в дартс
3327,,,,Части дротиков для дартса
3109,,,,,Основы дротиков для дартса
3250,,,,,Иглы дротиков для дартса
3766,,,,,Крылья дротиков для дартса
3559,,,,Доски для дартса
3839,,,,Дротики для дартса
3957,,,,Основа для дартса
1007,,,Товары для настольного футбола
3524,,,,Детали стола и принадлежности для настольного футбола
3641,,,,Мячики для настольного футбола
3847,,,,Столы для настольного футбола
1008,,,Товары для настольного тенниса
3132,,,,Принадлежности для роботов для настольного тенниса
3345,,,,Столы для настольного тенниса
3375,,,,Ракетки и наборы для настольного тенниса
3546,,,,Роботы для настольного тенниса
3788,,,,Сетки и стойки для настольного тенниса
3900,,,,Принадлежности для ракеток для настольного тенниса
3964,,,,Мячики для настольного тенниса
1009,,,Товары для настольного шаффлборда
3148,,,,Столы для шаффлборда
3996,,,,Порошок для настольного шаффлборда
4021,,,,Шайбы для настольного шаффлборда
7010,,,Универсальные столы для игр
1011,,Товары для отдыха на открытом воздухе
1013,,,Товары для туристических походов
1014,,,,Походная мебель
3089,,,,,Раскладушки
3695,,,,,Надувные матрасы
4451,,,,,Принадлежности для надувных матрасов и ковриков
1016,,,,Туристическая кухонная и столовая посуда
1019,,,,Туристические лампы и фонари
1020,,,,Спальные мешки
1021,,,,Туристические спальные коврики
1022,,,,Палатки
1023,,,,Переносные водоочистители
3508,,,,Химические грелки для рук
3538,,,,Москитные сетки
3738,,,,Трекинговые палки
3937,,,,Туристические инструменты
3495,,,,,Охотничьи ножи
4095,,,,,Многофункциональные приборы и ножи
4785,,,,Навигационные компасы
5636,,,,Компрессионные мешки
5655,,,,Принадлежности для палаток
5656,,,,,Дно для палаток
5657,,,,,Тамбуры палаток
5658,,,,,Колышки и стойки для палаток
499680,,,,,Внутренние палатки
5881,,,,Вкладыши для спальных мешков
7154,,,,Принадлежности для трекинговых палок
8079,,,,Ветрозащитные экраны
502993,,,,Переносные туалеты и души
502994,,,,,Переносные души со шторами
503009,,,,,Переносные туалеты и устройства для мочеиспускания
1025,,,Велоспорт
1026,,,,Велосипеды
1030,,,,Одноколесные велосипеды
3070,,,,Принадлежности для одноколесных велосипедов
3214,,,,Велосипедные принадлежности
1027,,,,,Велосипедные замки
1028,,,,,Передние и задные велосипедные стойки
3243,,,,,Велосипедные компьютеры
3341,,,,,Велосипедные корзинки
3368,,,,,Велосипедные зеркала
3428,,,,,Велосипедные стойки и крепления
3558,,,,,Сумки и чехлы для перевозки велосипедов
3631,,,,,Тренировочные колеса
3719,,,,,Велосипедные крылья
3778,,,,,Велосипедные сумки
3811,,,,,Велосипедные прицепы
3827,,,,,Велосипедные насосы
3868,,,,,Тренировочные стойки
3879,,,,,Велосипедные звонки и гудки
4145,,,,,Клетки для велосипедов
5540,,,,,Принадлежности для велокомпьютеров
5842,,,,,Детские сиденья для велосипедов
6048,,,,,Велосипедные багажники для досок для сёрфинга
6442,,,,,Чехлы для велосипедов
6445,,,,,Чехлы для велосипедных сидений
6506,,,,,Ударные велосипедные насосы
7223,,,,,Ремешки и туклипсы велосипедных педалей
7448,,,,,Бусины для велосипедных спиц
499694,,,,,Наборы и материалы для ремонта велосипедных шин
500067,,,,,Запчасти и приспособления для детских велосипедных кресел
500092,,,,,Ручки и украшения для велосипедного руля
500109,,,,,Комплекты для установки электронного привода на велосипед
505668,,,,,Инструменты для ремонта велосипедов
3531,,,,Трехколесные велосипеды
3618,,,,Детали для велосипедов
3216,,,,,Велосипедные колеса
3292,,,,,Велосипедные седла
3639,,,,,Велосипедные рамы
3740,,,,,Детали тормозных систем велосипедов
4574,,,,,,Велосипедные тормозные скобы
4575,,,,,,Велосипедные тормозные рычаги
4576,,,,,,Велосипедные тормозные роторы
4577,,,,,,Велосипедные тормозные системы
4194,,,,,Велосипедные седлодержатели
4571,,,,,Велосипедные шины
4572,,,,,Велосипедные камеры
4582,,,,,Велосипедные рули
4583,,,,,Велосипедные выносы руля
4585,,,,,Детали ходовой части велосипеда
4586,,,,,,Велосипедные кассеты звездочек
4587,,,,,,Велосипедные цепи
4588,,,,,,Велосипедные переключатели передач
4590,,,,,,Велосипедные каретки
4591,,,,,,Велосипедные передние звездочки
4592,,,,,,Велосипедные шатуны
4593,,,,,,Велосипедные педали
4594,,,,,,Велосипедные переключатели скоростей
4595,,,,,Зажимы велосипедных седлодержателей
4596,,,,,Мелкие детали для велосипедов
4597,,,,,Детали велосипедного колеса
4599,,,,,,Велосипедные ступицы
4600,,,,,,Велосипедные спицы
4601,,,,,,Велосипедные ниппели
4602,,,,,,Ободы велосипедных колес
7538,,,,,,Велосипедные подножки
8528,,,,,,Оси и эксцентрики для велосипедных колес
499875,,,,,,Велосипедные ободные ленты
500053,,,,,,Детали велосипедных ступиц
4603,,,,,Велосипедные вилки
6960,,,,,Удлинители велосипедных ручек
7477,,,,,Рулевые колонки велосипедов
7478,,,,,Детали для рулевых колонок велосипедов
7479,,,,,,Кольца для рулевых колонок велосипедов
7480,,,,,,Подшипники для рулевых колонок велосипедов
8239,,,,,Откидные подножки для велосипедов
499684,,,,,Оболочки велосипедных тросов
499685,,,,,Велосипедные тросы
499868,,,,,Велосипедные групсеты
499869,,,,,Колпачки для велосипедных вентилей
499870,,,,,Велосипедные вентили
499871,,,,,Адаптеры для велосипедных вентилей
3634,,,,Принадлежности для трехколесных велосипедов
3982,,,,Экипировка и принадлежности для велосипедного спорта
1029,,,,,Велосипедные шлемы
3118,,,,,Шипы для велотуфель
3246,,,,,Велосипедные перчатки
3272,,,,,Велосипедные бахилы
7474,,,,,Принадлежности для шипов для велотуфель
7453,,,,,,Крышки для шипов для велотуфель
7475,,,,,,Шайбы и стержни для шипов для велотуфель
7476,,,,,,Болты для шипов для велотуфель
8061,,,,,Щитки для велосипедистов
500028,,,,,Запчасти и приспособления для велосипедных шлемов
1031,,,Конный спорт
3257,,,,Товары для ухода за лошадьми
5025,,,,,Средства для ухода за лошадьми
6386,,,,,,Триммеры и машинки для стрижки лошадей
499818,,,,,,"Щетки, гребни и варежки для чистки лошадей"
5569,,,,,Денниковые бинты и защита ног
6898,,,,,Одеяла для лошадей
7459,,,,,Витамины и добавки для лошадей
7481,,,,,Лакомства для лошадей
7482,,,,,Корм для лошадей
499817,,,,,Москитные маски для лошадей
499819,,,,,Противоглистные средства для лошадей
5593,,,,Сбруя
1491,,,,,Подпруги
1754,,,,,Поводья
2210,,,,,Сёдла
2756,,,,,Упряжь
3426,,,,,Уздечки
4018,,,,,Удила
8109,,,,,Стремена
499709,,,,,Поводья для лошадей
499710,,,,,Недоуздки для лошадей
5594,,,,Экипировка и принадлежности для верховой езды
3084,,,,,Перчатки для конного спорта
3265,,,,,Стеки и кнуты для верховой езды
3821,,,,,Шлемы для конного спорта
6914,,,,,Брюки для верховой езды
7215,,,,Принадлежности для сбруи
8107,,,,,Принадлежности для сёдел
7216,,,,,,Седельные сумки
8108,,,,,,Вальтрапы и потники
326122,,,,,,Седельные сумки и корзины
499959,,,,,,Чехлы для седел
499820,,,,,Ящики для сбруи
1043,,,Гольф
1044,,,,Сумки для гольфа
1045,,,,Мячи для гольфа
1046,,,,Клюшки для гольфа
3106,,,,Стойки для мячей для гольфа
3578,,,,Флажки для гольфа
3642,,,,Принадлежности и детали для клюшек для гольфа
4043,,,,,Чехлы для битков клюшек для гольфа
4254,,,,,Ручки клюшек для гольфа
499780,,,,,Стержни для клюшек для гольфа
3772,,,,Тренировочные приспособления для гольфа
4466,,,,Перчатки для гольфа
4467,,,,Полотенца для гольфа
4605,,,,Принадлежности для сумок для гольфа
4525,,,,,Сумки и чехлы для мячей для гольфа
4537,,,,,Тележки для гольфа
6864,,,,Маркеры для мячей для гольфа
7314,,,,Наборы принадлежностей для гольфа
8044,,,,Вилки для гольфа
3276,,,Товары для скейтбординга
1059,,,,Скейтборды
3067,,,,Защитное снаряжение для скейтбордистов
3488,,,,,Защитные накладки для скейтбординга
7789,,,,,Перчатки для скейтбординга
499776,,,,,Шлемы для скейтбординга
3127,,,,Направляющие для скейта
3626,,,,Рампы для скейта
3670,,,,Детали для скейтбордов
3192,,,,,Подвески для скейтбордов
3637,,,,,Колёса для скейтбордов
3869,,,,,Доски для скейтбордов
505817,,,,,Мелкие детали для скейтбордов
3334,,,Товары для рыбной ловли
1037,,,,Рыболовная леска и поводки
1041,,,,Сумки и коробки для рыболовных снастей
3096,,,,Живая приманка
3614,,,,Рыболовные сети
4926,,,,Рыболовные катушки
4927,,,,Удочки
5406,,,,Сапоги для рыбалки и охоты
6495,,,,Контейнеры для рыболовных наживок и приманок
7217,,,,Материалы для вязания мушек
6440,,,,,Рыболовная пряжа
7125,,,,,Рыболовные бусы
7221,,,,Рыболовные садки
7342,,,,Рыболовные багры
7343,,,,Рыболовные копья
7344,,,,Инструменты для извлечения рыболовных крючков
8064,,,,Сигнализаторы поклевки
8092,,,,Принадлежности для рыболовных катушек
8094,,,,,Смазка для рыболовных катушек
8208,,,,,Сменные рыболовные катушки
8273,,,,,Сумки и чехлы для рыболовных катушек
8093,,,,Принадлежности для удочек
8272,,,,,Сумки и чехлы для удочек
499942,,,,,Подставки и стеллажи для удочек
499823,,,,Рыболовные снасти
3359,,,,,Рыболовные крючки
3603,,,,,Наживка и приманка для рыбной ловли
3651,,,,,Рыболовные грузила
3859,,,,,Рыболовные поплавки
7222,,,,,Рыболовные застежки и вертлюги
3789,,,Товары для дельтапланеризма и прыжков с парашютом
4023,,,,Парашюты
4327,,,,Дельтапланы
5877,,,,Костюмы для воздушного спорта
5635,,,Рюкзаки-водопойки
5879,,,Самокаты и скутеры для катания
5998,,,Принадлежности для питьевых систем
7059,,,Скалолазание
3201,,,,Чехлы для веревок
3211,,,,Мешочки для магнезии
3218,,,,Страховочные системы
3266,,,,Защитная экипировка для альпинизма
3322,,,,Амортизирующие прокладки для скалолазания
3363,,,,Страховочные приспособления
3369,,,,Альпинистские ленты
3454,,,,Жумары и спусковые устройства для скалолазания
3518,,,,Зацепы для скалодрома
3746,,,,Карабины
3825,,,,Веревки для альпинизма
3849,,,,Оттяжки
7060,,,,Инструменты для ледолазания
7061,,,,Альпинистские ледобуры
499815,,,,Снаряжение и принадлежности для скалолазания
3314,,,,,Защитные каски для скалолазания
5394,,,,,Альпинистские кошки
499816,,,,,Перчатки для скалолазания
7375,,,Лендкайтинг
7376,,,,Багги для лендкайтинга
7377,,,,Принадлежности для лендкайтинга
499761,,,Товары для катания на роликовых коньках
1058,,,,Роликовые коньки
2837,,,,Двухрядные ролики
499759,,,,Детали для роликовых коньков вида инлайн
499760,,,,Детали для роликовых коньков вида квад
499771,,,,Защитная экипировка для катания на роликовых коньках
499775,,,,,Защитные накладки для катания на роликовых коньках
500029,,,,Лыжероллеры
499811,,,Гребля и водные виды спорта
1120,,,,Товары для гребли и рафтинга
1124,,,,,Каноэ
1127,,,,,Байдарки
1129,,,,,Вёсла
3406,,,,,Гребные лодки
3476,,,,,Плоты для сплава по бурным рекам
6097,,,,,Водные велосипеды
6312,,,,,Принадлежности для байдарок
6314,,,,,Принадлежности для каноэ
7449,,,,,Перчатки для гребли
499964,,,,,Тросы для весел
1135,,,,Товары для дайвинга и сноркелинга
1136,,,,,Компенсаторы плавучести
1137,,,,,Компьютеры для дайвинга
1139,,,,,Ласты для дайвинга и сноркелинга
1140,,,,,Маски для дайвинга и сноркелинга
1141,,,,,Регуляторы для дайвинга
1142,,,,,Трубки для сноркелинга
5312,,,,,Водолазные ножи
6514,,,,,Пояса для дайвинга
499867,,,,,Комплекты оборудования для дайвинга и сноркелинга
1143,,,,Товары для сёрфинга
3320,,,,,Доски для сёрфинга
3525,,,,,Плавники для сёрфинговых досок
3579,,,,,Футляры для сёрфинговых досок
3649,,,,,Ремешки для сёрфинговых досок
3762,,,,,Хвостовые накладки для сёрфинга
3801,,,,,Воск для сёрфинговых досок
6286,,,,,Доски для сёрфинга по мелководью
6287,,,,,Доски для бодисёрфинга
6288,,,,,Пэдлборды
7451,,,,,Перчатки для сёрфинга
1144,,,,Товары для плавания
2966,,,,,Доски для плавания
3304,,,,,Перчатки для плавания
3360,,,,,Очки для плавания
3595,,,,,Колобашки для плавания
3596,,,,,Машины для плавания
3807,,,,,Шапочки для плавания
6330,,,,,Принадлежности для масок и очков для плавания
6473,,,,,Лопатки для плавания
6511,,,,,Ласты
2512,,,,,,Тренировочные ласты
6512,,,,,,Моноласты
6513,,,,,Пояса для плавания
6515,,,,,Носовые зажимы для пловцов
6550,,,,,Грузы для плавания
7104,,,,,Средства для обучения детей плаванию
1148,,,,Товары для виндсёрфинга
3413,,,,,Паруса для виндсёрфинга
3624,,,,,Детали для виндсёрфинговых досок
3285,,,,,,Мачты для виндсёрфинговых досок
3908,,,,,,Плавники для виндсёрфинговых досок
3894,,,,,Доски для виндсёрфинга
3195,,,,Буксирный водный спорт
1146,,,,,Товары для катания на водных лыжах
3289,,,,,,Гидрофойлы
3350,,,,,,Водные лыжи
6296,,,,,,Сумки и чехлы для водных лыж
6302,,,,,,Крепления для водных лыж
3282,,,,,Вейкбординг
3353,,,,,,Вейкборды
505291,,,,,,Детали для вейкбордов
505317,,,,,,Крепления для кайтбордов и вейкбордов
3370,,,,,Нибординг
3101,,,,,,Ниборды
3636,,,,,Буксирные тросы для водного спорта
6301,,,,,Прицепные плоты и водные круги
7452,,,,,Перчатки для буксирного водного спорта
5579,,,,Товары для кайтсёрфинга
5580,,,,,Кайтборды
5581,,,,,Детали для кайтбордов
5582,,,,,Кайты для кайтсёрфинга
5583,,,,,Трапеции для кайтсёрфинга и винсёрфинга
5584,,,,,Чехлы для кайтбордов
7178,,,,Стеллажи для хранения плавсредств
8172,,,,,Стеллажи для хранения лодок
8173,,,,,Стеллажи для хранения досок для водных видов спорта
499813,,,,Одежда для гребли и водных видов спорта
1128,,,,,Спасательные жилеты
1138,,,,,Гидротермокостюмы
1147,,,,,Гидрокостюмы
3376,,,,,Рашгарды
6496,,,,,Принадлежности для спасательных жилетов
499687,,,,,Шлемы для водных видов спорта
499814,,,,,Части гидрокостюмов
5399,,,,,,"Шлемы, перчатки и боты для гидрокостюмов"
5400,,,,,,Штаны гидрокостюмов
5401,,,,,,Куртки гидрокостюмов
499824,,,Товары для охоты и стрельбы
1033,,,,Товары для стрельбы из лука
3291,,,,,Принадлежности и части стрел
499830,,,,,,Спортивные и охотничьи наконечники для стрел
499831,,,,,,Оперение стрел
499832,,,,,,Хвостовики стрел
3533,,,,,Стрелы для луков и арбалетов
3757,,,,,Колчаны
3773,,,,,Защита для рук при стрельбе из лука
3883,,,,,Мишени для стрельбы из лука
499825,,,,,Луки и арбалеты
3332,,,,,,Блочные луки
3505,,,,,,Арбалеты
3715,,,,,,Длинные луки
499826,,,,,Принадлежности для луков и арбалетов
499833,,,,,Перчатки и спусковые механизмы для стрельбы из лука
3125,,,,Товары для стендовой стрельбы
3305,,,,,Машины для запуска тарелочек
3528,,,,,Тарелочки для стендовой стрельбы
3136,,,,Товары для охоты
1034,,,,,Охотничья маскировка
3674,,,,,Капканы
3748,,,,,Лабазы
5917,,,,,Снаряжение для охотничьих собак
6992,,,,,Кормушки для диких животных
7373,,,,,Наушники с усилителями звука
8011,,,,,Аттрактанты для диких животных
3583,,,,,,Приманки для охоты
3756,,,,,,Манки для охоты
8080,,,,,,Маскирующие запахи и аттрактанты
8081,,,,,,"Приманка, корм и минералы для диких животных"
7460,,,,Защитная экипировка для охоты и стрельбы
7461,,,,,Перчатки для охоты и стрельбы
7518,,,,,Куртки для охоты и стрельбы
499834,,,,Товары для пейнтбола и страйкбола
1049,,,,,Пейнтбол
3187,,,,,,Детали и принадлежности для пейнтбольного оружия
3152,,,,,,,Магазины для пейнтбола
3244,,,,,,,Баллоны для пейнтбола
3690,,,,,,,Орудийный ствол для пейнтбола
8514,,,,,,,Выносы для пейнтбольного оружия
3234,,,,,,Пейнтбольное оружие
3408,,,,,,Гранаты для пейнтбола
3438,,,,,,Пейнтбольные шарики
6748,,,,,,Пейнтбольные гранатометы
6781,,,,,,Пейнтбольные рюкзаки и разгрузочные жилеты
2443,,,,,Страйкбол
3093,,,,,,Оружие для страйкбола
3116,,,,,,Детали и принадлежности для страйкбольного оружия
8005,,,,,,,Батареи для страйкбольного оружия
3925,,,,,,Пули для страйкбольного оружия
499835,,,,,Защитное снаряжение для пейнтбола и страйкбола
499836,,,,,,Перчатки для пейнтбола и страйкбола
499837,,,,,,Жилеты для пейнтбола и страйкбола
499838,,,,,,Защитные очки и маски для пейнтбола
499839,,,,,,Накладки для пейнтбола и страйкбола
499840,,,,Принадлежности для стрельбы и полигонов
3170,,,,,Мишени
499841,,,,,Упоры и подставки для стрельбы
499842,,,,,Станки для стрельбы
499844,,,Товары для зимних видов спорта и игр
1166,,,,Ходьба на снегоступах
3064,,,,,Снегоступы
3073,,,,,Крепления для снегоступов
7539,,,,Сани и нарты
499845,,,,Товары для лыжного спорта и сноубординга
1157,,,,,Лыжные палки
1161,,,,,Шлемы для лыж и сноуборда
1162,,,,,Крепления для сноуборда
1163,,,,,Ботинки для сноубординга
1164,,,,,Доски для сноубординга
3550,,,,,Очки для лыж и сноуборда
5088,,,,,Детали креплений для сноубордов
6062,,,,,Лыжные ботинки
6063,,,,,Лыжные крепления
6064,,,,,Лыжи
1158,,,,,,Горные лыжи
3331,,,,,,Беговые лыжи
7224,,,,,Сумки для лыж и сноубордов
7558,,,,,Стеллажи для хранения лыж и сноубордов
8074,,,,,Воск для лыж и сноубордов
8203,,,,,Принадлежности для очков для лыжного спорта и сноубординга
5050,,,,,,Линзы для лыжных очков
499681,,,,,Ремешки для лыж и сноубордов
505296,,,,,Детали креплений для лыж
505772,,,,,Инструменты для лыж и сноубордов
499951,,,,Оборудование для спасательных работ при сходе лавин
499877,,,,,Лавинные подушки безопасности
499952,,,,,Лавинные зонды
499846,,,Товары для подвижных игр
1062,,,,Товары для бадминтона
3107,,,,,Сетки для бадминтона
3907,,,,,Воланы
3950,,,,,Ракетки и наборы для бадминтона
3126,,,,Тетербол
499882,,,,,Стойки для тетербола
499883,,,,,Комплекты для тетербола
499884,,,,,Мячи для тетербола
3390,,,,Товары для пиклбола
499847,,,,,Мячи для пиклболла
499848,,,,,Ракетки для пиклболла
3405,,,,Газонные игры
3484,,,,Диск-гольф
3227,,,,,Корзины для диск-гольфа
3993,,,,,Сумки для диск-гольфа
3787,,,,Шаффлборд
3190,,,,,Шайбы для шаффлборда
3689,,,,,Кии для шаффлборда
7430,,,,Наборы для пэдлбола
499904,,,,Товары для тенниса на платформе и падл-тенниса
499849,,,,,Мячи для тенниса на платформе
499850,,,,,Ракетки для тенниса на платформе и падл-тенниса
499713,,Товары для атлетических видов спорта
989,,,Товары для танцев
3269,,,,Балетные станки
1000,,,Гимнастика
3123,,,,Гимнастические трамплины
3182,,,,Гимнастические кони
3774,,,,Гимнастические кольца
3779,,,,Гимнастические снаряды для опорных прыжков
3808,,,,Защитная экипировка для гимнастики
499781,,,,,Гимнастические захваты
503763,,,,Гимнастические перекладины и бревна
1006,,,Фехтование
3261,,,,Защитная экипировка для фехтования
3366,,,,,Фехтовальные перчатки и браслеты
3707,,,,,Фехтовальные маски
499740,,,,,Фехтовальные куртки
3622,,,,Фехтовальное оружие
1047,,,Товары для командного гандбола
499785,,,,Мячи для гандбола
1060,,,Товары для беговых видов легкой атлетики
3149,,,,Барьеры для бега
3389,,,,Метательные копья
3445,,,,Перекладины для прыжков в высоту
3478,,,,Метательные диски
3770,,,,Спортивные ядра
3864,,,,Ямы для прыжков в высоту
3878,,,,Эстафетные палочки
3880,,,,Метательные молоты
3987,,,,Ямы для прыжков с шестом
3997,,,,Стартовые пистолеты
4020,,,,Шесты
499786,,,,Стартовые колодки
1065,,,Товары для тенниса
3105,,,,Корзины и тележки для теннисных мячей
3113,,,,Теннисные мячи
3565,,,,Модули хранения теннисных мячей
3658,,,,Принадлежности для теннисных ракеток
3295,,,,,Втулки для теннисных ракеток
3352,,,,,Демпферы для ракеток
3403,,,,,Обмотки и ленты для ручек теннисных ракеток
3638,,,,,Сумки для теннисных ракеток
3922,,,,,Струны для теннисных ракеток
3906,,,,Теннисные ракетки
3961,,,,Теннисные сетки
3985,,,,Машины для запуска теннисных мячей
1068,,,Борьба
3057,,,,Защитная экипировка для борьбы
499790,,,,,Наколенники для рестлинга
499791,,,,,Шлемы для рестлинга
1070,,,Товары для бейсбола и софтбола
1076,,,,Перчатки и рукавицы для бейсбола и софтбола
1077,,,,Машины автоматической подачи бейсбольного мяча
1078,,,,Защитная экипировка для бейсбола и софтбола
3668,,,,,Шлемы для бейсбола и софтбола
499715,,,,,Защита груди для бейсбола и софтбола
499716,,,,,Наборы экипировки для кэтчеров
499717,,,,,Шлемы и маски для кэтчеров
499718,,,,,Защита ног для бейсбола и софтбола
3544,,,,Бейсбольные и софтбольные базы
3671,,,,Мячи для софтбола
3679,,,,Биты для софтбола
3747,,,,Перчатки для бейсбола и софтбола
3783,,,,Бейсбольные мячи
3790,,,,Бейсбольные биты
234670,,,,Горки для бейсбольных и софтбольных питчеров
234671,,,,Коврики для бейсбольных и софтбольных питчеров
1081,,,Товары для баскетбола
1082,,,,Баскетбольные корзины
1083,,,,Баскетбольные мячи
4676,,,,Детали и принадлежности для баскетбольных корзин
3829,,,,,Баскетбольные сетки
4050,,,,,Баскетбольные стойки
4089,,,,,Баскетбольные щиты
4192,,,,,Баскетбольные кольца
7251,,,,,Амортизирующие подкладки для баскетбола
499751,,,,Баскетбольные тренажеры
1087,,,Товары для крикета
3815,,,,Биты для крикета
3870,,,,Мячи для крикета
499734,,,,Стойки для крикета
499735,,,,Комплекты инвентаря для крикета
499736,,,,Защитная экипировка для крикета
3339,,,,,Перчатки для крикета
3543,,,,,Шлемы для крикета
499739,,,,,Защита ног для крикета
499737,,,,Принадлежности для крикетных бит
499738,,,,,Ручки для крикетных бит
1093,,,Американский футбол
1094,,,,Мячи для американского футбола
1097,,,,Защитное оснащение для американского футбола
1098,,,,,Шлемы для американского футбола
3060,,,,,Принадлежности для шлемов для американского футбола
3063,,,,,,Защитные козырьки на шлемы для американского футбола
3090,,,,,,Защитные маски для американского футбола
3247,,,,,,Предметы защиты подбородка для американского футбола
3343,,,,,,Накладки на шлемы для американского футбола
3497,,,,,Накладки на шею для американского футбола
3510,,,,,Защитные пояса для американского футбола
3621,,,,,Накладки на плечи для американского футбола
499778,,,,,Защитные майки и жилеты для американского футбола
3442,,,,Перчатки для американского футбола
3492,,,,Штанги ворот для американского футбола
3656,,,,Подставки для мяча для американского футбола
3998,,,,Тренировочная форма для американского футбола
499779,,,,,Манекены и тележки для американского футбола
1110,,,Товары для регби
3487,,,,Перчатки для регби
3761,,,,Мячи для регби
3881,,,,Стойки для регби
3983,,,,Тренировочное оборудование для регби
499782,,,,Защитная экипировка для регби
3077,,,,,Шлемы для регби
1111,,,Товары для футбола
1112,,,,Футбольные мячи
1113,,,,Футбольные ворота
3141,,,,Вратарские футбольные перчатки
3973,,,,Угловые флажки
6055,,,,Принадлежности для футбольных ворот
499784,,,,Защитная экипировка для футбола
1114,,,,,Средства защиты голеней для футбола
1115,,,Товары для волейбола
1116,,,,Волейбольные мячи
1117,,,,Волейбольные сетки
499787,,,,Оборудование для волейбольных тренировок
499788,,,,Защитная экипировка для волейбола
499789,,,,,Наколенники для волейбола
1145,,,Водное поло
3575,,,,Шапочки для водного поло
3678,,,,Ворота для водного поло
3794,,,,Мячи для водного поло
3354,,,Чирлидинг
3953,,,,Помпоны для чирлидинга
6734,,,Оборудование для брумбола
6739,,,Принадлежности для судей и тренеров
6729,,,,Штрафные карты и флажки
6730,,,,Свистки для судей и тренеров
6731,,,,Флажки для линейных судей
8505,,,,Спортивные табло
499727,,,,Судейские сумки
499729,,,,Капитанские повязки
499730,,,,Судейские идикаторы
499731,,,,Бейсбольные счетчики
499732,,,,Монеты и диски для подбрасывания
499733,,,,Судейские стойки и кресла
505813,,,,Инструменты и средства для нанесения разметки на поля и площадки
7156,,,Товары для английской лапты
7157,,,,Перчатки для английской лапты
7158,,,,Биты для английской лапты
499719,,,Товары для бокса и боевых искусств
3411,,,,Элементы боксерского ринга
3652,,,,Боксерские ринги
3717,,,,Пояса для боевых искусств
4008,,,,Защитная экипировка для бокса
3235,,,,,Боксерские перчатки
499722,,,,,Шлемы для бокса и боевых искусств
499723,,,,,Защита корпуса для бокса и боевых искусств
499724,,,,,Средства защиты голеней для смешанных боевых искусств
499725,,,,,Щитки для рук для бокса и боевых искусств
499726,,,,,Бинты для рук для бокса и смешанных боевых искусств
4282,,,,Оружие для боевых искусств
499720,,,,Тренажеры для бокса и боевых искусств
3297,,,,,Боксерские груши
7116,,,,,Манекены для захватов
7129,,,,,Принадлежности для боксерских и тренировочных груш
499721,,,,,Щиты для отработки ударов и макивары
499769,,,,,Лапы для бокса и смешанных боевых искусств
499741,,,Товары для хоккея на траве и лакросса
1089,,,,Мячи для хоккея на траве
1092,,,,Клюшки для хоккея на траве
3001,,,,Ворота для хоккея на траве
3204,,,,Тренировочное оборудование для лакросса
3336,,,,Детали клюшек для лакросса
3418,,,,,Головки для клюшек для лакроса
3423,,,,,Ручки для клюшек для лакросса
3785,,,,,Сетки и шнурки для лакросса
3536,,,,Мячи для лакросса
3817,,,,Клюшки для лакросса
3970,,,,Ворота для лакросса
499742,,,,Наборы оборудования для лакросса
499744,,,,Защитная экипировка для хоккея на траве и лакросса
499745,,,,,Перчатки для хоккея на траве и лакросса
499746,,,,,Шлемы для хоккея на траве и лакросса
499747,,,,,Маски и очки для хоккея на траве и лакросса
502970,,,,,Щитки для хоккея на траве и лакросса
499799,,,Спортивное оборудование общего назначения
3877,,,,Рупоры для спортивных мероприятий
3971,,,,Спортивная магнезия
6344,,,,Сиденья и подушки для стадионов
7397,,,,Сумки и тележки для мячей
7433,,,,Принадлежности для насосов для мячей
7435,,,,,Иглы для насосов для мячей
7434,,,,Насосы для мячей
8077,,,,Тренировочные ворота и сетки для них
8222,,,,Маски для имитации горных тренировок
8319,,,,Конусы для спортивных тренировок
499800,,,,Спортивные защитные раковины
499801,,,,Капы для спортсменов
499802,,,,Лестницы и барьеры для тренировки скорости и ловкости
499803,,,,Гимнастические маты
499903,,,,Стеллажи и тележки для хранения гимнастических и тренировочных матов
499861,,,Экипировка для валлибола
499915,,,Товары для фигурного катания и хоккея
1057,,,,Коньки
1105,,,,Хоккейное защитное снаряжение
3615,,,,,Хоккейные штаны
6078,,,,,Хоккейные перчатки
6080,,,,,Хоккейные шлемы
499755,,,,,Хоккейные щитки для защиты ног
499756,,,,,Хоккейные щитки для защиты локтей
499757,,,,,Хоккейные щитки для защиты груди и плеч
499890,,,,,Наборы экипировки для хоккейных вратарей
499975,,,,,Хоккейные подтяжки и ремни
3791,,,,Детали и принадлежности для коньков
3241,,,,,Затяжки для шнурков коньков
3623,,,,,Точила для коньков
4019,,,,,Накладки на лезвия коньков
6708,,,,,Обувь для фигуристов
7000,,,,,Лезвия для коньков
6074,,,,Хоккейные ворота
6076,,,,Хоккейные клюшки
6077,,,,Хоккейные шайбы и мячи
6857,,,,Хоккейные сани
7011,,,,Детали для хоккейных клюшек
6852,,,,,Крюки для хоккейных клюшек
6942,,,,,Черенки для хоккейных клюшек
7012,,,,Средства для ухода за хоккейными клюшками
503752,,,Ракетболл и сквош
3119,,,,Защитные очки для сквоша и ракетбола
3714,,,,Ракетки для ракетбола
4002,,,,Ракетки для сквоша
499783,,,,Перчатки для сквоша и рэкетбола
503753,,,,Мячи для ракетболла и сквоша
1239,Игры и игрушки
1249,,Оборудование для игр на открытом воздухе
1251,,,Домики для детей
1738,,,Батуты
1863,,,Пого-стики
2743,,,Песочницы
2867,,,Горки
3948,,,Прыгающие ходули
5524,,,Принадлежности для батутов
6269,,,Принадлежности для качелей и детских городков
6270,,,Качели
6271,,,Качели и детские городки
6396,,,Надувные воздушные замки
6397,,,Игровые палатки и туннели
6450,,,Качалки-балансиры
6464,,,Приспособления для водных игр
3556,,,,Водяные столики
6465,,,,Игрушечные разбрызгиватели
500095,,,,Аквапарки и горки
7219,,,Принадлежности для надувных воздушных замков
1253,,Игрушки
1254,,,Конструкторы и строительные игрушки
3163,,,,Горки с шариками
3172,,,,Вспененные блоки
3287,,,,Конструкторы из блоков
3617,,,,Деревянные блоки
3805,,,,Игрушечные строительные наборы
1255,,,"Куклы, фигурки и наборы игрушек"
1257,,,,Куклы
1258,,,,Куклы и марионетки
1259,,,,Мягкие игрушки
2497,,,,Принадлежности для кукольных домиков
2499,,,,Кукольные домики
3166,,,,Игровые наборы
3584,,,,Принадлежности для кукол
6056,,,,Принадлежности для марионеток и кукольного театра
6057,,,,Кукольные театры
6058,,,,Игрушки в виде известных персонажей
7114,,,,Фигурки с качающейся головой
8021,,,,Бумажные и магнитные куклы
1261,,,Летающие игрушки
3263,,,,Игрушечные парашюты
3378,,,,Игрушечные планеры
3460,,,,Воздушные змеи
3966,,,,Воздушно-водяные ракеты
1262,,,Обучающие игрушки
3088,,,,Домашние муравейники
3500,,,,Детские научные наборы
3928,,,,Наборы для сбора и изучения насекомых
5529,,,,Игрушки для обучения чтению
6466,,,,Игрушечные счёты
499938,,,,Астрономические модели и игрушки
500015,,,,Дидактические карточки
1264,,,Музыкальные игрушки
3252,,,,Игрушечные музыкальные инструменты
1266,,,Спортивные игрушки
3199,,,,Фитнес-игрушки
3215,,,,,Обручи
3226,,,,Детский гольф
3371,,,,Игрушечные мячи для американского футбола
3552,,,,Детский баскетбол
3665,,,,Детский боулинг
3675,,,,Бумеранги
3776,,,,Детский бейсбол
3909,,,,Футбэги
3943,,,,Детский хоккей
4167,,,,Фрисби
8529,,,,Игрушечная рыбалка
499965,,,,Мячи
500113,,,,Фингерборды и наборы для фингербордов
505284,,,,Игрушечные ракетки
1268,,,Игрушки для пляжа и песочницы
2505,,,Игрушечные транспортные средства
3296,,,,Игрушечные грузовые и строительные машины
3444,,,,Игрушечные самолеты
3474,,,,Комплекты игрушечных гоночных автомобилей и трасс
3506,,,,Игрушечные вертолеты
3551,,,,Игрушечные машины
3589,,,,Игрушечные космические корабли
3590,,,,Игрушечные мотоциклы
3792,,,,Игрушечные лодки
5152,,,,Игрушечные железные дороги
2546,,,Радиоуправляемые игрушки
3532,,,,Радиоуправляемые лодки
3554,,,,Радиоуправляемые вертолеты
3601,,,,Радиоуправляемые машины
3677,,,,Радиоуправляемые самолёты
5968,,,,Радиоуправляемые мотоциклы
5969,,,,Радиоуправляемые танки
6059,,,,Радиоуправляемые роботы
7090,,,,Радиоуправляемые дирижабли
2778,,,Принадлежности для радиоуправляемых игрушек
2799,,,Игрушки для катания
2724,,,,Педальные машины и машины-каталки для детей
2753,,,,Детские электромобили
3441,,,,Качалки
6379,,,,Детские тележки
6407,,,,Лошадки-качалки
2953,,,Заводные игрушки
3074,,,Сувенирные игрушки
5872,,,,Магнитные игрушки
3207,,,Сухие бассейны
3229,,,Сюжетно-ролевые игры
3129,,,,Игрушки для профессий
3288,,,,Игрушечные садовые инструменты
3298,,,,Игрушечные кухни и еда
543622,,,,,Игрушечные кухонные гарнитуры
543623,,,,,Игрушечная посуда для сервировки стола
543624,,,,,Игрушечная еда
543690,,,,,Игрушечная посуда
3659,,,,Игрушечная электроника
3680,,,,Игрушечные деньги
3751,,,,Игрушечные инструменты
4004,,,,Игрушечное домашнее хозяйство
8295,,,,Игрушечные наборы для похода в магазин
3562,,,Оптические игрушки
3301,,,,Калейдоскопы
3782,,,,Призмы
3625,,,Игрушки-роботы
3627,,,Игрушечное оружие
3731,,,Игрушки для творчества
3079,,,,Доски для рисования
505818,,,,Пластилин
3911,,,Игрушки для купания
4352,,,Развивающие игрушки
3212,,,,Растворы для мыльных пузырей
3466,,,,Волчки
3534,,,,Марблы
3733,,,,Каучуковые шарики
3874,,,,Игрушки для выдувания мыльных пузырей
3929,,,,Йо-йо
4177,,,,Андамании
4216,,,,Игра в бабки
7148,,,,Запасные части и принадлежности для йо-йо
7425,,,,Игрушки для пэдлбола
7473,,,,Игрушки с лентами
7519,,,,Игры бильбоке
5970,,,Принадлежности для детских автомобилей
5153,,,,Принадлежности для игрушечной железной дороги
5971,,,,Принадлежности для игрушечных гоночных автомобилей
7202,,,Принадлежности для игрушек для катания
7311,,,Принадлежности для сухих бассейнов
7312,,,,Шарики для сухих бассейнов
7366,,,Принадлежности для летающих игрушек
7368,,,,Принадлежности для воздушных змеев
7371,,,,,Лебёдки для воздушных змеев
8127,,,Принадлежности для спортивных игрушек
8129,,,,Принадлежности для фитнес-игрушек
8128,,,,,Принадлежности для хулахупов
499712,,,Подарочные корзины с игрушками
500005,,,Принадлежности для игрушечного оружия
3793,,Игры
1246,,,Настольные игры
1247,,,Карточные игры
3749,,,Бинго
4554,,,Портативные электронные игры
5403,,,Покерные фишки и наборы
6037,,,Наборы костей и игры в кости
6038,,,Игры с костяшками
6054,,,Игры на складывание
6329,,,Боевые волчки
6794,,,Принадлежности для боевых волчков
6853,,,Принадлежности для карточных игр
7383,,,Принадлежности для покерных фишек
7384,,,,Лотки и контейнеры для покерных фишек
7411,,,Наборы для блек-джека и крэпса
7412,,,Колеса и наборы для рулетки
8472,,,Слот-машины
3867,,Пазлы и головоломки
2618,,,Пазлы
4011,,,Механические головоломки
6725,,,Деревянные головоломки
7081,,,Принадлежности для пазлов
4648,,Игровые таймеры
2092,Программное обеспечение
313,,Программное обеспечение для компьютеров
315,,,Компиляторы и средства программирования
317,,,Программное обеспечение для обучения
318,,,Программное обеспечение для КПК
319,,,Программное обеспечение для дизайна и обработки мультимедиа
4949,,,,Программное обеспечение для домашнего издательства
4950,,,,ПО для обработки файлов анимации
4951,,,,Программное обеспечение дя графического дизайна
4952,,,,Программное обеспечение для обработки звука
4953,,,,Программное обеспечение для обработки видео
4954,,,,Программное обеспечение для веб-дизайна
5096,,,,Программное обеспечение для создания музыки
6027,,,,Программное обеспечение для трехмерного моделирования
6028,,,,Программное обеспечение для просмотра мультимедиа
6029,,,,Программное обеспечение для дизайна интерьеров
321,,,Операционные системы
3283,,,Программное обеспечение и данные для GPS
5127,,,Программное обеспечение для переводов и словари
5299,,,Антивирусное программное обеспечение
5300,,,Программное обеспечение для работы и бизнеса
5301,,,Утилиты и служебное программное обеспечение для компьютеров
5302,,,Сетевое программное обеспечение
5303,,,Офисное программное обеспечение
5304,,,"Финансовое, бухгалтерское и налоговое программное обеспечение"
7225,,,Диски для восстановления системы
1279,,Видеоигры
5032,,Цифровые товары и валюта
2065,,,Фотографии и видеоматериалы для лицензирования
5034,,,Компьютерные значки
5035,,,Обои для рабочего стола
5036,,,Шрифты
5935,,,Виртуальная валюта
8022,,,Шаблоны документов
500046,,,Произведения цифрового искусства
5181,Багаж и сумки
100,,Рюкзаки
101,,Портфели
103,,Большие спортивные сумки
104,,Поясные сумки
105,,Сумки-чехлы для одежды
106,,Сумки почтальонов
107,,Чемоданы
108,,Сумки для туалетных принадлежностей
110,,Багажные принадлежности
5620,,,Органайзеры для багажа
5650,,,Дорожные сумочки
5651,,,Багажные ярлыки
5652,,,Багажные ремни
6919,,,Дорожные бутылки и контейнеры
7521,,,Чехлы для рюкзаков
499691,,,Багажные стеллажи и стойки
503014,,,Прокладочные материалы и вставки для сухих контейнеров
549,,Сумки для подгузников
5608,,Сумки для покупок
6553,,Дорожные косметички
502974,,Сухие контейнеры
5605,Товары для церемоний и религиозных обрядов
97,,Культовые товары
1949,,,Накидки для культовых церемоний
3923,,,Четки
7120,,,Религиозные алтари
328060,,,Открытки с молитвами
499711,,,Карты таро
5455,,Свадебные товары
5456,,,Цветочницы
5457,,,Подушки для колец
503723,,,Декоративные дорожки для прохода в церкви
5606,,Товары для мемориальных церемоний
5607,,,Мемориальные урны
