1,Animals & Pet Supplies
2,,Pet Supplies
3,,,Bird Supplies
4989,,,,Bird Cages & Stands
4990,,,,Bird Food
4991,,,,Bird Ladders & Perches
4992,,,,Bird Toys
4993,,,,Bird Treats
7385,,,,Bird Cage Accessories
7386,,,,,Bird Cage Food & Water Dishes
499954,,,,,Bird Cage Bird Baths
7398,,,,Bird Gyms & Playstands
4,,,Cat Supplies
3367,,,,Cat Food
543683,,,,,Prescription Cat Food
543684,,,,,Non-prescription Cat Food
4433,,,,Cat Beds
4997,,,,Cat Furniture
4999,,,,Cat Litter
5000,,,,Cat Litter Boxes
5001,,,,Cat Toys
5002,,,,Cat Treats
5082,,,,Cat Apparel
7142,,,,Cat Litter Box Mats
8069,,,,Cat Litter Box Liners
500059,,,,Cat Furniture Accessories
5,,,Dog Supplies
3530,,,,Dog Food
543681,,,,,Prescription Dog Food
543682,,,,,Non-prescription Dog Food
4434,,,,Dog Beds
5004,,,,Dog Apparel
5010,,,,Dog Toys
5011,,,,Dog Treats
5094,,,,Dog Houses
7274,,,,Dog Kennels & Runs
7372,,,,Dog Diaper Pads & Liners
7428,,,,Dog Kennel & Run Accessories
8123,,,,Dog Treadmills
499900,,,,Dog Diapers
6,,,Fish Supplies
3238,,,,Aquariums
5019,,,,Aquarium Decor
5020,,,,Aquarium Filters
5021,,,,Aquarium Gravel & Substrates
5023,,,,Aquarium Stands
5024,,,,Fish Food
5079,,,,Aquarium Lighting
5161,,,,Aquarium Water Treatments
6085,,,,Aquatic Plant Fertilizers
6403,,,,Fish Feeders
6951,,,,Aquarium Overflow Boxes
500038,,,,Aquarium Cleaning Supplies
500062,,,,Aquarium Temperature Controllers
505303,,,,Aquarium & Pond Tubing
505306,,,,Aquarium Fish Nets
505307,,,,Aquarium Air Stones & Diffusers
7,,,Reptile & Amphibian Supplies
5026,,,,Reptile & Amphibian Food
5027,,,,Reptile & Amphibian Habitat Accessories
5028,,,,Reptile & Amphibian Habitat Heating & Lighting
5029,,,,Reptile & Amphibian Habitats
5030,,,,Reptile & Amphibian Substrates
4497,,,Pet Doors
5013,,,Small Animal Supplies
5014,,,,Small Animal Bedding
5015,,,,Small Animal Food
5016,,,,Small Animal Habitat Accessories
5017,,,,Small Animal Habitats & Cages
7517,,,,Small Animal Treats
5081,,,Pet Vitamins & Supplements
5086,,,Pet Medicine
5087,,,Pet Playpens
5092,,,Pet Bells & Charms
5093,,,Pet ID Tags
5144,,,Pet Muzzles
5145,,,Pet Medical Collars
5162,,,Pet Food Containers
5163,,,Pet Food Scoops
6248,,,Pet Flea & Tick Control
6249,,,Pet Leashes
6250,,,Pet Collars & Harnesses
6251,,,Pet Carriers & Crates
6252,,,"Pet Bowls, Feeders & Waterers"
6253,,,Pet Leash Extensions
6276,,,Pet Strollers
6321,,,Pet Containment Systems
6383,,,Pet Grooming Supplies
6384,,,,Pet Hair Clippers & Trimmers
6385,,,,Pet Combs & Brushes
6406,,,,Pet Shampoo & Conditioner
7318,,,,Pet Nail Polish
7319,,,,Pet Nail Tools
8167,,,,Pet Hair Dryers
499917,,,,Pet Wipes
503733,,,,Pet Fragrances & Deodorizing Sprays
6811,,,Pet Apparel Hangers
6861,,,Pet Medical Tape & Bandages
6973,,,Pet Steps & Ramps
6978,,,Pet Biometric Monitors
6980,,,,Pet Glucose Meters
6981,,,,Pet Thermometers
6982,,,,Pet Pedometers
6983,,,Pet Agility Equipment
7143,,,Pet Bowl Mats
7144,,,Pet Oral Care Supplies
7396,,,Pet Sunscreen
8050,,,Pet Eye Drops & Lubricants
8068,,,Pet First Aid & Emergency Kits
8070,,,Pet Waste Bags
8474,,,Vehicle Pet Barriers
8513,,,Pet Bowl Stands
499743,,,Pet Heating Pads
500026,,,Pet Carrier & Crate Accessories
500084,,,Pet Bed Accessories
500110,,,Pet Heating Pad Accessories
502982,,,Pet Waste Bag Dispensers & Holders
505297,,,Pet Waste Disposal Systems & Tools
505314,,,Pet Training Aids
6846,,,,Pet Training Pads
505304,,,,Pet Training Pad Holders
505311,,,,Pet Training Sprays & Solutions
505313,,,,Pet Training Clickers & Treat Dispensers
505811,,,Pet Door Accessories
3237,,Live Animals
8,Arts & Entertainment
5709,,Party & Celebration
96,,,Party Supplies
1371,,,,Invitations
1484,,,,Envelope Seals
1887,,,,Response Cards
2104,,,,Place Cards
2531,,,,Banners
2587,,,,Balloons
2781,,,,Confetti
2783,,,,Noisemakers & Party Blowers
3735,,,,Drinking Games
3361,,,,,Beer Pong
3440,,,,,,Beer Pong Tables
3994,,,,Piñatas
4351,,,,Spray String
4730,,,,Birthday Candles
4914,,,,Fireworks & Firecrackers
4915,,,,Sparklers
5043,,,,Drinking Straws & Stirrers
5452,,,,Party Favors
5453,,,,,Wedding Favors
5472,,,,Place Card Holders
6311,,,,Balloon Kits
6906,,,,Party Hats
7007,,,,Cocktail Decorations
7097,,,,Special Occasion Card Boxes & Holders
7160,,,,Party Games
8038,,,,Event Programs
8110,,,,Inflatable Party Decorations
8216,,,,Decorative Pom-Poms
328061,,,,Advice Cards
502972,,,,Party Supply Kits
502981,,,,Party Streamers & Curtains
505763,,,,Chair Sashes
408,,,Special Effects
409,,,,Fog Machines
410,,,,Special Effects Lighting
5711,,,,Disco Balls
5967,,,,Special Effects Controllers
503028,,,,Special Effects Light Stands
2559,,,Gift Giving
53,,,,Gift Cards & Certificates
94,,,,Gift Wrapping
2816,,,,,Wrapping Paper
5091,,,,,Gift Boxes & Tins
5838,,,,,Gift Bags
6712,,,,,Tissue Paper
8213,,,,,Gift Tags & Labels
95,,,,Greeting & Note Cards
2899,,,,Fresh Cut Flowers
5916,,,,Corsages & Boutonnières
6100,,,,Corsage & Boutonnière Pins
5868,,,Trophies & Awards
543653,,,,Trophies
543654,,,,Award Ribbons
543655,,,,Award Pins & Medals
543656,,,,Award Certificates
543657,,,,Award Plaques
5710,,Hobbies & Creative Arts
16,,,Arts & Crafts
504639,,,,Art & Crafting Tools
4073,,,,,Glue Guns
5137,,,,,Cutting Mats
5921,,,,,Light Boxes
6101,,,,,Safety Pins
6133,,,,,Felting Pads & Mats
6150,,,,,Dress Forms
6151,,,,,Blocking Wires
6152,,,,,Blocking Mats
6156,,,,,Thimbles & Sewing Palms
543638,,,,,,Thimbles
543639,,,,,,Sewing Palms
6158,,,,,"Frames, Hoops & Stretchers"
6159,,,,,Straight Pins
504640,,,,,Craft Cutting & Embossing Tools
5136,,,,,,Craft Knives
6119,,,,,,Craft Scoring Tools
6122,,,,,,Embossing Pens & Styluses
6161,,,,,,Seam Rippers
6447,,,,,,Thread & Yarn Cutters
7340,,,,,,Embossing Heat Tools
504641,,,,,,Craft & Office Scissors
504642,,,,,,Craft Cutters & Embossers
505386,,,,,Craft Decoration Makers
505387,,,,,Thread & Yarn Tools
6138,,,,,,Hand Spindles
6153,,,,,,"Thread, Yarn & Bobbin Winders"
6154,,,,,,Thread & Yarn Spools
6155,,,,,,Thread & Yarn Guides
6163,,,,,,Needle Threaders
6164,,,,,,Fiber Cards & Brushes
6166,,,,,,Weaving Shuttles
6167,,,,,,Weaving Beaters
505388,,,,,Textile Craft Machines
615,,,,,,Sewing Machines
6134,,,,,,Felting Needles & Machines
6137,,,,,,Spinning Wheels
505421,,,,,,Mechanical Looms
505422,,,,,,Hand Looms
505391,,,,,Color Mixing Tools
1653,,,,,,Palette Knives
1719,,,,,,Palettes
505392,,,,,Craft Measuring & Marking Tools
18,,,,,,Art Brushes
2671,,,,,,Stencils & Die Cuts
3083,,,,,,Drafting Compasses
4032,,,,,,Decorative Stamps
5883,,,,,,Stencil Machines
6125,,,,,,Screen Printing Squeegees
6126,,,,,,Brayer Rollers
6157,,,,,,Textile Art Gauges & Rulers
6160,,,,,,Stitch Markers & Counters
505420,,,,,,Wood Burning Tools
505393,,,,,Needles & Hooks
4579,,,,,,Sewing Machine Needles
5992,,,,,,Hand-Sewing Needles
6127,,,,,,Crochet Hooks
6139,,,,,,Knitting Needles
6168,,,,,,Latch & Locker Hooks
504643,,,,Art & Crafting Tool Accessories
4580,,,,,Craft Machine Cases & Covers
5120,,,,,Sewing Machine Feet
6136,,,,,Spinning Wheel Accessories
232168,,,,,Craft Knife Blades
499918,,,,,Stamp Blocks
503348,,,,,Sewing Machine Replacement Parts
505286,,,,,Sewing Machine Extension Tables
505369,,,,Craft Organization
499971,,,,,Sewing Baskets & Kits
505394,,,,,"Needle, Pin & Hook Organizers"
505395,,,,,Thread & Yarn Organizers
505370,,,,Art & Craft Kits
4778,,,,,Drawing & Painting Kits
4986,,,,,Toy Craft Kits
6382,,,,,Fabric Repair Kits
6829,,,,,Mosaic Kits
6989,,,,,Incense Making Kits
7096,,,,,Needlecraft Kits
502979,,,,,Jewelry Making Kits
503758,,,,,Scrapbooking & Stamping Kits
505374,,,,,Candle Making Kits
505371,,,,Crafting Patterns & Molds
3697,,,,,Sewing Patterns
6135,,,,,Felting Molds
6999,,,,,Beading Patterns
8007,,,,,Craft Molds
505373,,,,,Needlecraft Patterns
505372,,,,Art & Crafting Materials
24,,,,,Art & Craft Paper
2532,,,,,,Construction Paper
2741,,,,,,Vellum Paper
2967,,,,,,Origami Paper
6110,,,,,,Transfer Paper
8168,,,,,,Craft Foil
505399,,,,,,Cardstock & Scrapbooking Paper
543510,,,,,,,Cardstock
543511,,,,,,,Scrapbooking Paper
505400,,,,,,Drawing & Painting Paper
44,,,,,Pottery & Sculpting Materials
3692,,,,,,Clay & Modeling Dough
543628,,,,,,,Clay
543629,,,,,,,Modeling Dough
505401,,,,,,Papier Mache Mixes
505402,,,,,,Pottery Slips
505804,,,,,,Plaster Gauze
6121,,,,,Embossing Powder
6142,,,,,Filling & Padding Material
505405,,,,,,Pillow Forms
505406,,,,,,Filling Pellets
505407,,,,,,Batting & Stuffing
7402,,,,,Wicks
7403,,,,,Wick Tabs
505375,,,,,Raw Candle Wax
505376,,,,,Crafting Adhesives & Magnets
36,,,,,,Craft Magnets
6418,,,,,,Fusible Tape
7192,,,,,,Floral Tape
503745,,,,,,Craft & Office Glue
505419,,,,,,Decorative Tape
505377,,,,,Crafting Wire
5062,,,,,,Craft Pipe Cleaners
6102,,,,,,Jewelry & Beading Wire
505418,,,,,,Floral Wire
505378,,,,,"Craft Paint, Ink & Glaze"
6558,,,,,,Paint Mediums
499879,,,,,,Ceramic & Pottery Glazes
500094,,,,,,Art Fixatives
505414,,,,,,Ink Pads
505415,,,,,,Craft Dyes
505416,,,,,,Art Ink
505417,,,,,,Art & Craft Paint
505379,,,,,Embellishments & Trims
32,,,,,,Beads
198,,,,,,Loose Stones
1927,,,,,,Sew-in Labels
4054,,,,,,Decorative Stickers
5982,,,,,,Rhinestones & Flatbacks
5996,,,,,,Jewelry Findings
6146,,,,,,Elastic
6955,,,,,,Appliques & Patches
505410,,,,,,Sequins & Glitter
505411,,,,,,Feathers
505412,,,,,,Ribbons & Trim
505413,,,,,,Bows & Yo-Yos
505380,,,,,Craft Fasteners & Closures
4174,,,,,,Zippers
4226,,,,,,Buttons & Snaps
6145,,,,,,Hook and Loop Fasteners
500056,,,,,,Zipper Pulls
505408,,,,,,Clasps & Hooks
505409,,,,,,Eyelets & Grommets
505381,,,,,Craft Shapes & Bases
6117,,,,,,Craft Foam & Styrofoam
504419,,,,,,Wreath & Floral Frames
505403,,,,,,Papier Mache Shapes
505404,,,,,,Craft Wood & Shapes
505382,,,,,Crafting Fibers
49,,,,,,Thread & Floss
2669,,,,,,Yarn
6140,,,,,,Unspun Fiber
6540,,,,,,Jewelry & Beading Cord
505383,,,,,Leather & Vinyl
505384,,,,,Textiles
47,,,,,,Fabric
7076,,,,,,Interfacing
505396,,,,,,Printable Fabric
505397,,,,,,Crafting Canvas
19,,,,,,,Painting Canvas
6144,,,,,,,Plastic Canvas
505398,,,,,,,Needlecraft Canvas
33,,,Juggling
35,,,Magic & Novelties
54,,,Musical Instruments
63,,,,Brass Instruments
65,,,,,Euphoniums
67,,,,,French Horns
70,,,,,Trombones
72,,,,,Tubas
505769,,,,,Alto & Baritone Horns
505770,,,,,Trumpets & Cornets
75,,,,Percussion
2518,,,,,Drum Kits
2797,,,,,Snare Drums
2856,,,,,Electronic Drums
2917,,,,,Bass Drums
3005,,,,,Tom-Toms
3015,,,,,Hi-Hats
3043,,,,,Cymbals
6098,,,,,Gongs
7232,,,,,Practice Pads
7285,,,,,Hand Percussion
2515,,,,,,Tambourines
7286,,,,,,Musical Scrapers & Ratchets
7287,,,,,,Musical Shakers
7288,,,,,,Finger & Hand Cymbals
7289,,,,,,Claves & Castanets
7290,,,,,,Musical Triangles
7291,,,,,,Musical Blocks
7293,,,,,,Musical Cowbells
7294,,,,,,Vibraslaps
7295,,,,,,Hand Drums
7296,,,,,,,Congas
7297,,,,,,,Cajons
7298,,,,,,,Bongos
7299,,,,,,,Goblet Drums
7300,,,,,,,Frame Drums
7301,,,,,,,Talking Drums
7302,,,,,,,Tablas
7555,,,,,,Hand Bells & Chimes
7431,,,,,Glockenspiels & Xylophones
76,,,,Pianos
77,,,,String Instruments
78,,,,,Upright Basses
79,,,,,Cellos
80,,,,,Guitars
84,,,,,Harps
85,,,,,Violas
86,,,,,Violins
87,,,,Woodwinds
88,,,,,Clarinets
89,,,,,Flutes
90,,,,,Recorders
91,,,,,Saxophones
4540,,,,,Bassoons
4541,,,,,Oboes & English Horns
4743,,,,,Harmonicas
4744,,,,,Jew's Harps
5481,,,,,Melodicas
6721,,,,,Tin Whistles
6728,,,,,Train Whistles
7188,,,,,Flutophones
7249,,,,,Ocarinas
7250,,,,,Musical Pipes
4983,,,,Accordions & Concertinas
4984,,,,Bagpipes
6001,,,,Electronic Musical Instruments
74,,,,,Musical Keyboards
245,,,,,Audio Samplers
6002,,,,,MIDI Controllers
6003,,,,,Sound Synthesizers
55,,,Musical Instrument & Orchestra Accessories
56,,,,Musical Instrument Amplifiers
57,,,,Brass Instrument Accessories
4797,,,,,Brass Instrument Care & Cleaning
4890,,,,,,Brass Instrument Cleaning Tools
4891,,,,,,Brass Instrument Care Kits
4892,,,,,,Brass Instrument Cleaners & Sanitizers
4893,,,,,,Brass Instrument Guards
4894,,,,,,Brass Instrument Lubricants
4895,,,,,,Brass Instrument Polishing Cloths
4798,,,,,Brass Instrument Replacement Parts
505308,,,,,Brass Instrument Mouthpieces
505309,,,,,Brass Instrument Straps & Stands
505310,,,,,Brass Instrument Cases & Gigbags
505768,,,,,Brass Instrument Mutes
60,,,,Musical Keyboard Accessories
3324,,,,,Sustain Pedals
3588,,,,,Musical Keyboard Stands
7357,,,,,Musical Keyboard Bags & Cases
61,,,,String Instrument Accessories
3502,,,,,Guitar Accessories
3176,,,,,,Guitar Tuning Pegs
3178,,,,,,Guitar Strings
3392,,,,,,Guitar Humidifiers
3412,,,,,,Electric Guitar Pickups
3646,,,,,,Guitar Stands
3775,,,,,,Acoustic Guitar Pickups
3882,,,,,,Guitar Cases & Gig Bags
4111,,,,,,Guitar Picks
5367,,,,,,Capos
5368,,,,,,Guitar Slides
499688,,,,,,Guitar Straps
503032,,,,,,Guitar Fittings & Parts
503721,,,,,,Guitar String Winders
4806,,,,,String Instrument Care & Cleaning
3374,,,,,,Bow Rosin
4911,,,,,,String Instrument Cleaning Cloths
4912,,,,,,String Instrument Polish
503033,,,,,Orchestral String Instrument Accessories
8209,,,,,,Orchestral String Instrument Bow Cases
503034,,,,,,Orchestral String Instrument Strings
503035,,,,,,Orchestral String Instrument Stands
503036,,,,,,Orchestral String Instrument Pickups
503037,,,,,,Orchestral String Instrument Mutes
503038,,,,,,Orchestral String Instrument Fittings & Parts
503039,,,,,,Orchestral String Instrument Cases
503040,,,,,,Orchestral String Instrument Bows
62,,,,Woodwind Instrument Accessories
4790,,,,,Bassoon Accessories
4809,,,,,,Bassoon Care & Cleaning
4815,,,,,,,Bassoon Swabs
4810,,,,,,Bassoon Cases & Gigbags
4811,,,,,,Bassoon Parts
4816,,,,,,,Bassoon Bocals
4817,,,,,,,Bassoon Small Parts
4812,,,,,,Bassoon Reeds
4813,,,,,,Bassoon Stands
4814,,,,,,Bassoon Straps & Supports
4791,,,,,Clarinet Accessories
4818,,,,,,Clarinet Care & Cleaning
4826,,,,,,,Clarinet Care Kits
4827,,,,,,,Clarinet Pad Savers
4828,,,,,,,Clarinet Swabs
4819,,,,,,Clarinet Cases & Gigbags
4820,,,,,,Clarinet Ligatures & Caps
4822,,,,,,Clarinet Parts
4829,,,,,,,Clarinet Barrels
4830,,,,,,,Clarinet Bells
4831,,,,,,,Clarinet Mouthpieces
4832,,,,,,,Clarinet Small Parts
4823,,,,,,Clarinet Pegs & Stands
4824,,,,,,Clarinet Reeds
4825,,,,,,Clarinet Straps & Supports
4792,,,,,Flute Accessories
4833,,,,,,Flute Care & Cleaning
4838,,,,,,,Flute Care Kits
4839,,,,,,,Flute Cleaning Rods
4840,,,,,,,Flute Swabs
4834,,,,,,Flute Cases & Gigbags
4836,,,,,,Flute Parts
4841,,,,,,,Flute Headjoints
4842,,,,,,,Flute Small Parts
4837,,,,,,Flute Pegs & Stands
4793,,,,,Oboe & English Horn Accessories
4843,,,,,,Oboe Care & Cleaning
4849,,,,,,,Oboe Care Kits
4850,,,,,,,Oboe Swabs
4844,,,,,,Oboe Cases & Gigbags
4845,,,,,,Oboe Parts
4851,,,,,,,Oboe Small Parts
4846,,,,,,Oboe Pegs & Stands
4847,,,,,,Oboe Reeds
4848,,,,,,Oboe Straps & Supports
4794,,,,,Saxophone Accessories
4852,,,,,,Saxophone Care & Cleaning
4860,,,,,,,Saxophone Care Kits
4861,,,,,,,Saxophone Pad Savers
4862,,,,,,,Saxophone Swabs
4853,,,,,,Saxophone Cases & Gigbags
4854,,,,,,Saxophone Ligatures & Caps
4856,,,,,,Saxophone Parts
4863,,,,,,,Saxophone Mouthpieces
4864,,,,,,,Saxophone Necks
4865,,,,,,,Saxophone Small Parts
4857,,,,,,Saxophone Pegs & Stands
4858,,,,,,Saxophone Reeds
4859,,,,,,Saxophone Straps & Supports
4866,,,,,Woodwind Cork Grease
4867,,,,,Woodwind Polishing Cloths
4939,,,,,Woodwind Reed Knives
4955,,,,,Harmonica Accessories
4956,,,,,,Harmonica Cases
5046,,,,,,Harmonica Holders
4957,,,,,Woodwind Reed Cases
503747,,,,,Recorder Accessories
503748,,,,,,Recorder Cases
503749,,,,,,Recorder Care & Cleaning
503750,,,,,,Recorder Parts
3270,,,,Electronic Tuners
3465,,,,Percussion Accessories
59,,,,,Drum Sticks & Brushes
4631,,,,,Percussion Mallets
7099,,,,,Drum Kit Hardware
7101,,,,,,Drum Pedals
7102,,,,,,Drum Kit Mounting Hardware
7103,,,,,,Bass Drum Beaters
7100,,,,,Cymbal & Drum Cases
7150,,,,,Drum Stick & Brush Accessories
7151,,,,,,Drum Stick & Brush Bags & Holders
7152,,,,,Drum Keys
7153,,,,,Drum Heads
7231,,,,,Cymbal & Drum Mutes
7282,,,,,Hand Percussion Accessories
7283,,,,,,Hand Percussion Bags & Cases
7284,,,,,,Hand Percussion Stands & Mounts
7308,,,,,Percussion Stands
7455,,,,,Electronic Drum Modules
4142,,,,Music Stands
7277,,,,Music Stand Accessories
7278,,,,,Sheet Music Clips
7279,,,,,Music Stand Bags
7280,,,,,Music Stand Lights
8072,,,,Musical Instrument Amplifier Accessories
6970,,,,,Musical Instrument Amplifier Cabinets
7364,,,,,Musical Instrument Amplifier Stands
8073,,,,,Musical Instrument Amplifier Footswitches
8461,,,,,Musical Instrument Amplifier Covers & Cases
8462,,,,,Musical Instrument Amplifier Knobs
8480,,,,,Musical Instrument Amplifier Tubes
500001,,,,Music Lyres & Flip Folders
505288,,,,Conductor Batons
505328,,,,Music Benches & Stools
505365,,,,Metronomes
216,,,Collectibles
37,,,,Scale Models
217,,,,Collectible Coins & Currency
543606,,,,,Collectible Coins
543607,,,,,Collectible Banknotes
218,,,,Rocks & Fossils
219,,,,Postage Stamps
220,,,,Collectible Weapons
221,,,,,Collectible Swords
1340,,,,,Sword Stands & Displays
5311,,,,,Collectible Knives
499953,,,,,Collectible Guns
1312,,,,Seal Stamps
3599,,,,Autographs
3865,,,,Sports Collectibles
3515,,,,,Sports Fan Accessories
1051,,,,,,Auto Racing Fan Accessories
1074,,,,,,Baseball & Softball Fan Accessories
1084,,,,,,Basketball Fan Accessories
1095,,,,,,American Football Fan Accessories
3576,,,,,,Soccer Fan Accessories
4006,,,,,,Hockey Fan Accessories
6187,,,,,,Tennis Fan Accessories
4333,,,,,Autographed Sports Paraphernalia
4093,,,,,,Soccer Autographed Paraphernalia
4124,,,,,,American Football Autographed Paraphernalia
4144,,,,,,Hockey Autographed Paraphernalia
4149,,,,,,Baseball & Softball Autographed Paraphernalia
4180,,,,,,Auto Racing Autographed Paraphernalia
4279,,,,,,Basketball Autographed Paraphernalia
6186,,,,,,Tennis Autographed Sports Paraphernalia
8210,,,,,,Boxing Autographed Paraphernalia
3893,,,,Vintage Advertisements
6000,,,,Scale Model Accessories
6997,,,,Collectible Trading Cards
3577,,,Homebrewing & Winemaking Supplies
2579,,,,Wine Making
3014,,,,Beer Brewing Grains & Malts
499891,,,,Homebrewing & Winemaking Kits
502980,,,,Bottling Bottles
5999,,,Model Making
3885,,,,Model Rocketry
4175,,,,Scale Model Kits
5150,,,,Model Trains & Train Sets
5151,,,,Model Train Accessories
499969,,Event Tickets
111,Business & Industrial
112,,Agriculture
6991,,,Animal Husbandry
6990,,,,Livestock Feeders & Waterers
499946,,,,Livestock Halters
499997,,,,Egg Incubators
505821,,,,Livestock Feed
543544,,,,,Chicken Feed
543545,,,,,Cattle Feed
543546,,,,,Pig Feed
543547,,,,,Goat & Sheep Feed
543548,,,,,Mixed Herd Feed
114,,Construction
134,,,Surveying
8278,,,Traffic Cones & Barrels
135,,Food Service
137,,,Vending Machines
4096,,,Food Service Baskets
4217,,,Bus Tubs
4632,,,Disposable Tableware
5098,,,,Disposable Bowls
5099,,,,Disposable Cups
5100,,,,Disposable Cutlery
5101,,,,Disposable Plates
4742,,,Food Service Carts
5097,,,Take-Out Containers
5102,,,Concession Food Containers
5104,,,Plate & Dish Warmers
6517,,,Hot Dog Rollers
6786,,,Food Washers & Dryers
7088,,,Disposable Serveware
7089,,,,Disposable Serving Trays
7303,,,Bakery Boxes
7353,,,Ice Bins
7553,,,Tilt Skillets
8059,,,Disposable Lids
8532,,,Check Presenters
8533,,,Sneeze Guards
138,,Retail
1837,,,Paper & Plastic Shopping Bags
3803,,,Display Mannequins
4127,,,Pricing Guns
4160,,,Retail Display Cases
4181,,,Money Handling
3273,,,,Money Changers
4055,,,,Paper Coin Wrappers & Bill Straps
4151,,,,Coin & Bill Counters
4290,,,,Banknote Verifiers
4329,,,,Money Deposit Bags
505824,,,,Cash Registers & POS Terminals
543647,,,,,Cash Registers
543648,,,,,POS Terminals
505825,,,,Cash Register & POS Terminal Accessories
4283,,,,,Cash Drawers & Trays
5310,,,,,Signature Capture Pads
505808,,,,,Credit Card Terminals
4244,,,Clothing Display Racks
7128,,,Mannequin Parts
499897,,,Retail Display Props & Models
976,,Signage
4297,,,Electric Signs
4070,,,,Neon Signs
4131,,,,LED Signs
5892,,,Safety & Warning Signs
5893,,,Security Signs
5894,,,Emergency & Exit Signs
5895,,,Road & Traffic Signs
5896,,,Parking Signs & Permits
5897,,,Facility Identification Signs
5898,,,Retail & Sale Signs
5899,,,Sidewalk & Yard Signs
5900,,,Policy Signs
7322,,,Business Hour Signs
7323,,,Open & Closed Signs
8155,,,Digital Signs
1470,,Manufacturing
1475,,Hotel & Hospitality
1556,,Law Enforcement
361,,,Metal Detectors
1906,,,Cuffs
1624,,Science & Laboratory
3002,,,Laboratory Chemicals
4255,,,Laboratory Supplies
4036,,,,Laboratory Flasks
4061,,,,Graduated Cylinders
4075,,,,Pipettes
4140,,,,Wash Bottles
4155,,,,Test Tube Racks
4276,,,,Petri Dishes
4306,,,,Test Tubes
4310,,,,Beakers
4335,,,Laboratory Equipment
158,,,,Microscopes
4116,,,,Autoclaves
4133,,,,Laboratory Hot Plates
4231,,,,Laboratory Ovens
4336,,,,Centrifuges
4474,,,,Laboratory Blenders
4555,,,,Microscope Accessories
4556,,,,,Microscope Eyepieces & Adapters
4557,,,,,Microscope Cameras
4558,,,,,Microscope Slides
4664,,,,,Microscope Replacement Bulbs
4665,,,,,Microscope Objective Lenses
7218,,,,Dry Ice Makers
7393,,,,Spectrometers
7437,,,,Microtomes
7468,,,,Spectrometer Accessories
500057,,,,Freeze-Drying Machines
500114,,,,Laboratory Freezers
503722,,,,Laboratory Funnels
6975,,,Biochemicals
7325,,,Dissection Kits
8119,,,Laboratory Specimens
1795,,Heavy Machinery
2072,,,Chippers
1813,,Finance & Insurance
7565,,,Bullion
1827,,Forestry & Logging
2047,,Work Safety Protective Gear
2227,,,Protective Eyewear
2389,,,Bullet Proof Vests
2723,,,Hardhats
2808,,,Hazardous Material Suits
5591,,,Safety Gloves
6764,,,Protective Aprons
7085,,,Work Safety Tethers
8269,,,Gas Mask & Respirator Accessories
499708,,,Work Safety Harnesses
499927,,,Welding Helmets
499961,,,Safety Knee Pads
503724,,,Protective Masks
513,,,,Medical Masks
2349,,,,Fireman's Masks
2473,,,,Gas Masks & Respirators
7407,,,,Dust Masks
2155,,Film & Television
2187,,Mining & Quarrying
2496,,Medical
1645,,,Surgical Gowns
1898,,,Hospital Gowns
2907,,,Medical Supplies
511,,,,Disposable Gloves
7063,,,,Finger Cots
7324,,,,Tongue Depressors
499696,,,,Medical Needles & Syringes
543670,,,,,Medical Needles
543671,,,,,Medical Syringes
543672,,,,,Medical Needle & Syringe Sets
505828,,,,Ostomy Supplies
2928,,,Scrubs
3477,,,Medical Equipment
3230,,,,Automated External Defibrillators
4245,,,,Otoscopes & Ophthalmoscopes
4364,,,,Stethoscopes
6280,,,,Vital Signs Monitors
6714,,,,Vital Signs Monitor Accessories
6972,,,,Medical Reflex Hammers & Tuning Forks
7522,,,,Patient Lifts
499858,,,,Medical Stretchers & Gurneys
503006,,,,Gait Belts
5167,,,Medical Furniture
4435,,,,Homecare & Hospital Beds
5168,,,,Chiropractic Tables
5169,,,,Examination Chairs & Tables
5170,,,,Medical Cabinets
5171,,,,Medical Carts
5173,,,,,Crash Carts
5174,,,,,IV Poles & Carts
5172,,,,Surgical Tables
5602,,,Scrub Caps
6275,,,Hospital Curtains
6303,,,Medical Bedding
6490,,,Medical Teaching Equipment
6491,,,,Medical & Emergency Response Training Mannequins
230913,,,Medical Instruments
6281,,,,Medical Forceps
8026,,,,Scalpels
232166,,,,Scalpel Blades
499935,,,,Surgical Needles & Sutures
4285,,Piercing & Tattooing
4326,,,Tattooing Supplies
4072,,,,Tattooing Needles
4215,,,,Tattooing Inks
4379,,,,Tattooing Machines
5853,,,,Tattoo Cover-Ups
4350,,,Piercing Supplies
4122,,,,Piercing Needles
5830,,Industrial Storage
5831,,,Shipping Containers
5832,,,Industrial Cabinets
5833,,,Industrial Shelving
8274,,,"Wire Partitions, Enclosures & Doors"
5863,,Advertising & Marketing
5864,,,Trade Show Counters
5865,,,Trade Show Displays
5884,,,Brochures
6987,,Material Handling
131,,,Lifts & Hoists
503767,,,,Personnel Lifts
503768,,,,"Hoists, Cranes & Trolleys"
503769,,,,"Pulleys, Blocks & Sheaves"
503771,,,,Jacks & Lift Trucks
503772,,,,Winches
6988,,,Conveyors
503011,,,Pallets & Loading Platforms
7240,,Hairdressing & Cosmetology
7241,,,Salon Chairs
7242,,,Pedicure Chairs
505670,,,Hairdressing Capes & Neck Covers
7261,,Automation Control Components
7262,,,Variable Frequency & Adjustable Speed Drives
7263,,,Programmable Logic Controllers
7497,,Dentistry
7499,,,Dental Tools
7498,,,,Dental Mirrors
7531,,,,Dental Tool Sets
8120,,,,Prophy Heads
8121,,,,Prophy Cups
8490,,,,Dappen Dishes
7500,,,Dental Cement
8130,,,Prophy Paste
8025,,Industrial Storage Accessories
500086,,Janitorial Carts & Caddies
141,Cameras & Optics
39,,Photography
41,,,Darkroom
1622,,,,Photographic Chemicals
2234,,,,Developing & Processing Equipment
2516,,,,,Retouching Equipment & Supplies
2625,,,,,Copystands
2650,,,,,Developing Tanks & Reels
2728,,,,,"Print Trays, Washers & Dryers"
2999,,,,,Darkroom Sinks
2520,,,,Enlarging Equipment
2543,,,,,Darkroom Timers
2698,,,,,Photographic Enlargers
2815,,,,,Photographic Analyzers
2969,,,,,Darkroom Easels
3029,,,,,Focusing Aids
2600,,,,Safelights
2804,,,,Photographic Paper
42,,,Lighting & Studio
1548,,,,Light Meters
1611,,,,Studio Backgrounds
2007,,,,Studio Stands & Mounts
2475,,,,Studio Lighting Controls
2490,,,,,Lighting Filters & Gobos
3056,,,,,Flash Diffusers
5431,,,,,Flash Reflectors
5432,,,,,Softboxes
2926,,,,Studio Lights & Flashes
5499,,,,Light Meter Accessories
503017,,,,Studio Stand & Mount Accessories
503018,,,,Studio Light & Flash Accessories
4368,,,Photo Negative & Slide Storage
503735,,,Photo Mounting Supplies
142,,Cameras
152,,,Digital Cameras
154,,,Film Cameras
155,,,Video Cameras
312,,,Webcams
362,,,Surveillance Cameras
4024,,,Disposable Cameras
5402,,,Trail Cameras
499976,,,Borescopes
156,,Optics
157,,,Binoculars
161,,,Rangefinders
4040,,,Scopes
165,,,,Telescopes
1695,,,,Weapon Scopes & Sights
4136,,,,Spotting Scopes
4164,,,Monoculars
2096,,Camera & Optic Accessories
143,,,Camera Parts & Accessories
148,,,,Camera Flashes
153,,,,Camera Film
2394,,,,Video Camera Lights
2987,,,,Flash Brackets
5429,,,,Camera Straps
5479,,,,Camera Flash Accessories
5532,,,,Camera Remote Controls
5937,,,,Surveillance Camera Accessories
6307,,,,Underwater Camera Housings
6308,,,,Camera Bags & Cases
8174,,,,Camera Accessory Sets
8535,,,,Underwater Camera Housing Accessories
296246,,,,Camera Body Replacement Panels & Doors
296247,,,,Camera Replacement Buttons & Knobs
296248,,,,Camera Image Sensors
296249,,,,Camera Replacement Screens & Displays
298420,,,,Camera Digital Backs
461567,,,,Camera Gears
461568,,,,Camera Lens Zoom Units
499998,,,,Camera Stabilizers & Supports
500037,,,,Camera Grips
500104,,,,Camera Focus Devices
500107,,,,On-Camera Monitors
503019,,,,Camera Sun Hoods & Viewfinder Attachments
503020,,,,Camera Silencers & Sound Blimps
149,,,Camera & Video Camera Lenses
4432,,,,Camera Lenses
5280,,,,Video Camera Lenses
5346,,,,Surveillance Camera Lenses
150,,,Tripods & Monopods
160,,,Optic Accessories
4274,,,,Thermal Optic Accessories
5282,,,,Binocular & Monocular Accessories
5283,,,,Rangefinder Accessories
5284,,,,Telescope Accessories
5542,,,,Spotting Scope Accessories
5543,,,,Weapon Scope & Sight Accessories
5545,,,,Optics Bags & Cases
2911,,,Camera Lens Accessories
147,,,,Lens Filters
2627,,,,Lens Hoods
2829,,,,Lens Caps
4416,,,,Lens Converters
4441,,,,Lens Bags
5588,,,,Lens & Filter Adapter Rings
4638,,,Tripod & Monopod Accessories
3035,,,,Tripod Collars & Mounts
4639,,,,Tripod & Monopod Heads
4640,,,,Tripod & Monopod Cases
503016,,,,Tripod Spreaders
503726,,,,Tripod Handles
463625,,,Camera & Optic Replacement Cables
166,Apparel & Accessories
167,,Clothing Accessories
168,,,Bandanas & Headties
543586,,,,Bandanas
543587,,,,Hair Care Wraps
169,,,Belts
170,,,Gloves & Mittens
171,,,Hair Accessories
181,,,,Wigs
1483,,,,Ponytail Holders
1662,,,,Headbands
1948,,,,Hair Forks & Sticks
2477,,,,Hair Combs
4057,,,,Hair Extensions
5914,,,,Tiaras
5915,,,,Hair Wreaths
6183,,,,Hair Nets
7305,,,,Wig Accessories
7306,,,,,Wig Glue & Tape
7307,,,,,Wig Caps
8451,,,,Hair Bun & Volume Shapers
502988,,,,"Hair Pins, Claws & Clips"
543644,,,,,Hair Pins
543645,,,,,Hair Claws & Clips
543646,,,,,Barrettes
173,,,Hats
176,,,Neckties
177,,,Scarves & Shawls
543673,,,,Scarves
543674,,,,Shawls
178,,,Sunglasses
179,,,Suspenders
180,,,Tie Clips
193,,,Cufflinks
1786,,,Balaclavas
1893,,,Wristbands
2020,,,Headwear
1922,,,,Headdresses
5939,,,,Turbans
7054,,,,Fascinators
3913,,,Belt Buckles
4179,,,Pinback Buttons
5114,,,Decorative Fans
5207,,,Handkerchiefs
5390,,,Traditional Clothing Accessories
5685,,,,Tabi Socks
5686,,,,Obi Accessories
5687,,,,Obis
5688,,,,Kimono Underclothes
5422,,,Baby & Toddler Clothing Accessories
5623,,,,Baby & Toddler Belts
5624,,,,Baby & Toddler Gloves & Mittens
5625,,,,Baby & Toddler Hats
5626,,,,Baby Protective Wear
5443,,,Bridal Accessories
5446,,,,Bridal Veils
5941,,,Leg Warmers
5942,,,Arm Warmers & Sleeves
6238,,,Earmuffs
6268,,,Leis
6984,,,Collar Stays
6985,,,Button Studs
7133,,,Hand Muffs
7230,,,Neck Gaiters
499972,,,Sashes
502987,,,Maternity Belts & Support Bands
184,,Costumes & Accessories
5192,,,Costume Accessories
5426,,,,Costume Hats
5907,,,,Costume Capes
7304,,,,Bald Caps
8017,,,,Costume Accessory Sets
8018,,,,Pretend Jewelry
8200,,,,Costume Gloves
500008,,,,Costume Tobacco Products
500118,,,,Costume Special Effects
5193,,,Costumes
5194,,,Masks
5387,,,Costume Shoes
187,,Shoes
188,,Jewelry
189,,,Anklets
190,,,Body Jewelry
191,,,Bracelets
192,,,Charms & Pendants
194,,,Earrings
196,,,Necklaces
197,,,Brooches & Lapel Pins
200,,,Rings
201,,,Watches
5122,,,Watch Accessories
5123,,,,Watch Bands
6870,,,,Watch Winders
7471,,,,Watch Stickers & Decals
6463,,,Jewelry Sets
1604,,Clothing
182,,,Baby & Toddler Clothing
5408,,,,Baby & Toddler Bottoms
5409,,,,Baby & Toddler Swimwear
5410,,,,Baby & Toddler Tops
5411,,,,Baby One-Pieces
5412,,,,Baby & Toddler Sleepwear
5423,,,,Baby & Toddler Socks & Tights
5424,,,,Baby & Toddler Dresses
5425,,,,Baby & Toddler Outerwear
5549,,,,Baby & Toddler Diaper Covers
5621,,,,Toddler Underwear
5622,,,,Baby & Toddler Outfits
203,,,Outerwear
1831,,,,Vests
3066,,,,Rain Suits
5506,,,,Chaps
5514,,,,Rain Pants
5598,,,,Coats & Jackets
5909,,,,Snow Pants & Suits
204,,,Pants
207,,,Shorts
208,,,Sleepwear & Loungewear
2302,,,,Robes
2580,,,,Pajamas
5513,,,,Nightgowns
5713,,,,Loungewear
211,,,Swimwear
212,,,Shirts & Tops
213,,,Underwear & Socks
209,,,,Socks
214,,,,Bras
215,,,,Hosiery
1578,,,,Shapewear
1772,,,,Lingerie
1807,,,,Long Johns
2562,,,,Underwear
2563,,,,Lingerie Accessories
1675,,,,,Garters
2160,,,,,Garter Belts
2745,,,,Undershirts
2963,,,,Petticoats & Pettipants
5327,,,,Jock Straps
5834,,,,Underwear Slips
7207,,,,Bra Accessories
7208,,,,,Bra Strap Pads
7209,,,,,Breast Petals & Concealers
7210,,,,,Breast Enhancing Inserts
7211,,,,,Bra Straps & Extenders
1581,,,Skirts
2331,,,,Mini Skirts
6228,,,,Long Skirts
6229,,,,Knee-Length Skirts
1594,,,Suits
1516,,,,Skirt Suits
1580,,,,Tuxedos
5183,,,,Pant Suits
2271,,,Dresses
2306,,,Uniforms
206,,,,School Uniforms
2292,,,,White Coats
3414,,,,Security Uniforms
3598,,,,Sports Uniforms
3191,,,,,Baseball Uniforms
3253,,,,,Officiating Uniforms
3379,,,,,Softball Uniforms
3439,,,,,Basketball Uniforms
3683,,,,,Cheerleading Uniforms
3724,,,,,Cricket Uniforms
3852,,,,,Wrestling Uniforms
3888,,,,,American Football Uniforms
3958,,,,,Hockey Uniforms
4003,,,,,Martial Arts Uniforms
5564,,,,,Soccer Uniforms
5484,,,,Contractor Pants & Coveralls
5878,,,,Flight Suits
5949,,,,Military Uniforms
7235,,,,Food Service Uniforms
2396,,,,,Chef's Jackets
7236,,,,,Chef's Pants
7237,,,,,Chef's Hats
5182,,,One-Pieces
5250,,,,Jumpsuits & Rompers
5490,,,,Leotards & Unitards
7132,,,,Overalls
5322,,,Activewear
3951,,,,American Football Pants
5378,,,,Boxing Shorts
5379,,,,Martial Arts Shorts
5460,,,,Hunting Clothing
5461,,,,,Hunting & Fishing Vests
5462,,,,,Ghillie Suits
5552,,,,,Hunting & Tactical Pants
5517,,,,Motorcycle Protective Clothing
5463,,,,,Motorcycle Suits
6006,,,,,Motorcycle Jackets
7003,,,,,Motorcycle Pants
5555,,,,Paintball Clothing
5697,,,,Bicycle Activewear
3128,,,,,Bicycle Bibs
3188,,,,,Bicycle Shorts & Briefs
3455,,,,,Bicycle Jerseys
3729,,,,,Bicycle Tights
6087,,,,,Bicycle Skinsuits
499979,,,,"Dance Dresses, Skirts & Costumes"
5344,,,Skorts
5388,,,Traditional & Ceremonial Clothing
5343,,,,Kimonos
5679,,,,,Tomesode & Houmongi Kimonos
5680,,,,,Komon Kimonos
5681,,,,,Iromuji Kimonos
5682,,,,,Furisode Kimonos
5683,,,,,Casual Kimonos
5684,,,,,Bridal Kimonos
5483,,,,Religious Ceremonial Clothing
8149,,,,,Baptism & Communion Dresses
5673,,,,Kimono Outerwear
5677,,,,,Kimono Coats
5678,,,,,Haori Jackets
5674,,,,Hakama Trousers
5676,,,,Yukata
6031,,,,Dirndls
6227,,,,Japanese Black Formal Wear
7281,,,,Traditional Leather Pants
8248,,,,Saris & Lehengas
5441,,,Wedding & Bridal Party Dresses
5329,,,,Wedding Dresses
5330,,,,Bridal Party Dresses
7313,,,Outfit Sets
1933,,Shoe Accessories
1856,,,Shoelaces
2427,,,Spurs
5385,,,Shoe Covers
5567,,,Boot Liners
7078,,,Gaiters
6551,,"Handbags, Wallets & Cases"
2668,,,Wallets & Money Clips
3032,,,Handbags
6169,,,Business Card Cases
6170,,,Badge & Pass Holders
6552,,Handbag & Wallet Accessories
175,,,Keychains
5841,,,Wallet Chains
6277,,,Lanyards
6460,,,Checkbook Covers
222,Electronics
223,,Audio
242,,,Audio Players & Recorders
225,,,,Boomboxes
226,,,,CD Players & Recorders
230,,,,Karaoke Systems
233,,,,MP3 Players
235,,,,MiniDisc Players & Recorders
243,,,,Cassette Players & Recorders
244,,,,Voice Recorders
251,,,,Stereo Systems
252,,,,Home Theater Systems
256,,,,Turntables & Record Players
4652,,,,Jukeboxes
5434,,,,Multitrack Recorders
6886,,,,Radios
8271,,,,Reel-to-Reel Tape Players & Recorders
1420,,,Audio Accessories
232,,,,MP3 Player Accessories
3055,,,,,MP3 Player Cases
7566,,,,,MP3 Player & Mobile Phone Accessory Sets
239,,,,Satellite Radio Accessories
2372,,,,Turntable Accessories
3306,,,,Microphone Accessories
3912,,,,Microphone Stands
5395,,,,Karaoke System Accessories
5396,,,,,Karaoke Chips
7163,,,,Speaker Accessories
8047,,,,,Speaker Stand Bags
8049,,,,,Speaker Stands & Mounts
500112,,,,,"Speaker Bags, Covers & Cases"
500119,,,,,Tactile Transducers
500120,,,,,Speaker Components & Kits
503008,,,,Audio & Video Receiver Accessories
505797,,,,Headphone & Headset Accessories
503004,,,,,Headphone Cushions & Tips
2154,,,Public Address Systems
2165,,,Audio Components
224,,,,Audio Amplifiers
4493,,,,,Headphone Amplifiers
5381,,,,,Power Amplifiers
234,,,,Microphones
236,,,,Audio Mixers
241,,,,Audio & Video Receivers
246,,,,Signal Processors
247,,,,,Effects Processors
248,,,,,Equalizers
3945,,,,,Microphone Preamps
5369,,,,,Phono Preamps
5435,,,,,Crossovers
5596,,,,,Noise Gates & Compressors
5597,,,,,Loudspeaker Management Systems
249,,,,Speakers
5129,,,,Audio Transmitters
4035,,,,,FM Transmitters
5130,,,,,Bluetooth Transmitters
6545,,,,Channel Strips
6546,,,,Direct Boxes
505298,,,,Studio Recording Bundles
505771,,,,Headphones & Headsets
543626,,,,,Headphones
543627,,,,,Headsets
3727,,,Stage Equipment
3242,,,,Wireless Transmitters
4921,,,DJ & Specialty Audio
4922,,,,DJ CD Players
4923,,,,DJ Systems
8159,,,Bullhorns
262,,Communications
263,,,Communication Radio Accessories
266,,,Answering Machines
268,,,Pagers
270,,,Telephony
264,,,,Mobile Phone Accessories
2353,,,,,Mobile Phone Cases
4550,,,,,Mobile Phone Charms & Straps
5566,,,,,Mobile Phone Stands
6030,,,,,Mobile Phone Pre-Paid Cards & SIM Cards
543515,,,,,,Mobile Phone Pre-Paid Cards
543516,,,,,,SIM Cards
7347,,,,,Mobile Phone Replacement Parts
8111,,,,,Mobile Phone Camera Accessories
499916,,,,,SIM Card Ejection Tools
265,,,,Telephone Accessories
269,,,,,Phone Cards
267,,,,Mobile Phones
543512,,,,,Pre-paid Mobile Phones
543513,,,,,Contract Mobile Phones
543514,,,,,Unlocked Mobile Phones
271,,,,Corded Phones
272,,,,Cordless Phones
1924,,,,Satellite Phones
4666,,,,Conference Phones
274,,,Video Conferencing
360,,,Intercoms
2471,,,Communication Radios
273,,,,Two-Way Radios
2106,,,,CB Radios
4415,,,,Radio Scanners
5275,,,Caller IDs
5404,,,Intercom Accessories
278,,Computers
298,,,Handheld Devices
3539,,,,E-Book Readers
3769,,,,PDAs
5256,,,,Data Collectors
325,,,Desktop Computers
328,,,Laptops
331,,,Computer Servers
4745,,,Tablet Computers
5254,,,Barebone Computers
5255,,,Interactive Kiosks
8539,,,Thin & Zero Clients
543668,,,,Thin Client Computers
543669,,,,Zero Client Computers
500002,,,Smart Glasses
502995,,,Touch Table Computers
339,,GPS Navigation Systems
340,,Marine Electronics
1550,,,Fish Finders
1552,,,Marine Radar
2178,,,Marine Chartplotters & GPS
4450,,,Marine Radios
8134,,,Marine Audio & Video Receivers
8473,,,Marine Speakers
342,,Networking
290,,,Network Cards & Adapters
343,,,Modems
1350,,,Bridges & Routers
2358,,,,VoIP Gateways & Routers
5496,,,,Wireless Access Points
5497,,,,Wireless Routers
5659,,,,Network Bridges
2121,,,Repeaters & Transceivers
2455,,,Hubs & Switches
2479,,,Concentrators & Multiplexers
3425,,,Print Servers
3742,,,Network Security & Firewall Devices
5576,,,Modem Accessories
6508,,,Power Over Ethernet Adapters
345,,"Print, Copy, Scan & Fax"
284,,,Scanner Accessories
306,,,Scanners
6865,,,3D Printers
499682,,,3D Printer Accessories
500106,,,"Printers, Copiers & Fax Machines"
502990,,,"Printer, Copier & Fax Machine Accessories"
1683,,,,Printer Memory
5258,,,,Printer Consumables
356,,,,,Toner & Inkjet Cartridges
5259,,,,,Printer Drums & Drum Kits
5260,,,,,Printer Ribbons
5261,,,,,Printheads
5262,,,,,Printer Maintenance Kits
5266,,,,,Printer Filters
7362,,,,,Toner & Inkjet Cartridge Refills
5265,,,,Printer Duplexers
5459,,,,Printer Stands
502991,,,,"Printer, Copier & Fax Machine Replacement Parts"
386,,Video
305,,,Computer Monitors
387,,,Video Players & Recorders
388,,,,DVD & Blu-ray Players
389,,,,DVD Recorders
390,,,,Digital Video Recorders
391,,,,VCRs
5276,,,,Streaming & Home Media Players
396,,,Projectors
397,,,,Multimedia Projectors
398,,,,Overhead Projectors
399,,,,Slide Projectors
404,,,Televisions
1368,,,Video Editing Hardware & Production Equipment
1634,,,Video Multiplexers
2027,,,Video Accessories
283,,,,Computer Monitor Accessories
5516,,,,,Color Calibrators
393,,,,Projector Accessories
394,,,,,Projector Replacement Lamps
395,,,,,Projection Screens
4570,,,,,Projection Screen Stands
5257,,,,,Projector Mounts
5599,,,,,Projection & Tripod Skirts
403,,,,Television Parts & Accessories
4458,,,,,TV & Monitor Mounts
5471,,,,,TV Replacement Lamps
5503,,,,,TV Converter Boxes
43616,,,,,TV Replacement Speakers
2145,,,,Rewinders
4760,,,,3D Glasses
5278,,,Video Servers
5450,,,Video Transmitters
5561,,,Satellite & Cable TV
401,,,,Satellite Receivers
5562,,,,Cable TV Receivers
912,,Radar Detectors
1270,,Video Game Console Accessories
1505,,,Home Game Console Accessories
2070,,,Portable Game Console Accessories
1294,,Video Game Consoles
1801,,Components
1337,,,Modulators
1544,,,Splitters
1977,,,Electronics Component Connectors
2182,,,Converters
2205,,,,Scan Converters
503001,,,,Audio Converters
7395,,,Accelerometers
2082,,Electronics Accessories
258,,,Adapters
146,,,,Memory Card Adapters
4463,,,,Audio & Video Cable Adapters & Couplers
7182,,,,USB Adapters
259,,,Cables
1480,,,,Network Cables
1763,,,,System & Power Cables
1867,,,,Audio & Video Cables
3461,,,,KVM Cables
3541,,,,Telephone Cables
500035,,,,Storage & Data Transfer Cables
275,,,Power
276,,,,Batteries
1564,,,,,Laptop Batteries
1722,,,,,Camera Batteries
1745,,,,,Mobile Phone Batteries
1880,,,,,Cordless Phone Batteries
2222,,,,,Video Camera Batteries
4928,,,,,General Purpose Batteries
5133,,,,,PDA Batteries
6289,,,,,UPS Batteries
7438,,,,,Tablet Computer Batteries
7551,,,,,E-Book Reader Batteries
499810,,,,,MP3 Player Batteries
500117,,,,,Video Game Console & Controller Batteries
1348,,,,UPS
1375,,,,UPS Accessories
2978,,,,Fuel Cells
3160,,,,Power Strips & Surge Suppressors
5274,,,,Power Supply Enclosures
5380,,,,Surge Protection Devices
6790,,,,Power Control Units
6933,,,,Power Adapter & Charger Accessories
7135,,,,Travel Converters & Adapters
7166,,,,Battery Accessories
3130,,,,,Camera Battery Chargers
6817,,,,,Battery Charge Controllers
7167,,,,,General Purpose Battery Chargers
8243,,,,,Battery Holders
499928,,,,,General Purpose Battery Testers
505295,,,,Power Adapters & Chargers
279,,,Computer Accessories
280,,,,Handheld Device Accessories
4736,,,,,E-Book Reader Accessories
4738,,,,,,E-Book Reader Cases
4737,,,,,PDA Accessories
4739,,,,,,PDA Cases
300,,,,Laptop Docking Stations
1993,,,,Mouse Pads
5308,,,,Stylus Pens
5489,,,,Computer Risers & Stands
5669,,,,Stylus Pen Nibs & Refills
6291,,,,Keyboard & Mouse Wrist Rests
6979,,,,Keyboard Trays & Platforms
7530,,,,Computer Covers & Skins
499956,,,,Tablet Computer Docks & Stands
500040,,,,Computer Accessory Sets
285,,,Computer Components
287,,,,I/O Cards & Adapters
286,,,,,Audio Cards & Adapters
297,,,,,Video Cards & Adapters
1487,,,,,TV Tuner Cards & Adapters
503755,,,,,Riser Cards
505299,,,,,Computer Interface Cards & Adapters
291,,,,Computer Power Supplies
292,,,,Computer Processors
293,,,,Computer Racks & Mounts
294,,,,Computer Starter Kits
295,,,,Computer System Cooling Parts
296,,,,Desktop Computer & Server Cases
311,,,,USB & FireWire Hubs
1928,,,,Input Devices
139,,,,,Barcode Scanners
301,,,,,Game Controllers
543588,,,,,,Joystick Controllers
543589,,,,,,Gaming Pads
543590,,,,,,Game Remotes
543591,,,,,,Game Racing Wheels
543593,,,,,,Musical Instrument Game Controllers
302,,,,,Graphics Tablets
303,,,,,Keyboards
304,,,,,Mice & Trackballs
308,,,,,Touchpads
1562,,,,,KVM Switches
3580,,,,,Memory Card Readers
4512,,,,,Numeric Keypads
5309,,,,,Digital Note Taking Pens
5366,,,,,Fingerprint Readers
499950,,,,,Gesture Control Input Devices
505801,,,,,Electronic Card Readers
2414,,,,Storage Devices
377,,,,,Optical Drives
380,,,,,Hard Drives
385,,,,,Tape Drives
1301,,,,,Floppy Drives
1623,,,,,Hard Drive Accessories
381,,,,,,Hard Drive Carrying Cases
4417,,,,,,Hard Drive Docks
505767,,,,,,Hard Drive Enclosures & Mounts
3712,,,,,USB Flash Drives
5268,,,,,Disk Duplicators
376,,,,,,CD/DVD Duplicators
5112,,,,,,USB Drive Duplicators
5271,,,,,,Hard Drive Duplicators
5269,,,,,Network Storage Systems
5272,,,,,Hard Drive Arrays
4224,,,,Laptop Parts
4102,,,,,Laptop Replacement Screens
4270,,,,,Laptop Housings & Trim
4301,,,,,Laptop Replacement Keyboards
6416,,,,,Laptop Hinges
7501,,,,,Laptop Replacement Cables
8160,,,,,Laptop Screen Digitizers
43617,,,,,Laptop Replacement Speakers
6475,,,,Input Device Accessories
6476,,,,,Barcode Scanner Stands
8008,,,,,Game Controller Accessories
500052,,,,,Mice & Trackball Accessories
503003,,,,,Keyboard Keys & Caps
6932,,,,Blade Server Enclosures
7349,,,,Tablet Computer Parts
45262,,,,,Tablet Computer Replacement Speakers
500013,,,,,Tablet Computer Screens & Screen Digitizers
503002,,,,,Tablet Computer Housings & Trim
8158,,,,Computer Backplates & I/O Shields
8162,,,,E-Book Reader Parts
8163,,,,,E-Book Reader Screens & Screen Digitizers
288,,,Memory
384,,,,Flash Memory
3387,,,,,Flash Memory Cards
1665,,,,Cache Memory
1733,,,,RAM
1767,,,,Video Memory
2130,,,,ROM
341,,,Remote Controls
367,,,Blank Media
1718,,,Antennas
3328,,,Cable Management
3764,,,,Cable Clips
4016,,,,Wire & Cable Ties
5273,,,,Patch Panels
6402,,,,Cable Trays
6780,,,,Wire & Cable Sleeves
499686,,,,Wire & Cable Identification Markers
500036,,,,Cable Tie Guns
3422,,,Memory Accessories
3672,,,,Memory Cases
4617,,,Electronics Cleaners
5466,,,Electronics Films & Shields
5467,,,,Privacy Filters
5468,,,,Screen Protectors
5469,,,,Keyboard Protectors
5523,,,,Electronics Stickers & Decals
5473,,,Signal Boosters
5476,,,Antenna Accessories
5477,,,,Antenna Mounts & Brackets
5478,,,,Antenna Rotators
6016,,,,Satellite LNBs
5695,,,Signal Jammers
5589,,,,Radar Jammers
5612,,,,GPS Jammers
5696,,,,Mobile Phone Jammers
8156,,,Audio & Video Splitters & Switches
8164,,,,HDMI Splitters & Switches
499944,,,,DVI Splitters & Switches
499945,,,,VGA Splitters & Switches
499878,,,Mobile Phone & Tablet Tripods & Monopods
3356,,Arcade Equipment
3117,,,Video Game Arcade Cabinets
3140,,,Pinball Machines
3676,,,Video Game Arcade Cabinet Accessories
3681,,,Skee-Ball Machines
3946,,,Pinball Machine Accessories
8085,,,Basketball Arcade Games
3702,,Circuit Boards & Components
3635,,,Passive Circuit Components
3121,,,,Inductors
3220,,,,Capacitors
3424,,,,Resistors
7260,,,,Electronic Oscillators
3889,,,Circuit Prototyping
4010,,,,Breadboards
3991,,,Semiconductors
3094,,,,Transistors
3632,,,,Diodes
3949,,,,Microcontrollers
7257,,,,Integrated Circuits & Chips
7258,,,Electronic Filters
7259,,,Circuit Decoders & Encoders
7264,,,Printed Circuit Boards
3416,,,,Development Boards
8516,,,,Television Circuit Boards
8544,,,,"Printer, Copier, & Fax Machine Circuit Boards"
8545,,,,Household Appliance Circuit Boards
8549,,,,Pool & Spa Circuit Boards
298419,,,,Camera Circuit Boards
499675,,,,Scanner Circuit Boards
499889,,,,Exercise Machine Circuit Boards
499898,,,,Computer Circuit Boards
289,,,,,Motherboards
8546,,,,,Hard Drive Circuit Boards
499899,,,,,Computer Inverter Boards
500027,,,Circuit Board Accessories
3895,,GPS Accessories
3213,,,GPS Mounts
3781,,,GPS Cases
4488,,Toll Collection Devices
6544,,GPS Tracking Devices
500091,,Speed Radars
412,"Food, Beverages & Tobacco"
413,,Beverages
415,,,Hot Chocolate
418,,,Milk
420,,,Water
543530,,,,Distilled Water
543531,,,,Carbonated Water
543534,,,,,Flavored Carbonated Water
543535,,,,,Unflavored Carbonated Water
543532,,,,Spring Water
543533,,,,Flat Mineral Water
1868,,,Coffee
2073,,,Tea & Infusions
2628,,,Soda
2887,,,Juice
5723,,,Sports & Energy Drinks
5724,,,Non-Dairy Milk
6797,,,Buttermilk
6848,,,Powdered Beverage Mixes
7528,,,Vinegar Drinks
8030,,,Eggnog
8036,,,Fruit Flavored Drinks
499676,,,Alcoholic Beverages
414,,,,Beer
417,,,,Liquor & Spirits
1671,,,,,Gin
1926,,,,,Whiskey
2107,,,,,Vodka
2220,,,,,Tequila
2364,,,,,Brandy
2605,,,,,Rum
2933,,,,,Liqueurs
502976,,,,,Shochu & Soju
543642,,,,,,Shochu
543643,,,,,,Soju
505761,,,,,Absinthe
421,,,,Wine
5725,,,,Cocktail Mixes
543536,,,,,Shelf-stable Cocktail Mixes
543537,,,,,Frozen Cocktail Mixes
5887,,,,Flavored Alcoholic Beverages
6761,,,,Hard Cider
7486,,,,Bitters
422,,Food Items
136,,,Food Gift Baskets
423,,,Snack Foods
1445,,,,Crackers
1534,,,,Popcorn
2392,,,,Chips
2432,,,,Puffed Rice Cakes
3284,,,,Jerky
3446,,,,Pretzels
5743,,,,Pudding & Gelatin Snacks
5744,,,,Fruit Snacks
5745,,,,Trail & Snack Mixes
5746,,,,Croutons
5747,,,,Cereal & Granola Bars
543651,,,,,Cereal Bars
543652,,,,,Granola Bars
6192,,,,Cheese Puffs
6194,,,,Pork Rinds
6785,,,,Snack Cakes
6847,,,,Salad Toppings
7159,,,,Breadsticks
7327,,,,Sticky Rice Cakes
7427,,,,Sesame Sticks
427,,,Condiments & Sauces
1387,,,,Mustard
1568,,,,Mayonnaise
1969,,,,Salad Dressing
2018,,,,Ketchup
4614,,,,Hot Sauce
4615,,,,Satay Sauce
4616,,,,Soy Sauce
4692,,,,Tahini
4943,,,,Syrup
4947,,,,Honey
5759,,,,Pasta Sauce
5760,,,,Olives & Capers
5762,,,,Gravy
5763,,,,Fish Sauce
6203,,,,Pizza Sauce
6246,,,,Worcestershire Sauce
6772,,,,Cocktail Sauce
6782,,,,Horseradish Sauce
6783,,,,Tartar Sauce
6845,,,,Dessert Toppings
6844,,,,,Ice Cream Syrup
6854,,,,,Fruit Toppings
6905,,,,Curry Sauce
500074,,,,Marinades & Grilling Sauces
500075,,,,Relish & Chutney
500076,,,,Pickled Fruits & Vegetables
500089,,,,Sweet and Sour Sauces
500105,,,,White & Cream Sauces
428,,,Dairy Products
429,,,,Cheese
1855,,,,Cottage Cheese
1954,,,,Yogurt
4418,,,,Coffee Creamer
5786,,,,Cream
5787,,,,Sour Cream
5827,,,,Butter & Margarine
6821,,,,Whipped Cream
430,,,Fruits & Vegetables
1755,,,,Dried Fruits
5793,,,,Fresh & Frozen Vegetables
6568,,,,,Asparagus
6570,,,,,Artichokes
6577,,,,,Beans
6580,,,,,Beets
6585,,,,,Sweet Potatoes
6586,,,,,Potatoes
6587,,,,,Borage
6590,,,,,Brussel Sprouts
6591,,,,,Broccoli
6592,,,,,Cabbage
6595,,,,,Carrots
6596,,,,,Cardoon
6598,,,,,Celery Roots
6599,,,,,Celery
6600,,,,,Cauliflower
6608,,,,,Cucumbers
6609,,,,,Corn
6613,,,,,Eggplants
6615,,,,,Fiddlehead Ferns
6616,,,,,Gai Choy
6617,,,,,Gai Lan
6618,,,,,Gobo Root
6619,,,,,Ginger Root
6620,,,,,Garlic
6622,,,,,Greens
5792,,,,,,Salad Mixes
6569,,,,,,Arugula
6581,,,,,,Beet Greens
6584,,,,,,Bok Choy
6597,,,,,,Chard
6610,,,,,,Choy Sum
6629,,,,,,Kale
6637,,,,,,Lettuce
6656,,,,,,On Choy
6695,,,,,,Spinach
6706,,,,,,Yu Choy
6717,,,,,,Chicory
6627,,,,,Leeks
6628,,,,,Kohlrabi
6630,,,,,Jicama
6631,,,,,Horseradish Root
6643,,,,,Malangas
6644,,,,,Lotus Roots
6653,,,,,Mushrooms
6655,,,,,Onions
6657,,,,,Okra
6663,,,,,Parsnips
6664,,,,,Parsley Roots
6668,,,,,Peppers
6669,,,,,Peas
6681,,,,,Rhubarb
6682,,,,,Radishes
6692,,,,,Tamarillos
6693,,,,,Sunchokes
6694,,,,,Sugar Cane
6700,,,,,Watercress
6701,,,,,Water Chestnuts
6703,,,,,Tomatoes
6704,,,,,Taro Root
6705,,,,,Yuca Root
6716,,,,,Arracachas
6808,,,,,Cactus Leaves
6816,,,,,Fennel Bulbs
6818,,,,,Shallots
7193,,,,,Wheatgrass
8515,,,,,Yams
499905,,,,,Vegetable Mixes
503761,,,,,Sprouts
505329,,,,,Turnips & Rutabagas
505354,,,,,Squashes & Gourds
5794,,,,Fruit Sauces
5795,,,,Fresh & Frozen Fruits
6566,,,,,Apples
6571,,,,,Atemoyas
6572,,,,,Avocados
6573,,,,,Babacos
6574,,,,,Bananas
6582,,,,,Berries
6589,,,,,Breadfruit
6593,,,,,Cactus Pears
6594,,,,,Starfruits
6602,,,,,Cherimoyas
6614,,,,,Feijoas
6624,,,,,Homely Fruits
6625,,,,,Guavas
6626,,,,,Grapes
6633,,,,,Kiwis
6638,,,,,Lychees
6639,,,,,Loquats
6640,,,,,Longan
6645,,,,,Mangosteens
6647,,,,,Mamey
6649,,,,,Melons
6661,,,,,Papayas
6665,,,,,Pears
6667,,,,,Passion Fruit
6670,,,,,Pineapples
6671,,,,,Physalis
6672,,,,,Persimmons
6673,,,,,Pomegranates
6676,,,,,Pitahayas
6678,,,,,Rambutans
6679,,,,,Quince
6687,,,,,Sapote
6688,,,,,Sapodillo
6691,,,,,Soursops
6698,,,,,Tamarindo
6809,,,,,Coconuts
6810,,,,,Figs
6812,,,,,Dates
6813,,,,,Madroño
6814,,,,,Sugar Apples
499906,,,,,Fruit Mixes
503759,,,,,Citrus Fruits
6621,,,,,,Grapefruits
6632,,,,,,Kumquats
6636,,,,,,Lemons
6641,,,,,,Limequats
6642,,,,,,Limes
6658,,,,,,Oranges
6697,,,,,,Tangelos
503760,,,,,Stone Fruits
6567,,,,,,Apricots
6601,,,,,,Cherries
6646,,,,,,Mangoes
6674,,,,,,Plums
6675,,,,,,Plumcots
505301,,,,,,Peaches & Nectarines
5796,,,,Dry Beans
5797,,,,Canned & Prepared Beans
5798,,,,Canned & Jarred Vegetables
5799,,,,Canned & Jarred Fruits
7387,,,,Dried Vegetables
431,,,"Grains, Rice & Cereal"
4682,,,,Rice
4683,,,,Amaranth
4684,,,,Buckwheat
4686,,,,Millet
4687,,,,Barley
4688,,,,Wheat
4689,,,,Cereal & Granola
4690,,,,"Oats, Grits & Hot Cereal"
6259,,,,Quinoa
7196,,,,Couscous
7374,,,,Rye
432,,,"Meat, Seafood & Eggs"
4627,,,,Eggs
543554,,,,,Egg Whites
543555,,,,,Liquid & Frozen Eggs
543556,,,,,Prepared Eggs
543557,,,,,Whole Eggs
4628,,,,Meat
5804,,,,,Lunch & Deli Meats
5805,,,,,Fresh & Frozen Meats
5811,,,,,Canned Meats
4629,,,,Seafood
5812,,,,,Fresh & Frozen Seafood
5813,,,,,Canned Seafood
433,,,Nuts & Seeds
434,,,Pasta & Noodles
1876,,,Bakery
424,,,,Breads & Buns
1573,,,,Bagels
1895,,,,Muffins
2194,,,,Cakes & Dessert Bars
2229,,,,Cookies
5054,,,,Fudge
5748,,,,Tortillas & Wraps
5749,,,,Pies & Tarts
5750,,,,Pastries & Scones
5751,,,,Donuts
5790,,,,Ice Cream Cones
5904,,,,Bakery Assortments
6195,,,,Cupcakes
6196,,,,Coffee Cakes
6891,,,,Taco Shells & Tostadas
2423,,,Soups & Broths
2660,,,Cooking & Baking Ingredients
2126,,,,Cooking Oils
2140,,,,Vinegar
2572,,,,Baking Mixes
2775,,,,Flour
2803,,,,Baking Powder
2905,,,,Yeast
4613,,,,Bean Paste
5105,,,,Floss Sugar
5752,,,,Dough
5753,,,,,Pie Crusts
5755,,,,,Bread & Pastry Dough
5756,,,,,Cookie & Brownie Dough
5765,,,,Shortening & Lard
5766,,,,Molasses
5767,,,,Marshmallows
5768,,,,Unflavored Gelatin
5769,,,,Frosting & Icing
5770,,,,Corn Syrup
5771,,,,Cooking Starch
5773,,,,Bread Crumbs
5774,,,,Baking Soda
5775,,,,Baking Flavors & Extracts
5776,,,,Baking Chocolate
5777,,,,Cooking Wine
5778,,,,Waffle & Pancake Mixes
5800,,,,Pie & Pastry Fillings
6754,,,,Baking Chips
6774,,,,Batter & Coating Mixes
6775,,,,Edible Baking Decorations
6922,,,,Tomato Paste
7127,,,,Food Coloring
7354,,,,Starter Cultures
7506,,,,Cookie Decorating Kits
8076,,,,Meal
499707,,,,Tapioca Pearls
499986,,,,Lemon & Lime Juice
500093,,,,Canned & Dry Milk
503734,,,,Sugar & Sweeteners
543549,,,,Egg Replacers
4608,,,Seasonings & Spices
1529,,,,Herbs & Spices
4610,,,,MSG
4611,,,,Salt
6199,,,,Pepper
4748,,,Candy & Chocolate
5740,,,Dips & Spreads
1702,,,,Salsa
2188,,,,Jams & Jellies
3965,,,,Nut Butters
5741,,,,Hummus
5742,,,,Guacamole
5785,,,,Cream Cheese
6204,,,,Apple Butter
6784,,,,Tapenade
6830,,,,Vegetable Dip
6831,,,,Cheese Dips & Spreads
5788,,,Frozen Desserts & Novelties
5789,,,,Ice Pops
6873,,,,Ice Cream Novelties
499991,,,,Ice Cream & Frozen Yogurt
5807,,,"Tofu, Soy & Vegetarian Products"
5808,,,,Seitan
5809,,,,Tofu
5810,,,,Tempeh
6839,,,,Cheese Alternatives
6843,,,,Meat Alternatives
5814,,,Prepared Foods
499988,,,,Prepared Meals & Entrées
499989,,,,Prepared Appetizers & Side Dishes
6219,,,Candied & Chocolate Covered Fruit
435,,Tobacco Products
3151,,,Cigarettes
3682,,,Cigars
3741,,,Loose Tobacco
3916,,,Chewing Tobacco
4091,,,Vaporizers & Electronic Cigarettes
543634,,,,Vaporizers
543635,,,,Electronic Cigarettes
499963,,,Smoking Pipes
436,Furniture
441,,Benches
4241,,,Vanity Benches
6850,,,Kitchen & Dining Benches
6851,,,Storage & Entryway Benches
442,,Carts & Islands
453,,,Kitchen & Dining Carts
6374,,,Kitchen Islands
443,,Chairs
438,,,Bean Bag Chairs
456,,,Chaises
1463,,,Table & Bar Stools
2002,,,Rocking Chairs
2919,,,Electric Massaging Chairs
3358,,,Folding Chairs & Stools
5886,,,Kitchen & Dining Room Chairs
6499,,,"Arm Chairs, Recliners & Sleeper Chairs"
6800,,,Gaming Chairs
6859,,,Slipper Chairs
7197,,,Hanging Chairs
500051,,,Floor Chairs
450,,Futons
457,,Entertainment Centers & TV Stands
458,,Ottomans
460,,Sofas
464,,Shelving
465,,,Bookcases & Standing Shelves
6372,,,Wall Shelves & Ledges
554,,Baby & Toddler Furniture
558,,,Changing Tables
559,,,High Chairs & Booster Seats
6349,,,Baby & Toddler Furniture Sets
6393,,,Bassinets & Cradles
6394,,,Cribs & Toddler Beds
6969,,,High Chair & Booster Seat Accessories
7068,,,Bassinet & Cradle Accessories
7070,,,Crib & Toddler Bed Accessories
7071,,,,Crib Conversion Kits
7072,,,,Crib Bumpers & Liners
2786,,Futon Pads
4163,,Room Dividers
4299,,Outdoor Furniture
2684,,,Outdoor Tables
6367,,,Outdoor Furniture Sets
6368,,,Outdoor Seating
4105,,,,Sunloungers
4513,,,,Outdoor Sofas
5044,,,,Outdoor Benches
6828,,,,Outdoor Chairs
500111,,,,Outdoor Sectional Sofa Units
6822,,,Outdoor Ottomans
6892,,,Outdoor Beds
7310,,,Outdoor Storage Boxes
6345,,Furniture Sets
6346,,,Bedroom Furniture Sets
6347,,,Kitchen & Dining Furniture Sets
6348,,,Living Room Furniture Sets
500000,,,Bathroom Furniture Sets
6356,,Cabinets & Storage
447,,,Buffets & Sideboards
448,,,China Cabinets & Hutches
463,,,File Cabinets
4063,,,Armoires & Wardrobes
4148,,,Vanities
2081,,,,Bathroom Vanities
6360,,,,Bedroom Vanities
4195,,,Dressers
4205,,,Storage Chests
4268,,,,Toy Chests
6947,,,,Hope Chests
5578,,,Wine Racks
5938,,,Storage Cabinets & Lockers
6357,,,Wine & Liquor Cabinets
6358,,,Media Storage Cabinets & Racks
6539,,,Magazine Racks
6934,,,Kitchen Cabinets
465846,,,Ironing Centers
6362,,Office Furniture
2045,,,Office Chairs
4191,,,Desks
6363,,,Workspace Tables
2242,,,,Art & Drafting Tables
4317,,,,Conference Room Tables
6908,,,Workstations & Cubicles
500061,,,Office Furniture Sets
6392,,Tables
462,,,Nightstands
2693,,,Poker & Game Tables
4080,,,Folding Tables
4355,,,Kitchen & Dining Room Tables
4484,,,Kotatsu
5121,,,Sewing Machine Tables
6351,,,Activity Tables
6369,,,Accent Tables
1395,,,,Coffee Tables
1549,,,,End Tables
1602,,,,Sofa Tables
6433,,Beds & Accessories
451,,,Headboards & Footboards
2696,,,Mattresses
2720,,,Mattress Foundations
4437,,,Bed & Bed Frame Accessories
505764,,,Beds & Bed Frames
6860,,Futon Frames
6913,,Table Accessories
6910,,,Table Tops
6911,,,Table Legs
6915,,Room Divider Accessories
6963,,Outdoor Furniture Accessories
6964,,,Outdoor Furniture Covers
7212,,Sofa Accessories
7213,,,Chair & Sofa Supports
500064,,,Sectional Sofa Units
7248,,Chair Accessories
8206,,,Hanging Chair Replacement Parts
8023,,Shelving Accessories
8024,,,Replacement Shelves
503765,,Office Furniture Accessories
6909,,,Workstation & Cubicle Accessories
7559,,,Office Chair Accessories
503766,,,Desk Parts & Accessories
469,Health & Beauty
491,,Health Care
494,,,Biometric Monitors
495,,,,Blood Pressure Monitors
496,,,,Body Fat Analyzers
497,,,,Cholesterol Analyzers
500,,,,Body Weight Scales
501,,,,Medical Thermometers
2246,,,,Blood Glucose Meters
2633,,,,Breathalyzers
4767,,,,Prenatal Heart Rate Monitors
5551,,,,Pulse Oximeters
500009,,,,Activity Monitors
505822,,,,Fertility Monitors and Ovulation Tests
543679,,,,,Fertility Tests & Monitors
543680,,,,,Ovulation Tests
508,,,First Aid
509,,,,Medical Tape & Bandages
510,,,,First Aid Kits
516,,,,Hot & Cold Therapies
4753,,,,,Ice Packs
5848,,,,,Heat Rubs
6205,,,,,Heating Pads
2954,,,,Antiseptics & Cleaning Supplies
4527,,,,Eye Wash Supplies
6206,,,,Cast & Bandage Protectors
517,,,Incontinence Aids
518,,,Medicine & Drugs
519,,,Mobility & Accessibility
520,,,,Accessibility Equipment
3364,,,,,Wheelchairs
3512,,,,,Mobility Scooters
7138,,,,,Stair Lifts
502969,,,,,Transfer Boards & Sheets
521,,,,Accessibility Equipment Accessories
5164,,,,Walking Aids
4248,,,,,Crutches
5165,,,,,Canes & Walking Sticks
5166,,,,,Walkers
5488,,,,Accessibility Furniture & Fixtures
7243,,,,,Shower Benches & Seats
6929,,,,Walking Aid Accessories
523,,,Supports & Braces
775,,,Condoms
2890,,,Fitness & Nutrition
525,,,,Vitamins & Supplements
2984,,,,Nutrition Bars
5702,,,,Nutrition Drinks & Shakes
6242,,,,Nutrition Gels & Chews
6871,,,,Nutritional Food Purées
7413,,,,Tube Feeding Supplements
3777,,,Pillboxes
4551,,,Respiratory Care
4552,,,,Nebulizers
7316,,,,PAP Masks
7317,,,,PAP Machines
499692,,,,Oxygen Tanks
505669,,,,Steam Inhalers
5071,,,Biometric Monitor Accessories
3688,,,,Blood Glucose Meter Accessories
3111,,,,,Lancing Devices
3905,,,,,Blood Glucose Test Strips
6323,,,,,Blood Glucose Control Solution
5072,,,,Body Weight Scale Accessories
6284,,,,Blood Pressure Monitor Accessories
6285,,,,,Blood Pressure Monitor Cuffs
505819,,,,Activity Monitor Accessories
5690,,,Hearing Aids
5849,,,Acupuncture
5850,,,,Acupuncture Models
5851,,,,Acupuncture Needles
5870,,,Occupational & Physical Therapy Equipment
8541,,,,Electrical Muscle Stimulators
505352,,,,Therapeutic Swings
5923,,,Surgical Lubricants
5965,,,Medical Identification Tags & Jewelry
5966,,,Medical Alarm Systems
7002,,,Contraceptive Cases
7186,,,Spermicides
7220,,,Bed Pans
8082,,,Specimen Cups
8105,,,Stump Shrinkers
500087,,,Light Therapy Lamps
505293,,,Medical Tests
1680,,,,Pregnancy Tests
2552,,,,Drug Tests
7336,,,,HIV Tests
7337,,,,Blood Typing Test Kits
499934,,,,Allergy Test Kits
505294,,,,Urinary Tract Infection Tests
505820,,,Conductivity Gels & Lotions
2915,,Personal Care
472,,,Tanning Beds
473,,,Cosmetics
474,,,,Bath & Body
2503,,,,,Bar Soap
2522,,,,,Bath Additives
2747,,,,,Body Wash
2875,,,,,Bath Sponges & Loofahs
2876,,,,,Bath Brushes
3208,,,,,Liquid Hand Soap
3691,,,,,Hand Sanitizers & Wipes
4049,,,,,Shower Caps
7417,,,,,Powdered Hand Soap
499913,,,,,Adult Hygienic Wipes
475,,,,Bath & Body Gift Sets
477,,,,Makeup
2571,,,,,Face Makeup
2765,,,,,,Foundations & Concealers
2980,,,,,,Face Powder
6304,,,,,,Highlighters & Luminizers
6305,,,,,,Blushes & Bronzers
8218,,,,,,Face Primer
2645,,,,,Lip Makeup
2589,,,,,,Lip Liner
2858,,,,,,Lip Gloss
3021,,,,,,Lipstick
6306,,,,,,Lip & Cheek Stains
8217,,,,,,Lip Primer
2779,,,,,Eye Makeup
2686,,,,,,Eyebrow Enhancers
2761,,,,,,False Eyelashes
2807,,,,,,Eyeliner
2834,,,,,,Mascara
2904,,,,,,Eye Shadow
6340,,,,,,Lash & Brow Growth Treatments
8219,,,,,,Mascara Primer
8220,,,,,,Eye Primer
3509,,,,,Temporary Tattoos
4779,,,,,Costume & Stage Makeup
5978,,,,,Body Makeup
5979,,,,,,Body Paint & Foundation
5981,,,,,,Body & Hair Glitter
6072,,,,,Makeup Finishing Sprays
478,,,,Nail Care
2683,,,,,Nail Polishes
2946,,,,,Nail Polish Removers
3009,,,,,Cuticle Cream & Oil
4218,,,,,False Nails
5975,,,,,Nail Art Kits & Accessories
6893,,,,,Manicure Glue
7445,,,,,Nail Polish Thinners
233419,,,,,Nail Polish Drying Drops & Sprays
479,,,,Perfume & Cologne
567,,,,Skin Care
481,,,,,Acne Treatments & Kits
482,,,,,Lip Balms & Treatments
543573,,,,,,Lip Balms
543574,,,,,,Medicated Lip Treatments
2526,,,,,Facial Cleansers
2592,,,,,Lotion & Moisturizer
2740,,,,,Tanning Products
5338,,,,,,Self Tanner
5339,,,,,,Tanning Oil & Lotion
2844,,,,,Sunscreen
5820,,,,,Skin Insect Repellent
5976,,,,,Toners & Astringents
543658,,,,,,Toners
543659,,,,,,Astringents
5980,,,,,Body Powder
6034,,,,,Makeup Removers
6104,,,,,Body Oil
6262,,,,,Skin Care Masks & Peels
6753,,,,,Petroleum Jelly
6791,,,,,Facial Pore Strips
6863,,,,,Wart Removers
7429,,,,,Anti-Aging Skin Care Kits
7467,,,,,Facial Cleansing Kits
8029,,,,,Compressed Skin Care Mask Sheets
2619,,,,Cosmetic Tools
2548,,,,,Makeup Tools
476,,,,,,Face Mirrors
2780,,,,,,Eyelash Curlers
3025,,,,,,Makeup Brushes
4106,,,,,,Makeup Sponges
4121,,,,,,Facial Blotting Paper
6282,,,,,,Eyelash Curler Refills
6555,,,,,,Eyebrow Stencils
7356,,,,,,Double Eyelid Glue & Tape
499822,,,,,,Refillable Makeup Palettes & Cases
502996,,,,,,False Eyelash Accessories
7256,,,,,,,False Eyelash Adhesive
7493,,,,,,,False Eyelash Applicators
502997,,,,,,,False Eyelash Remover
2958,,,,,Skin Care Tools
2511,,,,,,Pumice Stones
6260,,,,,,Skin Cleansing Brushes & Systems
6261,,,,,,Skin Care Extractors
6760,,,,,,Facial Saunas
7018,,,,,,Skin Care Rollers
7190,,,,,,Foot Files
8132,,,,,,Skin Cleansing Brush Heads
499926,,,,,,Lotion & Sunscreen Applicators
2975,,,,,Nail Tools
2734,,,,,,Nail Files & Emery Boards
2739,,,,,,Cuticle Pushers
2828,,,,,,Nail Clippers
3037,,,,,,Cuticle Scissors
5880,,,,,,Nail Dryers
6300,,,,,,Manicure Tool Sets
6341,,,,,,Nail Buffers
7490,,,,,,Nail Drills
7494,,,,,,Manicure & Pedicure Spacers
499698,,,,,,Nail Drill Accessories
6069,,,,Cosmetic Sets
6331,,,,Cosmetic Tool Cleansers
484,,,Deodorant & Anti-Perspirant
543598,,,,Deodorant
543599,,,,Anti-Perspirant
485,,,Feminine Sanitary Supplies
2387,,,,Feminine Pads & Protectors
2564,,,,Tampons
5821,,,,Feminine Douches & Creams
6862,,,,Feminine Deodorant
8122,,,,Menstrual Cups
486,,,Hair Care
1901,,,,Hair Styling Products
2441,,,,Shampoo & Conditioner
543615,,,,,Shampoo
543616,,,,,Conditioners
543617,,,,,Shampoo & Conditioner Sets
2814,,,,Hair Color
3013,,,,Hair Shears
4766,,,,Hair Loss Treatments
5977,,,,Hair Coloring Accessories
6018,,,,Hair Styling Tool Accessories
4475,,,,,Hair Dryer Accessories
4569,,,,,Hair Iron Accessories
5317,,,,,Hair Curler Clips & Pins
6019,,,,Hair Styling Tools
487,,,,,Combs & Brushes
488,,,,,Hair Curlers
489,,,,,Curling Irons
490,,,,,Hair Dryers
3407,,,,,Hair Straighteners
499992,,,,,Hair Styling Tool Sets
6052,,,,Hair Permanents & Straighteners
6053,,,,Hair Color Removers
6099,,,,Hair Loss Concealers
6429,,,,Hair Steamers & Heat Caps
8452,,,,Hair Care Kits
493,,,Back Care
7404,,,,Back & Lumbar Support Cushions
506,,,Ear Care
2596,,,,Earplugs
5706,,,,Ear Candles
6559,,,,Ear Drops
6560,,,,Ear Dryers
6561,,,,Ear Syringes
6562,,,,Ear Wax Removal Kits
7542,,,,Earplug Dispensers
500024,,,,Ear Picks & Spoons
515,,,Foot Care
2801,,,,Insoles & Inserts
2992,,,,Bunion Care Supplies
3022,,,,Corn & Callus Care Supplies
3049,,,,Foot Odor Removers
7495,,,,Toe Spacers
526,,,Oral Care
527,,,,Toothbrushes
1360,,,,Toothpaste
2527,,,,Dentures
2620,,,,Dental Floss
2769,,,,Gum Stimulators
3019,,,,Teeth Whiteners
3040,,,,Mouthwash
4316,,,,Toothpicks
4775,,,,Toothbrush Accessories
4776,,,,,Toothbrush Replacement Heads
4942,,,,,Toothbrush Sanitizers
6920,,,,,Toothbrush Covers
5154,,,,Toothpaste Squeezers & Dispensers
5155,,,,Denture Adhesives
5295,,,,Dental Water Jets
5823,,,,Dental Mouthguards
5824,,,,Denture Cleaners
6189,,,,Breath Spray
6441,,,,Tongue Scrapers
6455,,,,Dental Water Jet Replacement Tips
6715,,,,Power Flossers
8543,,,,Denture Repair Kits
505367,,,,Orthodontic Appliance Cases
528,,,Shaving & Grooming
529,,,,Aftershave
531,,,,Electric Razor Accessories
532,,,,Electric Razors
533,,,,Hair Clippers & Trimmers
534,,,,Razors & Razor Blades
2508,,,,Styptic Pencils
2681,,,,Shaving Brushes
2971,,,,Shaving Cream
4507,,,,Hair Removal
4508,,,,,Depilatories
4509,,,,,Electrolysis Devices
4510,,,,,Epilators
4511,,,,,Waxing Kits & Supplies
7199,,,,,Laser & IPL Hair Removal Devices
8136,,,,,Hair Removal Wax Warmers
5111,,,,Shaving Kits
6842,,,,Hair Clipper & Trimmer Accessories
8214,,,,Body & Facial Hair Bleach
8531,,,,Shaving Bowls & Mugs
777,,,Personal Lubricants
1380,,,Vision Care
524,,,,Eyeglasses
2521,,,,Eyewear Accessories
5507,,,,,Eyewear Cases & Holders
8204,,,,,Eyewear Straps & Chains
352853,,,,,Eyewear Lens Cleaning Solutions
543538,,,,,Eyewear Replacement Parts
2733,,,,Eyeglass Lenses
2922,,,,Eye Drops & Lubricants
2923,,,,Contact Lenses
3011,,,,Contact Lens Care
6509,,,,,Contact Lens Solution
6510,,,,,Contact Lens Cases
7363,,,,,Contact Lens Care Kits
6977,,,,Sunglass Lenses
2656,,,Tweezers
2934,,,Cotton Swabs
4076,,,Sleeping Aids
4056,,,,White Noise Machines
4211,,,,Travel Pillows
4313,,,,Eye Masks
6017,,,,Snoring & Sleep Apnea Aids
4929,,,Cotton Balls
5663,,,Massage & Relaxation
471,,,,Massagers
543595,,,,,Massage Cushions
543596,,,,,Electric Massagers
543597,,,,,Manual Massage Tools
1442,,,,Massage Chairs
2074,,,,Massage Tables
5664,,,,Massage Oil
8135,,,,Massage Stones
8530,,,,Massage Stone Warmers
233420,,,,Eye Pillows
500060,,,,Back Scratchers
6921,,,Spray Tanning Tents
7134,,,Enema Kits & Supplies
5573,,Jewelry Cleaning & Care
5124,,,Watch Repair Kits
5974,,,Jewelry Holders
499919,,,Jewelry Cleaning Solutions & Polishes
500082,,,Jewelry Cleaning Tools
500083,,,Jewelry Steam Cleaners
536,Home & Garden
359,,Business & Home Security
363,,,Security Lights
364,,,Security Monitors & Recorders
365,,,Security System Sensors
2161,,,Motion Sensors
3819,,,Security Safes
3873,,,Home Alarm Systems
5491,,,Dummy Surveillance Cameras
499865,,,Security Safe Accessories
500025,,,Safety & Security Mirrors
574,,Bathroom Accessories
575,,,Bath Caddies
577,,,Bath Mats & Rugs
578,,,Shower Curtain Rings
579,,,Facial Tissue Holders
580,,,Shower Curtains
582,,,Soap Dishes & Holders
583,,,Toilet Brushes & Holders
584,,,Toilet Paper Holders
585,,,Toothbrush Holders
586,,,Towel Racks & Holders
1962,,,Shower Rods
2034,,,Robe Hooks
2418,,,Medicine Cabinets
4366,,,Bath Pillows
4971,,,Soap & Lotion Dispensers
5141,,,Hand Dryers
6858,,,Bathroom Accessory Sets
7093,,,Bathroom Accessory Mounts
7509,,,Toilet Brush Replacement Heads
8016,,,Hand Dryer Accessories
8114,,,Safety Grab Bars
594,,Lighting
1436,,,Emergency Lighting
1546,,,Flood & Spot Lights
2370,,,Picture Lights
2425,,,Light Bulbs
2690,,,,Fluorescent Tubes
2944,,,,Incandescent Light Bulbs
2947,,,,Compact Fluorescent Lamps
3329,,,,LED Light Bulbs
2608,,,Light Ropes & Strings
3006,,,Lighting Fixtures
2249,,,,Chandeliers
2524,,,,Ceiling Light Fixtures
2809,,,,Cabinet Light Fixtures
6073,,,,Wall Light Fixtures
4636,,,Lamps
6274,,,Track Lighting
4932,,,,Track Lighting Fixtures
6272,,,,Track Lighting Accessories
6273,,,,Track Lighting Rails
7399,,,Tiki Torches & Oil Lamps
7400,,,Landscape Pathway Lighting
7401,,,In-Ground Lights
500003,,,Floating & Submersible Lights
505826,,,Night Lights & Ambient Lighting
600,,Smoking Accessories
4082,,,Ashtrays
6878,,,Humidors
6879,,,Cigar Cutters & Punches
6880,,,Humidor Accessories
6881,,,Cigarette Cases
6882,,,Cigar Cases
500007,,,Cigarette Holders
604,,Household Appliances
609,,,Garage Door Openers
616,,,Floor & Steam Cleaners
543600,,,,Carpet Steamers
543601,,,,Carpet Shampooers
543602,,,,Floor Scrubbers
543603,,,,Steam Mops
619,,,Vacuums
621,,,Water Heaters
1626,,,Climate Control Appliances
605,,,,Air Conditioners
606,,,,Air Purifiers
607,,,,Dehumidifiers
608,,,,Fans
1700,,,,,Ceiling Fans
2535,,,,,Desk & Pedestal Fans
4485,,,,,Ventilation Fans
7527,,,,,Powered Hand Fans & Misters
8090,,,,,Wall Mount Fans
611,,,,Space Heaters
613,,,,Humidifiers
2060,,,,Heating Radiators
2649,,,,Patio Heaters
3082,,,,Furnaces & Boilers
6709,,,,Outdoor Misting Systems
6727,,,,Evaporative Coolers
7328,,,,Duct Heaters
2706,,,Laundry Appliances
2549,,,,Washing Machines
2612,,,,Dryers
2849,,,,Laundry Combo Units
5138,,,,Garment Steamers
5139,,,,Irons & Ironing Systems
5140,,,,Steam Presses
4483,,,Futon Dryers
5294,,,Floor Polishers & Buffers
6741,,,Garage Door Keypads & Remotes
7121,,,Wallpaper Steamers
235920,,,Floor & Carpet Dryers
500081,,,Ultrasonic Cleaners
630,,Household Supplies
623,,,Household Cleaning Supplies
2250,,,,Dusters
2610,,,,Squeegees
2713,,,,Mops
2796,,,,Sponges & Scouring Pads
2857,,,,Brooms
4515,,,,Dustpans
4670,,,,Scrub Brushes
4671,,,,Broom & Mop Handles
4677,,,,Carpet Sweepers
4973,,,,Household Cleaning Products
4974,,,,,Carpet Cleaners
4975,,,,,Dish Detergent & Soap
4976,,,,,Glass & Surface Cleaners
543649,,,,,,Glass Cleaners
543650,,,,,,Muti-surface Cleaners
4977,,,,,Floor Cleaners
4978,,,,,Oven & Grill Cleaners
4979,,,,,Pet Odor & Stain Removers
4980,,,,,Toilet Bowl Cleaners
4981,,,,,Tub & Tile Cleaners
5825,,,,,Furniture Cleaners & Polish
6474,,,,,Household Disinfectants
7330,,,,,All-Purpose Cleaners
7426,,,,,Stainless Steel Cleaners & Polishes
7462,,,,,Washing Machine Cleaners
7510,,,,,Dishwasher Cleaners
7552,,,,,Rinse Aids
8043,,,,,Fabric & Upholstery Cleaners
500065,,,,,Descalers & Decalcifiers
5113,,,,Cleaning Gloves
6263,,,,Duster Refills
6264,,,,Mop Heads & Refills
6419,,,,Fabric & Upholstery Protectors
6437,,,,Buckets
8071,,,,Shop Towels & General-Purpose Cleaning Cloths
499767,,,,Scrub Brush Heads & Refills
499892,,,,Broom Heads
627,,,Laundry Supplies
633,,,,Ironing Boards
634,,,,Laundry Baskets
2677,,,,Drying Racks & Hangers
2754,,,,Laundry Detergent
2794,,,,Fabric Softeners & Dryer Sheets
3080,,,,Lint Rollers
4656,,,,Ironing Board Pads & Covers
4657,,,,Fabric Stain Removers
4982,,,,Bleach
5084,,,,Laundry Balls
5085,,,,Laundry Wash Bags & Frames
5704,,,,Clothespins
5705,,,,Fabric Shavers
6240,,,,Fabric Refreshers
6387,,,,Fabric Starch
7320,,,,Dry Cleaning Kits
7457,,,,Garment Shields
7502,,,,Wrinkle Releasers & Anti-Static Sprays
499931,,,,Ironing Board Replacement Parts
499937,,,,Iron Rests
628,,,Shoe Care & Tools
1659,,,,Shoe Polishes & Waxes
1874,,,,Shoe Brushes
2301,,,,Shoe Bags
2371,,,,Shoe Dryers
2431,,,,Shoe Trees & Shapers
5600,,,,Boot Pulls
5601,,,,Shoe Horns & Dressing Aids
5604,,,,Shoe Treatments & Dyes
8031,,,,Shoe Scrapers
8032,,,,Shoe Polishers
8033,,,,Shoe Care Kits
636,,,Storage & Organization
2446,,,,Storage Hooks & Racks
5494,,,,,Umbrella Stands & Racks
5707,,,,,Utility Hooks
499930,,,,,Ironing Board Hooks & Racks
3561,,,,Household Storage Bags
4360,,,,Photo Storage
40,,,,,Photo Albums
4237,,,,,Photo Storage Boxes
5128,,,,Flatware Chests
5558,,,,Clothing & Closet Storage
631,,,,,Hangers
3722,,,,,Charging Valets
5559,,,,,Shoe Racks & Organizers
5714,,,,,Closet Organizers & Garment Racks
5716,,,,,Clothes Valets
7514,,,,,Hat Boxes
5631,,,,Household Storage Containers
6986,,,,Household Storage Caddies
7255,,,,Household Storage Drawers
8058,,,,Household Drawer Organizer Inserts
728,,,Pest Control
2631,,,,Pest Control Traps
2865,,,,Repellents
512,,,,,Household Insect Repellents
7137,,,,,Animal & Pet Repellents
2869,,,,Pesticides
4220,,,,Fly Swatters
2374,,,Garbage Bags
2530,,,Household Paper Products
624,,,,Facial Tissues
629,,,,Toilet Paper
2742,,,,Paper Towels
3846,,,,Paper Napkins
3307,,,Rug Pads
3355,,,Household Thermometers
4516,,,Waste Containment
637,,,,Trash Cans & Wastebaskets
4517,,,,Recycling Containers
5143,,,,Hazardous Waste Containers
500039,,,,Dumpsters
5056,,,Trash Compactor Accessories
6757,,,Waste Containment Accessories
4717,,,,Waste Container Lids
6726,,,,Waste Container Enclosures
6758,,,,Waste Container Wheels
6765,,,,Waste Container Carts
500115,,,,Waste Container Labels & Signs
7214,,,Furniture Floor Protectors
7351,,,Drawer & Shelf Liners
7406,,,Moisture Absorbers
8522,,,Garage Floor Mats
499674,,,Floor Protection Films & Runners
499885,,,Stair Treads
638,,Kitchen & Dining
649,,,Barware
650,,,,Decanters
651,,,,Cocktail Shakers & Tools
3427,,,,,Bottle Openers
4222,,,,,Bar Ice Picks
6956,,,,,Cocktail Shakers
503757,,,,,Muddlers
505327,,,,,Cocktail Strainers
1817,,,,Beer Dispensers & Taps
2363,,,,Coasters
2976,,,,Corkscrews
4562,,,,Bottle Stoppers & Savers
4563,,,,Wine Aerators
6957,,,,Cocktail & Barware Tool Sets
7008,,,,Wine Glass Charms
7075,,,,Absinthe Fountains
7139,,,,Foil Cutters
7238,,,,Coaster Holders
7569,,,,Beverage Chilling Cubes & Sticks
8493,,,,Wine Bottle Holders
499990,,,,Bottle Caps
505806,,,,Beverage Tubs & Chillers
668,,,Kitchen Tools & Utensils
639,,,,Aprons
653,,,,Colanders & Strainers
665,,,,Kitchen Knives
666,,,,Cutting Boards
670,,,,Oven Mitts & Pot Holders
733,,,,Can Openers
741,,,,Electric Knives
2948,,,,Kitchen Organizers
2344,,,,,Spice Organizers
3061,,,,,Paper Towel Holders & Dispensers
3072,,,,,Napkin Holders & Dispensers
3177,,,,,Kitchen Counter & Beverage Station Organizers
3479,,,,,Drinkware Holders
3831,,,,,Utensil & Flatware Trays
3845,,,,,Pot Racks
4322,,,,,Toothpick Holders & Dispensers
5059,,,,,Straw Holders & Dispensers
5157,,,,,Knife Blocks & Holders
6415,,,,,Sugar Caddies
6480,,,,,Can Organizers
6487,,,,,Kitchen Cabinet Organizers
8012,,,,,Kitchen Utensil Holders & Racks
3091,,,,Cooking Thermometers
3156,,,,Food Graters & Zesters
3175,,,,Scoops
3202,,,,,Ice Cream Scoops
3258,,,,,Melon Ballers
3708,,,,,Ice Scoops
502966,,,,,Popcorn & French Fry Scoops
3196,,,,Spatulas
3206,,,,Kitchen Slicers
3248,,,,Meat Tenderizers
3256,,,,Kitchen Scrapers
3086,,,,,Bowl Scrapers
3419,,,,,Bench Scrapers
3633,,,,,Grill Scrapers
3268,,,,Dish Racks & Drain Boards
3294,,,,Mashers
3347,,,,Basters
3381,,,,Food Crackers
3586,,,,,Lobster & Crab Crackers
3685,,,,,Nutcrackers
4214,,,,,,Decorative Nutcrackers
3385,,,,Garlic Presses
3421,,,,Pizza Cutters
3430,,,,Basting Brushes
3467,,,,Rolling Pins
3475,,,,Measuring Cups & Spoons
3521,,,,Food Peelers & Corers
3597,,,,Whisks
3620,,,,Ladles
3713,,,,Cooking Timers
3723,,,,Food Dispensers
3768,,,,Baking Peels
3835,,,,Cooling Racks
3850,,,,Cookie Cutters
3914,,,,Salad Spinners
3999,,,,Mortars & Pestles
4005,,,,Tongs
4247,,,,Can Crushers
4332,,,,Pastry Blenders
4334,,,,Spoon Rests
4530,,,,Mixing Bowls
4559,,,,Tea Strainers
4630,,,,Cake Decorating Supplies
4705,,,,Rolling Pin Accessories
4706,,,,,Rolling Pin Covers & Sleeves
4707,,,,,Rolling Pin Rings
4708,,,,Pastry Cloths
4746,,,,Ice Cube Trays
4762,,,,Spice Grinders
4765,,,,Kitchen Utensil Sets
4771,,,,Oven Bags
4777,,,,Condiment Dispensers
4788,,,,Spice Grinder Accessories
5078,,,,Carving Forks
5080,,,,Sink Mats & Grids
5109,,,,Ricers
5251,,,,Kitchen Shears
5370,,,,Flour Sifters
5928,,,,Cooking Torches
6342,,,,Cookie Presses
6388,,,,Slotted Spoons
6408,,,,Cake Servers
6411,,,,Electric Knife Accessories
6412,,,,,Electric Knife Replacement Blades
6497,,,,Salad Dressing Mixers & Shakers
6522,,,,Channel Knives
6526,,,,Oil & Vinegar Dispensers
6554,,,,Food Sticks & Skewers
6723,,,,Dough Wheels
6746,,,,Sink Caddies
6749,,,,Pasta Molds & Stamps
6787,,,,Gelatin Molds
6974,,,,Sugar Dispensers
7149,,,,Beverage Dispensers
7247,,,,Sushi Mats
7329,,,,Food Steaming Bags
7331,,,,Cooking Thermometer Accessories
7365,,,,Pizza Cutter Accessories
7485,,,,Jerky Guns
8006,,,,Kitchen Molds
503005,,,,Funnels
505316,,,,Food & Drink Stencils
672,,,Tableware
652,,,,Coffee Servers & Tea Pots
673,,,,Dinnerware
3498,,,,,Bowls
3553,,,,,Plates
5537,,,,,Dinnerware Sets
674,,,,Drinkware
2169,,,,,Mugs
2694,,,,,Shot Glasses
2712,,,,,Stemware
2951,,,,,Tumblers
6049,,,,,Coffee & Tea Cups
6051,,,,,Coffee & Tea Saucers
6958,,,,,Drinkware Sets
7568,,,,,Beer Glasses
675,,,,Flatware
3699,,,,,Chopsticks
3844,,,,,Table Knives
3939,,,,,Spoons
4015,,,,,Forks
5647,,,,,Flatware Sets
6439,,,,,Chopstick Accessories
676,,,,Salt & Pepper Shakers
677,,,,Trivets
4026,,,,Serveware
3330,,,,,Serving Pitchers & Carafes
3373,,,,,Sugar Bowls & Creamers
3703,,,,,Gravy Boats
3802,,,,,Serving Platters
3941,,,,,Tureens
4009,,,,,Serving Trays
4372,,,,,Cake Stands
4735,,,,,Punch Bowls
5135,,,,,Cake Boards
6086,,,,,Butter Dishes
7550,,,,,Egg Cups
6425,,,,Serveware Accessories
6426,,,,,Tureen Stands
6427,,,,,Tureen Lids
6434,,,,,Punch Bowl Stands
6740,,,,Coffee & Tea Sets
8046,,,,Tablecloth Clips & Weights
730,,,Kitchen Appliances
610,,,,Garbage Disposals
679,,,,Cooktops
680,,,,Dishwashers
681,,,,Freezers
683,,,,Ovens
684,,,,Range Hoods
685,,,,Ranges
686,,,,Refrigerators
687,,,,Food Smokers
688,,,,Trash Compactors
732,,,,Breadmakers
736,,,,Coffee Makers & Espresso Machines
1388,,,,,Drip Coffee Makers
1557,,,,,French Presses
1647,,,,,Electric & Stovetop Espresso Pots
2247,,,,,Percolators
2422,,,,,Espresso Machines
5286,,,,,Vacuum Coffee Makers
738,,,,Deep Fryers
743,,,,Food Dehydrators
744,,,,Food Grinders & Mills
747,,,,Hot Plates
748,,,,Ice Cream Makers
749,,,,Ice Crushers & Shavers
750,,,,Juicers
751,,,,Electric Kettles
752,,,,Knife Sharpeners
753,,,,Microwave Ovens
755,,,,Pasta Makers
756,,,,Popcorn Makers
763,,,,Vacuum Sealers
765,,,,Water Filters
766,,,,Yogurt Makers
1015,,,,Portable Cooking Stoves
2985,,,,Outdoor Grills
3181,,,,Deli Slicers
3293,,,,Water Coolers
3319,,,,Cotton Candy Machines
3526,,,,Milk Frothers & Steamers
4161,,,,Ice Makers
4421,,,,Electric Skillets & Woks
4482,,,,Mochi Makers
4495,,,,Roaster Ovens & Rotisseries
4528,,,,Tea Makers
4532,,,,Food Cookers & Steamers
737,,,,,Slow Cookers
739,,,,,Egg Cookers
757,,,,,Rice Cookers
760,,,,,Food Steamers
6279,,,,,Water Ovens
6523,,,,,Thermal Cookers
4539,,,,Wine Fridges
4720,,,,Fondue Pots & Sets
5057,,,,Soy Milk Makers
5090,,,,Chocolate Tempering Machines
5103,,,,Food Warmers
4292,,,,,Steam Tables
5349,,,,,Food Heat Lamps
6548,,,,,Chafing Dishes
504633,,,,,Rice Keepers
5156,,,,Frozen Drink Makers
5287,,,,Beverage Warmers
5289,,,,Toasters & Grills
759,,,,,Sandwich Makers
761,,,,,Countertop & Toaster Ovens
762,,,,,Toasters
764,,,,,Waffle Irons
5291,,,,,Pizzelle Makers
5292,,,,,Tortilla & Flatbread Makers
5318,,,,,Muffin & Cupcake Makers
6278,,,,,Pizza Makers & Ovens
6516,,,,,Pretzel Makers
6819,,,,,Donut Makers
5577,,,,Soda Makers
6524,,,,Gas Griddles
6543,,,,Hot Drink Makers
7165,,,,Electric Griddles & Grills
505666,,,,Food Mixers & Blenders
2626,,,Food Storage
667,,,,Food Storage Containers
2644,,,,Cookie Jars
3110,,,,Food Wraps
1496,,,,,Foil
3750,,,,,Plastic Wrap
3956,,,,,Wax Paper
5642,,,,,Parchment Paper
3337,,,,Bread Boxes & Bags
3591,,,,Food Storage Bags
5134,,,,Honey Jars
6481,,,,Food Container Covers
6534,,,,Candy Buckets
2901,,,Kitchen Appliance Accessories
1334,,,,Microwave Oven Accessories
2540,,,,Pasta Maker Accessories
3443,,,,Dishwasher Parts & Accessories
3489,,,,Breadmaker Accessories
3523,,,,Vacuum Sealer Accessories
3124,,,,,Vacuum Sealer Bags
3684,,,,Outdoor Grill Accessories
3382,,,,,Outdoor Grill Racks & Toppers
3855,,,,,Outdoor Grill Covers
4560,,,,,Outdoor Grill Spits & Baskets
5670,,,,,Outdoor Grill Carts
5671,,,,,Smoking Chips & Pellets
5672,,,,,Outdoor Grilling Planks
5694,,,,,Charcoal Briquettes
7540,,,,,Charcoal Chimneys
505667,,,,,Outdoor Grill Replacement Parts
3848,,,,Refrigerator Accessories
3954,,,,Deep Fryer Accessories
3988,,,,Coffee Maker & Espresso Machine Accessories
734,,,,,Coffee Grinders
3239,,,,,Coffee Decanters
3450,,,,,Coffee Filters
3838,,,,,Portafilters
4500,,,,,Coffee Filter Baskets
4786,,,,,Coffee Grinder Accessories
5065,,,,,Coffee Maker Water Filters
5066,,,,,Frothing Pitchers
6888,,,,,Coffee Decanter Warmers
503736,,,,,Coffee Maker & Espresso Machine Replacement Parts
4519,,,,Juicer Accessories
4653,,,,Food Dehydrator Accessories
4654,,,,,Food Dehydrator Trays
4655,,,,,Food Dehydrator Sheets
4674,,,,Ice Cream Maker Accessories
4675,,,,,Ice Cream Maker Freezer Bowls
4763,,,,Food Grinder Accessories
5042,,,,Ice Crusher & Shaver Accessories
5075,,,,Popcorn Maker Accessories
5076,,,,Cotton Candy Machine Accessories
5570,,,,Yogurt Maker Accessories
6747,,,,Garbage Disposal Accessories
6944,,,,Fondue Set Accessories
6945,,,,,Fondue Forks
6946,,,,,Fondue Pot Stands
503725,,,,,Cooking Gel Fuels
7006,,,,Portable Cooking Stove Accessories
7118,,,,Water Cooler Accessories
7119,,,,,Water Cooler Bottles
7187,,,,Ice Maker Accessories
7355,,,,Electric Skillet & Wok Accessories
7444,,,,Toaster Accessories
7570,,,,Freezer Accessories
8051,,,,Steam Table Accessories
8052,,,,,Steam Table Pan Covers
8053,,,,,Steam Table Pans
8087,,,,Range Hood Accessories
8106,,,,Wine Fridge Accessories
499996,,,,Waffle Iron Accessories
500004,,,,"Cooktop, Oven & Range Accessories"
500066,,,,Electric Kettle Accessories
502989,,,,Soda Maker Accessories
505765,,,,Food Mixer & Blender Accessories
2920,,,Food & Beverage Carriers
669,,,,Lunch Boxes & Totes
671,,,,Picnic Baskets
1017,,,,Coolers
1444,,,,Flasks
2507,,,,Insulated Bags
3435,,,,Canteens
3800,,,,Thermoses
3809,,,,Water Bottles
4520,,,,Drink Sleeves
4521,,,,,Can & Bottle Sleeves
4522,,,,,Cup Sleeves
4722,,,,Airpots
5060,,,,Replacement Drink Lids
6449,,,,Wine Carrier Bags
6070,,,Cookware & Bakeware
640,,,,Bakeware
641,,,,,Baking & Cookie Sheets
642,,,,,Bread Pans & Molds
643,,,,,Cake Pans & Molds
644,,,,,Muffin & Pastry Pans
645,,,,,Pie & Quiche Pans
646,,,,,Pizza Stones
647,,,,,Ramekins & Souffle Dishes
648,,,,,Roasting Pans
2843,,,,,Pizza Pans
4764,,,,,Bakeware Sets
6756,,,,,Broiling Pans
654,,,,Cookware
655,,,,,Casserole Dishes
656,,,,,Double Boilers
657,,,,,Dutch Ovens
658,,,,,Griddles & Grill Pans
659,,,,,Stovetop Kettles
660,,,,,Pressure Cookers & Canners
661,,,,,Saucepans
662,,,,,Skillets & Frying Pans
663,,,,,Stock Pots
664,,,,,Woks
4423,,,,,Sauté Pans
4459,,,,,Paella Pans
4721,,,,,Cookware Sets
5110,,,,,Grill Presses
5340,,,,,Tagines & Clay Cooking Pots
6518,,,,,Fermentation & Pickling Crocks
6838,,,,,Crêpe & Blini Pans
4424,,,,Cookware Accessories
4427,,,,,Wok Accessories
4662,,,,,,Wok Rings
4663,,,,,,Wok Brushes
4501,,,,,Pressure Cooker & Canner Accessories
4529,,,,,Steamer Baskets
4660,,,,,Pot & Pan Lids
4661,,,,,Pot & Pan Handles
4502,,,,Bakeware Accessories
4503,,,,,Baking Mats & Liners
4726,,,,,Roasting Pan Racks
7131,,,,,Baking Weights
6071,,,,Cookware & Bakeware Combo Sets
6478,,,Food Storage Accessories
5837,,,,Twist Ties & Bag Clips
6479,,,,Oxygen Absorbers
8039,,,,Food Wrap Dispensers
499924,,,,Food & Beverage Labels
8161,,,Prefabricated Kitchens & Kitchenettes
689,,Lawn & Garden
2918,,,Outdoor Living
717,,,,Hammocks
718,,,,Porch Swings
719,,,,Outdoor Umbrellas & Sunshades
2613,,,,Outdoor Structures
700,,,,,Garden Bridges
703,,,,,"Garden Arches, Trellises, Arbors & Pergolas"
716,,,,,Canopies & Gazebos
720,,,,,"Sheds, Garages & Carports"
6105,,,,,Canopy & Gazebo Accessories
6106,,,,,,Canopy & Gazebo Frames
6107,,,,,,Canopy & Gazebo Enclosure Kits
6108,,,,,,Canopy & Gazebo Tops
7423,,,,,,Canopy Poles
7424,,,,,,Canopy Weights
5910,,,,Outdoor Blankets
5911,,,,,Beach Mats
5912,,,,,Poncho Liners
5913,,,,,Picnic Blankets
6737,,,,Hammock Parts & Accessories
6751,,,,Outdoor Umbrella & Sunshade Accessories
5493,,,,,Outdoor Umbrella Bases
7107,,,,,Outdoor Umbrella Covers
7108,,,,,Outdoor Umbrella & Sunshade Fabric
8020,,,,,Outdoor Umbrella Lights
499948,,,,,Outdoor Umbrella Enclosure Kits
499907,,,,Awnings
499908,,,,Awning Accessories
499955,,,,Porch Swing Accessories
2962,,,Gardening
113,,,,Fertilizers
691,,,,Disease Control
693,,,,Greenhouses
721,,,,Pots & Planters
1794,,,,Sands & Soils
543677,,,,,Sand
543678,,,,,Soil
2988,,,,Mulch
3103,,,,Herbicides
3173,,,,Gardening Tools
1967,,,,,Lawn & Garden Sprayers
2147,,,,,Shovels & Spades
3071,,,,,Gardening Forks
3388,,,,,Rakes
3616,,,,,Wheelbarrows
3644,,,,,Gardening Trowels
3828,,,,,Spreaders
3841,,,,,Pruning Shears
4000,,,,,Cultivating Tools
6967,,,,,Pruning Saws
7537,,,,,Bulb Planting Tools
499922,,,,,Lawn Rollers
505292,,,,,Gardening Sickles & Machetes
4085,,,,Composting
690,,,,,Compost
6436,,,,,Composters
6840,,,,,Compost Aerators
5632,,,,Gardening Accessories
5633,,,,,Gardening Totes
7184,,,,,Potting Benches
503756,,,,,"Gardening Scooters, Seats & Kneelers"
6381,,,,Landscape Fabric
6413,,,,Landscape Fabric Accessories
6421,,,,,Landscape Fabric Tape
6422,,,,,Landscape Fabric Staples & Pins
6428,,,,Plant Stands
6834,,,,Rain Barrels
499894,,,,Plant Cages & Supports
499962,,,,Pot & Planter Liners
500033,,,,Garden Pot Saucers & Trays
505326,,,,Gardening Tool Accessories
4972,,,,,Wheelbarrow Parts
505321,,,,,Gardening Tool Heads
505322,,,,,Gardening Tool Handles
3568,,,Watering & Irrigation
2313,,,,Garden Hoses
3780,,,,Sprinkler Accessories
1302,,,,,Sprinkler Controls
3491,,,,,Sprinkler Valves
4201,,,,Garden Hose Spray Nozzles
4718,,,,Garden Hose Fittings & Valves
6318,,,,Watering Cans
7561,,,,Sprinklers & Sprinkler Heads
230912,,,,Watering Globes & Spikes
505814,,,,Watering Can Accesssories
3798,,,Outdoor Power Equipment
694,,,,Lawn Mowers
3311,,,,,Riding Mowers
3730,,,,,Walk-Behind Mowers
6258,,,,,Tow-Behind Mowers
6788,,,,,Robotic Mowers
1223,,,,Weed Trimmers
1226,,,,Pressure Washers
1541,,,,Snow Blowers
2204,,,,Power Tillers & Cultivators
2218,,,,Grass Edgers
3120,,,,Hedge Trimmers
3340,,,,Leaf Blowers
3610,,,,Chainsaws
5866,,,,Tractors
6789,,,,Lawn Vacuums
7245,,,,Outdoor Power Equipment Sets
7332,,,,Outdoor Power Equipment Base Units
500016,,,,Power Sweepers
500034,,,,Lawn Aerators & Dethatchers
4564,,,Outdoor Power Equipment Accessories
4565,,,,Chainsaw Accessories
4646,,,,,Chainsaw Chains
4647,,,,,Chainsaw Bars
4566,,,,Lawn Mower Accessories
4641,,,,,Lawn Mower Blades
4642,,,,,Lawn Mower Covers
4643,,,,,Lawn Mower Belts
4644,,,,,Lawn Mower Pulleys & Idlers
4645,,,,,Lawn Mower Bags
6094,,,,,Lawn Mower Wheels
6095,,,,,Lawn Mower Tires
6541,,,,,Lawn Sweepers
6542,,,,,Brush Mower Attachments
499872,,,,,Lawn Mower Tire Tubes
499921,,,,,Lawn Striping Kits
499923,,,,,Lawn Mower Mulch Kits
499960,,,,,Lawn Mower Mulch Plugs & Plates
4567,,,,Snow Blower Accessories
5867,,,,Tractor Parts & Accessories
499880,,,,,Tractor Tires
499881,,,,,Tractor Wheels
6328,,,,Pressure Washer Accessories
7168,,,,Leaf Blower Accessories
7171,,,,,Leaf Blower Tubes
7169,,,,Weed Trimmer Accessories
7170,,,,,Weed Trimmer Blades & Spools
8034,,,,,Weed Trimmer Spool Covers
7265,,,,Hedge Trimmer Accessories
7333,,,,Outdoor Power Equipment Batteries
7563,,,,Grass Edger Accessories
8485,,,,Multifunction Outdoor Power Equipment Attachments
7334,,,,,Hedge Trimmer Attachments
7335,,,,,Weed Trimmer Attachments
7564,,,,,Grass Edger Attachments
8487,,,,,Ground & Leaf Blower Attachments
8488,,,,,Tiller & Cultivator Attachments
8489,,,,,Pole Saw Attachments
5362,,,Snow Removal
5363,,,,Snow Shovels
5364,,,,Ice Scrapers & Snow Brushes
696,,Decor
9,,,Artwork
11,,,,Sculptures & Statues
500044,,,,"Posters, Prints, & Visual Artwork"
500045,,,,Decorative Tapestries
572,,,Address Signs
573,,,Baskets
587,,,Bookends
592,,,Home Fragrances
588,,,,Candles
3686,,,,Incense
3898,,,,Air Fresheners
4740,,,,Potpourri
5847,,,,Fragrance Oil
6767,,,,Wax Tarts
595,,,Mirrors
596,,,Seasonal & Holiday Decorations
3144,,,,Holiday Ornaments
5359,,,,Advent Calendars
5504,,,,Christmas Tree Skirts
5930,,,,Japanese Traditional Dolls
5990,,,,Holiday Stocking Hangers
5991,,,,Holiday Stockings
6531,,,,Nativity Sets
6532,,,,Holiday Ornament Displays & Stands
6603,,,,Christmas Tree Stands
499804,,,,Holiday Ornament Hooks
499805,,,,Easter Egg Decorating Kits
505809,,,,Seasonal Village Sets & Accessories
597,,,Picture Frames
598,,,Rugs
599,,,Slipcovers
602,,,Vases
603,,,Window Treatments
2621,,,,Window Valances & Cornices
2882,,,,Curtains & Drapes
2885,,,,Window Blinds & Shades
4375,,,,Window Screens
5989,,,,Window Films
6492,,,,Stained Glass Panels
697,,,Bird Baths
701,,,Flags & Windsocks
702,,,Fountains & Ponds
2763,,,,Ponds
2921,,,,Fountain & Pond Accessories
6763,,,,Fountains & Waterfalls
704,,,Garden & Stepping Stones
706,,,Mailboxes
708,,,Decorative Plaques
709,,,Rain Chains
710,,,Rain Gauges
711,,,Sundials
712,,,Weather Vanes & Roof Decor
714,,,Wind Chimes
2334,,,Wallpaper
2675,,,Door Mats
2839,,,Wind Wheels & Spinners
3221,,,Home Decor Decals
3262,,,World Globes
3473,,,Music Boxes
3890,,,Clocks
3696,,,,Floor & Grandfather Clocks
3840,,,,Wall Clocks
4546,,,,Alarm Clocks
6912,,,,Desk & Shelf Clocks
4233,,,Trunks
4295,,,Piggy Banks & Money Jars
4453,,,Chair & Sofa Cushions
4454,,,Throw Pillows
4456,,,Backrest Pillows
4770,,,Flameless Candles
5521,,,Bird & Wildlife Feeder Accessories
5609,,,Figurines
5708,,,Coat & Hat Racks
5875,,,Decorative Plates
5876,,,Refrigerator Magnets
5885,,,Novelty Signs
5922,,,Shadow Boxes
6254,,,Window Treatment Accessories
6255,,,,Curtain Holdbacks & Tassels
6256,,,,Curtain & Drape Rings
6257,,,,Curtain & Drape Rods
8042,,,,Window Treatment Replacement Parts
6265,,,Artificial Flora
6266,,,Artificial Food
6267,,,Wreaths & Garlands
6317,,,Decorative Bottles
6324,,,Napkin Rings
6333,,,Mailbox Accessories
6334,,,,Mailbox Posts
7052,,,,Mailbox Enclosures
7176,,,,Mailbox Flags
7177,,,,Mailbox Covers
7339,,,,Mailbox Replacement Doors
6424,,,Vase Fillers & Table Scatters
6456,,,Decorative Trays
6457,,,Decorative Bowls
6530,,,Window Magnets
6535,,,Snow Globes
6547,,,Lawn Ornaments & Garden Sculptures
6927,,,Ottoman Cushions
6935,,,Ecospheres
6936,,,Dried Flowers
6993,,,Bird & Wildlife Feeders
698,,,,Bird Feeders
6994,,,,Squirrel Feeders
6995,,,,Butterfly Feeders
7113,,,Decorative Jars
7172,,,Dreamcatchers
7173,,,Suncatchers
7206,,,Decorative Bells
7380,,,Cardboard Cutouts
7382,,,House Numbers & Letters
7419,,,Flag & Windsock Accessories
7420,,,,Flag & Windsock Pole Lights
7421,,,,Flag & Windsock Poles
503010,,,,Flag & Windsock Pole Mounting Hardware & Kits
7422,,,Finials
7436,,,Mail Slots
230911,,,Bird & Wildlife House Accessories
499693,,,Growth Charts
500078,,,Bird & Wildlife Houses
699,,,,Birdhouses
500079,,,,Bat Houses
500080,,,,Butterfly Houses
500121,,,Home Fragrance Accessories
2784,,,,Candle Holders
4741,,,,Incense Holders
6336,,,,Candle & Oil Warmers
500122,,,,Candle Snuffers
503000,,,Hourglasses
505827,,,Clock Parts
729,,Pool & Spa
2810,,,Swimming Pools
2832,,,Pool & Spa Accessories
2672,,,,Pool Toys
2755,,,,Pool Skimmers
2860,,,,Pool Floats & Loungers
2939,,,,Diving Boards
2981,,,,Pool & Spa Filters
2994,,,,Pool Covers & Ground Cloths
2997,,,,Pool Sweeps & Vacuums
3017,,,,Pool Cleaners & Chemicals
5546,,,,Pool Water Slides
5654,,,,Pool Heaters
6766,,,,"Pool Ladders, Steps & Ramps"
6771,,,,Pool Cleaner Hoses
6996,,,,Pool Brushes & Brooms
7496,,,,Pool Deck Kits
500042,,,,Pool & Spa Chlorine Generators
500050,,,,Pool Cover Accessories
503751,,,,Pool Liners
505815,,,,Pool & Spa Maintenance Kits
2982,,,Spas
3992,,,Saunas
543687,,,Sauna Accessories
543631,,,,Sauna Kits
543632,,,,Sauna Heaters
543633,,,,Sauna Buckets & Ladles
985,,Plants
984,,,Flowers
1684,,,Trees
2802,,,Seeds
543561,,,,Plant & Flower Bulbs
543562,,,,Seeds & Seed Tape
5590,,,Aquatic Plants
6762,,,Indoor & Outdoor Plants
543558,,,,Potted Houseplants
543559,,,,Bushes & Shrubs
543560,,,,Landscaping & Garden Plants
505285,,,Plant & Herb Growing Kits
1679,,"Flood, Fire & Gas Safety"
1306,,,Water & Flood Detectors
1434,,,Fire Extinguishers
1639,,,Fire Extinguisher & Equipment Storage
1871,,,Fire Alarms
1934,,,Fire Sprinklers
7226,,,Fire Alarm Control Panels
7227,,,Heat Detectors
499673,,,Smoke & Carbon Monoxide Detectors
1471,,,,Smoke Detectors
2164,,,,Carbon Monoxide Detectors
2639,,Wood Stoves
2862,,Fireplace & Wood Stove Accessories
625,,,Firewood & Fuel
695,,,Log Racks & Carriers
1530,,,Fireplace Tools
2044,,,Bellows
2365,,,Fireplace Screens
4918,,,Wood Stove Fans & Blowers
6563,,,Fireplace & Wood Stove Grates
7029,,,Log Rack & Carrier Accessories
7091,,,Hearth Pads
7109,,,Fireplace Reflectors
7523,,,Fireplace Andirons
2956,,Lighting Accessories
3185,,,Lamp Shades
3522,,,Lighting Timers
7338,,,Lamp Post Bases
7447,,,Lamp Post Mounts
505312,,,Oil Lamp Fuel
3348,,Household Appliance Accessories
618,,,Vacuum Accessories
2367,,,Air Conditioner Accessories
3573,,,,Air Conditioner Filters
5826,,,,Air Conditioner Covers
2751,,,Water Heater Accessories
1709,,,,Water Heater Vents
1744,,,,Water Heater Elements
1835,,,,Water Heater Pans
2175,,,,Hot Water Tanks
2221,,,,Water Heater Stacks
2310,,,,Anode Rods
500063,,,,Water Heater Expansion Tanks
3410,,,Air Purifier Accessories
3667,,,,Air Purifier Filters
3456,,,Laundry Appliance Accessories
5158,,,,Garment Steamer Accessories
5159,,,,Iron Accessories
5160,,,,Steam Press Accessories
500085,,,,Washer & Dryer Accessories
3862,,,Humidifier Accessories
3402,,,,Humidifier Filters
4548,,,Floor & Steam Cleaner Accessories
4650,,,Patio Heater Accessories
4651,,,,Patio Heater Covers
4667,,,Dehumidifier Accessories
5089,,,Fan Accessories
6773,,,Furnace & Boiler Accessories
7110,,,Heating Radiator Accessories
7111,,,,Heating Radiator Reflectors
4171,,Linens & Bedding
569,,,Bedding
1599,,,,Nap Mats
1985,,,,Blankets
2314,,,,Bed Sheets
2541,,,,Duvet Covers
2700,,,,Pillows
2927,,,,Pillowcases & Shams
2974,,,,Bedskirts
4452,,,,Mattress Protectors
2991,,,,,Mattress Pads
4420,,,,,Mattress Encasements
505287,,,,Quilts & Comforters
505803,,,,Bed Canopies
601,,,Table Linens
2547,,,,Placemats
4143,,,,Tablecloths
4203,,,,Cloth Napkins
4343,,,,Doilies
6322,,,,Table Skirts
6325,,,,Table Runners
4077,,,Towels
576,,,,Bath Towels & Washcloths
4126,,,,Beach Towels
4257,,,,Kitchen Towels
505832,,,Kitchen Linens Sets
4358,,Parasols & Rain Umbrellas
5835,,Emergency Preparedness
4490,,,Earthquake Alarms
4491,,,Furniture Anchors
5836,,,Emergency Food Kits
6897,,,Emergency Blankets
7058,,,Emergency Tools & Kits
6173,,Umbrella Sleeves & Cases
6792,,Fireplaces
537,Baby & Toddler
540,,Baby Safety
541,,,Baby Monitors
542,,,Baby & Pet Gates
543,,,Baby Safety Locks & Guards
544,,,Baby Safety Rails
5049,,,Baby Safety Harnesses & Leashes
6869,,,Baby & Pet Gate Accessories
548,,Diapering
550,,,Diaper Pails
551,,,Diapers
553,,,Baby Wipes
2949,,,Diaper Rash Treatments
5628,,,Changing Mats & Trays
6883,,,Diaper Organizers
6949,,,Diaper Liners
6971,,,Diaper Wet Bags
7001,,,Diaper Pail Accessories
7014,,,Diaper Kits
7200,,,Baby Wipe Dispensers & Warmers
502999,,,Changing Mat & Tray Covers
561,,Nursing & Feeding
562,,,Baby & Toddler Food
563,,,,Baby Formula
5718,,,,Baby Drinks
5719,,,,Baby Food
5720,,,,Baby Snacks
5721,,,,Baby Cereal
8436,,,,Toddler Nutrition Drinks & Shakes
564,,,Baby Bottles
565,,,Breast Pumps
2125,,,Bibs
4768,,,Baby Care Timers
5296,,,Bottle Warmers & Sterilizers
5298,,,Nursing Pillows
5629,,,Burp Cloths
5630,,,Baby Bottle Nipples & Liners
543636,,,,Baby Bottle Nipples
543637,,,,Baby Bottle Liners
5843,,,Nursing Covers
6950,,,Sippy Cups
7234,,,Breast Milk Storage Containers
8075,,,Nursing Pillow Covers
503762,,,Nursing Pads & Shields
505366,,,Breast Pump Accessories
2764,,Baby Transport
538,,,Baby Carriers
547,,,Baby & Toddler Car Seats
568,,,Baby Strollers
2847,,Baby Toys & Activity Equipment
539,,,Play Yards
555,,,Baby Bouncers & Rockers
560,,,Baby Jumpers & Swings
1241,,,Baby Walkers & Entertainers
1242,,,Baby Mobiles
1243,,,Play Mats & Gyms
543612,,,,Play Mats
543613,,,,Play Gyms
1244,,,Rattles
3459,,,Push & Pull Toys
3661,,,Alphabet Toys
3860,,,Sorting & Stacking Toys
7191,,,Baby Mobile Accessories
7198,,,Baby Activity Toys
7360,,,Baby Soothers
4386,,Baby Transport Accessories
4387,,,Baby Stroller Accessories
4486,,,Baby & Toddler Car Seat Accessories
4916,,,Baby Carrier Accessories
5845,,,Shopping Cart & High Chair Covers
8537,,,Baby Transport Liners & Sacks
4678,,Baby Bathing
4679,,,Baby Bathtubs & Bath Seats
7082,,,Shower Visors
5252,,Baby Health
566,,,Pacifiers & Teethers
5253,,,Nasal Aspirators
6290,,,Baby Health & Grooming Kits
7016,,,Pacifier Clips & Holders
7309,,,Pacifier Wipes
5859,,Baby Gift Sets
6899,,Swaddling & Receiving Blankets
543664,,,Receiving Blankets
543665,,,Swaddling Blankets
6952,,Potty Training
552,,,Potty Seats
6953,,,Potty Training Kits
632,Hardware
115,,Building Materials
119,,,Doors
4468,,,,Garage Doors
4634,,,,Home Doors
120,,,Glass
122,,,Insulation
123,,,Roofing
121,,,,Gutters
2008,,,,Roof Flashings
4544,,,,Gutter Accessories
8270,,,,Roofing Shingles & Tiles
124,,,Windows
125,,,Lumber & Sheet Stock
2030,,,Hatches
2729,,,Countertops
2826,,,Flooring & Carpet
6343,,,Door Hardware
1356,,,,Door Knobs & Handles
2665,,,,Door Stops
2795,,,,Door Knockers
2972,,,,Door Bells & Chimes
6446,,,,Door Closers
6458,,,,Door Strikes
99338,,,,Door Keyhole Escutcheons
499970,,,,Door Push Plates
503727,,,,Door Frames
6943,,,Shutters
7004,,,Staircases
7053,,,Wall Paneling
7112,,,Molding
7136,,,Wall & Ceiling Tile
7439,,,Sound Dampening Panels & Foam
499772,,,Window Hardware
499773,,,,Window Cranks
503728,,,,Window Frames
499949,,,Handrails & Railing Systems
503775,,,Siding
503776,,,Drywall
503777,,,Rebar & Remesh
505300,,,Weather Stripping & Weatherization Supplies
127,,Power & Electrical Supplies
1218,,,Generators
1869,,,Power Outlets & Sockets
2006,,,Electrical Mount Boxes & Brackets
2028,,,Phone & Data Jacks
2274,,,Wire Caps & Nuts
2345,,,Electrical Wires & Cable
2377,,,Wall Plates & Covers
2413,,,Home Automation Kits
4709,,,Generator Accessories
4714,,,Solar Panels
4715,,,Solar Energy Kits
4789,,,Extension Cords
5142,,,Power Inverters
5533,,,Power Converters
5627,,,Electrical Plug Caps
6375,,,Extension Cord Accessories
6459,,,Electrical Switches
1935,,,,Light Switches
499932,,,,Specialty Electrical Switches & Relays
6807,,,Circuit Breaker Panels
6833,,,Wall Socket Controls & Sensors
7183,,,Ballasts & Starters
7275,,,Electrical Motors
499768,,,Conduit & Housings
3797,,,,Heat-Shrink Tubing
499770,,,,Electrical Conduit
499893,,,Carbon Brushes
499966,,,Power Inlets
500049,,,"Armatures, Rotors & Stators"
503729,,,Wire Terminals & Connectors
505318,,,Voltage Transformers & Regulators
128,,Fencing & Barriers
1352,,,Fence Pickets
1788,,,Gates
1919,,,Fence Posts & Rails
499958,,,Safety & Crowd Control Barriers
502973,,,Fence Panels
502983,,,Fence & Gate Accessories
502984,,,Lattice
502986,,,Garden Borders & Edging
133,,Plumbing
1673,,,Plumbing Fixtures
1636,,,,Bathtubs
1687,,,,Sinks
2757,,,,,Kitchen & Utility Sinks
2886,,,,,Bathroom Sinks
2032,,,,Faucets
2062,,,,Toilets & Bidets
1746,,,,,Urinals
1921,,,,,Toilets
2376,,,,,Bidets
7244,,,,Shower Stalls & Kits
499999,,,,Bathroom Suites
1723,,,Well Supplies
1810,,,Plumbing Fittings & Supports
1694,,,,Plumbing Flanges
2068,,,,Nozzles
2359,,,,Pipe Connectors
2466,,,,Plumbing Valves
2611,,,,Plumbing Regulators
2634,,,,Plumbing Pipe Clamps
2710,,,,Pipe Adapters & Bushings
2909,,,,Pipe Caps & Plugs
6732,,,,Gaskets & O-Rings
499697,,,,In-Wall Carriers & Mounting Frames
2203,,,Plumbing Repair Kits
2216,,,Plumbing Pipes
2243,,,Water Levelers
2273,,,Water Dispensing & Filtration
1390,,,,Water Distillers
1952,,,,Water Softeners
2055,,,,In-Line Water Filters
2171,,,,Water Filtration Accessories
2063,,,,,Water Filter Cartridges
2406,,,,,Water Filter Housings
2343,,,,Water Dispensers
1354,,,,,Water Chillers
1821,,,,,Drinking Fountains
5646,,,,Water Softener Salt
2570,,,Plumbing Hoses & Supply Lines
6832,,,Water Timers
504635,,,Plumbing Fixture Hardware & Parts
1458,,,,Fixture Plates
1489,,,,Faucet Accessories
8115,,,,,Faucet Aerators
8116,,,,,Faucet Handles & Controls
1963,,,,Sink Accessories
2410,,,,,Sink Legs
2206,,,,Shower Parts
581,,,,,Shower Heads
1779,,,,,Shower Doors & Enclosures
2088,,,,,Shower Columns
4728,,,,,Shower Bases
5048,,,,,Shower Water Filters
7130,,,,,Shower Walls & Surrounds
8277,,,,,Electric & Power Showers
8320,,,,,Bathtub & Shower Jets
504638,,,,,Shower Arms & Connectors
2691,,,,Toilet & Bidet Accessories
1425,,,,,Ballcocks & Flappers
1865,,,,,Toilet & Bidet Seats
2478,,,,,Toilet Trim
2817,,,,,Toilet Tank Levers
5665,,,,,Toilet Tanks
5666,,,,,Toilet Tank Covers
7358,,,,,Toilet Seat Covers
7446,,,,,Toilet Seat Lid Covers
504634,,,,,Bidet Faucets & Sprayers
2996,,,,Bathtub Accessories
2463,,,,,Bathtub Spouts
5508,,,,,Bathtub Skirts
505368,,,,,Bathtub Bases & Feet
504636,,,,Drains
504637,,,,Drain Components
1319,,,,,Plumbing Traps
1407,,,,,Drain Rods
1514,,,,,Drain Frames
1932,,,,,Drain Openers
2170,,,,,Plumbing Wastes
2257,,,,,Drain Liners
2851,,,,,Drain Covers & Strainers
1167,,Tools
126,,,Dollies & Hand Trucks
130,,,Ladders & Scaffolding
635,,,,Step Stools
1809,,,,Work Platforms
1866,,,,Scaffolding
2416,,,,Ladder Carts
6928,,,,Ladders
338,,,Flashlights & Headlamps
2454,,,,Headlamps
543689,,,,Flashlights
1169,,,Anvils
1171,,,Axes
1174,,,Carving Chisels & Gouges
1179,,,Pry Bars
1180,,,Cutters
1181,,,,Bolt Cutters
1182,,,,Glass Cutters
1454,,,,Handheld Metal Shears & Nibblers
1824,,,,Rebar Cutters
2080,,,,Pipe Cutters
2411,,,,Utility Knives
2726,,,,Tile & Shingle Cutters
7562,,,,Nippers
1184,,,Taps & Dies
1185,,,Grips
1186,,,Hammers
2208,,,,Manual Hammers
505364,,,,Powered Hammers
1187,,,Planes
1188,,,Sanders
1193,,,Masonry Tools
1450,,,,Masonry Jointers
1555,,,,Construction Lines
1668,,,,Brick Tools
1799,,,,Masonry Edgers & Groovers
2181,,,,Masonry Trowels
2305,,,,Cement Mixers
2337,,,,Floats
4132,,,,Power Trowels
7484,,,,Grout Sponges
1194,,,Nail Pullers
1195,,,Socket Drivers
1196,,,Pickup Tools
1201,,,Saw Horses
1202,,,Putty Knives & Scrapers
1203,,,Screwdrivers
1206,,,Nailers & Staplers
1215,,,Caulking Tools
1217,,,Drills
1216,,,,Drill Presses
1367,,,,Augers
1465,,,,Mortisers
1994,,,,Pneumatic Drills
2629,,,,Handheld Power Drills
1219,,,Grinders
1220,,,Heat Guns
1221,,,Impact Wrenches & Drivers
1225,,,Polishers & Buffers
1235,,,Saws
3224,,,,Handheld Circular Saws
3494,,,,Reciprocating Saws
3516,,,,Cut-Off Saws
3517,,,,Miter Saws
3582,,,,Band Saws
3594,,,,Hand Saws
3706,,,,Table Saws
3725,,,,Jigsaws
4633,,,,Scroll Saws
7077,,,,Masonry & Tile Saws
499985,,,,Panel Saws
1236,,,Soldering Irons
1238,,,Welding Guns & Plasma Cutters
1305,,,Measuring Tools & Sensors
1191,,,,Levels
4081,,,,,Bubble Levels
4294,,,,,Sight Levels
4931,,,,,Laser Levels
1198,,,,Protractors
1205,,,,Squares
1207,,,,Stud Sensors
1374,,,,Weather Forecasters & Stations
1413,,,,Straight Edges
1459,,,,Measuring Wheels
1533,,,,Cruising Rods
1539,,,,Rebar Locators
1640,,,,Flow Meters & Controllers
1698,,,,Measuring Scales
1732,,,,Gauges
1785,,,,Probes & Finders
1850,,,,Dividers
1991,,,,Gas Detectors
2021,,,,Rulers
2093,,,,Thermocouples & Thermopiles
2192,,,,Calipers
2330,,,,Knife Guides
2481,,,,Tape Measures
3602,,,,Barometers
4022,,,,Altimeters
4074,,,,pH Meters
4340,,,,Theodolites
4506,,,,Infrared Thermometers
4754,,,,Hygrometers
4755,,,,Moisture Meters
4756,,,,Seismometer
4757,,,,Sound Meters
4758,,,,UV Light Meters
4759,,,,Vibration Meters
5371,,,,Geiger Counters
5487,,,,Distance Meters
5515,,,,Air Quality Meters
6799,,,,Thermal Imaging Cameras
7394,,,,Transducers
500058,,,,Anemometers
503737,,,,Electrical Testing Tools
1391,,,Deburrers
1439,,,Tool Keys
1469,,,Wire & Cable Hand Tools
1563,,,Plungers
1584,,,Threading Machines
1603,,,Light Bulb Changers
1632,,,Wrenches
1644,,,Sharpeners
1663,,,Lathes
1667,,,Pipe & Bar Benders
1787,,,Tap Reseaters
1819,,,Reamers
1832,,,Marking Tools
1841,,,Routing Tools
1862,,,Pipe Brushes
1923,,,Shapers
1958,,,Pliers
2015,,,Compressors
2053,,,Pipe & Tube Cleaners
2077,,,Paint Tools
1300,,,,Paint Brushes
1699,,,,Paint Sponges
1774,,,,Paint Rollers
2465,,,,Paint Sprayers
2486,,,,Airbrushes
6556,,,,Paint Edgers
6557,,,,Paint Trays
499888,,,,Paint Shakers
505325,,,,Paint Strainers
2198,,,Tool Knives
2456,,,Industrial Vibrators
2792,,,Chimney Brushes
2835,,,Tool Clamps & Vises
3501,,,Post Hole Diggers
3745,,,Tool Files
3932,,,Mattocks & Pickaxes
4325,,,Compactors
4419,,,Sanding Blocks
4672,,,Concrete Brooms
4919,,,Tool Sets
4716,,,,Power Tool Combo Sets
6965,,,,Hand Tool Sets
5077,,,Milling Machines
5587,,,Multifunction Power Tools
5592,,,Work Lights
5828,,,Oil Filter Drains
5873,,,Magnetic Sweepers
5927,,,Hardware Torches
6461,,,Electrician Fish Tape
6868,,,Planers
6938,,,Abrasive Blasters
7030,,,Log Splitters
7064,,,Riveting Tools
7065,,,,Rivet Guns
7066,,,,Rivet Pliers
7271,,,Carpentry Jointers
7416,,,Inspection Mirrors
7556,,,Grease Guns
499887,,,Handheld Power Mixers
503774,,,Lighters & Matches
505315,,,Punches & Awls
1910,,Storage Tanks
1974,,Locks & Keys
1870,,,Key Card Entry Systems
6488,,,Key Blanks
8067,,,Key Caps
503730,,,Locks & Latches
2878,,Hardware Accessories
1318,,,Coils
1771,,,Hinges
1816,,,Filters & Screens
1979,,,Drop Cloths
3974,,,Tool Storage & Organization
2485,,,,Tool & Equipment Belts
3280,,,,Tool Cabinets & Chests
3919,,,,Work Benches
3980,,,,Tool Boxes
4031,,,,Tool Sheaths
4199,,,,Garden Hose Storage
6876,,,,Tool Bags
500103,,,,Tool Organizer Liners & Inserts
4696,,,Cabinet Hardware
4697,,,,Cabinet Backplates
4698,,,,Cabinet Catches
4699,,,,Cabinet Doors
4700,,,,Cabinet Knobs & Handles
232167,,,,Cabinet & Furniture Keyhole Escutcheons
4988,,,Tarps
6769,,,Pneumatic Hoses
6770,,,Lubrication Hoses
6841,,,Gas Hoses
7086,,,Concrete Molds
7092,,,Brackets & Reinforcement Braces
7270,,,Dowel Pins & Rods
7557,,,Flagging & Caution Tape
8112,,,Ground Spikes
8113,,,Post Base Plates
8470,,,Drawer Slides
499933,,,Springs
499981,,,Casters
500030,,,Moving & Soundproofing Blankets & Covers
500054,,,Hardware Fasteners
1508,,,,Drywall Anchors
1739,,,,Nuts & Bolts
2195,,,,Washers
2230,,,,Screw Posts
2251,,,,Screws
2408,,,,Nails
7062,,,,Rivets
500055,,,,Threaded Rods
502977,,,"Chain, Wire & Rope"
1492,,,,Chains
3053,,,,Ropes & Hardware Cable
4469,,,,Pull Chains
5119,,,,Twine
6297,,,,Tie Down Straps
6298,,,,Bungee Cords
6904,,,,Utility Wire
503731,,,Metal Casting Molds
503773,,,"Hooks, Buckles & Fasteners"
502978,,,,Gear Ties
502992,,,,Utility Buckles
503764,,,,Chain Connectors & Links
503770,,,,"Lifting Hooks, Clamps & Shackles"
505320,,,Wall Jacks & Braces
3650,,Tool Accessories
2174,,,Tool Blades
2202,,,,Saw Blades
505831,,,,Cutter & Scraper Blades
2380,,,Industrial Staples
2447,,,Flashlight Accessories
3281,,,Soldering Iron Accessories
3609,,,,Soldering Iron Tips
3629,,,,Soldering Iron Stands
3470,,,Shaper Accessories
3210,,,,Shaper Cutters
3744,,,Router Accessories
3300,,,,Router Tables
3673,,,,Router Bits
3944,,,Drill & Screwdriver Accessories
1540,,,,Drill & Screwdriver Bits
6378,,,,Drill Bit Sharpeners
6806,,,,Hole Saws
7140,,,,Drill Bit Extensions
8275,,,,Drill Stands & Guides
8276,,,,Drill Chucks
4487,,,Sanding Accessories
3240,,,,Sandpaper & Sanding Sponges
4658,,,Tool Stands
4659,,,,Saw Stands
5526,,,Measuring Tool & Sensor Accessories
5556,,,,Gas Detector Accessories
5557,,,,Electrical Testing Tool Accessories
7415,,,,Multimeter Accessories
503007,,,,Measuring Scale Accessories
5571,,,Tool Sockets
6292,,,Power Tool Chargers
6295,,,Power Tool Batteries
6471,,,Driver Accessories
6549,,,Saw Accessories
6501,,,,Table Saw Accessories
6503,,,,Miter Saw Accessories
7345,,,,Handheld Circular Saw Accessories
7346,,,,Jigsaw Accessories
7515,,,,Band Saw Accessories
6907,,,Jigs
6939,,,Abrasive Blaster Accessories
6940,,,,Sandblasting Cabinets
7019,,,Paint Tool Accessories
6887,,,,Airbrush Accessories
7020,,,,Paint Roller Accessories
328062,,,,Paint Brush Cleaning Solutions
7056,,,Hammer Accessories
7055,,,,Hammer Handles
7057,,,,Hammer Heads
7087,,,,Air Hammer Accessories
7326,,,Axe Accessories
7369,,,,Axe Heads
7370,,,,Axe Handles
7472,,,Magnetizers & Demagnetizers
8117,,,Cutter Accessories
8118,,,,Nibbler Dies
8258,,,Tool Safety Tethers
499859,,,Grinder Accessories
499860,,,,Grinding Wheels & Points
499886,,,Mixing Tool Paddles
499947,,,Welding Accessories
505323,,,Mattock & Pickaxe Accessories
505324,,,,Mattock & Pickaxe Handles
505810,,,Tool Handle Wedges
505812,,,Wedge Tools
499873,,"Heating, Ventilation & Air Conditioning"
1519,,,HVAC Controls
1897,,,,Thermostats
2238,,,,Control Panels
500043,,,,Humidistats
2766,,,Vents & Flues
499874,,,Air Ducts
500090,,,Air & Filter Dryers
499982,,Small Engines
500096,,Hardware Pumps
500097,,,"Sprinkler, Booster & Irrigation System Pumps"
500098,,,"Pool, Fountain & Pond Pumps"
500099,,,Home Appliance Pumps
500100,,,Well Pumps & Systems
500101,,,Utility Pumps
500102,,,"Sump, Sewage & Effluent Pumps"
502975,,Fuel Containers & Tanks
503739,,Building Consumables
1753,,,Lubricants
1995,,,Solder & Flux
2212,,,Hardware Tape
2277,,,Chemicals
1479,,,,Chimney Cleaners
1735,,,,Acid Neutralizers
1749,,,,Drain Cleaners
6191,,,,De-icers
6795,,,,Ammonia
7470,,,,Septic Tank & Cesspool Treatments
7503,,,,Deck & Fence Cleaners
7504,,,,Concrete & Masonry Cleaners
500088,,,,Lighter Fluid
505319,,,,Electrical Freeze Sprays
503740,,,Painting Consumables
1361,,,,Paint
1648,,,,Stains
2058,,,,Primers
2474,,,,Paint Binders
503738,,,,Varnishes & Finishes
503741,,,"Solvents, Strippers & Thinners"
503742,,,Hardware Glue & Adhesives
503743,,,Masonry Consumables
2282,,,,"Cement, Mortar & Concrete Mixes"
3031,,,,Bricks & Concrete Blocks
499876,,,,Grout
503744,,,Protective Coatings & Sealants
505305,,,Plumbing Primer
505802,,,Wall Patching Compounds & Plaster
543575,,Fuel
543576,,,Kerosene
543578,,,,Dyed Kerosene
543579,,,,Clear Kerosene
543577,,,Propane
543703,,,Home Heating Oil
772,Mature
773,,Erotic
774,,,Erotic Clothing
776,,,Erotic DVDs & Videos
778,,,Sex Toys
779,,,Erotic Books
4060,,,Erotic Magazines
5055,,,Erotic Food & Edibles
6040,,,Erotic Games
6536,,,Pole Dancing Kits
780,,Weapons
726,,,Mace & Pepper Spray
727,,,Stun Guns & Tasers
782,,,Guns
2214,,,Gun Care & Accessories
781,,,,Ammunition
1783,,,,Gun Holsters
1806,,,,Gun Grips
1822,,,,Gun Rails
5067,,,,Gun Lights
499853,,,,Gun Slings
500048,,,,Gun Cases & Range Bags
503021,,,,Gun Cleaning
499854,,,,,Gun Cleaning Solvents
499855,,,,,Gun Cleaning Cloths & Swabs
499856,,,,,Gun Cleaning Patches
503026,,,,Reloading Supplies & Equipment
499857,,,,,Ammunition Reloading Presses
505762,,,,Ammunition Cases & Holders
3092,,,Nunchucks
3437,,,Whips
3666,,,Swords
3694,,,Throwing Stars
3833,,,Brass Knuckles
3924,,,Staff & Stick Weapons
6109,,,Combat Knives
7175,,,Spears
7567,,,Clubs & Batons
783,Media
784,,Books
543541,,,Audiobooks
543542,,,E-books
543543,,,Print Books
839,,DVDs & Videos
543527,,,Film & Television DVDs
543528,,,Film & Television VHS Tapes
543529,,,Film & Television Digital Downloads
855,,Music & Sound Recordings
543522,,,Music CDs
543523,,,Records & LPs
543524,,,Music Cassette Tapes
543525,,,Spoken Word & Field Recordings
543526,,,Digital Music Downloads
886,,Magazines & Newspapers
543539,,,Magazines
543540,,,Newspapers
887,,Sheet Music
5037,,Product Manuals
5038,,,Electronics Manuals
5039,,,Household Appliance Manuals
5040,,,Kitchen Appliance Manuals
5041,,,Vehicle Service Manuals
5860,,,Model & Toys Manuals
5861,,,Exercise & Fitness Equipment Manuals
7516,,,Power Tool & Equipment Manuals
499821,,,Camera & Optics Manuals
499866,,,Office Supply Manuals
499995,,Carpentry & Woodworking Project Plans
888,Vehicles & Parts
5613,,Vehicle Parts & Accessories
899,,,Motor Vehicle Parts
908,,,,Motor Vehicle Exhaust
2534,,,,Motor Vehicle Window Parts & Accessories
2550,,,,Motor Vehicle Engine Oil Circulation
2641,,,,Motor Vehicle Transmission & Drivetrain Parts
2642,,,,Motor Vehicle Mirrors
2727,,,,Motor Vehicle Fuel Systems
2805,,,,Motor Vehicle Climate Control
2820,,,,Motor Vehicle Engine Parts
2935,,,,Motor Vehicle Suspension Parts
2977,,,,Motor Vehicle Braking
3020,,,,Motor Vehicle Wheel Systems
911,,,,,Motor Vehicle Tires
6091,,,,,,Motorcycle Tires
6093,,,,,,Automotive Tires
7252,,,,,,Off-Road and All-Terrain Vehicle Tires
2556,,,,,Motor Vehicle Wheel Parts
2932,,,,,Motor Vehicle Rims & Wheels
6088,,,,,,Motorcycle Rims & Wheels
6090,,,,,,Automotive Rims & Wheels
7253,,,,,,Off-Road and All-Terrain Vehicle Rims & Wheels
2989,,,,,Motor Vehicle Tire Accessories
3318,,,,Motor Vehicle Lighting
8137,,,,Motor Vehicle Engines
8227,,,,Motor Vehicle Frame & Body Parts
8228,,,,Motor Vehicle Towing
8231,,,,Motor Vehicle Power & Electrical Systems
8232,,,,Motor Vehicle Carpet & Upholstery
8233,,,,Motor Vehicle Interior Fittings
8234,,,,Motor Vehicle Sensors & Gauges
8235,,,,Motor Vehicle Controls
8238,,,,Motor Vehicle Seating
913,,,"Vehicle Maintenance, Care & Decor"
2495,,,,Vehicle Decor
2248,,,,,Vehicle License Plates
2582,,,,,Vehicle Dashboard Accessories
2588,,,,,Vehicle Antenna Balls
2652,,,,,Vehicle Display Flags
2667,,,,,Bumper Stickers
2722,,,,,Vehicle Decals
2789,,,,,Vehicle Air Fresheners
5994,,,,,Vehicle License Plate Frames
5995,,,,,Vehicle Emblems & Hood Ornaments
7022,,,,,Vehicle License Plate Covers
7532,,,,,Vehicle Magnets
8142,,,,,Vehicle Shift Knobs
8145,,,,,Vehicle Hitch Covers
8202,,,,,Vehicle Wraps
8298,,,,,Vehicle License Plate Mounts & Holders
8463,,,,,Vehicle Shift Boots
8464,,,,,Vehicle Steering Wheel Covers
8469,,,,,Vehicle Decor Accessory Sets
8478,,,,,Vehicle Rear View Mirror Ornaments
2788,,,,Vehicle Fluids
2513,,,,,Vehicle Power Steering Fluid
2517,,,,,Vehicle Cooling System Additives
2635,,,,,Vehicle Antifreeze
2688,,,,,Vehicle Transmission Fluid
2719,,,,,Vehicle Fuel System Cleaners
2735,,,,,Vehicle Greases
2770,,,,,Vehicle Performance Additives
2881,,,,,Vehicle Engine Degreasers
2916,,,,,Vehicle Hydraulic Clutch Fluid
2943,,,,,Vehicle Windshield Fluid
3044,,,,,Vehicle Motor Oil
3051,,,,,Vehicle Brake Fluid
2895,,,,Vehicle Cleaning
2590,,,,,Car Wash Solutions
2643,,,,,"Vehicle Waxes, Polishes & Protectants"
2704,,,,,Vehicle Carpet & Upholstery Cleaners
2846,,,,,Vehicle Glass Cleaners
2894,,,,,Car Wash Brushes
499766,,,,,Vehicle Fuel Injection Cleaning Kits
3436,,,,Vehicle Covers
2494,,,,,Vehicle Hardtops
7031,,,,,Vehicle Soft Tops
8306,,,,,Golf Cart Enclosures
8308,,,,,Tonneau Covers
8309,,,,,Vehicle Storage Covers
8310,,,,,,Automotive Storage Covers
8311,,,,,,Recreational Vehicle Storage Covers
8312,,,,,,Watercraft Storage Covers
8313,,,,,,Motorcycle Storage Covers
8314,,,,,,Golf Cart Storage Covers
8316,,,,,Motor Vehicle Windshield Covers
3812,,,,Vehicle Paint
8144,,,,,Motor Vehicle Brake Caliper Paint
8450,,,,,Motor Vehicle Body Paint
8236,,,,Vehicle Repair & Specialty Tools
2647,,,,,Windshield Repair Kits
3326,,,,,Vehicle Jumper Cables
5068,,,,,Vehicle Jump Starters
6482,,,,,Vehicle Diagnostic Scanners
7414,,,,,Vehicle Battery Chargers
8259,,,,,Motor Vehicle Clutch Alignment & Removal Tools
8260,,,,,Motor Vehicle Brake Service Kits
8261,,,,,Vehicle Tire Repair & Tire Changing Tools
499774,,,,,Vehicle Body Filler
499929,,,,,Vehicle Battery Testers
8534,,,,Portable Fuel Cans
3391,,,Watercraft Parts & Accessories
1122,,,,Watercraft Care
3866,,,,,Watercraft Cleaners
3955,,,,,Watercraft Polishes
1125,,,,Watercraft Engines & Motors
1132,,,,Sailboat Parts
3315,,,,Docking & Anchoring
3189,,,,,Anchors
3362,,,,,Anchor Lines & Ropes
3452,,,,,Anchor Chains
3480,,,,,Anchor Windlasses
3572,,,,,Dock Cleats
3655,,,,,Boat Hooks
3718,,,,,Boat Ladders
3899,,,,,Dock Steps
3400,,,,Watercraft Fuel Systems
3415,,,,,Watercraft Fuel Lines & Parts
3648,,,,,Watercraft Fuel Tanks & Parts
3892,,,,,Watercraft Fuel Pumps & Parts
3968,,,,,Watercraft Fuel Meters
3606,,,,Watercraft Engine Parts
3097,,,,,Watercraft Impellers
3143,,,,,Watercraft Alternators
3277,,,,,Watercraft Pistons & Parts
3321,,,,,Watercraft Engine Controls
3463,,,,,Watercraft Carburetors & Parts
3507,,,,,Watercraft Motor Locks
3566,,,,,Watercraft Motor Mounts
3743,,,,,Watercraft Ignition Parts
3806,,,,,Watercraft Propellers
3619,,,,Watercraft Exhaust Parts
3232,,,,,Watercraft Manifolds
3309,,,,,Watercraft Mufflers & Parts
3995,,,,Watercraft Steering Parts
3308,,,,,Watercraft Steering Cables
3663,,,,,Watercraft Steering Wheels
6293,,,,Watercraft Lighting
3977,,,Aircraft Parts & Accessories
8237,,,Vehicle Storage & Cargo
2290,,,,Vehicle Organizers
3472,,,,Motor Vehicle Carrying Racks
2836,,,,,Vehicle Bicycle Racks
4240,,,,,Vehicle Cargo Racks
6041,,,,,Vehicle Base Rack Systems
6042,,,,,Vehicle Water Sport Board Racks
6043,,,,,Vehicle Ski & Snowboard Racks
6044,,,,,Vehicle Motorcycle & Scooter Racks
6046,,,,,Vehicle Fishing Rod Racks
6047,,,,,Vehicle Boat Racks
7115,,,,,Vehicle Gun Racks
4027,,,,Motor Vehicle Trailers
1133,,,,,Boat Trailers
4037,,,,,Horse & Livestock Trailers
4044,,,,,Utility & Cargo Trailers
4243,,,,,Travel Trailers
5512,,,,Motorcycle Bags & Panniers
6454,,,,Motor Vehicle Carrying Rack Accessories
7122,,,,,Vehicle Bicycle Rack Accessories
8086,,,,,Vehicle Ski & Snowboard Rack Accessories
6744,,,,Motor Vehicle Cargo Nets
8147,,,,Motor Vehicle Loading Ramps
8378,,,,Truck Bed Storage Boxes & Organizers
8475,,,,Vehicle Headrest Hangers & Hooks
8301,,,Vehicle Safety & Security
2768,,,,Vehicle Alarms & Locks
1802,,,,,Automotive Alarm Systems
2699,,,,,Vehicle Remote Keyless Systems
2750,,,,,Vehicle Steering Wheel Locks
3024,,,,,Vehicle Immobilizers
6083,,,,,Motorcycle Alarms & Locks
6084,,,,,Automotive Alarm Accessories
8302,,,,,Vehicle Door Locks & Parts
8303,,,,,,Vehicle Door Locks & Locking Systems
8304,,,,,,Vehicle Door Lock Knobs
8305,,,,,,Vehicle Door Lock Actuators
235921,,,,,Vehicle Hitch Locks
500077,,,,,Vehicle Wheel Clamps
2879,,,,Vehicle Safety Equipment
6966,,,,,Vehicle Warning Whips
8445,,,,,Emergency Road Flares
8446,,,,,Motor Vehicle Roll Cages & Bars
8447,,,,,Car Window Nets
8448,,,,,Motor Vehicle Airbag Parts
8449,,,,,Vehicle Seat Belts
8476,,,,,Vehicle Seat Belt Straps
8477,,,,,Vehicle Seat Belt Buckles
8506,,,,,Vehicle Wheel Chocks
326120,,,,,Vehicle Seat Belt Covers
5547,,,,Motorcycle Protective Gear
2110,,,,,Motorcycle Helmets
5106,,,,,Motorcycle Goggles
5908,,,,,Motorcycle Gloves
5959,,,,,Motorcycle Chest & Back Protectors
5960,,,,,Motorcycle Kidney Belts
5961,,,,,Motorcycle Neck Braces
5962,,,,,Motorcycle Knee & Shin Guards
5963,,,,,Motorcycle Elbow & Wrist Guards
6493,,,,,Motorcycle Helmet Parts & Accessories
8507,,,,,Motorcycle Hand Guards
362737,,,,Off-Road & All-Terrain Vehicle Protective Gear
362738,,,,,ATV & UTV Bar Pads
8526,,,Motor Vehicle Electronics
891,,,,Motor Vehicle Amplifiers
894,,,,Motor Vehicle Equalizers & Crossovers
895,,,,Motor Vehicle Speakers
2833,,,,Motor Vehicle Subwoofers
5438,,,,Motor Vehicle Cassette Players
5525,,,,Motor Vehicle Cassette Adapters
5572,,,,Motor Vehicle Speakerphones
6968,,,,Motor Vehicle Parking Cameras
8483,,,,Motor Vehicle Video Monitor Mounts
505766,,,,Motor Vehicle A/V Players & In-Dash Systems
5614,,Vehicles
1267,,,Motor Vehicles
916,,,,"Cars, Trucks & Vans"
919,,,,Motorcycles & Scooters
920,,,,Recreational Vehicles
3549,,,,Snowmobiles
3931,,,,Golf Carts
503031,,,,Off-Road and All-Terrain Vehicles
2528,,,,,Go Karts & Dune Buggies
3018,,,,,ATVs & UTVs
3395,,,Aircraft
3540,,,Watercraft
1130,,,,Personal Watercraft
3087,,,,Sailboats
3095,,,,Motor Boats
5644,,,,Yachts
922,Office Supplies
923,,Filing & Organization
925,,,File Boxes
926,,,CD/DVD Cases & Organizers
927,,,"Calendars, Organizers & Planners"
928,,,Cash Boxes
930,,,File Folders
939,,,Desk Organizers
3062,,,Pen & Pencil Cases
4312,,,Binding Supplies
4086,,,,Binder Accessories
2139,,,,,Sheet Protectors
4183,,,,,Index Dividers
4212,,,,,Binder Rings
4182,,,,Binding Combs & Spines
4303,,,,Binders
7080,,,,Binding Machines
5070,,,Greeting Card Organizers
5531,,,Card Files
5997,,,Address Books
6171,,,Business Card Stands
6177,,,Card Sleeves
6190,,,Business Card Books
6779,,,Recipe Card Boxes
6884,,,Folders & Report Covers
543662,,,,Report Covers
543663,,,,Pocket Folders
6885,,,Portfolios & Padfolios
543640,,,,Portfolios
543641,,,,Padfolios
6962,,,Mail Sorters
932,,General Office Supplies
934,,,Office Tape
936,,,Paper Clips & Clamps
543675,,,,Paper Clips
543676,,,,Binder Clips
938,,,Erasers
944,,,Rubber Bands
948,,,Staples
949,,,Tacks & Pushpins
956,,,Paper Products
957,,,,Business Cards
958,,,,Envelopes
959,,,,Index Cards
961,,,,Notebooks & Notepads
962,,,,Printer & Copier Paper
1513,,,,Cover Paper
2658,,,,Binder Paper
2689,,,,Sticky Notes
3457,,,,Stationery
3871,,,,Post Cards
5264,,,,Blank ID Cards
5918,,,,Business Forms & Receipts
5919,,,,Receipt & Adding Machine Paper Rolls
6930,,,,Checks
960,,,Labels & Tags
4117,,,,Shipping Tags
4137,,,,Label Clips
4154,,,,Folder Tabs
4200,,,,Shipping Labels
4377,,,,Address Labels
5502,,,,Label Tapes & Refill Rolls
2591,,,"Correction Fluids, Pens & Tapes"
543618,,,,Correction Fluids
543619,,,,Correction Tapes
543620,,,,Correction Pens
6319,,,Brass Fasteners
8015,,,"Laminating Film, Pouches & Sheets"
505805,,,Mounting Putty
950,,Office Equipment
333,,,Calculators
543517,,,,Graphing Calculators
543518,,,,Basic Calculators
543519,,,,Financial Calculators
543520,,,,Scientific Calculators
543521,,,,Construction Calculators
337,,,Electronic Dictionaries & Translators
952,,,Label Makers
953,,,Office Shredders
954,,,Transcribers & Dictation Systems
955,,,Typewriters
1625,,,Laminators
1708,,,Postage Meters
6404,,,Time & Attendance Clocks
499864,,,Calculator Accessories
964,,Presentation Supplies
963,,,Transparencies
965,,,Chalkboards
966,,,Display Boards
1627,,,,Mounting Boards
2263,,,,Foam Boards
2401,,,,Bulletin Boards
2674,,,,Poster Boards
7525,,,,Bulletin Board Accessories
7526,,,,,Bulletin Board Trim
543688,,,,,Bulletin Board Trim Sets
967,,,Easel Pads
968,,,Easels
969,,,Laser Pointers
970,,,Lecterns
971,,,Dry-Erase Boards
4465,,,Wireless Presenters
4492,,,Document Cameras
2014,,Paper Handling
1803,,,Paperweights
1836,,,Paper Joggers
2207,,,Paper Folding Machines
6178,,,Pencil Boards
6467,,,Hole Punches
6486,,,Fingertip Grips
2435,,Name Plates
2636,,Shipping Supplies
973,,,Moving & Shipping Boxes
974,,,Packing Materials
975,,,Packing Tape
2986,,Office Instruments
935,,,Clipboards
941,,,Magnifiers
943,,,Pencil Sharpeners
947,,,Staplers
977,,,Writing & Drawing Instruments
978,,,,Chalk
979,,,,Crayons
980,,,,Markers & Highlighters
543608,,,,,Markers
543609,,,,,Highlighters
2623,,,,Art Charcoals
4752,,,,Pastels
6065,,,,Pens & Pencils
982,,,,,Pens
6066,,,,,Pen & Pencil Sets
6068,,,,,Pencils
981,,,,,,Writing Pencils
543660,,,,,,,Mechanical Pencils
543661,,,,,,,Wooden Pencils
3026,,,,,,Art Pencils
6067,,,,Multifunction Writing Instruments
2883,,,Call Bells
4341,,,Office Rubber Stamps
4470,,,Writing & Drawing Instrument Accessories
4471,,,,Pen Ink & Refills
4472,,,,Pencil Lead & Refills
7117,,,,Marker & Highlighter Ink Refills
543666,,,,,Marker Refills
543667,,,,,Highlighter Refills
4499,,,Staple Removers
503746,,,Tape Dispensers
505830,,,Letter Openers
5829,,Impulse Sealers
6174,,Book Accessories
93,,,Bookmarks
4941,,,Book Lights
6175,,,Book Stands & Rests
6176,,,Book Covers
6373,,Office Carts
1996,,,AV Carts
6179,,,Utility Carts
6180,,,File Carts
6181,,,Mail Carts
6182,,,Book Carts
6519,,Office & Chair Mats
6462,,,Anti-Fatigue Mats
6520,,,Office Mats
6521,,,Chair Mats
8078,,Desk Pads & Blotters
8499,,Lap Desks
988,Sporting Goods
990,,Exercise & Fitness
993,,,Exercise Balls
999,,,Yoga & Pilates
3640,,,,Yoga & Pilates Mats
3810,,,,Pilates Machines
5107,,,,Yoga Mat Bags & Straps
6743,,,,Yoga & Pilates Towels
6750,,,,Yoga & Pilates Blocks
3938,,,Medicine Balls
4669,,,Exercise Equipment Mats
5319,,,Foam Rollers
5693,,,Stopwatches
5869,,,Exercise Bands
6103,,,Weighted Clothing
6337,,,Foam Roller Accessories
6338,,,,Foam Roller Storage Bags
6867,,,Hand Exercisers
7174,,,Reaction Balls
8062,,,Speed & Resistance Parachutes
8066,,,Vibration Exercise Machines
8215,,,Push Up & Pull Up Bars
8471,,,Exercise Wedges
237166,,,Aerobic Steps
355576,,,Inversion Tables & Systems
499792,,,Cardio
2614,,,,Jump Ropes
4589,,,,Cardio Machines
992,,,,,Elliptical Trainers
994,,,,,Exercise Bikes
995,,,,,Rowing Machines
996,,,,,Stair Climbers & Steppers
543610,,,,,,Stair Climbers
543611,,,,,,Stair Steppers
997,,,,,Treadmills
4598,,,,Cardio Machine Accessories
499699,,,,,Treadmill Accessories
499700,,,,,Stair Climber & Stepper Accessories
499701,,,,,Rowing Machine Accessories
499702,,,,,Exercise Bike Accessories
499703,,,,,Elliptical Trainer Accessories
499793,,,Weight Lifting
3164,,,,Free Weights
3217,,,,Weight Lifting Machine & Exercise Bench Accessories
3542,,,,Weight Lifting Machines & Racks
3654,,,,Weight Lifting Belts
3858,,,,Weight Lifting Gloves & Hand Supports
6452,,,,Free Weight Accessories
3271,,,,,Weight Bars
8083,,,,,Free Weight Storage Racks
499794,,,,,Weight Bar Collars
499795,,,Exercise Benches
499796,,,Balance Trainers
499797,,,Ab Wheels & Rollers
499798,,,Suspension Trainers
499912,,,Power Towers
499978,,,Exercise Machine & Equipment Sets
505302,,,Sport Safety Lights & Reflectors
1001,,Indoor Games
1002,,,Air Hockey
3245,,,,Air Hockey Tables
3548,,,,Air Hockey Table Parts
505330,,,,Air Hockey Equipment
1003,,,Billiards
3059,,,,Billiard Ball Racks
3135,,,,Billiard Balls
3139,,,,Billiard Tables
3183,,,,Billiard Table Parts & Accessories
3547,,,,,Billiard Table Cloth
3574,,,,,Billiard Pockets
3754,,,,,Billiard Table Brushes
8065,,,,,Billiard Table Covers
3222,,,,Billiard Cue Accessories
3720,,,,,Billiard Cue Racks
499993,,,,,Billiard Cue Cases
499994,,,,,Billiard Cue Chalk
3469,,,,Billiard Table Lights
3755,,,,Billiard Gloves
3910,,,,Billiard Cues & Bridges
1004,,,Bowling
3219,,,,Bowling Balls
3260,,,,Bowling Wrist Supports
3535,,,,Bowling Gloves
3669,,,,Bowling Pins
3698,,,,Bowling Ball Bags
1005,,,Throwing Darts
3327,,,,Dart Parts
3109,,,,,Dart Shafts
3250,,,,,Dart Tips
3766,,,,,Dart Flights
3559,,,,Dartboards
3839,,,,Darts
3957,,,,Dart Backboards
1007,,,Foosball
3524,,,,Foosball Table Parts & Accessories
3641,,,,Foosball Balls
3847,,,,Foosball Tables
1008,,,Ping Pong
3132,,,,Ping Pong Robot Accessories
3345,,,,Ping Pong Tables
3375,,,,Ping Pong Paddles & Sets
3546,,,,Ping Pong Robots
3788,,,,Ping Pong Nets & Posts
3900,,,,Ping Pong Paddle Accessories
3964,,,,Ping Pong Balls
1009,,,Table Shuffleboard
3148,,,,Shuffleboard Tables
3996,,,,Table Shuffleboard Powder
4021,,,,Table Shuffleboard Pucks
7010,,,Multi-Game Tables
1011,,Outdoor Recreation
1013,,,Camping & Hiking
1014,,,,Camp Furniture
3089,,,,,Cots
3695,,,,,Air Mattresses
4451,,,,,Air Mattress & Sleeping Pad Accessories
1016,,,,Camping Cookware & Dinnerware
1019,,,,Camping Lights & Lanterns
1020,,,,Sleeping Bags
1021,,,,Sleeping Pads
1022,,,,Tents
1023,,,,Portable Water Filters & Purifiers
3508,,,,Chemical Hand Warmers
3538,,,,Mosquito Nets & Insect Screens
3738,,,,Hiking Poles
3937,,,,Camping Tools
3495,,,,,Hunting & Survival Knives
4095,,,,,Multifunction Tools & Knives
4785,,,,Navigational Compasses
5636,,,,Compression Sacks
5655,,,,Tent Accessories
5656,,,,,Tent Footprints
5657,,,,,Tent Vestibules
5658,,,,,Tent Poles & Stakes
499680,,,,,Inner Tents
5881,,,,Sleeping Bag Liners
7154,,,,Hiking Pole Accessories
8079,,,,Windbreaks
502993,,,,Portable Toilets & Showers
502994,,,,,Portable Showers & Privacy Enclosures
503009,,,,,Portable Toilets & Urination Devices
1025,,,Cycling
1026,,,,Bicycles
1030,,,,Unicycles
3070,,,,Unicycle Accessories
3214,,,,Bicycle Accessories
1027,,,,,Bicycle Locks
1028,,,,,Bicycle Front & Rear Racks
3243,,,,,Bicycle Computers
3341,,,,,Bicycle Baskets
3368,,,,,Bicycle Mirrors
3428,,,,,Bicycle Stands & Storage
3558,,,,,Bicycle Transport Bags & Cases
3631,,,,,Bicycle Training Wheels
3719,,,,,Bicycle Fenders
3778,,,,,Bicycle Bags & Panniers
3811,,,,,Bicycle Trailers
3827,,,,,Bicycle Pumps
3868,,,,,Bicycle Trainers
3879,,,,,Bicycle Bells & Horns
4145,,,,,Bicycle Cages
5540,,,,,Bicycle Computer Accessories
5842,,,,,Bicycle Child Seats
6048,,,,,Bicycle Water Sport Board Racks
6442,,,,,Bicycle Covers
6445,,,,,Bicycle Saddle Pads & Seat Covers
6506,,,,,Bicycle Shock Pumps
7223,,,,,Bicycle Toe Straps & Clips
7448,,,,,Bicycle Spoke Beads
499694,,,,,Bicycle Tire Repair Supplies & Kits
500067,,,,,Bicycle Child Seat Accessories
500092,,,,,Bicycle Handlebar Grips & Decor
500109,,,,,Electric Bicycle Conversion Kits
505668,,,,,Bicycle Tools
3531,,,,Tricycles
3618,,,,Bicycle Parts
3216,,,,,Bicycle Wheels
3292,,,,,Bicycle Saddles
3639,,,,,Bicycle Frames
3740,,,,,Bicycle Brake Parts
4574,,,,,,Bicycle Brake Calipers
4575,,,,,,Bicycle Brake Levers
4576,,,,,,Bicycle Brake Rotors
4577,,,,,,Bicycle Brake Sets
4194,,,,,Bicycle Seatposts
4571,,,,,Bicycle Tires
4572,,,,,Bicycle Tubes
4582,,,,,Bicycle Handlebars
4583,,,,,Bicycle Stems
4585,,,,,Bicycle Drivetrain Parts
4586,,,,,,Bicycle Cassettes & Freewheels
4587,,,,,,Bicycle Chains
4588,,,,,,Bicycle Derailleurs
4590,,,,,,Bicycle Bottom Brackets
4591,,,,,,Bicycle Chainrings
4592,,,,,,Bicycle Cranks
4593,,,,,,Bicycle Pedals
4594,,,,,,Bicycle Shifters
4595,,,,,Bicycle Seatpost Clamps
4596,,,,,Bicycle Small Parts
4597,,,,,Bicycle Wheel Parts
4599,,,,,,Bicycle Hubs
4600,,,,,,Bicycle Spokes
4601,,,,,,Bicycle Wheel Nipples
4602,,,,,,Bicycle Wheel Rims
7538,,,,,,Bicycle Foot Pegs
8528,,,,,,Bicycle Wheel Axles & Skewers
499875,,,,,,Bicycle Rim Strips
500053,,,,,,Bicycle Hub Parts
4603,,,,,Bicycle Forks
6960,,,,,Bicycle Handlebar Extensions
7477,,,,,Bicycle Headsets
7478,,,,,Bicycle Headset Parts
7479,,,,,,Bicycle Headset Spacers
7480,,,,,,Bicycle Headset Bearings
8239,,,,,Bicycle Kickstands
499684,,,,,Bicycle Cable Housings
499685,,,,,Bicycle Cables
499868,,,,,Bicycle Groupsets
499869,,,,,Bicycle Tire Valve Caps
499870,,,,,Bicycle Tire Valves
499871,,,,,Bicycle Tire Valve Adapters
3634,,,,Tricycle Accessories
3982,,,,Cycling Apparel & Accessories
1029,,,,,Bicycle Helmets
3118,,,,,Bicycle Cleats
3246,,,,,Bicycle Gloves
3272,,,,,Bicycle Shoe Covers
7474,,,,,Bicycle Cleat Accessories
7453,,,,,,Bicycle Cleat Covers
7475,,,,,,Bicycle Cleat Shims & Wedges
7476,,,,,,Bicycle Cleat Bolts
8061,,,,,Bicycle Protective Pads
500028,,,,,Bicycle Helmet Parts & Accessories
1031,,,Equestrian
3257,,,,Horse Care
5025,,,,,Horse Grooming
6386,,,,,,Horse Clippers & Trimmers
499818,,,,,,"Horse Grooming Combs, Brushes & Mitts"
5569,,,,,Horse Boots & Leg Wraps
6898,,,,,Horse Blankets & Sheets
7459,,,,,Horse Vitamins & Supplements
7481,,,,,Horse Treats
7482,,,,,Horse Feed
499817,,,,,Horse Fly Masks
499819,,,,,Horse Wormers
5593,,,,Horse Tack
1491,,,,,Cinches
1754,,,,,Reins
2210,,,,,Saddles
2756,,,,,Horse Harnesses
3426,,,,,Bridles
4018,,,,,Bridle Bits
8109,,,,,Stirrups
499709,,,,,Horse Leads
499710,,,,,Horse Halters
5594,,,,Riding Apparel & Accessories
3084,,,,,Equestrian Gloves
3265,,,,,Riding Crops & Whips
3821,,,,,Equestrian Helmets
6914,,,,,Riding Pants
7215,,,,Horse Tack Accessories
8107,,,,,Saddle Accessories
7216,,,,,,Saddle Racks
8108,,,,,,Saddle Pads & Blankets
326122,,,,,,Saddle Bags & Panniers
499959,,,,,,Saddle Covers & Cases
499820,,,,,Horse Tack Boxes
1043,,,Golf
1044,,,,Golf Bags
1045,,,,Golf Balls
1046,,,,Golf Clubs
3106,,,,Golf Tees
3578,,,,Golf Flags
3642,,,,Golf Club Parts & Accessories
4043,,,,,Golf Club Headcovers
4254,,,,,Golf Club Grips
499780,,,,,Golf Club Shafts
3772,,,,Golf Training Aids
4466,,,,Golf Gloves
4467,,,,Golf Towels
4605,,,,Golf Bag Accessories
4525,,,,,Golf Bag Covers & Cases
4537,,,,,Golf Bag Carts
6864,,,,Golf Ball Markers
7314,,,,Golf Accessory Sets
8044,,,,Divot Tools
3276,,,Skateboarding
1059,,,,Skateboards
3067,,,,Skateboarding Protective Gear
3488,,,,,Skateboarding Pads
7789,,,,,Skateboarding Gloves
499776,,,,,Skate Helmets
3127,,,,Skate Rails
3626,,,,Skate Ramps
3670,,,,Skateboard Parts
3192,,,,,Skateboard Trucks
3637,,,,,Skateboard Wheels
3869,,,,,Skateboard Decks
505817,,,,,Skateboard Small Parts
3334,,,Fishing
1037,,,,Fishing Lines & Leaders
1041,,,,Tackle Bags & Boxes
3096,,,,Live Bait
3614,,,,Fishing Nets
4926,,,,Fishing Reels
4927,,,,Fishing Rods
5406,,,,Fishing & Hunting Waders
6495,,,,Fishing Bait & Chum Containers
7217,,,,Fly Tying Materials
6440,,,,,Fishing Yarn
7125,,,,,Fishing Beads
7221,,,,Fishing Traps
7342,,,,Fishing Gaffs
7343,,,,Fishing Spears
7344,,,,Fishing Hook Removal Tools
8064,,,,Bite Alarms
8092,,,,Fishing Reel Accessories
8094,,,,,Fishing Reel Lubricants
8208,,,,,Fishing Reel Replacement Spools
8273,,,,,Fishing Reel Bags & Cases
8093,,,,Fishing Rod Accessories
8272,,,,,Fishing Rod Bags & Cases
499942,,,,,Fishing Rod Holders & Storage Racks
499823,,,,Fishing Tackle
3359,,,,,Fishing Hooks
3603,,,,,Fishing Baits & Lures
3651,,,,,Fishing Sinkers
3859,,,,,Fishing Floats
7222,,,,,Fishing Snaps & Swivels
3789,,,Hang Gliding & Skydiving
4023,,,,Parachutes
4327,,,,Hang Gliders
5877,,,,Air Suits
5635,,,Hydration Systems
5879,,,Riding Scooters
5998,,,Hydration System Accessories
7059,,,Climbing
3201,,,,Climbing Rope Bags
3211,,,,Climbing Chalk Bags
3218,,,,Climbing Harnesses
3266,,,,Climbing Protection Devices
3322,,,,Climbing Crash Pads
3363,,,,Belay Devices
3369,,,,Climbing Webbing
3454,,,,Climbing Ascenders & Descenders
3518,,,,Indoor Climbing Holds
3746,,,,Carabiners
3825,,,,Climbing Rope
3849,,,,Quickdraws
7060,,,,Ice Climbing Tools
7061,,,,Ice Screws
499815,,,,Climbing Apparel & Accessories
3314,,,,,Climbing Helmets
5394,,,,,Crampons
499816,,,,,Climbing Gloves
7375,,,Kite Buggying
7376,,,,Kite Buggies
7377,,,,Kite Buggy Accessories
499761,,,Inline & Roller Skating
1058,,,,Inline Skates
2837,,,,Roller Skates
499759,,,,Inline Skate Parts
499760,,,,Roller Skate Parts
499771,,,,Inline & Roller Skating Protective Gear
499775,,,,,Roller Skating Pads
500029,,,,Roller Skis
499811,,,Boating & Water Sports
1120,,,,Boating & Rafting
1124,,,,,Canoes
1127,,,,,Kayaks
1129,,,,,Paddles & Oars
3406,,,,,Row Boats
3476,,,,,Whitewater Rafts
6097,,,,,Pedal Boats
6312,,,,,Kayak Accessories
6314,,,,,Canoe Accessories
7449,,,,,Boating Gloves
499964,,,,,Paddle Leashes
1135,,,,Diving & Snorkeling
1136,,,,,Buoyancy Compensators
1137,,,,,Dive Computers
1139,,,,,Diving & Snorkeling Fins
1140,,,,,Diving & Snorkeling Masks
1141,,,,,Diving Regulators
1142,,,,,Snorkels
5312,,,,,Diving Knives & Shears
6514,,,,,Diving Belts
499867,,,,,Diving & Snorkeling Equipment Sets
1143,,,,Surfing
3320,,,,,Surfboards
3525,,,,,Surfboard Fins
3579,,,,,Surfboard Cases & Bags
3649,,,,,Surf Leashes
3762,,,,,Surfing Tail Pads
3801,,,,,Surfboard Wax
6286,,,,,Skimboards
6287,,,,,Bodyboards
6288,,,,,Paddleboards
7451,,,,,Surfing Gloves
1144,,,,Swimming
2966,,,,,Kickboards
3304,,,,,Swim Gloves
3360,,,,,Swim Goggles & Masks
3595,,,,,Pull Buoys
3596,,,,,Swimming Machines
3807,,,,,Swim Caps
6330,,,,,Swim Goggle & Mask Accessories
6473,,,,,Hand Paddles
6511,,,,,Swimming Fins
2512,,,,,,Training Fins
6512,,,,,,Monofins
6513,,,,,Swim Belts
6515,,,,,Swimming Nose Clips
6550,,,,,Swim Weights
7104,,,,,Child Swimming Aids
1148,,,,Windsurfing
3413,,,,,Windsurfing Sails
3624,,,,,Windsurfing Board Parts
3285,,,,,,Windsurfing Board Masts
3908,,,,,,Windsurfing Board Fins
3894,,,,,Windsurfing Boards
3195,,,,Towed Water Sports
1146,,,,,Water Skiing
3289,,,,,,Sit-Down Hydrofoils
3350,,,,,,Water Skis
6296,,,,,,Water Ski Cases & Bags
6302,,,,,,Water Ski Bindings
3282,,,,,Wakeboarding
3353,,,,,,Wakeboards
505291,,,,,,Wakeboard Parts
505317,,,,,,Kiteboard & Wakeboard Bindings
3370,,,,,Kneeboarding
3101,,,,,,Kneeboards
3636,,,,,Water Sport Tow Cables
6301,,,,,Towable Rafts & Tubes
7452,,,,,Towed Water Sport Gloves
5579,,,,Kitesurfing
5580,,,,,Kiteboards
5581,,,,,Kiteboard Parts
5582,,,,,Kitesurfing Kites
5583,,,,,Kitesurfing & Windsurfing Harnesses
5584,,,,,Kiteboard Cases
7178,,,,Watercraft Storage Racks
8172,,,,,Boat Storage Racks
8173,,,,,Water Sport Board Storage Racks
499813,,,,Boating & Water Sport Apparel
1128,,,,,Life Jackets
1138,,,,,Drysuits
1147,,,,,Wetsuits
3376,,,,,Rash Guards & Swim Shirts
6496,,,,,Life Jacket Accessories
499687,,,,,Water Sport Helmets
499814,,,,,Wetsuit Pieces
5399,,,,,,"Wetsuit Hoods, Gloves & Boots"
5400,,,,,,Wetsuit Bottoms
5401,,,,,,Wetsuit Tops
499824,,,Hunting & Shooting
1033,,,,Archery
3291,,,,,Arrow Parts & Accessories
499830,,,,,,Broadheads & Field Points
499831,,,,,,Arrow Fletchings
499832,,,,,,Arrow Nocks
3533,,,,,Arrows & Bolts
3757,,,,,Quivers
3773,,,,,Archery Armguards
3883,,,,,Archery Targets
499825,,,,,Bows & Crossbows
3332,,,,,,Compound Bows
3505,,,,,,Crossbows
3715,,,,,,Recurve & Longbows
499826,,,,,Bow & Crossbow Accessories
499833,,,,,Archery Gloves & Releases
3125,,,,Clay Pigeon Shooting
3305,,,,,Clay Pigeon Throwers
3528,,,,,Clay Pigeons
3136,,,,Hunting
1034,,,,,Hunting Blinds & Screens
3674,,,,,Animal Traps
3748,,,,,Tree Stands
5917,,,,,Hunting Dog Equipment
6992,,,,,Wild Game Feeders
7373,,,,,Hearing Enhancers
8011,,,,,Wildlife Attractants
3583,,,,,,Hunting & Wildlife Decoys
3756,,,,,,Hunting & Wildlife Calls
8080,,,,,,Cover Scents & Scent Attractants
8081,,,,,,"Wildlife Bait, Feed & Minerals"
7460,,,,Hunting & Shooting Protective Gear
7461,,,,,Hunting & Shooting Gloves
7518,,,,,Hunting & Shooting Jackets
499834,,,,Paintball & Airsoft
1049,,,,,Paintball
3187,,,,,,Paintball Gun Parts & Accessories
3152,,,,,,,Paintball Hoppers
3244,,,,,,,Paintball Air Tanks
3690,,,,,,,Paintball Gun Barrels
8514,,,,,,,Paintball Gun Drop Forwards
3234,,,,,,Paintball Guns
3408,,,,,,Paintball Grenades
3438,,,,,,Paintballs
6748,,,,,,Paintball Grenade Launchers
6781,,,,,,Paintball Harnesses & Packs
2443,,,,,Airsoft
3093,,,,,,Airsoft Guns
3116,,,,,,Airsoft Gun Parts & Accessories
8005,,,,,,,Airsoft Gun Batteries
3925,,,,,,Airsoft Pellets
499835,,,,,Paintball & Airsoft Protective Gear
499836,,,,,,Paintball & Airsoft Gloves
499837,,,,,,Paintball & Airsoft Vests
499838,,,,,,Paintball & Airsoft Goggles & Masks
499839,,,,,,Paintball & Airsoft Pads
499840,,,,Shooting & Range Accessories
3170,,,,,Shooting Targets
499841,,,,,Shooting Sticks & Bipods
499842,,,,,Shooting Rests
499844,,,Winter Sports & Activities
1166,,,,Snowshoeing
3064,,,,,Snowshoes
3073,,,,,Snowshoe Bindings
7539,,,,Sleds
499845,,,,Skiing & Snowboarding
1157,,,,,Ski Poles
1161,,,,,Ski & Snowboard Helmets
1162,,,,,Snowboard Bindings
1163,,,,,Snowboard Boots
1164,,,,,Snowboards
3550,,,,,Ski & Snowboard Goggles
5088,,,,,Snowboard Binding Parts
6062,,,,,Ski Boots
6063,,,,,Ski Bindings
6064,,,,,Skis
1158,,,,,,Downhill Skis
3331,,,,,,Cross-Country Skis
7224,,,,,Ski & Snowboard Bags
7558,,,,,Ski & Snowboard Storage Racks
8074,,,,,Ski & Snowboard Wax
8203,,,,,Ski & Snowboard Goggle Accessories
5050,,,,,,Ski & Snowboard Goggle Lenses
499681,,,,,Ski & Snowboard Leashes
505296,,,,,Ski Binding Parts
505772,,,,,Ski & Snowboard Tuning Tools
499951,,,,Avalanche Safety
499877,,,,,Avalanche Safety Airbags
499952,,,,,Avalanche Probes
499846,,,Outdoor Games
1062,,,,Badminton
3107,,,,,Badminton Nets
3907,,,,,Shuttlecocks
3950,,,,,Badminton Racquets & Sets
3126,,,,Tetherball
499882,,,,,Tetherball Poles
499883,,,,,Tetherball Sets
499884,,,,,Tetherballs
3390,,,,Pickleball
499847,,,,,Pickleballs
499848,,,,,Pickleball Paddles
3405,,,,Lawn Games
3484,,,,Disc Golf
3227,,,,,Disc Golf Baskets
3993,,,,,Disc Golf Bags
3787,,,,Deck Shuffleboard
3190,,,,,Deck Shuffleboard Pucks
3689,,,,,Deck Shuffleboard Cues
7430,,,,Paddle Ball Sets
499904,,,,Platform & Paddle Tennis
499849,,,,,Platform Tennis Balls
499850,,,,,Platform & Paddle Tennis Paddles
499713,,Athletics
989,,,Dancing
3269,,,,Ballet Barres
1000,,,Gymnastics
3123,,,,Gymnastics Springboards
3182,,,,Pommel Horses
3774,,,,Gymnastics Rings
3779,,,,Vaulting Horses
3808,,,,Gymnastics Protective Gear
499781,,,,,Gymnastics Grips
503763,,,,Gymnastics Bars & Balance Beams
1006,,,Fencing
3261,,,,Fencing Protective Gear
3366,,,,,Fencing Gloves & Cuffs
3707,,,,,Fencing Masks
499740,,,,,Fencing Jackets & Lamés
3622,,,,Fencing Weapons
1047,,,Team Handball
499785,,,,Handballs
1060,,,Track & Field
3149,,,,Track Hurdles
3389,,,,Javelins
3445,,,,High Jump Crossbars
3478,,,,Discus
3770,,,,Shot Puts
3864,,,,High Jump Pits
3878,,,,Relay Batons
3880,,,,Throwing Hammers
3987,,,,Pole Vault Pits
3997,,,,Starter Pistols
4020,,,,Vaulting Poles
499786,,,,Track Starting Blocks
1065,,,Tennis
3105,,,,Tennis Ball Hoppers & Carts
3113,,,,Tennis Balls
3565,,,,Tennis Ball Savers
3658,,,,Tennis Racquet Accessories
3295,,,,,Tennis Racquet Grommets
3352,,,,,Racquet Vibration Dampeners
3403,,,,,Tennis Racquet Grips & Tape
3638,,,,,Tennis Racquet Bags
3922,,,,,Tennis Racquet String
3906,,,,Tennis Racquets
3961,,,,Tennis Nets
3985,,,,Tennis Ball Machines
1068,,,Wrestling
3057,,,,Wrestling Protective Gear
499790,,,,,Wrestling Knee Pads
499791,,,,,Wrestling Headgear
1070,,,Baseball & Softball
1076,,,,Baseball & Softball Gloves & Mitts
1077,,,,Pitching Machines
1078,,,,Baseball & Softball Protective Gear
3668,,,,,Baseball & Softball Batting Helmets
499715,,,,,Baseball & Softball Chest Protectors
499716,,,,,Catchers Equipment Sets
499717,,,,,Catchers Helmets & Masks
499718,,,,,Baseball & Softball Leg Guards
3544,,,,Baseball & Softball Bases & Plates
3671,,,,Softballs
3679,,,,Softball Bats
3747,,,,Baseball & Softball Batting Gloves
3783,,,,Baseballs
3790,,,,Baseball Bats
234670,,,,Baseball & Softball Pitching Mounds
234671,,,,Baseball & Softball Pitching Mats
1081,,,Basketball
1082,,,,Basketball Hoops
1083,,,,Basketballs
4676,,,,Basketball Hoop Parts & Accessories
3829,,,,,Basketball Nets
4050,,,,,Basketball Hoop Posts
4089,,,,,Basketball Backboards
4192,,,,,Basketball Rims
7251,,,,,Basketball Hoop Padding
499751,,,,Basketball Training Aids
1087,,,Cricket
3815,,,,Cricket Bats
3870,,,,Cricket Balls
499734,,,,Cricket Stumps
499735,,,,Cricket Equipment Sets
499736,,,,Cricket Protective Gear
3339,,,,,Cricket Gloves
3543,,,,,Cricket Helmets
499739,,,,,Cricket Leg Guards
499737,,,,Cricket Bat Accessories
499738,,,,,Cricket Bat Grips
1093,,,American Football
1094,,,,American Footballs
1097,,,,American Football Protective Gear
1098,,,,,American Football Helmets
3060,,,,,American Football Helmet Accessories
3063,,,,,,American Football Helmet Visors
3090,,,,,,American Football Face Masks
3247,,,,,,American Football Chin Straps
3343,,,,,,American Football Helmet Padding
3497,,,,,American Football Neck Rolls
3510,,,,,American Football Girdles
3621,,,,,American Football Shoulder Pads
499778,,,,,American Football Rib Protection Shirts & Vests
3442,,,,American Football Gloves
3492,,,,American Football Goal Posts
3656,,,,American Football Kicking Tees & Holders
3998,,,,American Football Training Equipment
499779,,,,,American Football Dummies & Sleds
1110,,,Rugby
3487,,,,Rugby Gloves
3761,,,,Rugby Balls
3881,,,,Rugby Posts
3983,,,,Rugby Training Aids
499782,,,,Rugby Protective Gear
3077,,,,,Rugby Headgear
1111,,,Soccer
1112,,,,Soccer Balls
1113,,,,Soccer Goals
3141,,,,Soccer Gloves
3973,,,,Soccer Corner Flags
6055,,,,Soccer Goal Accessories
499784,,,,Soccer Protective Gear
1114,,,,,Soccer Shin Guards
1115,,,Volleyball
1116,,,,Volleyballs
1117,,,,Volleyball Nets
499787,,,,Volleyball Training Aids
499788,,,,Volleyball Protective Gear
499789,,,,,Volleyball Knee Pads
1145,,,Water Polo
3575,,,,Water Polo Caps
3678,,,,Water Polo Goals
3794,,,,Water Polo Balls
3354,,,Cheerleading
3953,,,,Cheerleading Pom Poms
6734,,,Broomball Equipment
6739,,,Coaching & Officiating
6729,,,,Penalty Cards & Flags
6730,,,,Sport & Safety Whistles
6731,,,,Linesman Flags
8505,,,,Scoreboards
499727,,,,Referee Wallets
499729,,,,Captains Armbands
499730,,,,Umpire Indicators
499731,,,,Pitch Counters
499732,,,,Flip Coins & Discs
499733,,,,Referee Stands & Chairs
505813,,,,Field & Court Boundary Markers
7156,,,Rounders
7157,,,,Rounders Gloves
7158,,,,Rounders Bats
499719,,,Boxing & Martial Arts
3411,,,,Boxing Ring Parts
3652,,,,Boxing Rings
3717,,,,Martial Arts Belts
4008,,,,Boxing & Martial Arts Protective Gear
3235,,,,,Boxing Gloves & Mitts
499722,,,,,Boxing & Martial Arts Headgear
499723,,,,,Boxing & Martial Arts Body Protectors
499724,,,,,MMA Shin Guards
499725,,,,,Boxing & Martial Arts Arm Guards
499726,,,,,Boxing & MMA Hand Wraps
4282,,,,Martial Arts Weapons
499720,,,,Boxing & Martial Arts Training Equipment
3297,,,,,Punching & Training Bags
7116,,,,,Grappling Dummies
7129,,,,,Punching & Training Bag Accessories
499721,,,,,Strike Shields
499769,,,,,Boxing & MMA Punch Mitts
499741,,,Field Hockey & Lacrosse
1089,,,,Field Hockey Balls
1092,,,,Field Hockey Sticks
3001,,,,Field Hockey Goals
3204,,,,Lacrosse Training Aids
3336,,,,Lacrosse Stick Parts
3418,,,,,Lacrosse Stick Heads
3423,,,,,Lacrosse Stick Shafts
3785,,,,,Lacrosse Mesh & String
3536,,,,Lacrosse Balls
3817,,,,Lacrosse Sticks
3970,,,,Lacrosse Goals
499742,,,,Lacrosse Equipment Sets
499744,,,,Field Hockey & Lacrosse Protective Gear
499745,,,,,Field Hockey & Lacrosse Gloves
499746,,,,,Field Hockey & Lacrosse Helmets
499747,,,,,Field Hockey & Lacrosse Masks & Goggles
502970,,,,,Field Hockey & Lacrosse Pads
499799,,,General Purpose Athletic Equipment
3877,,,,Sports Megaphones
3971,,,,Grip Spray & Chalk
6344,,,,Stadium Seats & Cushions
7397,,,,Ball Carrying Bags & Carts
7433,,,,Ball Pump Accessories
7435,,,,,Ball Pump Needles
7434,,,,Ball Pumps
8077,,,,Practice Nets & Screens
8222,,,,Altitude Training Masks
8319,,,,Sports & Agility Cones
499800,,,,Athletic Cups
499801,,,,Sports Mouthguards
499802,,,,Speed & Agility Ladders & Hurdles
499803,,,,Gym Mats
499903,,,,Exercise & Gym Mat Storage Racks & Carts
499861,,,Wallyball Equipment
499915,,,Figure Skating & Hockey
1057,,,,Ice Skates
1105,,,,Hockey Protective Gear
3615,,,,,Hockey Pants
6078,,,,,Hockey Gloves
6080,,,,,Hockey Helmets
499755,,,,,Hockey Shin Guards & Leg Pads
499756,,,,,Hockey Elbow Pads
499757,,,,,Hockey Shoulder Pads & Chest Protectors
499890,,,,,Hockey Goalie Equipment Sets
499975,,,,,Hockey Suspenders & Belts
3791,,,,Ice Skate Parts & Accessories
3241,,,,,Skate Lace Tighteners
3623,,,,,Ice Skate Sharpeners
4019,,,,,Skate Blade Guards
6708,,,,,Figure Skate Boots
7000,,,,,Ice Skate Blades
6074,,,,Hockey Goals
6076,,,,Hockey Sticks
6077,,,,Hockey Balls & Pucks
6857,,,,Hockey Sledges
7011,,,,Hockey Stick Parts
6852,,,,,Hockey Stick Blades
6942,,,,,Hockey Stick Shafts
7012,,,,Hockey Stick Care
503752,,,Racquetball & Squash
3119,,,,Racquetball & Squash Eyewear
3714,,,,Racquetball Racquets
4002,,,,Squash Racquets
499783,,,,Racquetball & Squash Gloves
503753,,,,Racquetball & Squash Balls
1239,Toys & Games
1249,,Outdoor Play Equipment
1251,,,Playhouses
1738,,,Trampolines
1863,,,Pogo Sticks
2743,,,Sandboxes
2867,,,Slides
3948,,,Stilts
5524,,,Trampoline Accessories
6269,,,Swing Set & Playset Accessories
6270,,,Play Swings
6271,,,Swing Sets & Playsets
6396,,,Inflatable Bouncers
6397,,,Play Tents & Tunnels
6450,,,See Saws
6464,,,Water Play Equipment
3556,,,,Water Tables
6465,,,,Play Sprinkers
500095,,,,Water Parks & Slides
7219,,,Inflatable Bouncer Accessories
1253,,Toys
1254,,,Building Toys
3163,,,,Marble Track Sets
3172,,,,Foam Blocks
3287,,,,Interlocking Blocks
3617,,,,Wooden Blocks
3805,,,,Construction Set Toys
1255,,,"Dolls, Playsets & Toy Figures"
1257,,,,Dolls
1258,,,,Puppets & Marionettes
1259,,,,Stuffed Animals
2497,,,,Dollhouse Accessories
2499,,,,Dollhouses
3166,,,,Toy Playsets
3584,,,,Doll & Action Figure Accessories
6056,,,,Puppet & Puppet Theater Accessories
6057,,,,Puppet Theaters
6058,,,,Action & Toy Figures
7114,,,,Bobblehead Figures
8021,,,,Paper & Magnetic Dolls
1261,,,Flying Toys
3263,,,,Toy Parachutes
3378,,,,Toy Gliders
3460,,,,Kites
3966,,,,Air & Water Rockets
1262,,,Educational Toys
3088,,,,Ant Farms
3500,,,,Science & Exploration Sets
3928,,,,Bug Collecting Kits
5529,,,,Reading Toys
6466,,,,Toy Abacuses
499938,,,,Astronomy Toys & Models
500015,,,,Educational Flash Cards
1264,,,Musical Toys
3252,,,,Toy Instruments
1266,,,Sports Toys
3199,,,,Fitness Toys
3215,,,,,Hula Hoops
3226,,,,Golf Toys
3371,,,,American Football Toys
3552,,,,Basketball Toys
3665,,,,Bowling Toys
3675,,,,Boomerangs
3776,,,,Baseball Toys
3909,,,,Footbags
3943,,,,Hockey Toys
4167,,,,Flying Discs
8529,,,,Fishing Toys
499965,,,,Playground Balls
500113,,,,Fingerboards & Fingerboard Sets
505284,,,,Racquet Sport Toys
1268,,,Beach & Sand Toys
2505,,,Play Vehicles
3296,,,,Toy Trucks & Construction Vehicles
3444,,,,Toy Airplanes
3474,,,,Toy Race Car & Track Sets
3506,,,,Toy Helicopters
3551,,,,Toy Cars
3589,,,,Toy Spaceships
3590,,,,Toy Motorcycles
3792,,,,Toy Boats
5152,,,,Toy Trains & Train Sets
2546,,,Remote Control Toys
3532,,,,Remote Control Boats & Watercraft
3554,,,,Remote Control Helicopters
3601,,,,Remote Control Cars & Trucks
3677,,,,Remote Control Planes
5968,,,,Remote Control Motorcycles
5969,,,,Remote Control Tanks
6059,,,,Remote Control Robots
7090,,,,Remote Control Airships & Blimps
2778,,,Remote Control Toy Accessories
2799,,,Riding Toys
2724,,,,Push & Pedal Riding Vehicles
2753,,,,Electric Riding Vehicles
3441,,,,Rocking & Spring Riding Toys
6379,,,,Wagons
6407,,,,Hobby Horses
2953,,,Wind-Up Toys
3074,,,Executive Toys
5872,,,,Magnet Toys
3207,,,Ball Pits
3229,,,Pretend Play
3129,,,,Pretend Professions & Role Playing
3288,,,,Pretend Lawn & Garden
3298,,,,Toy Kitchens & Play Food
543622,,,,,Toy Kitchens
543623,,,,,Toy Tableware
543624,,,,,Play Food
543690,,,,,Toy Cookware
3659,,,,Pretend Electronics
3680,,,,Play Money & Banking
3751,,,,Toy Tools
4004,,,,Pretend Housekeeping
8295,,,,Pretend Shopping & Grocery
3562,,,Visual Toys
3301,,,,Kaleidoscopes
3782,,,,Prisms
3625,,,Robotic Toys
3627,,,Toy Weapons & Gadgets
3731,,,Art & Drawing Toys
3079,,,,Toy Drawing Tablets
505818,,,,Play Dough & Putty
3911,,,Bath Toys
4352,,,Activity Toys
3212,,,,Bubble Blowing Solution
3466,,,,Spinning Tops
3534,,,,Marbles
3733,,,,Bouncy Balls
3874,,,,Bubble Blowing Toys
3929,,,,Yo-Yos
4177,,,,Coiled Spring Toys
4216,,,,Toy Jacks
7148,,,,Yo-Yo Parts & Accessories
7425,,,,Paddle Ball Toys
7473,,,,Ribbon & Streamer Toys
7519,,,,Ball & Cup Games
5970,,,Play Vehicle Accessories
5153,,,,Toy Train Accessories
5971,,,,Toy Race Car & Track Accessories
7202,,,Riding Toy Accessories
7311,,,Ball Pit Accessories
7312,,,,Ball Pit Balls
7366,,,Flying Toy Accessories
7368,,,,Kite Accessories
7371,,,,,Kite Line Reels & Winders
8127,,,Sports Toy Accessories
8129,,,,Fitness Toy Accessories
8128,,,,,Hula Hoop Accessories
499712,,,Toy Gift Baskets
500005,,,Toy Weapon & Gadget Accessories
3793,,Games
1246,,,Board Games
1247,,,Card Games
3749,,,Bingo Sets
4554,,,Portable Electronic Games
5403,,,Poker Chips & Sets
6037,,,Dice Sets & Games
6038,,,Tile Games
6054,,,Dexterity Games
6329,,,Battle Tops
6794,,,Battle Top Accessories
6853,,,Card Game Accessories
7383,,,Poker Chip Accessories
7384,,,,Poker Chip Carriers & Trays
7411,,,Blackjack & Craps Sets
7412,,,Roulette Wheels & Sets
8472,,,Slot Machines
3867,,Puzzles
2618,,,Jigsaw Puzzles
4011,,,Mechanical Puzzles
6725,,,Wooden & Pegged Puzzles
7081,,,Jigsaw Puzzle Accessories
4648,,Game Timers
2092,Software
313,,Computer Software
315,,,Compilers & Programming Tools
317,,,Educational Software
318,,,Handheld & PDA Software
319,,,Multimedia & Design Software
4949,,,,Home Publishing Software
4950,,,,Animation Editing Software
4951,,,,Graphic Design & Illustration Software
4952,,,,Sound Editing Software
4953,,,,Video Editing Software
4954,,,,Web Design Software
5096,,,,Music Composition Software
6027,,,,3D Modeling Software
6028,,,,Media Viewing Software
6029,,,,Home & Interior Design Software
321,,,Operating Systems
3283,,,GPS Map Data & Software
5127,,,Dictionary & Translation Software
5299,,,Antivirus & Security Software
5300,,,Business & Productivity Software
5301,,,Computer Utilities & Maintenance Software
5302,,,Network Software
5303,,,Office Application Software
5304,,,"Financial, Tax & Accounting Software"
7225,,,Restore Disks
1279,,Video Game Software
5032,,Digital Goods & Currency
2065,,,Stock Photographs & Video Footage
5034,,,Computer Icons
5035,,,Desktop Wallpaper
5036,,,Fonts
5935,,,Virtual Currency
8022,,,Document Templates
500046,,,Digital Artwork
5181,Luggage & Bags
100,,Backpacks
101,,Briefcases
103,,Duffel Bags
104,,Fanny Packs
105,,Garment Bags
106,,Messenger Bags
107,,Suitcases
108,,Cosmetic & Toiletry Bags
110,,Luggage Accessories
5620,,,Packing Organizers
5650,,,Travel Pouches
5651,,,Luggage Tags
5652,,,Luggage Straps
6919,,,Travel Bottles & Containers
7521,,,Luggage Covers
499691,,,Luggage Racks & Stands
503014,,,Dry Box Liners & Inserts
549,,Diaper Bags
5608,,Shopping Totes
6553,,Train Cases
502974,,Dry Boxes
5605,Religious & Ceremonial
97,,Religious Items
1949,,,Religious Veils
3923,,,Prayer Beads
7120,,,Religious Altars
328060,,,Prayer Cards
499711,,,Tarot Cards
5455,,Wedding Ceremony Supplies
5456,,,Flower Girl Baskets
5457,,,Ring Pillows & Holders
503723,,,Aisle Runners
5606,,Memorial Ceremony Supplies
5607,,,Memorial Urns
