1,Тварини та зоотовари
2,,Товари для домашніх тварин
3,,,Товари для птахів
4989,,,,Пташині клітки та підставки
4990,,,,Корм для птахів
4991,,,,Драбинки та жердочки для птахів
4992,,,,Іграшки для птахів
4993,,,,Ласощі для птахів
7385,,,,Аксесуари для пташиних кліток
7386,,,,,Миски для їжі та води в пташиній клітці
499954,,,,,Купання для птахів у клітці
7398,,,,Тренажери та гойдалки для птахів
4,,,Товари для котів
3367,,,,Корм для котів
543683,,,,,Дієтичний корм для котів
543684,,,,,Корм для котів без рецепту
4433,,,,Ліжка для котів
4997,,,,Меблі для котів
4999,,,,Наповнювач для котячого туалету
5000,,,,Котячі туалети
5001,,,,Іграшки для котів
5002,,,,Ласощі для котів
5082,,,,Одяг для котів
7142,,,,Килимки для котячого туалету
8069,,,,Пакети для котячого туалету
500059,,,,Аксесуари для меблів для котів
5,,,Товари для собак
3530,,,,Корм для собак
543681,,,,,Дієтичний корм для собак
543682,,,,,Корм для собак без рецепту
4434,,,,Ліжка для собак
5004,,,,Одяг для собак
5010,,,,Іграшки для собак
5011,,,,Ласощі для собак
5094,,,,Будки для собак
7274,,,,Вольєри та загони для собак
7372,,,,Підкладки та пелюшки для собак
7428,,,,Аксесуари для вольєрів та загонів для собак
8123,,,,Бігові доріжки для собак
499900,,,,Підгузки для собак
6,,,Товари для риб
3238,,,,Акваріуми
5019,,,,Декор для акваріумів
5020,,,,Фільтри для акваріумів
5021,,,,Гравій та підкладка для акваріумів
5023,,,,Підставки для акваріумів
5024,,,,Корм для риб
5079,,,,Освітлення для акваріумів
5161,,,,Засоби для обробки води в акваріумі
6085,,,,Добрива для водних рослин
6403,,,,Годівниці для риб
6951,,,,Бокси для переливу в акваріумі
500038,,,,Засоби для чищення акваріумів
500062,,,,Регулятори температури для акваріумів
505303,,,,Трубки для акваріумів та ставків
505306,,,,Сітки для риби в акваріумі
505307,,,,Аератори та дифузори для акваріумів
7,,,Товари для рептилій та амфібій
5026,,,,Корм для рептилій та амфібій
5027,,,,Аксесуари для місць проживання рептилій та амфібій
5028,,,,Обігрів та освітлення для місць проживання рептилій та амфібій
5029,,,,Місця проживання рептилій та амфібій
5030,,,,Субстрати для рептилій та амфібій
4497,,,Дверцята для домашніх тварин
5013,,,Товари для маленьких тварин
5014,,,,Постіль для маленьких тварин
5015,,,,Корм для маленьких тварин
5016,,,,Аксесуари для місць проживання маленьких тварин
5017,,,,Місця проживання та клітки для маленьких тварин
7517,,,,Ласощі для маленьких тварин
5081,,,Вітаміни та добавки для домашніх тварин
5086,,,Ветеринарні ліки
5087,,,Вигульні майданчики для домашніх тварин
5092,,,Дзвіночки та брелоки для домашніх тварин
5093,,,Ідентифікаційні бирки для домашніх тварин
5144,,,Намордники для домашніх тварин
5145,,,Медичні нашийники для домашніх тварин
5162,,,Контейнери для корму домашніх тварин
5163,,,Лопатки для корму домашніх тварин
6248,,,Засоби від блох та кліщів для домашніх тварин
6249,,,Повідки для домашніх тварин
6250,,,Ошийники та ремені для домашніх тварин
6251,,,Переноски та клітки для домашніх тварин
6252,,,"Миски, кормушки та поїлки для домашніх тварин"
6253,,,Продовжувачі для повідків домашніх тварин
6276,,,Візки для домашніх тварин
6321,,,Системи обмеження руху домашніх тварин
6383,,,Товари для грумінгу домашніх тварин
6384,,,,Машинки та тримери для стрижки волосся домашніх тварин
6385,,,,Гребінці та щітки для домашніх тварин
6406,,,,Шампуні та кондиціонери для домашніх тварин
7318,,,,Лак для нігтів домашніх тварин
7319,,,,Інструменти для догляду за нігтями домашніх тварин
8167,,,,Фени для сушіння волосся домашніх тварин
499917,,,,Серветки для домашніх тварин
503733,,,,Парфуми та дезодоруючі спреї для домашніх тварин
6811,,,Вішалки для одягу домашніх тварин
6861,,,Медичні стрічки та бинти для домашніх тварин
6973,,,Сходи та пандуси для домашніх тварин
6978,,,Біометричні монітори для домашніх тварин
6980,,,,Глюкометри для домашніх тварин
6981,,,,Термометри для домашніх тварин
6982,,,,Педометри для домашніх тварин
6983,,,Обладнання для тренування спритності домашніх тварин
7143,,,Килимки для мисок домашніх тварин
7144,,,Засоби для догляду за порожниною рота домашніх тварин
7396,,,Сонцезахисні засоби для домашніх тварин
8050,,,Краплі та змащувальні засоби для очей домашніх тварин
8068,,,Аптечки першої допомоги та аварійні набори для домашніх тварин
8070,,,Пакети для відходів домашніх тварин
8474,,,Бар'єри для тварин у автомобілі
8513,,,Підставки для мисок домашніх тварин
499743,,,Підігрівальні килимки для домашніх тварин
500026,,,Аксесуари для переносок та кліток для домашніх тварин
500084,,,Аксесуари для ліжек домашніх тварин
500110,,,Аксесуари до підігрівальних килимків для домашніх тварин
502982,,,Диспенсери та тримачі для пакетів для відходів домашніх тварин
505297,,,Системи та інструменти для утилізації відходів домашніх тварин
505314,,,Прилади для дресури домашніх тварин
6846,,,,Підкладки для дресури домашніх тварин
505304,,,,Тримачі для підкладок для дресури домашніх тварин
505311,,,,Спреї та розчини для дресури домашніх тварин
505313,,,,Клікери та диспенсери для ласощів для дресури домашніх тварин
505811,,,Аксесуари для дверцят для домашніх тварин
3237,,Живі тварини
8,Мистецтво та розваги
5709,,Вечірки та святкування
96,,,Товари для вечірок
1371,,,,Запрошення
1484,,,,Печатки для конвертів
1887,,,,Картки відповідей
2104,,,,Картки розташування
2531,,,,Банери
2587,,,,Повітряні кульки
2781,,,,Конфеті
2783,,,,Шумові прилади та святкові гудзики
3735,,,,Питні ігри
3361,,,,,Пивний понг
3440,,,,,,Столи для пивного понгу
3994,,,,Піньятас
4351,,,,Аерозоль-серпантин
4730,,,,Свічки на день народження
4914,,,,Феєрверки та петарди
4915,,,,Бенгальські вогники
5043,,,,Соломинки та мішалки для напоїв
5452,,,,Сувеніри для гостей на вечірці
5453,,,,,Весільні подарунки
5472,,,,Тримачі для розташування карток
6311,,,,Набори для повітряних кульок
6906,,,,Капелюхи для вечірок
7007,,,,Декорації для коктейлів
7097,,,,Картонні коробки та тримачі для особливих подій
7160,,,,Ігри для вечірок
8038,,,,Програми подій
8110,,,,Надувні декорації для вечірок
8216,,,,Декоративні помпони
328061,,,,Карти з порадами
502972,,,,Набори товарів для вечірок
502981,,,,Стрічки та завіси для вечірок
505763,,,,Облямівки для стільців
408,,,Спецефекти
409,,,,Машини для створення туману
410,,,,Освітлення для спецефектів
5711,,,,Диско-кулі
5967,,,,Контролери спецефектів
503028,,,,Стійки для освітлення спецефектів
2559,,,Дарування подарунків
53,,,,Подарункові картки та сертифікати
94,,,,Упаковка подарунків
2816,,,,,Папір для пакування
5091,,,,,Подарункові коробки та банки
5838,,,,,Подарункові пакети
6712,,,,,Подарунковий серветочний папір
8213,,,,,Подарункові етикетки та мітки
95,,,,Вітальні та записні картки
2899,,,,Свіжі квіти
5916,,,,Букети та бутоньєрки
6100,,,,Шпильки для букетів та бутоньєрок
5868,,,Трофеї та нагороди
543653,,,,Трофеї
543654,,,,Нагородні стрічки
543655,,,,Нагородні значки та медалі
543656,,,,Сертифікати нагород
543657,,,,Нагородні плакетки
5710,,Хобі та творчі мистецтва
16,,,Мистецтво та ремесла
504639,,,,Інструменти для мистецтва та ремесел
4073,,,,,Пістолети для клею
5137,,,,,Килимики для різання
5921,,,,,Світлові коробки
6101,,,,,Булавки
6133,,,,,Підкладки та килимики для валяння
6150,,,,,Манекени для одягу
6151,,,,,Дроти для блокування
6152,,,,,Мати для блокування
6156,,,,,Наперстки та швейні долоні
543638,,,,,,Наперстки
543639,,,,,,Швейні напальчники
6158,,,,,"Рамки, обручі та розтяжки"
6159,,,,,Прямі шпильки
504640,,,,,Інструменти для різання та тиснення в рукоділлі
5136,,,,,,Ножі для рукоділля
6119,,,,,,Інструменти для надрізу в рукоділлі
6122,,,,,,Ручки та стилуси для тиснення
6161,,,,,,Розпаркувачі швів
6447,,,,,,Ножиці для ниток та пряжі
7340,,,,,,Інструменти для термовидавлювання
504641,,,,,,Ножиці для рукоділля та офісу
504642,,,,,,Різаки та тиснільні пристрої для рукоділля
505386,,,,,Пристрої для виготовлення декору в рукоділлі
505387,,,,,Інструменти для ниток та пряжі
6138,,,,,,Ручні веретена
6153,,,,,,"Моталки для ниток, пряжі та бобін"
6154,,,,,,Бобіни для ниток та пряжі
6155,,,,,,Направляючі для ниток та пряжі
6163,,,,,,Ниткопроводи
6164,,,,,,Щітки та карти для волокна
6166,,,,,,Човники для ткацтва
6167,,,,,,Бійки для ткацтва
505388,,,,,Машини для текстильних ремесел
615,,,,,,Швейні машини
6134,,,,,,Голки та машини для валяння
6137,,,,,,Прядильні веретена
505421,,,,,,Механічні ткацькі верстати
505422,,,,,,Ручні ткацькі верстати
505391,,,,,Інструменти для змішування кольорів
1653,,,,,,Ножі для палітри
1719,,,,,,Палітри
505392,,,,,Інструменти для вимірювання та маркування в рукоділлі
18,,,,,,Художні пензлі
2671,,,,,,Трафарети та форми для вирізання
3083,,,,,,Компаси для креслення
4032,,,,,,Декоративні штампи
5883,,,,,,Машини для трафаретів
6125,,,,,,Шпатель для шовкотрафаретного друку
6126,,,,,,Ролики Бреєра
6157,,,,,,Лінійки та мірні прилади для текстильного мистецтва
6160,,,,,,Маркери та лічильники для швів
505420,,,,,,Інструменти для пірографії
505393,,,,,Голки та гачки
4579,,,,,,Голки для швейних машин
5992,,,,,,Голки для ручного шиття
6127,,,,,,Гачки для в'язання
6139,,,,,,Спиці для в'язання
6168,,,,,,Замки та гачки для шаф
504643,,,,Аксесуари для художніх та ремісничих інструментів
4580,,,,,Чохли та обкладинки для машин рукоділля
5120,,,,,Лапки для швейних машин
6136,,,,,Аксесуари для прядильних веретен
232168,,,,,Леза для ножів рукоділля
499918,,,,,Блоки для штампів
503348,,,,,Запасні частини для швейних машин
505286,,,,,Розкладні столи для швейних машин
505369,,,,Органайзери для рукоділля
499971,,,,,Кошики та набори для шиття
505394,,,,,"Органайзери для голок, шпильок та гачків"
505395,,,,,Органайзери для ниток та пряжі
505370,,,,Набори для мистецтва та ремесел
4778,,,,,Набори для малювання та живопису
4986,,,,,Набори для творчості
6382,,,,,Набори для ремонту тканини
6829,,,,,Набори для мозаїки
6989,,,,,Набори для виготовлення ладану
7096,,,,,Набори для вишивання
502979,,,,,Набори для виготовлення ювелірних виробів
503758,,,,,Набори для скрапбукінгу та тиснення
505374,,,,,Набори для виготовлення свічок
505371,,,,Шаблони та форми для рукоділля
3697,,,,,Швейні викрійки
6135,,,,,Форми для валяння
6999,,,,,Схеми для намистин
8007,,,,,Форми для рукоділля
505373,,,,,Взори для вишивання
505372,,,,Художні та ремісничі матеріали
24,,,,,Папір для мистецтва та ремесел
2532,,,,,,Будівельний папір
2741,,,,,,Пергаментний папір
2967,,,,,,Папір для орігамі
6110,,,,,,Папір для трансферу
8168,,,,,,Фольга для рукоділля
505399,,,,,,Картон та папір для скрапбукінгу
543510,,,,,,,Картон
543511,,,,,,,Папір для скрапбукінгу
505400,,,,,,Папір для малювання та живопису
44,,,,,Матеріали для гончарства та скульптури
3692,,,,,,Глина та пластилін для моделювання
543628,,,,,,,Глина
543629,,,,,,,Пластилін для моделювання
505401,,,,,,Суміші для пап'є-маше
505402,,,,,,Глиняні шліфи
505804,,,,,,Гіпсовий бинт
6121,,,,,Порошок для тиснення
6142,,,,,Матеріал для наповнення та упаковки
505405,,,,,,Форми для подушок
505406,,,,,,Гранули для наповнення
505407,,,,,,Набивка та наповнювач
7402,,,,,Фітелі
7403,,,,,Основи для фітелів
505375,,,,,Сира воскова свічка
505376,,,,,Клей та магніти для рукоділля
36,,,,,,Магніти для рукоділля
6418,,,,,,Плавкий скотч
7192,,,,,,Флористична стрічка
503745,,,,,,Клей для рукоділля та офісу
505419,,,,,,Декоративна стрічка
505377,,,,,Дріт для рукоділля
5062,,,,,,Чистильники для трубок в рукоділлі
6102,,,,,,Дріт для бісеру та ювелірних виробів
505418,,,,,,Флористичний дріт
505378,,,,,"Фарби, чорнило та глазур для рукоділля"
6558,,,,,,Медіуми для фарб
499879,,,,,,Глазурі для кераміки та гончарних виробів
500094,,,,,,Фіксатори для малюнків
505414,,,,,,Подушечки для чорнила
505415,,,,,,Барвники для рукоділля
505416,,,,,,Художні чорнила
505417,,,,,,Художня та реміснича фарба
505379,,,,,Декоративні елементи та облямівки
32,,,,,,Намистини
198,,,,,,Вільні камені
1927,,,,,,Вшивні етикетки
4054,,,,,,Декоративні наклейки
5982,,,,,,Стрази та плоскі камені
5996,,,,,,Фурнітура для ювелірних виробів
6146,,,,,,Еластичні стрічки
6955,,,,,,Аплікації та нашивки
505410,,,,,,Паєтки та блискітки
505411,,,,,,Пір'я
505412,,,,,,Стрічки та облямівки
505413,,,,,,Бантики та йо-йо
505380,,,,,Застібки та замки для рукоділля
4174,,,,,,Блискавки
4226,,,,,,Кнопки та защіпки
6145,,,,,,Липучки
500056,,,,,,Бігунки для блискавок
505408,,,,,,Застібки та гачки
505409,,,,,,Люверси та окачки
505381,,,,,Форми та основи для рукоділля
6117,,,,,,Пінопласт та стіродур для рукоділля
504419,,,,,,Вінки та квіткові рамки
505403,,,,,,Форми з пап'є-маше
505404,,,,,,Дерево та форми для рукоділля
505382,,,,,Волокна для рукоділля
49,,,,,,Нитки та муліне
2669,,,,,,Пряжа
6140,,,,,,Неспрядена волокно
6540,,,,,,Шнури для бісеру та ювелірних виробів
505383,,,,,Шкіра та вініл
505384,,,,,Текстиль
47,,,,,,Тканина
7076,,,,,,Інтерфейси
505396,,,,,,Тканина для друку
505397,,,,,,Холст для рукоділля
19,,,,,,,Полотно для живопису
6144,,,,,,,Пластикове полотно
505398,,,,,,,Полотно для вишивання
33,,,Жонглювання
35,,,Магія та новинки
54,,,Музичні інструменти
63,,,,Мідні духові інструменти
65,,,,,Евфоніуми
67,,,,,Валторни
70,,,,,Тромбони
72,,,,,Туби
505769,,,,,Альтові та баритонові ріжки
505770,,,,,Труби та корнети
75,,,,Ударні
2518,,,,,Барабанні установки
2797,,,,,Малий барабан
2856,,,,,Електронні барабани
2917,,,,,Бас-барабани
3005,,,,,Том-томи
3015,,,,,Хет-тарілки
3043,,,,,Ударні тарілки
6098,,,,,Гонги
7232,,,,,Тренувальні педи для гри на ударних
7285,,,,,Ручні ударні інструменти
2515,,,,,,Тамбурини
7286,,,,,,Музичні скребки та тріщітки
7287,,,,,,Музичні шейкери
7288,,,,,,Цимбали для пальців та рук
7289,,,,,,Клавеси та кастаньєти
7290,,,,,,Музичні трикутники
7291,,,,,,Музичні блоки
7293,,,,,,Музичні дзвіночки (коров'ячі дзвони)
7294,,,,,,Вібраслепи
7295,,,,,,Ручні барабани
7296,,,,,,,Конги
7297,,,,,,,Кахони
7298,,,,,,,Бонго
7299,,,,,,,Бубни-чарки
7300,,,,,,,Барабани з рамою
7301,,,,,,,Барабани-мовці
7302,,,,,,,Табла
7555,,,,,,Ручні дзвоники та дзвіночки
7431,,,,,Глокеншпілі та ксилофони
76,,,,Піаніно
77,,,,Струнні інструменти
78,,,,,Контрабаси
79,,,,,Віолончелі
80,,,,,Гітари
84,,,,,Арфи
85,,,,,Альти
86,,,,,Скрипки
87,,,,Духові
88,,,,,Кларнети
89,,,,,Флейти
90,,,,,Блокфлейти
91,,,,,Саксофони
4540,,,,,Фаготи
4541,,,,,Гобої та англійські роги
4743,,,,,Губні гармошки
4744,,,,,Дримби
5481,,,,,Мелодіки
6721,,,,,Металеві свистки
6728,,,,,Поїздові свистки
7188,,,,,Флутафони
7249,,,,,Окарини
7250,,,,,Музичні труби
4983,,,,Акордеони та концертини
4984,,,,Волинки
6001,,,,Електронні музичні інструменти
74,,,,,Музичні клавіатури
245,,,,,Аудіо семплери
6002,,,,,MIDI контролери
6003,,,,,Звукові синтезатори
55,,,Аксесуари для музичних інструментів та оркестру
56,,,,Підсилювачі для музичних інструментів
57,,,,Аксесуари для мідних духових інструментів
4797,,,,,Догляд та чистка для духових інструментів
4890,,,,,,Інструменти для чищення духових інструментів
4891,,,,,,Набори для догляду за духовими інструментами
4892,,,,,,Засоби для чищення та дезінфекції духових інструментів
4893,,,,,,Захисні кожухи для духових інструментів
4894,,,,,,Мастила для духових інструментів
4895,,,,,,Серветки для полірування мідних духових інструментів
4798,,,,,Запасні частини для духових інструментів
505308,,,,,Мундштуки для духових інструментів
505309,,,,,Ремені та стійки для духових інструментів
505310,,,,,Кейси та сумки для духових інструментів
505768,,,,,Глухі звуки для духових інструментів
60,,,,Аксесуари для музичних клавіатур
3324,,,,,Педалі сустейну
3588,,,,,Стенди для музичних клавіатур
7357,,,,,Сумки та чохли для музичних клавіатур
61,,,,Аксесуари для струнних інструментів
3502,,,,,Аксесуари для гітари
3176,,,,,,Колки для настроювання гітари
3178,,,,,,Струни для гітари
3392,,,,,,Зволожувачі для гітари
3412,,,,,,Звукознімачі для електрогітари
3646,,,,,,Стенди для гітари
3775,,,,,,Звукознімачі для акустичної гітари
3882,,,,,,Кейси та сумки для гітари
4111,,,,,,Медіатори для гітари
5367,,,,,,Гітарні капо
5368,,,,,,Слайди для гітари
499688,,,,,,Ремені для гітари
503032,,,,,,Фурнітура та запчастини для гітари
503721,,,,,,Намотувачі струн для гітари
4806,,,,,Догляд та чистка струнних інструментів
3374,,,,,,Смола для смичка
4911,,,,,,Серветки для чищення струнних інструментів
4912,,,,,,Поліроль для струнних інструментів
503033,,,,,Аксесуари для струнних оркестрових інструментів
8209,,,,,,Чохли для смичків струнних оркестрових інструментів
503034,,,,,,Струни для оркестрових струнних інструментів
503035,,,,,,Стійки для струнних оркестрових інструментів
503036,,,,,,Звукознімачі для струнних оркестрових інструментів
503037,,,,,,Сурдина для струнних оркестрових інструментів
503038,,,,,,Фурнітура та деталі для струнних оркестрових інструментів
503039,,,,,,Чохли для струнних оркестрових інструментів
503040,,,,,,Смички для струнних оркестрових інструментів
62,,,,Аксесуари для дерев'яних духових інструментів
4790,,,,,Аксесуари для фагота
4809,,,,,,Догляд та чистка фагота
4815,,,,,,,Шматочки для чистки фагота
4810,,,,,,Кейси та сумки для фагота
4811,,,,,,Запчастини для фагота
4816,,,,,,,Мундштуки для фагота
4817,,,,,,,Малі деталі для фагота
4812,,,,,,Трости для фагота
4813,,,,,,Стенди для фагота
4814,,,,,,Ремені та підтримки для фагота
4791,,,,,Аксесуари для кларнету
4818,,,,,,Догляд та чистка кларнету
4826,,,,,,,Набори для догляду за кларнетом
4827,,,,,,,Захисні накладки для кларнету
4828,,,,,,,Шматочки для очищення кларнета
4819,,,,,,Кейси та гігбеги для кларнету
4820,,,,,,Лігатури та ковпачки для кларнету
4822,,,,,,Деталі для кларнету
4829,,,,,,,Бочки для кларнету
4830,,,,,,,Дзвоники для кларнету
4831,,,,,,,Мундштуки для кларнету
4832,,,,,,,Малі деталі для кларнета
4823,,,,,,Штифти та стійки для кларнету
4824,,,,,,Трости для кларнету
4825,,,,,,Ремені та підтримки для кларнета
4792,,,,,Аксесуари для флейти
4833,,,,,,Догляд та чистка флейти
4838,,,,,,,Набори для догляду за флейтою
4839,,,,,,,Палички для чистки флейти
4840,,,,,,,Шматочки для чистки флейти
4834,,,,,,Кейси та сумки для флейти
4836,,,,,,Деталі флейти
4841,,,,,,,Головні частини флейти
4842,,,,,,,Малі деталі флейти
4837,,,,,,Колодки та стійки для флейти
4793,,,,,Аксесуари для гобоя та англійського рогу
4843,,,,,,Догляд та чистка гобоя
4849,,,,,,,Набори для догляду за гобоєм
4850,,,,,,,Шматочки для чищення гобоя
4844,,,,,,Кейси та гігбеги для гобоя
4845,,,,,,Запчастини до гобоя
4851,,,,,,,Малі деталі для гобоя
4846,,,,,,Штифти та стійки для гобоя
4847,,,,,,Трости для гобоя
4848,,,,,,Ремені та підтримки для гобоя
4794,,,,,Аксесуари для саксофону
4852,,,,,,Догляд та чищення саксофону
4860,,,,,,,Набори для догляду за саксофонами
4861,,,,,,,Захисні накладки для саксофонів
4862,,,,,,,Шматочки для чищення саксофонів
4853,,,,,,Кейси та гігбеги для саксофонів
4854,,,,,,Лігатури та ковпачки для саксофонів
4856,,,,,,Запчастини для саксофонів
4863,,,,,,,Мундштуки для саксофонів
4864,,,,,,,Грифи для саксофонів
4865,,,,,,,Малі деталі для саксофонів
4857,,,,,,Штифти та стійки для саксофонів
4858,,,,,,Трости для саксофонів
4859,,,,,,Ремені та підтримки для саксофонів
4866,,,,,Мастило для коркових пробок духових інструментів
4867,,,,,Серветки для полірування дерев'яних духових інструментів
4939,,,,,Ножі для тростин духових
4955,,,,,Аксесуари для губної гармошки
4956,,,,,,Футляри для губної гармошки
5046,,,,,,Утримувачі для губної гармошки
4957,,,,,Кейси для тростин духових інструментів
503747,,,,,Аксесуари для диктофонів
503748,,,,,,Чохли для диктофонів
503749,,,,,,Догляд та чистка диктофонів
503750,,,,,,Запчастини для диктофонів
3270,,,,Електронні настроювачі
3465,,,,Аксесуари для ударних
59,,,,,Барабанні палички та щітки
4631,,,,,Молоточки для ударних
7099,,,,,Аксесуари для барабанних установок
7101,,,,,,Педалі для барабанів
7102,,,,,,Кріплення для барабанних установок
7103,,,,,,Барабанні палички для великого бас-барабану
7100,,,,,Кейси для тарілок та барабанів
7150,,,,,Аксесуари для барабанних паличок та щіток
7151,,,,,,Сумки та тримачі для барабанних паличок та щіток
7152,,,,,Ключі для барабанів
7153,,,,,Мембрани для барабанів
7231,,,,,Глушники для тарілок та барабанів
7282,,,,,Аксесуари для ручних ударних інструментів
7283,,,,,,Сумки та чохли для ручних ударних інструментів
7284,,,,,,Стійки та кріплення для ручних ударних інструментів
7308,,,,,Стійки для ударних
7455,,,,,Електронні модулі для барабанів
4142,,,,Нотні стійки
7277,,,,Аксесуари для нотних стійок
7278,,,,,Зажими для нот
7279,,,,,Сумки для нотних стійок
7280,,,,,Світло для нотних стійок
8072,,,,Аксесуари для підсилювачів музичних інструментів
6970,,,,,Корпуси для підсилювачів музичних інструментів
7364,,,,,Стійки для підсилювачів музичних інструментів
8073,,,,,Педалі для підсилювачів музичних інструментів
8461,,,,,Чохли та кейси для підсилювачів музичних інструментів
8462,,,,,Ручки регулювання для підсилювачів музичних інструментів
8480,,,,,Лампи для підсилювачів музичних інструментів
500001,,,,Музичні ліри та папки-фліпи
505288,,,,Диригентські палички
505328,,,,Музичні лави та стільці
505365,,,,Метрономи
216,,,Колекційні предмети
37,,,,Масштабні моделі
217,,,,Колекційні монети та валюта
543606,,,,,Колекційні монети
543607,,,,,Колекційні банкноти
218,,,,Каміння та викопні рештки
219,,,,Поштові марки
220,,,,Колекційна зброя
221,,,,,Колекційні мечі
1340,,,,,Стенди та вітрини для мечів
5311,,,,,Колекційні ножі
499953,,,,,Колекційна вогнепальна зброя
1312,,,,Печатки-пломби
3599,,,,Автографи
3865,,,,Спортивні колекційні предмети
3515,,,,,Аксесуари для фанатів спорту
1051,,,,,,Аксесуари для фанатів автоперегонів
1074,,,,,,Аксесуари для фанатів бейсболу та софтболу
1084,,,,,,Аксесуари для фанатів баскетболу
1095,,,,,,Аксесуари для фанатів американського футболу
3576,,,,,,Аксесуари для футбольних фанатів
4006,,,,,,Аксесуари для фанатів хокею
6187,,,,,,Аксесуари для фанатів тенісу
4333,,,,,Спортивна атрибутика з автографами
4093,,,,,,Футбольні речі з автографами
4124,,,,,,Автографовані речі з американського футболу
4144,,,,,,Хокейні речі з автографами
4149,,,,,,Автографовані речі з бейсболу та софтболу
4180,,,,,,Атрибутика автоперегонів з автографами
4279,,,,,,Баскетбольні речі з автографами
6186,,,,,,Тенісна спортивна атрибутика з автографами
8210,,,,,,Автографовані предмети боксу
3893,,,,Ретро реклама
6000,,,,Аксесуари для масштабних моделей
6997,,,,Колекційні картки для обміну
3577,,,Постачання для домашнього варіння пива та виготовлення вина
2579,,,,Виготовлення вина
3014,,,,Зерно та солод для варіння пива
499891,,,,Набори для домашнього варіння пива та виготовлення вина
502980,,,,Пляшки для розливу
5999,,,Моделювання
3885,,,,Модельна техніка ракетобудування
4175,,,,Набори для масштабних моделей
5150,,,,Моделі поїздів та набори поїздів
5151,,,,Аксесуари для моделей поїздів
499969,,Квитки на події
111,Бізнес та промисловість
112,,Сільське господарство
6991,,,Тваринництво
6990,,,,Кормушки та поїлки для худоби
499946,,,,Намордники для худоби
499997,,,,Інкубатори для яєць
505821,,,,Корм для худоби
543544,,,,,Корм для курей
543545,,,,,Корм для великої рогатої худоби
543546,,,,,Корм для свиней
543547,,,,,Корм для кіз та овець
543548,,,,,Комбінований корм для стада
114,,Будівництво
134,,,Геодезія
8278,,,Дорожні конуси та бочки
135,,Послуги харчування
137,,,Торгові автомати
4096,,,Кошики для обслуговування їжі
4217,,,Ящики для посуду
4632,,,Одноразовий посуд
5098,,,,Одноразові миски
5099,,,,Одноразові чашки
5100,,,,Одноразовий столовий прибор
5101,,,,Одноразові тарілки
4742,,,Візки для обслуговування їжі
5097,,,Контейнери для виносу їжі
5102,,,Контейнери для продуктів харчування
5104,,,Підігрівачі для тарілок та страв
6517,,,Грилі для хот-догів
6786,,,Мийки та сушарки для продуктів
7088,,,Одноразові сервізи
7089,,,,Одноразові подавальні тарілки
7303,,,Коробки для випічки
7353,,,Бокси для льоду
7553,,,Наклонні сковороди
8059,,,Одноразові кришки
8532,,,Папки для рахунків
8533,,,Захисні екрани від чхання
138,,Роздріб
1837,,,Паперові та пластикові пакети для покупок
3803,,,Демонстраційні манекени
4127,,,Маркувальні пістолети
4160,,,Вітрини для роздрібної торгівлі
4181,,,Обробка грошей
3273,,,,Обмінники грошей
4055,,,,Паперові обгортки для монет та стрічки для банкнот
4151,,,,Лічильники монет та банкнот
4290,,,,Верифікатори банкнот
4329,,,,Сумки для депозиту грошей
505824,,,,Касові апарати та POS-термінали
543647,,,,,Касові апарати
543648,,,,,POS-термінали
505825,,,,Аксесуари для касових апаратів та POS-терміналів
4283,,,,,Касові шухляди та лотки
5310,,,,,Планшети для захоплення підпису
505808,,,,,Термінали для кредитних карток
4244,,,Стенди для демонстрації одягу
7128,,,Частини манекенів
499897,,,Реквізит та моделі для вітрин роздрібної торгівлі
976,,"Знаки, інформаційні таблички"
4297,,,Електричні знаки
4070,,,,Неонові знаки
4131,,,,LED вивіски
5892,,,Знаки безпеки та попередження
5893,,,Охоронні знаки
5894,,,Знаки аварійного виходу та виходу
5895,,,Дорожні та дорожньо-транспортні знаки
5896,,,Знаки та дозволи на паркування
5897,,,Знаки ідентифікації об'єктів
5898,,,Таблички для роздрібної торгівлі та розпродажу
5899,,,Тротуарні та дворові знаки
5900,,,Інформаційні знаки
7322,,,Таблички з годинами роботи
7323,,,"Вивіски ""Відкрито"" / ""Закрито"""
8155,,,Цифрові знаки
1470,,Виробництво
1475,,Готельне господарство
1556,,Правоохоронні органи
361,,,Металодетектори
1906,,,Манжети
1624,,Наука та лабораторії
3002,,,Лабораторні речовини
4255,,,Лабораторні матеріали
4036,,,,Лабораторні колби
4061,,,,Градуйовані циліндри
4075,,,,Піпетки
4140,,,,Пляшки для промивання
4155,,,,Підставки для пробірок
4276,,,,Петрієві чаші
4306,,,,Пробірки
4310,,,,Бейкери
4335,,,Лабораторне обладнання
158,,,,Мікроскопи
4116,,,,Автоклави
4133,,,,Лабораторні гарячі пластини
4231,,,,Лабораторні печі
4336,,,,Центрифуги
4474,,,,Лабораторні блендери
4555,,,,Аксесуари для мікроскопів
4556,,,,,Окуляри та адаптери для мікроскопів
4557,,,,,Камери для мікроскопів
4558,,,,,Предметні склінці для мікроскопа
4664,,,,,Запасні лампи для мікроскопів
4665,,,,,Об'єктиви для мікроскопів
7218,,,,Машини для виробництва сухого льоду
7393,,,,Спектрометри
7437,,,,Мікротоми
7468,,,,Аксесуари для спектрометрів
500057,,,,Машини для сублімаційної сушки
500114,,,,Лабораторні морозильники
503722,,,,Лабораторні воронки
6975,,,Біохімічні речовини
7325,,,Набори для розтину
8119,,,Лабораторні зразки
1795,,Важке обладнання
2072,,,Дробарки
1813,,Фінанси та страхування
7565,,,Бульйон
1827,,Лісове господарство та заготівля деревини
2047,,Захисне обладнання для безпеки на роботі
2227,,,Захисні окуляри
2389,,,Бронежилети
2723,,,Каски будівельні
2808,,,Костюми для роботи з небезпечними матеріалами
5591,,,Рукавички безпеки
6764,,,Захисні фартухи
7085,,,Робочі страхувальні троси
8269,,,Аксесуари для газових масок та респіраторів
499708,,,Робочі страхувальні пояси
499927,,,Зварювальні шоломи
499961,,,Наколінники безпеки
503724,,,Захисні маски
513,,,,Медичні маски
2349,,,,Маски пожежників
2473,,,,Газові маски та респіратори
7407,,,,Маски від пилу
2155,,Кіно та телебачення
2187,,Гірничо-кар'єрна промисловість
2496,,Медичний
1645,,,Хірургічні халати
1898,,,Лікарняні халати
2907,,,Медичні засоби
511,,,,Одноразові рукавички
7063,,,,Наконечники для пальців
7324,,,,Язикові шпателі
499696,,,,Медичні голки та шприці
543670,,,,,Медичні голки
543671,,,,,Медичні шприці
543672,,,,,Медичні набори голок та шприців
505828,,,,Постачання для остомії
2928,,,Медичні халати
3477,,,Медичне обладнання
3230,,,,Автоматичні зовнішні дефібрилятори
4245,,,,Отоскопи та офтальмоскопи
4364,,,,Стетоскопи
6280,,,,Монітори життєвих показників
6714,,,,Аксесуари для моніторів життєвих показників
6972,,,,Медичні рефлексні молоточки та камертони
7522,,,,Ліфти для пацієнтів
499858,,,,Медичні ноші та транспортабельні ліжка
503006,,,,Пояси для ходьби
5167,,,Медичні меблі
4435,,,,Ліжка для домашнього догляду та лікарень
5168,,,,Столи для хірургії
5169,,,,Крісла та столи для обстеження
5170,,,,Медичні шафи
5171,,,,Медичні візки
5173,,,,,Медичні тележки
5174,,,,,Стійки та візки для інфузій
5172,,,,Хірургічні столи
5602,,,Шапочки для скрабу
6275,,,Штори для лікарень
6303,,,Медичне постільне приладдя
6490,,,Обладнання для медичного навчання
6491,,,,Манекени для навчання медичної допомоги та реагування на надзвичайні ситуації
230913,,,Медичні інструменти
6281,,,,Медичні щипці
8026,,,,Скальпелі
232166,,,,Леза для скальпелів
499935,,,,Хірургічні голки та шви
4285,,Пірсинг та тату
4326,,,Товари для татуювання
4072,,,,Голки для татуювання
4215,,,,Тату-чорнило
4379,,,,Машинки для татуювання
5853,,,,Засоби для приховування татуювань
4350,,,Товари для пірсингу
4122,,,,Голки для пірсингу
5830,,Промислове сховище
5831,,,Контейнери для відправки
5832,,,Промислові шафи
5833,,,Промислові стелажі
8274,,,"Дротяні перегородки, огорожі та двері"
5863,,Реклама та маркетинг
5864,,,Стійки для виставок
5865,,,Експозиції для виставок
5884,,,Брошури
6987,,Обробка матеріалів
131,,,Підйомники та талі
503767,,,,Підйомники для персоналу
503768,,,,"Талі, крани та тележки"
503769,,,,"Блоки, шківи та ролики"
503771,,,,Домкрати та автонавантажувачі
503772,,,,Лебідки
6988,,,Конвеєри
503011,,,Палети та підйомні платформи
7240,,Перукарське мистецтво та косметологія
7241,,,Крісла для салонів
7242,,,Крісла для педикюру
505670,,,Накидки та захисні ковпачки для шиї в перукарні
7261,,Компоненти систем автоматичного управління
7262,,,Приводи змінної частоти та регульованої швидкості
7263,,,Програмовані логічні контролери
7497,,Стоматологія
7499,,,Зубні інструменти
7498,,,,Зубні дзеркала
7531,,,,Набори зубних інструментів
8120,,,,Профі насадки
8121,,,,Профі ковпачки
8490,,,,Чашечки для змішування
7500,,,Зубний цемент
8130,,,Профі паста
8025,,Аксесуари для промислового зберігання
500086,,Візки та кошики для прибирання
141,Камери та оптика
39,,Фотографія
41,,,Фотолабораторія
1622,,,,Фотохімікати
2234,,,,Обладнання для розробки та обробки
2516,,,,,Обладнання та матеріали для ретушування
2625,,,,,Підставки для копіювання
2650,,,,,Баки та бобіни для розробки
2728,,,,,"Лотки для друку, пральні та сушильні машини"
2999,,,,,Умивальники для фотолабораторії
2520,,,,Обладнання для збільшення
2543,,,,,Таймери для фотолабораторії
2698,,,,,Фотоувеличувачі
2815,,,,,Фотоаналізатори
2969,,,,,Мольберти для фотолабораторії
3029,,,,,Прилади для фокусування
2600,,,,Безпечне освітлення
2804,,,,Фотопапір
42,,,Освітлення та студія
1548,,,,Світломіри
1611,,,,Студійні фони
2007,,,,Студійні стійки та кріплення
2475,,,,Керування студійним освітленням
2490,,,,,Фільтри та гобо для освітлення
3056,,,,,Дифузори для спалаху
5431,,,,,Рефлектори для спалаху
5432,,,,,Софтбокси
2926,,,,Студійне освітлення та спалахи
5499,,,,Аксесуари для світломірів
503017,,,,Аксесуари для студійних стійок та кріплень
503018,,,,Аксесуари для студійного освітлення та спалахів
4368,,,Зберігання негативів та слайдів
503735,,,Матеріали для монтажу фотографій
142,,Камери
152,,,Цифрові камери
154,,,Фотокамери
155,,,Відеокамери
312,,,Веб-камери
362,,,Камери відеоспостереження
4024,,,Одноразові камери
5402,,,Камери для трекінгу
499976,,,Бороскопи
156,,Оптика
157,,,Біноклі
161,,,Далекоміри
4040,,,Оптичні приціли
165,,,,Телескопи
1695,,,,Приціли та оптика для зброї
4136,,,,Підзорні труби
4164,,,Монокуляри
2096,,Аксесуари для камер та оптики
143,,,Запчастини та аксесуари для камери
148,,,,Спалахи для камери
153,,,,Фотоплівка для камер
2394,,,,Освітлення для відеокамер
2987,,,,Кріплення для спалаху
5429,,,,Ремені для камери
5479,,,,Аксесуари для спалаху камери
5532,,,,Дистанційні контролери для камери
5937,,,,Аксесуари для відеонагляду
6307,,,,Корпуси для підводних камер
6308,,,,Сумки та чохли для камер
8174,,,,Набори аксесуарів для камер
8535,,,,Аксесуари для корпусів підводних камер
296246,,,,Запасні панелі та дверцята для корпусу камери
296247,,,,Замінні кнопки та ручки для камери
296248,,,,Сенсори зображення камери
296249,,,,Замінні екрани та дисплеї для камери
298420,,,,Цифрові задні панелі камер
461567,,,,Обладнання для камери
461568,,,,Блоки зуму об'єктиву камери
499998,,,,Стабілізатори та підтримки для камери
500037,,,,Рукоятки для камери
500104,,,,Пристрої для фокусування камери
500107,,,,Монітори для камер
503019,,,,Сонцезахисні капюшони та насадки візіра для камери
503020,,,,Глушники та звукові балони для камери
149,,,Об'єктиви для фото- та відеокамер
4432,,,,Об'єктиви для камери
5280,,,,Об'єктиви для відеокамер
5346,,,,Об'єктиви для камер відеоспостереження
150,,,Триподи та моноподи
160,,,Оптичні аксесуари
4274,,,,Аксесуари для термічної оптики
5282,,,,Аксесуари для біноклів та монокулярів
5283,,,,Аксесуари для далекомірів
5284,,,,Аксесуари для телескопів
5542,,,,Аксесуари для монокулярів
5543,,,,Аксесуари для оптичних прицілів та прицілів зброї
5545,,,,Сумки та чохли для оптики
2911,,,Аксесуари для об'єктиву камери
147,,,,Фільтри для об'єктивів
2627,,,,Бленди для об'єктивів
2829,,,,Кришки для об'єктивів
4416,,,,Конвертери об'єктивів
4441,,,,Сумки для об'єктивів
5588,,,,Кільця-адаптери для об'єктивів та фільтрів
4638,,,Аксесуари для триподів та моноподів
3035,,,,Обідки та кріплення для триподів
4639,,,,Головки для триподів та моноподів
4640,,,,Чохли для триподів та моноподів
503016,,,,Розпорки для триподів
503726,,,,Ручки для триподів
463625,,,Запасні кабелі для камер та оптики
166,Одяг та аксесуари
167,,Аксесуари для одягу
168,,,Бандани та головні пов'язки
543586,,,,Бандани
543587,,,,Хустки для догляду за волоссям
169,,,Ремені
170,,,Рукавички та рукавиці
171,,,Аксесуари для волосся
181,,,,Парики
1483,,,,Резинки для волосся
1662,,,,Обручі для волосся
1948,,,,Вилки та палички для волосся
2477,,,,Гребінці для волосся
4057,,,,Накладне волосся
5914,,,,Тіари
5915,,,,Вінки для волосся
6183,,,,Сітки для волосся
7305,,,,Аксесуари для париків
7306,,,,,Клей та стрічка для париків
7307,,,,,Шапочки для париків
8451,,,,Формувачі для пучків та об'єму волосся
502988,,,,"Шпильки, кліпси та ""краби"" для волосся"
543644,,,,,Шпильки для волосся
543645,,,,,Заколки та кліпси для волосся
543646,,,,,Заколки
173,,,Капелюхи
176,,,Галстуки
177,,,Шарфи та платки
543673,,,,Шарфи
543674,,,,Шали
178,,,Сонцезахисні окуляри
179,,,Підтяжки
180,,,Зажими для краваток
193,,,Запонки
1786,,,Балаклави
1893,,,Напульсники
2020,,,Головні убори
1922,,,,Декоративні головні убори
5939,,,,Тюрбани
7054,,,,Фасцинатори
3913,,,Пряжки для ременів
4179,,,Значки з булавкою
5114,,,Декоративні віяла
5207,,,Носовички
5390,,,Аксесуари до традиційного одягу
5685,,,,"Шкарпетки ""табі"""
5686,,,,Аксесуари для обі
5687,,,,Обі
5688,,,,Нижня білизна кімоно
5422,,,Аксесуари для одягу для дітей та малюків
5623,,,,Ремені для дітей та малюків
5624,,,,Рукавички та рукавиці для дітей та малюків
5625,,,,Капелюхи для дітей та малюків
5626,,,,Захисний одяг для немовлят
5443,,,Аксесуари для нареченої
5446,,,,Весільні фати
5941,,,Гетри
5942,,,Нарукавники та знімні рукави
6238,,,Вушники
6268,,,Гавайські вінки
6984,,,Кісточки для комірців
6985,,,Заклепки-кнопки
7133,,,Рукавички-муфти
7230,,,Шиїники
499972,,,Пояси
502987,,,Пояси та підтримувальні бандажі для вагітних
184,,Костюми та аксесуари
5192,,,Аксесуари для костюмів
5426,,,,Костюмні капелюхи
5907,,,,Костюмні накидки
7304,,,,Капсули для імітації лисини
8017,,,,Набори аксесуарів для костюмів
8018,,,,Іграшкові прикраси
8200,,,,Костюмні рукавички
500008,,,,Тютюнові вироби для костюмів
500118,,,,Спецефекти для костюмів
5193,,,Карнавальні костюми
5194,,,Маски
5387,,,Костюмне взуття
187,,Взуття
188,,Ювелірні вироби
189,,,Браслети на ногу
190,,,Біжутерія для тіла
191,,,Браслети
192,,,Прикраси та підвіски
194,,,Сережки
196,,,Намиста
197,,,Брошки та значки на підкладці
200,,,Перстні
201,,,Наручні та карманні годинники
5122,,,Аксесуари для годинників
5123,,,,Ремінці для годинників
6870,,,,Відмотувачі для годинників
7471,,,,Наклейки та декали для годинників
6463,,,Комплекти ювелірних виробів
1604,,Одяг
182,,,Одяг для дітей та малюків
5408,,,,Нижня білизна для дітей та малюків
5409,,,,Купальники для немовлят та малюків
5410,,,,Верхній одяг для немовлят та малюків
5411,,,,Комбінезони для немовлят
5412,,,,Нічний одяг для немовлят та малюків
5423,,,,Шкарпетки та колготки для немовлят та малюків
5424,,,,Сукні для дітей та малюків
5425,,,,Верхній одяг для дітей та малюків
5549,,,,Покривала для підгузків для дітей та малюків
5621,,,,Дитяча білизна для малюків
5622,,,,Одяг для немовлят та малюків
203,,,Верхній одяг
1831,,,,Жилети
3066,,,,Дощовики
5506,,,,Штани-чапси
5514,,,,Дощові штани
5598,,,,Пальта та куртки
5909,,,,Штани та костюми для снігу
204,,,Брюки
207,,,Шорти
208,,,Нічна білизна та домашній одяг
2302,,,,Халати
2580,,,,Піжами
5513,,,,Нічні сорочки
5713,,,,Одяг для відпочинку
211,,,Купальники
212,,,Сорочки та топи
213,,,Білизна та шкарпетки
209,,,,Носки
214,,,,Бюстгальтери
215,,,,Панчохи
1578,,,,Коригувальне білизна
1772,,,,Жіноча білизна
1807,,,,Термобілизна
2562,,,,Білизна
2563,,,,Аксесуари для білизни
1675,,,,,Підв'язки
2160,,,,,Пояси для підтяжок
2745,,,,Майки
2963,,,,Спідниці та підштаники
5327,,,,Спортивні пахові підтримувачі
5834,,,,Комбінації
7207,,,,Аксесуари для бюстгальтера
7208,,,,,Накладки на бретелі бюстгальтера
7209,,,,,Пелюстки та камуфляж для грудей
7210,,,,,Вкладиші для збільшення грудей
7211,,,,,Бретелі та подовжувачі для бюстгальтера
1581,,,Спідниці
2331,,,,Міні-спідниці
6228,,,,Довгі спідниці
6229,,,,Юбки до колін
1594,,,Костюми
1516,,,,Костюми з спідницею
1580,,,,Смокінги
5183,,,,Костюми-брюки
2271,,,Сукні
2306,,,Уніформа
206,,,,Шкільна форма
2292,,,,Білі халати
3414,,,,Охоронні форми
3598,,,,Спортивна форма
3191,,,,,Бейсбольна форма
3253,,,,,Форма для суддів
3379,,,,,Форма для софтболу
3439,,,,,Баскетбольна форма
3683,,,,,Уніформа для чирлідінгу
3724,,,,,Форма для крикету
3852,,,,,Уніформа для боротьби
3888,,,,,Уніформа для американського футболу
3958,,,,,Хокейна форма
4003,,,,,Форма для бойових мистецтв
5564,,,,,Футбольна форма
5484,,,,Робочі штани та комбінезони
5878,,,,Костюми для польотів
5949,,,,Військова форма
7235,,,,Уніформа для обслуговування їжі
2396,,,,,Кухарські жакети
7236,,,,,Кухарські штани
7237,,,,,Кухарські капелюхи
5182,,,Однодетальні купальники
5250,,,,Комбінезони та ромпери
5490,,,,Леотарди та унітарди
7132,,,,Комбінезони
5322,,,Спортивний одяг
3951,,,,Штани для американського футболу
5378,,,,Боксерські шорти
5379,,,,Шорти для бойових мистецтв
5460,,,,Мисливський одяг
5461,,,,,Мисливські та рибальські жилети
5462,,,,,"Камуфляжні костюми ""Гіллі"""
5552,,,,,Мисливські та тактичні штани
5517,,,,Захисний одяг для мотоциклістів
5463,,,,,Мотоциклетні костюми
6006,,,,,Мотоциклетні куртки
7003,,,,,Мотоциклетні штани
5555,,,,Одяг для пейнтболу
5697,,,,Спортивний одяг для велосипедистів
3128,,,,,Велосипедні нагрудники
3188,,,,,Велосипедні шорти та труси
3455,,,,,Велосипедні майки
3729,,,,,Велосипедні легінси
6087,,,,,Велосипедні комбінезони
499979,,,,"Танцювальні сукні, спідниці та костюми"
5344,,,Юбки-шорти
5388,,,Традиційний та церемоніальний одяг
5343,,,,Кімоно
5679,,,,,Кімоно Томесоде та Хоумонгі
5680,,,,,Кімоно Комон
5681,,,,,Кімоно Іромуї
5682,,,,,Кімоно Фурісоде
5683,,,,,Повсякденні кімоно
5684,,,,,Кімоно для нареченої
5483,,,,Релігійний обрядовий одяг
8149,,,,,Сукні для хрещення та причастя
5673,,,,Кімоно верхнього одягу
5677,,,,,Кімоно-пальто
5678,,,,,Жакети Хаорі
5674,,,,Штани хакама
5676,,,,Юката
6031,,,,Дірндли
6227,,,,Японський чорний офіційний одяг
7281,,,,Традиційні шкіряні штани
8248,,,,Сарі та легенги
5441,,,Весільні та наречених плаття
5329,,,,Весільні плаття
5330,,,,Сукні для весільної вечірки
7313,,,Комплекти одягу
1933,,Аксесуари для взуття
1856,,,Шнурівки
2427,,,Шпори
5385,,,Чохли для взуття
5567,,,Вкладиші для чобіт
7078,,,Гамаши
6551,,"Сумки, гаманці та чохли"
2668,,,Гаманці та грошові кліпси
3032,,,Дамські сумки
6169,,,Кейси для візиток
6170,,,Бейдж-тримачі та обкладинки для пропусків
6552,,Аксесуари для сумок та гаманців
175,,,Брелоки для ключів
5841,,,Ланцюжки для гаманців
6277,,,Шнурки для бейджів
6460,,,Обкладинки для чекових книжок
222,Електроніка
223,,Аудіо
242,,,Аудіоплеєри та рекордери
225,,,,Бумбокси
226,,,,CD-плеєри та рекордери
230,,,,Системи караоке
233,,,,MP3-плеєри
235,,,,Програвачі та рекордери MiniDisc
243,,,,Магнітофони
244,,,,Диктофони
251,,,,Стереосистеми
252,,,,Домашні театральні системи
256,,,,Проїгрівачі та вінілові проїгрівачі
4652,,,,Музичні автомати
5434,,,,Багатоканальні рекордери
6886,,,,Радіо
8271,,,,Магнітофони та рекордери з котушковою стрічкою
1420,,,Аудіоаксесуари
232,,,,Аксесуари для MP3-плеєрів
3055,,,,,Чохли для MP3-плеєрів
7566,,,,,Набори аксесуарів для MP3-плеєра та мобільного телефону
239,,,,Аксесуари для супутникового радіо
2372,,,,Аксесуари для проїгрівача
3306,,,,Аксесуари для мікрофонів
3912,,,,Стійки для мікрофонів
5395,,,,Аксесуари для систем караоке
5396,,,,,Чіпи для караоке
7163,,,,Аксесуари для колонок
8047,,,,,Сумки для стійок для колонок
8049,,,,,Стійки та кріплення для динаміків
500112,,,,,"Сумки, чохли та кейси для колонок"
500119,,,,,Тактильні перетворювачі
500120,,,,,Компоненти та набори для колонок
503008,,,,Аксесуари для аудіо- та відеоресиверів
505797,,,,Аксесуари для навушників та гарнітур
503004,,,,,Накладки та ковпачки для навушників
2154,,,Системи громкого зв'язку
2165,,,Аудіокомпоненти
224,,,,Аудіопідсилювачі
4493,,,,,Підсилювачі для навушників
5381,,,,,Підсилювачі потужності
234,,,,Мікрофони
236,,,,Аудіомікшери
241,,,,Аудіо- та відеоресивери
246,,,,Процесори сигналу
247,,,,,Процесори ефектів
248,,,,,Еквалайзери
3945,,,,,Попередні підсилювачі для мікрофонів
5369,,,,,Попередні підсилювачі для вінілових програвачів
5435,,,,,Кросовери
5596,,,,,Шумозаглушувачі та компресори
5597,,,,,Системи управління гучномовцями
249,,,,Динаміки
5129,,,,Аудіопередавачі
4035,,,,,FM-передавачі
5130,,,,,Передавачі Bluetooth
6545,,,,Смуги каналів
6546,,,,Директ-бокси
505298,,,,Набори для студійного запису
505771,,,,Навушники та гарнітури
543626,,,,,Навушники
543627,,,,,Гарнітури
3727,,,Сценічне обладнання
3242,,,,Бездротові передавачі
4921,,,DJ та спеціалізоване аудіо
4922,,,,CD-плеєри для DJ
4923,,,,DJ-системи
8159,,,Гучномовці
262,,Засоби зв'язку
263,,,Аксесуари для радіозв'язку
266,,,Автовідповідачі
268,,,Пейджери
270,,,Телефонія
264,,,,Аксесуари для мобільних телефонів
2353,,,,,Чохли для мобільних телефонів
4550,,,,,Брелоки та ремінці для мобільних телефонів
5566,,,,,Підставки для мобільних телефонів
6030,,,,,Попередньо оплачені картки та SIM-картки для мобільних телефонів
543515,,,,,,Попередньо оплачені картки мобільних телефонів
543516,,,,,,SIM-картки
7347,,,,,Запасні частини для мобільних телефонів
8111,,,,,Аксесуари для камер мобільних телефонів
499916,,,,,Інструменти для видалення SIM-карток
265,,,,Аксесуари для телефону
269,,,,,Телефонні картки
267,,,,Мобільні телефони
543512,,,,,Попередньо оплачені мобільні телефони
543513,,,,,Мобільні телефони за контрактом
543514,,,,,Розблоковані мобільні телефони
271,,,,Дротові телефони
272,,,,Бездротові телефони
1924,,,,Супутникові телефони
4666,,,,Телефони для конференцій
274,,,Відеоконференції
360,,,Домофони
2471,,,Радіостанції
273,,,,Двосторонні радіостанції
2106,,,,CB радіо
4415,,,,Радіосканери
5275,,,Ідентифікатори викликів
5404,,,Аксесуари для домофонів
278,,Комп'ютери
298,,,Портативні пристрої
3539,,,,Пристрої для читання електронних книг
3769,,,,КПК (Кишенькові персональні комп'ютери)
5256,,,,Збирачі даних
325,,,Настільні комп'ютери
328,,,Ноутбуки
331,,,Комп'ютерні сервери
4745,,,Планшетні комп'ютери
5254,,,"Комп'ютери ""Barebone"""
5255,,,Інтерактивні кіоски
8539,,,Тонкі та нульові клієнти
543668,,,,Комп'ютери з тонкими клієнтами
543669,,,,Комп'ютери Zero Client
500002,,,Розумні окуляри
502995,,,Комп'ютери з сенсорним столом
339,,Системи GPS-навігації
340,,Морська електроніка
1550,,,Ехолоти
1552,,,Морський радар
2178,,,Морські картплотери та GPS
4450,,,Морські радіостанції
8134,,,Морські аудіо- та відеоприймачі
8473,,,Морські динаміки
342,,Мережеві технології
290,,,Мережеві карти та адаптери
343,,,Модеми
1350,,,Мости та роутери
2358,,,,VoIP-шлюзи та роутери
5496,,,,Бездротові точки доступу
5497,,,,Бездротові роутери
5659,,,,Мережеві мости
2121,,,Репітери та передавачі
2455,,,Концентратори та комутатори
2479,,,Концентратори та мультиплексори
3425,,,Сервери друку
3742,,,Пристрої мережевої безпеки та брандмауери
5576,,,Аксесуари для модемів
6508,,,Адаптери живлення через Ethernet
345,,"Друк, копіювання, сканування та факс"
284,,,Аксесуари для сканерів
306,,,Сканери
6865,,,3D Принтери
499682,,,Аксесуари для 3D принтерів
500106,,,"Принтери, копірки та факси"
502990,,,"Аксесуари для принтера, копірки та факсу"
1683,,,,Пам'ять принтера
5258,,,,Розхідні матеріали для принтера
356,,,,,Картриджі для тонера та струменевих принтерів
5259,,,,,Барабани та набори барабанів для принтера
5260,,,,,Рибки для принтера
5261,,,,,Друкарські головки
5262,,,,,Набори для обслуговування принтера
5266,,,,,Фільтри для принтера
7362,,,,,Заправка картриджів для тонера та струменевих принтерів
5265,,,,Дуплексери для принтера
5459,,,,Стенди для принтера
502991,,,,"Запчастини для принтера, копірки та факсу"
386,,Відео
305,,,Комп'ютерні монітори
387,,,Відеоплеєри та рекордери
388,,,,DVD та Blu-ray плеєри
389,,,,DVD-рекордери
390,,,,Цифрові відеореєстратори
391,,,,Відеомагнітофони
5276,,,,Плеєри для стрімінгу та домашніх медіа
396,,,Проектори
397,,,,Мультимедійні проектори
398,,,,Проектори для відображення зображення зверху
399,,,,Проектори для слайдів
404,,,Телевізори
1368,,,Обладнання та пристрої для монтажу відео
1634,,,Відеомультиплексори
2027,,,Аксесуари для відео
283,,,,Аксесуари для комп'ютерних моніторів
5516,,,,,Калібратори кольору
393,,,,Аксесуари для проекторів
394,,,,,Замінні лампи для проекторів
395,,,,,Екрани для проекторів
4570,,,,,Стенди для екранів проекторів
5257,,,,,Кріплення для проекторів
5599,,,,,Юбки для проекторів та триподів
403,,,,Запчастини та аксесуари для телевізорів
4458,,,,,Кріплення для телевізорів та моніторів
5471,,,,,Замінні лампи для телевізорів
5503,,,,,Конвертери для телевізорів
43616,,,,,Запасні динаміки для телевізора
2145,,,,Перемотувачі
4760,,,,3D Окуляри
5278,,,Відеосервери
5450,,,Відеопередавачі
5561,,,Супутникове та кабельне ТБ
401,,,,Супутникові приймачі
5562,,,,Приймачі кабельного телебачення
912,,Радар-детектори
1270,,Аксесуари для ігрових консолей
1505,,,Аксесуари для домашніх ігрових консолей
2070,,,Аксесуари для переносних ігрових консолей
1294,,Ігрові консолі
1801,,Компоненти
1337,,,Модулятори
1544,,,Розгалужувачі
1977,,,Конектори для електронних компонентів
2182,,,Конвертери
2205,,,,Скан-конвертери
503001,,,,Аудіоконвертери
7395,,,Акселерометри
2082,,Аксесуари для електроніки
258,,,Адаптери
146,,,,Адаптери для карт пам'яті
4463,,,,Адаптери та з'єднувачі для аудіо- та відеокабелів
7182,,,,USB адаптери
259,,,Кабелі
1480,,,,Мережеві кабелі
1763,,,,Системні та живлення кабелі
1867,,,,Аудіо- та відеокабелі
3461,,,,KVM кабелі
3541,,,,Телефонні кабелі
500035,,,,Кабелі для зберігання та передачі даних
275,,,Енергія
276,,,,Батарейки
1564,,,,,Батареї для ноутбуків
1722,,,,,Батареї для камер
1745,,,,,Акумулятори для мобільних телефонів
1880,,,,,Батареї для бездротових телефонів
2222,,,,,Батареї для відеокамер
4928,,,,,Батарейки загального призначення
5133,,,,,Батареї для PDA
6289,,,,,Батареї для безперебійних блоків живлення
7438,,,,,Батареї для планшетних комп'ютерів
7551,,,,,Батареї для електронних книг
499810,,,,,Батареї для MP3-плеєрів
500117,,,,,Батареї для ігрових консолей та контролерів
1348,,,,Безперебійні блоки живлення
1375,,,,Аксесуари для безперебійних блоків живлення
2978,,,,Паливні елементи
3160,,,,Багатогніздові блоки та прилади для захисту від перенапруги
5274,,,,Корпуси блоків живлення
5380,,,,Пристрої захисту від перенапруги
6790,,,,Блоки управління живленням
6933,,,,Аксесуари для блоків живлення та зарядних пристроїв
7135,,,,Подорожні перетворювачі та адаптери
7166,,,,Аксесуари для батарей
3130,,,,,Зарядні пристрої для батарей камер
6817,,,,,Контролери заряду батарей
7167,,,,,Зарядні пристрої для батарейок загального призначення
8243,,,,,Тримачі для батарей
499928,,,,,Тестери батарейок загального призначення
505295,,,,Блоки живлення та зарядні пристрої
279,,,Комп'ютерні аксесуари
280,,,,Аксесуари для портативних пристроїв
4736,,,,,Аксесуари для електронних книг
4738,,,,,,Чохли для електронних книг
4737,,,,,Аксесуари для PDA
4739,,,,,,Чохли для PDA
300,,,,Док-станції для ноутбуків
1993,,,,Килимки для миші
5308,,,,Стилуси
5489,,,,Підставки та стенди для комп'ютера
5669,,,,Пера та змінні стержні для стилусів
6291,,,,Підставки для зап'ястя клавіатури та миші
6979,,,,Підставки та платформи для клавіатури
7530,,,,Чохли та накладки для комп'ютера
499956,,,,Док-станції та підставки для планшетних комп'ютерів
500040,,,,Набори комп'ютерних аксесуарів
285,,,Комп'ютерні компоненти
287,,,,Карти вводу/виводу та адаптери
286,,,,,Звукові карти та адаптери
297,,,,,Відеокарти та адаптери
1487,,,,,Тюнерні карти та адаптери для телевізора
503755,,,,,Розширювальні карти
505299,,,,,Комп'ютерні картки інтерфейсу та адаптери
291,,,,Блоки живлення для комп'ютера
292,,,,Комп'ютерні процесори
293,,,,Комп'ютерні стійки та кріплення
294,,,,Стартові набори для комп'ютера
295,,,,Деталі системи охолодження комп'ютера
296,,,,Корпуси для настільних комп'ютерів та серверів
311,,,,USB та FireWire хаби
1928,,,,Введення даних
139,,,,,Сканери штрих-кодів
301,,,,,Ігрові контролери
543588,,,,,,Джойстики
543589,,,,,,Ігрові пади
543590,,,,,,Ігрові пульти
543591,,,,,,Ігрові керма
543593,,,,,,Геймпади для музичних інструментів
302,,,,,Графічні планшети
303,,,,,Клавіатури
304,,,,,Миші та трекболи
308,,,,,Тачпади
1562,,,,,KVM перемикачі
3580,,,,,Картрідери
4512,,,,,Цифрові клавіатури
5309,,,,,Цифрові ручки для ведення нотаток
5366,,,,,Сканери відбитків пальців
499950,,,,,Пристрої введення з керуванням жестами
505801,,,,,Електронні картрідери
2414,,,,Пристрої для зберігання
377,,,,,Оптичні дисководи
380,,,,,Жорсткі диски
385,,,,,Стрічкові накопичувачі
1301,,,,,Дисководи для дискет
1623,,,,,Аксесуари для жорстких дисків
381,,,,,,Сумки для транспортування жорстких дисків
4417,,,,,,Док-станції для жорстких дисків
505767,,,,,,Корпуси та кріплення для жорстких дисків
3712,,,,,USB флеш-накопичувачі
5268,,,,,Дублювачі дисків
376,,,,,,Дублікатори CD/DVD
5112,,,,,,Дублювачі USB-накопичувачів
5271,,,,,,Дублювачі жорстких дисків
5269,,,,,Системи мережевого зберігання
5272,,,,,Масиви жорстких дисків
4224,,,,Запчастини для ноутбуків
4102,,,,,Замінні екрани для ноутбуків
4270,,,,,Корпуси та обрамлення для ноутбуків
4301,,,,,Замінні клавіатури для ноутбуків
6416,,,,,Петлі для ноутбуків
7501,,,,,Замінні кабелі для ноутбуків
8160,,,,,Діджитайзери для екранів ноутбуків
43617,,,,,Замінні динаміки для ноутбуків
6475,,,,Аксесуари для введення даних
6476,,,,,Стенди для сканерів штрих-кодів
8008,,,,,Аксесуари для ігрових контролерів
500052,,,,,Аксесуари для миші та трекболу
503003,,,,,Клавіші та ковпачки клавіатури
6932,,,,Корпуси для серверів Blade
7349,,,,Запчастини для планшетних комп'ютерів
45262,,,,,Замінні динаміки для планшетних комп'ютерів
500013,,,,,Екрани та діджитайзери для планшетних комп'ютерів
503002,,,,,Корпуси та обрамлення для планшетних комп'ютерів
8158,,,,Задні панелі комп'ютера та щити вводу/виводу
8162,,,,Запчастини для електронних книг
8163,,,,,Екрани та дигітайзери для електронних книг
288,,,Пам'ять
384,,,,Флеш-пам'ять
3387,,,,,Карти флеш-пам'яті
1665,,,,Кеш-пам'ять
1733,,,,ОЗУ (оперативна пам'ять)
1767,,,,Відеопам'ять
2130,,,,ПЗУ (постійна пам'ять)
341,,,Пульти дистанційного керування
367,,,Порожні носії
1718,,,Антени
3328,,,Організація кабелів
3764,,,,Кліпси для кабелів
4016,,,,Стяжки для дроту та кабелю
5273,,,,Патч-панелі
6402,,,,Траси для кабелів
6780,,,,Оплетки для дроту та кабелю
499686,,,,Маркери для ідентифікації дроту та кабелю
500036,,,,Пістолети для кріплення кабелів
3422,,,Аксесуари для пам'яті
3672,,,,Корпуси для пам'яті
4617,,,Засоби для чищення електроніки
5466,,,Плівки та захисні екрани для електроніки
5467,,,,Фільтри конфіденційності
5468,,,,Захисні плівки для екрану
5469,,,,Захисні покривала для клавіатури
5523,,,,Наклейки та декали для електроніки
5473,,,Підсилювачі сигналу
5476,,,Аксесуари для антен
5477,,,,Кріплення та дужки для антен
5478,,,,Ротатори антен
6016,,,,Супутникові LNB
5695,,,Пристрої для глушіння сигналу
5589,,,,Пристрої для глушіння радарів
5612,,,,Пристрої для перешкоджання GPS
5696,,,,Пристрої для глушення сигналу мобільних телефонів
8156,,,Розподільники та перемикачі для аудіо- та відеосигналів
8164,,,,Розгалужувачі та перемикачі HDMI
499944,,,,Розподільники та перемикачі DVI
499945,,,,VGA розгалужувачі та перемикачі
499878,,,Триноги та моноподи для мобільних телефонів та планшетів
3356,,Обладнання для аркад
3117,,,Шафи для ігрових автоматів
3140,,,Автомати пінбол
3676,,,Аксесуари для ігрових автоматів
3681,,,Машини для гри в Скі-Бол
3946,,,Аксесуари для автоматів пінбол
8085,,,Аркадні ігри з баскетболом
3702,,Плати побутових пристроїв та компоненти
3635,,,Пасивні компоненти електричних кіл
3121,,,,Індуктори
3220,,,,Конденсатори
3424,,,,Резистори
7260,,,,Електронні генератори
3889,,,Прототипування побутових пристроїв
4010,,,,Макетні дошки
3991,,,Півпровідники
3094,,,,Транзистори
3632,,,,Діоди
3949,,,,Мікроконтролери
7257,,,,Інтегральні схеми та мікросхеми
7258,,,Електронні фільтри
7259,,,Декодери та енкодери цепів
7264,,,Друковані плати
3416,,,,Розробницькі плати
8516,,,,Телевізійні плати
8544,,,,"Друковані плати для принтера, копірки та факсу"
8545,,,,Плати електроніки побутових приладів
8549,,,,Плати управління для басейну та спа
298419,,,,Плати камер
499675,,,,Плати сканерів
499889,,,,Плати управління для тренажерів
499898,,,,Комп'ютерні плати
289,,,,,Материнські плати
8546,,,,,Плати жорстких дисків
499899,,,,,Комп'ютерні інверторні плати
500027,,,Аксесуари для плати побутових пристроїв
3895,,Аксесуари для GPS
3213,,,Кріплення для GPS
3781,,,Чохли для GPS
4488,,Пристрої для збору плати за проїзд
6544,,GPS-трекери
500091,,Радари швидкості
412,"Їжа, напої та тютюнові вироби"
413,,Напої
415,,,Гарячий шоколад
418,,,Молоко
420,,,Вода
543530,,,,Дистильована вода
543531,,,,Газована вода
543534,,,,,Газована вода зі смаком
543535,,,,,Несмакована газована вода
543532,,,,Джерельна вода
543533,,,,Негазована мінеральна вода
1868,,,Кава
2073,,,Чай та настої
2628,,,Содова вода
2887,,,Сік
5723,,,Спортивні та енергетичні напої
5724,,,Рослинне молоко
6797,,,Простокваша
6848,,,Порошкові суміші для напоїв
7528,,,Напої з оцетом
8030,,,Гоголь-моголь
8036,,,Фруктові напої
499676,,,Алкогольні напої
414,,,,Пиво
417,,,,Алкогольні напої та спирт
1671,,,,,Джин
1926,,,,,Віскі
2107,,,,,Водка
2220,,,,,Текіла
2364,,,,,Бренді
2605,,,,,Ром
2933,,,,,Лікери
502976,,,,,Шочу та Соджу
543642,,,,,,Шочу
543643,,,,,,Соджу
505761,,,,,Абсент
421,,,,Вино
5725,,,,Коктейльні мікси
543536,,,,,Коктейльні мікси для зберігання на полиці
543537,,,,,Заморожені коктейльні мікси
5887,,,,Алкогольні напої зі смаком
6761,,,,Сухий сидр
7486,,,,Біттери
422,,Продукти харчування
136,,,Подарункові кошики з продуктами
423,,,Продукти для перекусу
1445,,,,Крекери
1534,,,,Попкорн
2392,,,,Чіпси
2432,,,,Повітряні рисові коржики
3284,,,,Сушена м'ясна закуска
3446,,,,Прецелі
5743,,,,Пудинги та желейні снеки
5744,,,,Фруктові снеки
5745,,,,Мікси для трекінгу та перекусів
5746,,,,Сухарики
5747,,,,Злакові та гранольові батончики
543651,,,,,Злакові батончики
543652,,,,,Батончики граноли
6192,,,,Сирні пухирчики
6194,,,,Свинячі шкірки
6785,,,,Печиво для перекусу
6847,,,,Додатки до салатів
7159,,,,Грісіні
7327,,,,Рисові кекси
7427,,,,Палички з кунжутом
427,,,Приправи та соуси
1387,,,,Гірчиця
1568,,,,Майонез
1969,,,,Заправка для салату
2018,,,,Кетчуп
4614,,,,Гострий соус
4615,,,,Соус Сате
4616,,,,Соєвий соус
4692,,,,Тахіні
4943,,,,Сироп
4947,,,,Мед
5759,,,,Соус для пасти
5760,,,,Оливки та каперси
5762,,,,Соуси
5763,,,,Рибний соус
6203,,,,Соус для піци
6246,,,,Соус Вустерширський
6772,,,,Соус для коктейлів
6782,,,,Соус з хрону
6783,,,,Соус тартар
6845,,,,Прикраси для десертів
6844,,,,,Сироп для морозива
6854,,,,,Фруктові топінги
6905,,,,Соус каррі
500074,,,,Маринади та соуси для грилю
500075,,,,Реліш та чатні
500076,,,,Консервовані фрукти та овочі
500089,,,,Солодко-кислі соуси
500105,,,,Білі та вершкові соуси
428,,,Молочні продукти
429,,,,Сир
1855,,,,Сирок
1954,,,,Йогурт
4418,,,,Кавовий кремер
5786,,,,Крем
5787,,,,Кисле молоко
5827,,,,Масло та маргарин
6821,,,,Збиті вершки
430,,,Фрукти та овочі
1755,,,,Сушені фрукти
5793,,,,Свіжі та заморожені овочі
6568,,,,,Спаржа
6570,,,,,Артишоки
6577,,,,,Боб
6580,,,,,Буряки
6585,,,,,Батат
6586,,,,,Картопля
6587,,,,,Буряк
6590,,,,,Брюссельська капуста
6591,,,,,Броколі
6592,,,,,Капуста
6595,,,,,Морква
6596,,,,,Кардон (рослина)
6598,,,,,Корені селери
6599,,,,,Селера
6600,,,,,Цвітна капуста
6608,,,,,Огірки
6609,,,,,Кукурудза
6613,,,,,Баклажани
6615,,,,,"Папороть ""солов'їний гніздечко"""
6616,,,,,Гай Чой
6617,,,,,Гай Лан
6618,,,,,Корінь гобо
6619,,,,,Корінь імбиру
6620,,,,,Часник
6622,,,,,Зелень
5792,,,,,,Суміші для салатів
6569,,,,,,Рукола
6581,,,,,,Листя буряка
6584,,,,,,Бок Чой
6597,,,,,,Мангольд
6610,,,,,,Чой сум (вид китайської капусти)
6629,,,,,,Капуста кале
6637,,,,,,Салат
6656,,,,,,Водяний шпинат
6695,,,,,,Шпинат
6706,,,,,,Юй Чой
6717,,,,,,Цикорій
6627,,,,,Порей
6628,,,,,Кольрабі
6630,,,,,Ямс білий
6631,,,,,Корінь хрону
6643,,,,,Маланги
6644,,,,,Корені лотосу
6653,,,,,Гриби
6655,,,,,Цибуля
6657,,,,,Окра (або бамія)
6663,,,,,Пастернак
6664,,,,,Коріння петрушки
6668,,,,,Перці
6669,,,,,Горох
6681,,,,,Ревінь
6682,,,,,Редька
6692,,,,,Тамарілло
6693,,,,,Топінамбури
6694,,,,,Цукровий тростинник
6700,,,,,Водяний крес
6701,,,,,Водяні каштани
6703,,,,,Помідори
6704,,,,,Корінь таро
6705,,,,,Корінь Юка
6716,,,,,Арракача
6808,,,,,Листя кактусів
6816,,,,,Цибулини фенхелю
6818,,,,,Шалот
7193,,,,,Пшенична трава
8515,,,,,Батати
499905,,,,,Овочеві суміші
503761,,,,,Паростки
505329,,,,,Ріпа та брюква
505354,,,,,Баштанні
5794,,,,Фруктові соуси
5795,,,,Свіжі та заморожені фрукти
6566,,,,,Яблука
6571,,,,,Атемойї
6572,,,,,Авокадо
6573,,,,,Бабако
6574,,,,,Банани
6582,,,,,Ягоди
6589,,,,,Хлібне дерево
6593,,,,,Плоди кактуса
6594,,,,,Карамболи
6602,,,,,Черімойя
6614,,,,,Фейхоа
6624,,,,,Домашні фрукти
6625,,,,,Гуави
6626,,,,,Виноград
6633,,,,,Ківі
6638,,,,,Лічі
6639,,,,,Білійці
6640,,,,,Лонган
6645,,,,,Мангустини
6647,,,,,Мамей
6649,,,,,Дині
6661,,,,,Папайї
6665,,,,,Груші
6667,,,,,Маракуйя
6670,,,,,Ананаси
6671,,,,,Фізаліс
6672,,,,,Хурми
6673,,,,,Гранати
6676,,,,,Пітахайї
6678,,,,,Рамбутани
6679,,,,,Айва
6687,,,,,Сапота
6688,,,,,Саподілла
6691,,,,,Гуанабани
6698,,,,,Тамарінд
6809,,,,,Кокоси
6810,,,,,Фіги
6812,,,,,Фініки
6813,,,,,Мадроньо
6814,,,,,Цукрові яблука
499906,,,,,Фруктові мікси
503759,,,,,Цитрусові фрукти
6621,,,,,,Грейпфрути
6632,,,,,,Кумквати
6636,,,,,,Лимони
6641,,,,,,Лаймквати
6642,,,,,,Лайми
6658,,,,,,Апельсини
6697,,,,,,Танжело
503760,,,,,Кісточкові фрукти
6567,,,,,,Абрикоси
6601,,,,,,Вишні
6646,,,,,,Манго
6674,,,,,,Сливи
6675,,,,,,Сливоабрикоси
505301,,,,,,Персики та нектарини
5796,,,,Сухі боби
5797,,,,Консервовані та приготовані боби
5798,,,,Консервовані та банковані овочі
5799,,,,Консервовані та банковані фрукти
7387,,,,Сушені овочі
431,,,"Зернові, рис та крупи"
4682,,,,Рис
4683,,,,Амарант
4684,,,,Гречка
4686,,,,Просо
4687,,,,Ячмінь
4688,,,,Пшениця
4689,,,,Злаки та гранола
4690,,,,"Вівсянка, крупа та гарячі каші"
6259,,,,Квіноа
7196,,,,Кускус
7374,,,,Жито
432,,,"М'ясо, морепродукти та яйця"
4627,,,,Яйця
543554,,,,,Білки яєць
543555,,,,,Рідке та заморожене яйце
543556,,,,,Готові яйця
543557,,,,,Цілі яйця
4628,,,,М'ясо
5804,,,,,Обідні страви та делікатеси
5805,,,,,Свіже та заморожене м'ясо
5811,,,,,М'ясні консерви
4629,,,,Морепродукти
5812,,,,,Свіжі та заморожені морепродукти
5813,,,,,Консервовані морепродукти
433,,,Горіхи та насіння
434,,,Паста та локшина
1876,,,Випічка
424,,,,Хліб та булочки
1573,,,,Бейгли
1895,,,,Мафіни
2194,,,,Торти та десертні батончики
2229,,,,Печиво
5054,,,,Пастила
5748,,,,Тортильї та врапи
5749,,,,Пироги та тарталети
5750,,,,Випічка та скони
5751,,,,Пончики
5790,,,,Ріжки для морозива
5904,,,,Асортимент випічки
6195,,,,Кекси
6196,,,,Кавові торти
6891,,,,Тако шарики та тостади
2423,,,Супи та бульйони
2660,,,Інгредієнти для приготування та випічки
2126,,,,Олії для приготування їжі
2140,,,,Оцет
2572,,,,Суміші для випічки
2775,,,,Борошно
2803,,,,Розпушувач для тіста
2905,,,,Дріжджі
4613,,,,Паста з бобу
5105,,,,Цукор для цукрової вати
5752,,,,Тісто
5753,,,,,Коржі для пирогів
5755,,,,,Тісто для хліба та випічки
5756,,,,,Тісто для печива та брауні
5765,,,,Рослинні жири та сало
5766,,,,Меласа
5767,,,,Зефірки
5768,,,,Безсмаковий желатин
5769,,,,Глазурь та мастичка
5770,,,,Кукурудзяний сироп
5771,,,,Кулінарний крохмаль
5773,,,,Панірувальні сухарі
5774,,,,Сода для випічки
5775,,,,Ароматизатори та екстракти для випічки
5776,,,,Шоколад для випічки
5777,,,,Вино для приготування їжі
5778,,,,Суміші для вафель та панкейків
5800,,,,Начинки для пирогів та випічки
6754,,,,Дрібка для випічки
6774,,,,Тісто та покривальні суміші
6775,,,,Їстівні декорації для випічки
6922,,,,Томатна паста
7127,,,,Харчові барвники
7354,,,,Стартові культури
7506,,,,Набори для декорування печива
8076,,,,Їжа
499707,,,,Кульки тапіоки
499986,,,,Сік лимона та лайма
500093,,,,Консервоване та сухе молоко
503734,,,,Цукор та підсолоджувачі
543549,,,,Замінники яєць
4608,,,Приправи та спеції
1529,,,,Трави та спеції
4610,,,,Глутамат натрію
4611,,,,Сіль
6199,,,,Перець
4748,,,Цукерки та шоколад
5740,,,Соуси та паста
1702,,,,Сальса
2188,,,,Варення та желе
3965,,,,Оріхові масла
5741,,,,Хумус
5742,,,,Гуакамоле
5785,,,,Сирний крем
6204,,,,Яблучне масло
6784,,,,Тапенад
6830,,,,Овочевий дип
6831,,,,Сирні соуси та паста
5788,,,Заморожені десерти та новинки
5789,,,,Льодяники
6873,,,,Новинки морозива
499991,,,,Морозиво та заморожений йогурт
5807,,,"Тофу, соєві та вегетаріанські продукти"
5808,,,,Сейтан
5809,,,,Тофу
5810,,,,Темпе
6839,,,,Альтернативи сиру
6843,,,,Замінники м'яса
5814,,,Готові продукти
499988,,,,Готові страви та перші страви
499989,,,,Готові закуски та гарніри
6219,,,Цукати та фрукти в шоколаді
435,,Тютюнові вироби
3151,,,Сигарети
3682,,,Сигари
3741,,,Розсипний тютюн
3916,,,Тютюн для жування
4091,,,Випарювачі та електронні сигарети
543634,,,,Випарювачі
543635,,,,Електронні цигарки
499963,,,Курительні трубки
436,Меблі
441,,Лавки
4241,,,Стільці для туалетного столика
6850,,,Лави для кухні та їдальні
6851,,,Шафи та передпокійні лавки для зберігання
442,,Візки та острівці (меблі)
453,,,Сервізні столики для кухні та їдальні
6374,,,Кухонні острови
443,,Стільці
438,,,Крісла-мішки
456,,,Крісла-шезлонги
1463,,,Стільці для столу та бару
2002,,,Гойдалки-крісла
2919,,,Електричні масажні крісла
3358,,,Складні стільці та табуретки
5886,,,Стільці для кухні та їдальні
6499,,,"Крісла,відкидні крісла та крісла-ліжка"
6800,,,Ігрові крісла
6859,,,Кімнатні крісла без підлокітників
7197,,,Крісла-гойдалки
500051,,,Підлогові крісла
450,,Футони
457,,Розважальні центри та телевізійні стійки
458,,Пуфи
460,,Дивани
464,,Полиці
465,,,Книжкові шафи та стійки
6372,,,Настінні полиці та горища
554,,Меблі для дітей та малюків
558,,,Пеленальні столи
559,,,Дитячі стільці та підсилювачі сидінь
6349,,,Набори меблів для дітей та малюків
6393,,,Колиски та люльки
6394,,,Дитячі ліжечка та ліжечка для малюків
6969,,,Аксесуари для дитячих стільців та підсилювачів сидінь
7068,,,Аксесуари для колисок та люльок
7070,,,Аксесуари для дитячих ліжечок та ліжечок для малюків
7071,,,,Набори для перетворення дитячих ліжечок
7072,,,,Бампери та підкладки для дитячих ліжечок
2786,,Матраци для футонів
4163,,Перегородки
4299,,Вуличні меблі
2684,,,Садові столи
6367,,,Набори вуличних меблів
6368,,,Вуличні місця для сидіння
4105,,,,Шезлонги
4513,,,,Вуличні дивани
5044,,,,Вуличні лавки
6828,,,,Вуличні стільці
500111,,,,Вуличні модульні дивани
6822,,,Вуличні пуфи
6892,,,Ліжка для вулиці
7310,,,Вуличні складські ящики
6345,,Набори меблів
6346,,,Набори меблів для спальні
6347,,,Комплекти меблів для кухні та їдальні
6348,,,Комплекти меблів для вітальні
500000,,,Набори меблів для ванної кімнати
6356,,Шафи та системи зберігання
447,,,Буфети та комоди
448,,,Серванти та шафи для посуду
463,,,Шафи для документів
4063,,,Шафи та гардероби
4148,,,Туалетні столики
2081,,,,Тумби для ванної кімнати
6360,,,,Туалетні столики для спальні
4195,,,Комоди
4205,,,Скрині для зберігання
4268,,,,Іграшкові скрині
6947,,,,Скрині надій
5578,,,Стелажі для вина
5938,,,Шафи та локери для зберігання
6357,,,Шафи для вина та спиртних напоїв
6358,,,Шафи та стелажі для зберігання медіа
6539,,,Стійки для журналів
6934,,,Кухонні шафи
465846,,,Центри прасування
6362,,Офісні меблі
2045,,,Офісні стільці
4191,,,Офісні cтоли
6363,,,Робочі столи
2242,,,,Малювальні та креслярські столи
4317,,,,Столи для конференц-залів
6908,,,Робочі станції та кабінки
500061,,,Комплекти офісних меблів
6392,,Столи
462,,,Приліжкові тумби
2693,,,Столи для покеру та ігор
4080,,,Складні столи
4355,,,Столи для кухні та їдальні
4484,,,Котацу
5121,,,Столи для швейних машин
6351,,,Столи для занять
6369,,,Декоративні столики
1395,,,,Кавові столики
1549,,,,Кінцеві столики
1602,,,,Столики до диванів
6433,,Ліжка та аксесуари
451,,,Заголовки та підніжки для ліжка
2696,,,Матраци
2720,,,Основи для матраців
4437,,,Аксесуари для ліжка та рами ліжка
505764,,,Ліжка та рами для ліжка
6860,,Рамки для футонів
6913,,Аксесуари для столу
6910,,,Столові стільниці
6911,,,Ніжки для столу
6915,,Аксесуари для перегородок
6963,,Аксесуари для вуличних меблів
6964,,,Чохли для вуличних меблів
7212,,Аксесуари для диванів
7213,,,Підтримки для стільців та диванів
500064,,,Секційні дивани
7248,,Аксесуари для стільців
8206,,,Запасні частини для крісел-гойдалок
8023,,Аксесуари для полиць
8024,,,Замінні полиці
503765,,Аксесуари для офісних меблів
6909,,,Аксесуари для робочих станцій та кабінок
7559,,,Аксесуари для офісних стільців
503766,,,Деталі та аксесуари для столів
469,Здоров'я та краса
491,,Охорона здоров'я
494,,,Біометричні монітори
495,,,,Монітори кров'яного тиску
496,,,,Аналізатори жиру в організмі
497,,,,Аналізатори холестерину
500,,,,Ваги для вимірювання ваги тіла
501,,,,Медичні термометри
2246,,,,Глюкометри
2633,,,,Алкотестери
4767,,,,Пренатальні монітори серцевого ритму
5551,,,,Пульсоксиметри
500009,,,,Монітори активності
505822,,,,Монітори фертильності та тести на овуляцію
543679,,,,,Тести на фертильність та монітори
543680,,,,,Тести на овуляцію
508,,,Перша допомога
509,,,,Медична стрічка та бинти
510,,,,Набори для першої допомоги
516,,,,Гарячі та холодні терапії
4753,,,,,Холодильні пакети
5848,,,,,Теплові мазі
6205,,,,,Подушки з підігрівом
2954,,,,Антисептики та засоби для чищення
4527,,,,Засоби для промивання очей
6206,,,,Захисники для гіпсу та бинтів
517,,,Засоби для недержання
518,,,Ліки та медикаменти
519,,,Мобільність та доступність
520,,,,Обладнання для людей з обмеженими можливостями
3364,,,,,Інвалідні візки
3512,,,,,Мобільні скутери
7138,,,,,Ліфти для сходів
502969,,,,,Переносні дошки та листи
521,,,,Аксесуари для обладнання для людей з обмеженими можливостями
5164,,,,Допоміжні засоби для ходьби
4248,,,,,Милиці
5165,,,,,Трости та палиці для ходьби
5166,,,,,Ходунки
5488,,,,Меблі та приладдя для людей з обмеженими можливостями
7243,,,,,Лавки та сидіння для душу
6929,,,,Аксесуари для допоміжних засобів ходьби
523,,,Підтримуючі бандажі та ортези
775,,,Презервативи
2890,,,Фітнес та харчування
525,,,,Вітаміни та дієтичні добавки
2984,,,,Батончики збалансованого харчування
5702,,,,Напої та коктейлі збалансованого харчування
6242,,,,Гелі та жувальні продукти збалансованого харчування
6871,,,,Пюре збалансованого харчування
7413,,,,Додаткове харчування для зондового годування
3777,,,Пілюльниці
4551,,,Догляд за дихальною системою
4552,,,,Небулайзери
7316,,,,Маски PAP
7317,,,,Апарати для лікування апное за допомогою позитивного тиску дихальних шляхів (PAP)
499692,,,,Балони з киснем
505669,,,,Інгалятори на пару
5071,,,Аксесуари для біометричних моніторів
3688,,,,Аксесуари для глюкометрів
3111,,,,,Пункційні пристрої
3905,,,,,Тест-смужки для вимірювання глюкози в крові
6323,,,,,Розчин для контролю глюкози в крові
5072,,,,Аксесуари для ваги для вимірювання ваги тіла
6284,,,,Аксесуари для моніторів кров'яного тиску
6285,,,,,Манжети для моніторів кров'яного тиску
505819,,,,Аксесуари для моніторів активності
5690,,,Апарати для покращення слуху
5849,,,Акупунктура
5850,,,,Моделі для акупунктури
5851,,,,Голки для акупунктури
5870,,,Обладнання для професійної та фізичної терапії
8541,,,,Електростимулятори м'язів
505352,,,,Терапевтичні гойдалки
5923,,,Хірургічні змащувачі
5965,,,Медичні бирки для ідентифікації та ювелірні вироби
5966,,,Медичні системи сповіщення
7002,,,Контейнери для контрацептивів
7186,,,Сперміциди
7220,,,Судина для ліжка
8082,,,Контейнери для зразків
8105,,,Зтягувач культі
500087,,,Лампи для світлотерапії
505293,,,Медичні тести
1680,,,,Тести на вагітність
2552,,,,Тести на наркотики
7336,,,,Тести на ВІЛ
7337,,,,Набори для визначення групи крові
499934,,,,Набори для тестування на алергію
505294,,,,Тести на інфекції сечовивідних шляхів
505820,,,Гелі та лосьйони для провідності
2915,,Особистий догляд
472,,,Сонячні ліжка
473,,,Косметика
474,,,,Для ванни та тіла
2503,,,,,Мило-брусок
2522,,,,,Додатки для ванни
2747,,,,,Гель для душу
2875,,,,,Губки та луфи для ванної
2876,,,,,Щітки для ванни
3208,,,,,Рідке мило для рук
3691,,,,,Дезінфікуючі засоби та серветки для рук
4049,,,,,Шапочки для душу
7417,,,,,Порошкове мило для рук
499913,,,,,Гігієнічні серветки для дорослих
475,,,,Подарункові набори для ванни та тіла
477,,,,Макіяж
2571,,,,,Макіяж для обличчя
2765,,,,,,Тональні креми та коректори
2980,,,,,,Пудра для обличчя
6304,,,,,,Маркери та люмінайзери
6305,,,,,,Рум'яна та бронзатори
8218,,,,,,База під макіяж для обличчя
2645,,,,,Губна косметика
2589,,,,,,Контурний олівець для губ
2858,,,,,,Блиск для губ
3021,,,,,,Помада
6306,,,,,,Помада-стійка для губ і щік
8217,,,,,,База для губ
2779,,,,,Макіяж для очей
2686,,,,,,Засоби для корекції брів
2761,,,,,,Штучні вії
2807,,,,,,Підводка для очей
2834,,,,,,Туш для вій
2904,,,,,,Тіні для очей
6340,,,,,,Препарати для зростання вій та брів
8219,,,,,,База під туш для вій
8220,,,,,,База під макіяж для очей
3509,,,,,Тимчасові тату
4779,,,,,Театральний грим та аксесуари
5978,,,,,Макіяж для тіла
5979,,,,,,Фарба та тональний крем для тіла
5981,,,,,,Блиск для тіла та волосся
6072,,,,,Фіксуючі спреї для макіяжу
478,,,,Догляд за нігтями
2683,,,,,Лаки для нігтів
2946,,,,,Засоби для видалення лаку для нігтів
3009,,,,,Крем та олія для кутикули
4218,,,,,Штучні нігті
5975,,,,,Набори та аксесуари для нігтьового арту
6893,,,,,Клей для манікюру
7445,,,,,Розріджувачі для лаку для нігтів
233419,,,,,Краплі та спреї для швидкого сушіння лаку для нігтів
479,,,,Парфуми та кольони
567,,,,Догляд за шкірою
481,,,,,Засоби та набори для лікування акне
482,,,,,Бальзами та засоби для догляду за губами
543573,,,,,,Бальзами для губ
543574,,,,,,Медикаментозне лікування губ
2526,,,,,Засоби для очищення обличчя
2592,,,,,Лосьйон та зволожувач
2740,,,,,Засоби для засмаги
5338,,,,,,Засоби для самозасмаги
5339,,,,,,Засоби для засмаги (масло та лосьйон)
2844,,,,,Засоби від сонця
5820,,,,,Засоби від комах для шкіри
5976,,,,,Тонери та звужувальні засоби
543658,,,,,,Тонери
543659,,,,,,Стягуючі засоби
5980,,,,,Пудра для тіла
6034,,,,,Засоби для зняття макіяжу
6104,,,,,Олія для тіла
6262,,,,,Маски та пілінги для догляду за шкірою
6753,,,,,Вазелін
6791,,,,,Смужки для очищення пор обличчя
6863,,,,,Засоби для видалення бородавок
7429,,,,,Набори для догляду за шкірою проти старіння
7467,,,,,Набори для очищення обличчя
8029,,,,,Компресовані маски-листочки для догляду за шкірою
2619,,,,Косметичні інструменти
2548,,,,,Інструменти для макіяжу
476,,,,,,Дзеркала для обличчя
2780,,,,,,Завивачки для вій
3025,,,,,,Косметичні щітки
4106,,,,,,Косметичні губки
4121,,,,,,Бумага для обличчя (для видалення блиску)
6282,,,,,,Запасні елементи для завивачки вій
6555,,,,,,Шаблони для брів
7356,,,,,,Клей та стрічка для подвійного повіка
499822,,,,,,Багаторазові палітри та кейси для макіяжу
502996,,,,,,Аксесуари для штучних вій
7256,,,,,,,Клей для штучних вій
7493,,,,,,,Аплікатори для штучних вій
502997,,,,,,,Засіб для видалення штучних вій
2958,,,,,Інструменти для догляду за шкірою
2511,,,,,,Камінь пемза
6260,,,,,,Щітки та системи для очищення шкіри
6261,,,,,,Екстрактори для догляду за шкірою
6760,,,,,,Сауни для обличчя
7018,,,,,,Ролики для догляду за шкірою
7190,,,,,,Пилки для ніг
8132,,,,,,Насадки-щітки для очищення шкіри
499926,,,,,,Аплікатори для лосьйону та сонцезахисного крему
2975,,,,,Інструменти для догляду за нігтями
2734,,,,,,Пилочки та пилки для нігтів
2739,,,,,,Штовхачі для кутикули
2828,,,,,,Нігтівниці
3037,,,,,,Ножиці для кутикули
5880,,,,,,Сушарки для нігтів
6300,,,,,,Набори інструментів для манікюру
6341,,,,,,Бафи для нігтів
7490,,,,,,Манікюрні фрезери
7494,,,,,,Розпорки для манікюру та педикюру
499698,,,,,,Аксесуари для манікюрних фрезерів
6069,,,,Набори косметики
6331,,,,Засоби для чищення косметичних інструментів
484,,,Дезодорант та антиперспірант
543598,,,,Дезодорант
543599,,,,Антиперспіранти
485,,,Жіночі гігієнічні засоби
2387,,,,Жіночі прокладки та захисники
2564,,,,Тампони
5821,,,,Жіночі душі та креми
6862,,,,Жіночий дезодорант
8122,,,,Менструальні чашки
486,,,Догляд за волоссям
1901,,,,Засоби для укладання волосся
2441,,,,Шампунь та кондиціонер
543615,,,,,Шампунь
543616,,,,,Кондиціонери для волосся
543617,,,,,Набори шампуню та кондиціонера
2814,,,,Фарба для волосся
3013,,,,Ножиці для волосся
4766,,,,Лікування випадання волосся
5977,,,,Аксесуари для фарбування волосся
6018,,,,Аксесуари для інструментів для укладання волосся
4475,,,,,Аксесуари для фенів для волосся
4569,,,,,Аксесуари для праски для волосся
5317,,,,,Заколки та шпильки для завивки волосся
6019,,,,Інструменти для укладання волосся
487,,,,,Гребінці та щітки
488,,,,,Бігуді для волосся
489,,,,,Плойки для завивки волосся
490,,,,,Фени для волосся
3407,,,,,Випрямлювачі волосся
499992,,,,,Набори інструментів для укладання волосся
6052,,,,Засоби для хімічної завивки та випрямлення волосся
6053,,,,Засоби для видалення фарби з волосся
6099,,,,Маскувальні засоби від випадання волосся
6429,,,,Парові пристрої та термошапки для волосся
8452,,,,Набори для догляду за волоссям
493,,,Догляд за спиною
7404,,,,Подушки для підтримки спини та попереку
506,,,Догляд за вухами
2596,,,,Беруши
5706,,,,Вушні свічки
6559,,,,Вушні краплі
6560,,,,Сушарки для вух
6561,,,,Вушні шприци
6562,,,,Набори для видалення вушної сірки
7542,,,,Диспенсери для берушів
500024,,,,Шматочки та ложечки для вух
515,,,Догляд за ногами
2801,,,,Устілки та вкладиші
2992,,,,Засоби для догляду за кістками на нозі
3022,,,,Засоби для догляду за мозолями та натоптюшами
3049,,,,Засоби від запаху ніг
7495,,,,Розпорки для пальців ніг
526,,,Догляд за порожниною рота
527,,,,Зубні щітки
1360,,,,Зубна паста
2527,,,,Зубні протези
2620,,,,Зубна нитка
2769,,,,Стимулятори ясен
3019,,,,Засоби для відбілювання зубів
3040,,,,Засоби для полоскання рота
4316,,,,Зубочистки
4775,,,,Аксесуари для зубних щіток
4776,,,,,Запасні насадки для зубних щіток
4942,,,,,Санітайзери для зубних щіток
6920,,,,,Кришки для зубних щіток
5154,,,,Віджимачі та дозатори для зубної пасти
5155,,,,Адгезиви для протезів
5295,,,,Стоматологічні водяні джети
5823,,,,Зубні капи
5824,,,,Засоби для чищення протезів
6189,,,,Спрей для свіжості подиху
6441,,,,Шкребки для язика
6455,,,,Запасні насадки для стоматологічного водяного джету
6715,,,,Електричні зубні нитки
8543,,,,Набори для ремонту протезів
505367,,,,Кейси для ортодонтичних пристроїв
528,,,Гоління та догляд
529,,,,Лосьйон після гоління
531,,,,Аксесуари для електробритв
532,,,,Електричні бритви
533,,,,Машинки та тримери для волосся
534,,,,Бритви та бритвені леза
2508,,,,Гемостатичні олівці
2681,,,,Щітки для гоління
2971,,,,Крем для гоління
4507,,,,Видалення волосся
4508,,,,,Депілятори
4509,,,,,Прилади для електролізу
4510,,,,,Епілятори
4511,,,,,Набори та приладдя для воскування
7199,,,,,Лазерні та IPL пристрої для видалення волосся
8136,,,,,Прилади для розігріву воску для видалення волосся
5111,,,,Набори для гоління
6842,,,,Аксесуари для машинок та тримерів для волосся
8214,,,,Засоби для відбілювання волосся на тілі та обличчі
8531,,,,Чашки та миски для гоління
777,,,Особисті змазки
1380,,,Догляд за зором
524,,,,Окуляри
2521,,,,Аксесуари для окулярів
5507,,,,,Футляри та тримачі для окулярів
8204,,,,,Ремінці та ланцюжки для окулярів
352853,,,,,Розчини для чищення лінз окулярів
543538,,,,,Запасні частини для окулярів
2733,,,,Окулярні лінзи
2922,,,,Очні краплі та змазки
2923,,,,Контактні лінзи
3011,,,,Догляд за контактними лінзами
6509,,,,,Розчин для контактних лінз
6510,,,,,Контейнери для контактних лінз
7363,,,,,Набори для догляду за контактними лінзами
6977,,,,Лінзи для сонцезахисних окулярів
2656,,,Пінцети
2934,,,Ватні палички
4076,,,Засоби для сну
4056,,,,Машини для білого шуму
4211,,,,Подорожні подушки
4313,,,,Маски для очей
6017,,,,Засоби від хропу та апної сну
4929,,,Ватні кульки
5663,,,Масаж та релаксація
471,,,,Масажери
543595,,,,,Масажні подушки
543596,,,,,Електричні масажери
543597,,,,,Ручні інструменти для масажу
1442,,,,Масажні крісла
2074,,,,Масажні столи
5664,,,,Масажна олія
8135,,,,Масажні камені
8530,,,,Підігрівачі для масажних каменів
233420,,,,Подушечки для очей
500060,,,,Скребки для спини
6921,,,Намети для спрей-засмаги
7134,,,Набори та приладдя для клізм
5573,,Чищення та догляд за ювелірними виробами
5124,,,Набори для ремонту годинників
5974,,,Стійки для ювелірних виробів
499919,,,Розчини та полірувальні засоби для чищення ювелірних виробів
500082,,,Інструменти для чищення ювелірних виробів
500083,,,Парові очисники для ювелірних виробів
536,Дім та сад
359,,Безпека бізнесу та дому
363,,,Охоронні ліхтарі
364,,,Охоронні монітори та реєстратори
365,,,Датчики охоронних систем
2161,,,Датчики руху
3819,,,Охоронні сейфи
3873,,,Домашні системи сигналізації
5491,,,Макети відеокамер спостереження
499865,,,Аксесуари для сейфів
500025,,,Дзеркала для безпеки та охорони
574,,Аксесуари для ванної кімнати
575,,,Полички для ванни
577,,,Килими та коврики для ванної
578,,,Кільця для душових штор
579,,,Держачі для серветок для обличчя
580,,,Душові штори
582,,,Мильниці та тримачі для мила
583,,,Туалетні щітки та їх утримувачі
584,,,Утримувачі для туалетного паперу
585,,,Тримачі для зубних щіток
586,,,Полички та підставки для рушників
1962,,,Душові штанги
2034,,,Гачки для халатів
2418,,,Аптечки
4366,,,Подушки для ванної
4971,,,Диспенсери для мила та лосьйону
5141,,,Сушарки для рук
6858,,,Набори аксесуарів для ванної кімнати
7093,,,Кріплення для аксесуарів ванної кімнати
7509,,,Запасні головки для туалетних щіток
8016,,,Аксесуари для сушарок для рук
8114,,,Безпечні поручні
594,,Освітлення
1436,,,Освітлення для надзвичайних ситуацій
1546,,,Прожектори та точкові ліхтарі
2370,,,Світло для картин
2425,,,Лампочки
2690,,,,Флуоресцентні трубки
2944,,,,Розжарювальні лампи
2947,,,,Компактні люмінесцентні лампи
3329,,,,LED лампочки
2608,,,Світлові мотузки та стрічки
3006,,,Світильники
2249,,,,Люстри
2524,,,,Світильники для стелі
2809,,,,Світлові прилади для шаф
6073,,,,Настінні світильники
4636,,,Лампи
6274,,,Рейкове освітлення
4932,,,,Світильники для рейкового освітлення
6272,,,,Аксесуари для рейкового освітлення
6273,,,,Рейки для рейкового освітлення
7399,,,Тікі-ліхтарі та нафтові лампи
7400,,,Освітлення ландшафтних доріжок
7401,,,Закопані світлові прилади
500003,,,Плаваючі та занурювані ліхтарики
505826,,,Нічники та атмосферне освітлення
600,,Аксесуари для куріння
4082,,,Попільнички
6878,,,Гумідори
6879,,,Ножі та проколювачі для сигар
6880,,,Аксесуари для гумідорів
6881,,,Футляри для сигарет
6882,,,Футляри для сигар
500007,,,Мундштуки для сигарет
604,,Побутові прилади
609,,,Відкривачі для гаражних дверей
616,,,Парові пилососи та мийки для підлоги
543600,,,,Парові очищувачі для килимів
543601,,,,Шампуні для килимів
543602,,,,Машини для миття підлоги
543603,,,,Парові швабри
619,,,Пилососи
621,,,Водонагрівачі
1626,,,Пристрої для контролю клімату
605,,,,Кондиціонери повітря
606,,,,Очищувачі повітря
607,,,,Зневоднювачі
608,,,,Вентилятори
1700,,,,,Вентилятори для стелі
2535,,,,,Настільні та підставкові вентилятори
4485,,,,,Вентилятори для вентиляції
7527,,,,,Ручні вентилятори та розпилювачі з живленням від електромережі
8090,,,,,Настінні вентилятори
611,,,,Обігрівачі приміщень
613,,,,Зволожувачі
2060,,,,Опалювальні радіатори
2649,,,,Обігрівачі для відкритих терас
3082,,,,Печі та котли
6709,,,,Вуличні системи туманоутворення
6727,,,,Випаровувачі-охолоджувачі
7328,,,,Обігрівачі для вентиляційних каналів
2706,,,Пральні прилади
2549,,,,Пральні машини
2612,,,,Сушарки
2849,,,,Комбіновані пральні машини
5138,,,,Парові праски для одягу
5139,,,,Праски та системи прасування
5140,,,,Парові преси
4483,,,Сушарки для футонів
5294,,,Машини для полірування підлоги
6741,,,Клавіатури та пульти для гаражних дверей
7121,,,Пароочисники для шпалер
235920,,,Сушарки для підлоги та килимів
500081,,,Ультразвукові очищувачі
630,,Побутові товари
623,,,Прилади та засоби для побутового прибирання
2250,,,,Пилоочисники
2610,,,,Скребки
2713,,,,Швабри
2796,,,,Губки та шкребки для миття
2857,,,,Мітли
4515,,,,Смітники
4670,,,,Щітки-скребки
4671,,,,Ручки для мітел та швабр
4677,,,,Щітки для чищення килимів
4973,,,,Побутові засоби для прибирання
4974,,,,,Прилади для чищення килимів
4975,,,,,Миючі засоби та мило для посуду
4976,,,,,Засоби для чищення скла та поверхонь
543649,,,,,,Засоби для чищення скла
543650,,,,,,Засоби для чищення різних поверхонь
4977,,,,,Засоби для чищення підлоги
4978,,,,,Засоби для чищення духовок та грилів
4979,,,,,Засоби від запаху та плям від домашніх тварин
4980,,,,,Засоби для чищення туалетних чаш
4981,,,,,Засоби для чищення ванн та плитки
5825,,,,,Засоби для чищення та полірування меблів
6474,,,,,Побутові дезінфекційні засоби
7330,,,,,Універсальні засоби для прибирання
7426,,,,,Засоби для чищення та полірування нержавіючої сталі
7462,,,,,Засоби для чищення пральних машин
7510,,,,,Засоби для чищення посудомийних машин
7552,,,,,Засоби для полоскання
8043,,,,,Засоби для чищення тканини та оббивки
500065,,,,,Засоби для видалення накипу та вапна
5113,,,,Рукавички для прибирання
6263,,,,Запасні частини для пилососів
6264,,,,Насадки та запасні частини для швабри
6419,,,,Засоби для захисту тканини та оббивки
6437,,,,Відра
8071,,,,Рушники для майстерні та універсальні тканини для прибирання
499767,,,,Головки та запасні частини для щіток-скребків
499892,,,,Насадки для мітел
627,,,Приладдя для прання
633,,,,Дошки для прасування
634,,,,Кошики для білизни
2677,,,,Сушарки та вішалки
2754,,,,Пральний порошок
2794,,,,Засоби для зм'якшення тканини та аркуші для сушки
3080,,,,Ролики для видалення ворсу
4656,,,,Підкладки та чохли для дошки для прасування
4657,,,,Засоби для видалення плям з тканини
4982,,,,Відбілювачи
5084,,,,Кулі для прання
5085,,,,Мішки та рамки для прання
5704,,,,Прищепки для білизни
5705,,,,Машинки для видалення катишків
6240,,,,Освіжувачі для тканини
6387,,,,Крохмаль для тканини
7320,,,,Набори для хімчистки
7457,,,,Захисні накладки для одягу
7502,,,,Засоби проти зморшок та антистатичні спреї
499931,,,,Запасні частини для дошки для прасування
499937,,,,Підставки для праски
628,,,Засоби та інструменти для догляду за взуттям
1659,,,,Полірувальні засоби та воски для взуття
1874,,,,Щітки для взуття
2301,,,,Сумки для взуття
2371,,,,Сушарки для взуття
2431,,,,Блоки та формувачі для взуття
5600,,,,Витяжки для чобіт
5601,,,,Штифти для взуття та допоміжні засоби для одягання
5604,,,,Засоби для догляду за взуттям та барвники
8031,,,,Шкребки для взуття
8032,,,,Полірувальники для взуття
8033,,,,Набори для догляду за взуттям
636,,,Зберігання та організація
2446,,,,Гачки та стелажі для зберігання
5494,,,,,Підставки та стійки для парасольок
5707,,,,,Універсальні гачки
499930,,,,,Гачки та стійки для дошки для прасування
3561,,,,Побутові сумки для зберігання
4360,,,,Зберігання фотографій
40,,,,,Фотоальбоми
4237,,,,,Коробки для зберігання фотографій
5128,,,,Шухляди для їдального прибору
5558,,,,Зберігання одягу та гардеробу
631,,,,,Вішалки
3722,,,,,Стійки для зарядки
5559,,,,,Стелажі та органайзери для взуття
5714,,,,,Органайзери для гардеробу та вішалки для одягу
5716,,,,,Вішалки-секретарі
7514,,,,,Шкатулки для капелюхів
5631,,,,Побутові контейнери для зберігання
6986,,,,Побутові кошики для зберігання
7255,,,,Побутові шухляди для зберігання
8058,,,,Вставки-органайзери для побутових шухляд
728,,,Засоби від шкідників
2631,,,,Пастки від шкідників
2865,,,,Репеленти
512,,,,,Побутові засоби від комах
7137,,,,,Засоби відлякування тварин та домашніх тварин
2869,,,,Пестициди
4220,,,,Мухобійки
2374,,,Мішки для сміття
2530,,,Побутові паперові вироби
624,,,,Серветки для обличчя
629,,,,Туалетний папір
2742,,,,Паперові рушники
3846,,,,Паперові серветки
3307,,,Підкладки для килимів
3355,,,Побутові термометри
4516,,,Зберігання відходів
637,,,,Смітники та кошики для сміття
4517,,,,Контейнери для сортування відходів
5143,,,,Контейнери для небезпечних відходів
500039,,,,Контейнери для сміття
5056,,,Аксесуари для пресів для сміття
6757,,,Аксесуари для зберігання відходів
4717,,,,Кришки для контейнерів з відходами
6726,,,,Огородження для контейнерів з відходами
6758,,,,Колеса для контейнерів з відходами
6765,,,,Візки для контейнерів з відходами
500115,,,,Етикетки та знаки для контейнерів з відходами
7214,,,Захисники для підлоги від меблів
7351,,,Вкладиші для шухляд та полиць
7406,,,Поглиначі вологи
8522,,,Килимики для гаражного підлоги
499674,,,Плівка та килимки для захисту підлоги
499885,,,Сходинки сходів
638,,Кухня та їдальня
649,,,Барне приладдя
650,,,,Декантери
651,,,,Шейкери та інструменти для коктейлів
3427,,,,,Відкривачки для пляшок
4222,,,,,Льодяні шпажки для бару
6956,,,,,Шейкери для коктейлів
503757,,,,,Мадлери
505327,,,,,Сита для коктейлів
1817,,,,Диспенсери та крани для пива
2363,,,,Підставки для склянок
2976,,,,Коркові штопори
4562,,,,Затискачі та зберігачі для пляшок
4563,,,,Аератори для вина
6957,,,,Набори інструментів для коктейлів та барного приладдя
7008,,,,Прикраси для винних келихів
7075,,,,Фонтани для абсенту
7139,,,,Ножі для фольги
7238,,,,Підставки для кухольних подставок
7569,,,,Кубики та палички для охолодження напоїв
8493,,,,Тримачі для пляшок вина
499990,,,,Кришки для пляшок
505806,,,,Ванни та охолоджувачі для напоїв
668,,,Кухонні інструменти та приладдя
639,,,,Фартухи
653,,,,Друшляки та сита
665,,,,Кухонні ножі
666,,,,Дошки для різання
670,,,,Рукавички для духовки та тримачі для каструль
733,,,,Відкривачки для банок
741,,,,Електричні ножі
2948,,,,Кухонні органайзери
2344,,,,,Органайзери для спецій
3061,,,,,Тримачі та диспенсери для паперових рушників
3072,,,,,Підставки та диспенсери для серветок
3177,,,,,Органайзери для кухонного столу та бару
3479,,,,,Тримачі для посуду для напоїв
3831,,,,,Підноси для столових приборів та посуду
3845,,,,,Стелажі для горщиків
4322,,,,,Підставки та дозатори для зубочисток
5059,,,,,Тримачі та диспенсери для соломинок
5157,,,,,Блоки та тримачі для ножів
6415,,,,,Цукерниці
6480,,,,,Органайзери для банок
6487,,,,,Органайзери для кухонних шаф
8012,,,,,Стійки та тримачі для кухонних приладдів
3091,,,,Кулінарні термометри
3156,,,,Терки та щітки для продуктів
3175,,,,Лопатки
3202,,,,,Ложки для морозива
3258,,,,,Ложки для дині
3708,,,,,Лопатки для льоду
502966,,,,,Лопатки для попкорну та картоплі фрі
3196,,,,Шпателі
3206,,,,Кухонні різаки
3248,,,,М'ясорубки
3256,,,,Кухонні шкребки
3086,,,,,Шкребки для миски
3419,,,,,Скребки для верстака
3633,,,,,Шкребки для грилю
3268,,,,Сушарки та піддони для посуду
3294,,,,Товкачі
3347,,,,Шприци для заправки
3381,,,,Галети
3586,,,,,Щипці для раків та крабів
3685,,,,,Горіхоколи
4214,,,,,,Декоративні горіхоколи
3385,,,,Преси для часнику
3421,,,,Різаки для піци
3430,,,,Кулінарні пензлики для заправки
3467,,,,Валики для тіста
3475,,,,Мірні чашки та ложки
3521,,,,Очищувачі та видалювачі серцевини для продуктів
3597,,,,Віники для збивання
3620,,,,Черпаки
3713,,,,Таймери для приготування їжі
3723,,,,Дозатори для продуктів
3768,,,,Лопатки для випічки
3835,,,,Решітки для охолодження
3850,,,,Формочки для печива
3914,,,,Сушарки для салату
3999,,,,Ступки та пестлі
4005,,,,Щипці
4247,,,,Дробарі для банок
4332,,,,Блендери для тіста
4334,,,,Підставки для ложок
4530,,,,Миски для змішування
4559,,,,Чайні ситечка
4630,,,,Матеріали для декорування тортів
4705,,,,Аксесуари для валика для тіста
4706,,,,,Чохли та накладки для валика для тіста
4707,,,,,Кільця для валика для тіста
4708,,,,Серветки для випічки
4746,,,,Форми для льоду
4762,,,,Млинки для спецій
4765,,,,Набори кухонних приладдів
4771,,,,Мішки для запікання
4777,,,,Дозатори для приправ
4788,,,,Аксесуари для млинків для спецій
5078,,,,Виделки для нарізання м'яса
5080,,,,Килимки та решітки для раковини
5109,,,,Преси для картоплі
5251,,,,Кухонні ножиці
5370,,,,Сита для борошна
5928,,,,Кулінарні горілки
6342,,,,Преси для печива
6388,,,,Ложки з отворами
6408,,,,Лопатки для тортів
6411,,,,Аксесуари для електричних ножів
6412,,,,,Запасні леза для електричних ножів
6497,,,,Міксери та шейкери для заправки до салату
6522,,,,Ножі для канавок
6526,,,,Дозатори для олії та оцету
6554,,,,Палички та шампури для їжі
6723,,,,Ролики для тіста
6746,,,,Органайзери для раковини
6749,,,,Форми та штампи для пасти
6787,,,,Форми для желатину
6974,,,,Дозатори для цукру
7149,,,,Диспенсери для напоїв
7247,,,,Килимки для суші
7329,,,,Пакети для варіння на пару
7331,,,,Аксесуари для кулінарних термометрів
7365,,,,Аксесуари для різака для піци
7485,,,,Преси для сушеної м'ясної закуски
8006,,,,Кухонні форми
503005,,,,Лійки
505316,,,,Трафарети для їжі та напоїв
672,,,Посуд
652,,,,Кавники та чайники
673,,,,Посуд для вечері
3498,,,,,Миски
3553,,,,,Тарілки
5537,,,,,Набори посуду для вечері
674,,,,Посуд для напоїв
2169,,,,,Кружки
2694,,,,,Стопки
2712,,,,,Винні келихи
2951,,,,,Тамблери
6049,,,,,Кавові та чайні чашки
6051,,,,,Блюдця для кави та чаю
6958,,,,,Набори посуду для напоїв
7568,,,,,Пивні склянки
675,,,,Їдальний прибір
3699,,,,,Палички для їжі
3844,,,,,Столові ножі
3939,,,,,Ложки
4015,,,,,Виделки
5647,,,,,Набори їдального прибору
6439,,,,,Аксесуари для паличок для їжі
676,,,,Солонки та перечниці
677,,,,Підставки під гаряче
4026,,,,Посуд для подачі страв
3330,,,,,Кувшини та графіни для подачі
3373,,,,,Цукерниці та молочники
3703,,,,,Соусники
3802,,,,,Підноси для подачі страв
3941,,,,,Супниці
4009,,,,,Сервірувальні підноси
4372,,,,,Підставки для тортів
4735,,,,,Чаші для пуншу
5135,,,,,Підкладки для тортів
6086,,,,,Масляниці
7550,,,,,Підставки для яєць
6425,,,,Аксесуари для посуду для подачі страв
6426,,,,,Підставки для супниць
6427,,,,,Кришки для супниць
6434,,,,,Підставки для пуншу
6740,,,,Набори для кави та чаю
8046,,,,Зажими та ваги для скатертини
730,,,Кухонна техніка
610,,,,Утилізатори відходів
679,,,,Варочні поверхні
680,,,,Посудомийні машини
681,,,,Морозильники
683,,,,Духовки
684,,,,Витяжки
685,,,,Плити
686,,,,Холодильники
687,,,,Коптильні для їжі
688,,,,Преси для сміття
732,,,,Хлібопічки
736,,,,Кавоварки та еспресо-машини
1388,,,,,Кавоварки з крапельним фільтром
1557,,,,,Френч-преси
1647,,,,,Електричні та кавоварки для еспрессо
2247,,,,,Перколятори
2422,,,,,Кавоварки для еспресо
5286,,,,,Вакуумні кавоварки
738,,,,Фритюрниці
743,,,,Сушарки для продуктів
744,,,,М'ясорубки та млини для продуктів
747,,,,Електричні плитки
748,,,,Машинки для морозива
749,,,,Дробарки та бритви для льоду
750,,,,Соковижималки
751,,,,Електричні чайники
752,,,,Точила для ножів
753,,,,Мікрохвильові печі
755,,,,Машинки для пасти
756,,,,Машинки для попкорну
763,,,,Вакуумні запайщики
765,,,,Водяні фільтри
766,,,,Прилади для виготовлення йогурту
1015,,,,Переносні кухонні плити
2985,,,,Вуличні грилі
3181,,,,Різачі для делікатесів
3293,,,,Водяні кулери
3319,,,,Машинки для виготовлення цукрової вати
3526,,,,Пінітелі та парові кавоварки для молока
4161,,,,Машинки для льоду
4421,,,,Електричні сковорідки та воки
4482,,,,Прилади для приготування тістечок моті
4495,,,,Ростерні духовки та вертелі
4528,,,,Чайники
4532,,,,Кухонні плити та пароварки
737,,,,,Повільноварки
739,,,,,Пристрої для варіння яєць
757,,,,,Рисоварки
760,,,,,Пароварки
6279,,,,,Водяні печі
6523,,,,,Термічні кухонні прилади
4539,,,,Винні холодильники
4720,,,,Горщики для фондю та набори
5057,,,,Прилади для виготовлення соєвого молока
5090,,,,Машини для темперування шоколаду
5103,,,,Прилади для підігріву їжі
4292,,,,,Парові столи
5349,,,,,Теплові лампи для продуктів
6548,,,,,Блюда для подачі гарячих страв
504633,,,,,Контейнери для рису
5156,,,,Прилади для приготування заморожених напоїв
5287,,,,Підігрівачі для напоїв
5289,,,,Тостери та грилі
759,,,,,Тостери для сендвічів
761,,,,,Прилади для приготування їжі: міні-духовки та тостери
762,,,,,Тостери
764,,,,,Вафельниці
5291,,,,,Пристрої для виготовлення піццелле
5292,,,,,Машинки для виготовлення тортильї та лавашу
5318,,,,,Прилади для випічки мафінів та кексів
6278,,,,,Пристрої для виготовлення піци та печі
6516,,,,,Машинки для виробництва прецелів
6819,,,,,Машинки для виготовлення пончиків
5577,,,,Прилади для приготування газованої води
6524,,,,Газові скалети
6543,,,,Прилади для приготування гарячих напоїв
7165,,,,Електричні сковороди та грилі
505666,,,,Кухонні міксери та блендери
2626,,,Зберігання їжі
667,,,,Контейнери для зберігання їжі
2644,,,,Банки для печива
3110,,,,Пакувальна плівка для їжі
1496,,,,,Фольга
3750,,,,,Пластикова плівка
3956,,,,,Папір для воскування
5642,,,,,Папір для випічки
3337,,,,Хлібниці та пакети для хліба
3591,,,,Пакети для зберігання їжі
5134,,,,Банки для меду
6481,,,,Кришки для їжі
6534,,,,Відра для цукерок
2901,,,Аксесуари для кухонної техніки
1334,,,,Аксесуари для мікрохвильових печей
2540,,,,Аксесуари для машинки для пасти
3443,,,,Запчастини та аксесуари для посудомийних машин
3489,,,,Аксесуари для хлібопічок
3523,,,,Аксесуари для вакуумних запайщиків
3124,,,,,Пакети для вакуумних запайщиків
3684,,,,Аксесуари для вуличного грилю
3382,,,,,Решітки та накладки для вуличного грилю
3855,,,,,Чохли для вуличного грилю
4560,,,,,Вертела та кошики для вуличного грилю
5670,,,,,Візки для вуличного грилю
5671,,,,,Чіпси та гранули для куріння
5672,,,,,Дошки для вуличного грилю
5694,,,,,Брикети з деревного вугілля
7540,,,,,Димарі для деревного вугілля
505667,,,,,Запасні частини для вуличного грилю
3848,,,,Аксесуари для холодильників
3954,,,,Аксесуари для фритюрниці
3988,,,,Аксесуари для кавоварок та еспресо-машин
734,,,,,Кавомолки
3239,,,,,Кавові графіни
3450,,,,,Фільтри для кави
3838,,,,,Портафільтри
4500,,,,,Кошики для кавових фільтрів
4786,,,,,Аксесуари для кавомолок
5065,,,,,Водяні фільтри для кавоварок
5066,,,,,Кувшини для пінки
6888,,,,,Підігрівачі для кавових графінів
503736,,,,,Запчастини для кавоварок та еспресо-машин
4519,,,,Аксесуари для соковижималок
4653,,,,Аксесуари для сушарок для їжі
4654,,,,,Тарілки для сушарок для їжі
4655,,,,,Листи для сушарок для їжі
4674,,,,Аксесуари для машинки для морозива
4675,,,,,Миски-морозильники для машинки для морозива
4763,,,,Аксесуари для м'ясорубок
5042,,,,Аксесуари для дробарок та бритв для льоду
5075,,,,Аксесуари для машинки для попкорну
5076,,,,Аксесуари для машинки для виготовлення цукрової вати
5570,,,,Аксесуари для приладу для виготовлення йогурту
6747,,,,Аксесуари для утилізації сміття
6944,,,,Аксесуари для наборів фондю
6945,,,,,Виделки для фондю
6946,,,,,Підставки для горщиків фондю
503725,,,,,Гелеве паливо для приготування їжі
7006,,,,Аксесуари для переносної кухонної плити
7118,,,,Аксесуари для водяних кулерів
7119,,,,,Пляшки для водяного кулера
7187,,,,Аксесуари для машинки для льоду
7355,,,,Аксесуари для електричних сковорідок та воків
7444,,,,Аксесуари для тостерів
7570,,,,Аксесуари для морозильників
8051,,,,Аксесуари для парових столів
8052,,,,,Кришки для гастроємкостей парових столів
8053,,,,,Гастроємкості для парових столів
8087,,,,Аксесуари для витяжок
8106,,,,Аксесуари для винних холодильників
499996,,,,Аксесуари для вафельниць
500004,,,,"Аксесуари для плит, духовок та діапазонів"
500066,,,,Аксесуари для електричних чайників
502989,,,,Аксесуари для приладу для приготування газованої води
505765,,,,Аксесуари для кухонних міксерів та блендерів
2920,,,Транспортувальні засоби для їжі та напоїв
669,,,,Ланч-бокси та термосумки
671,,,,Пікнічні кошики
1017,,,,Охолоджувачі
1444,,,,Фляжки
2507,,,,Термосумки
3435,,,,Фляги
3800,,,,Термоси
3809,,,,Пляшки для води
4520,,,,Термоковзни для напоїв
4521,,,,,Чохли для банок та пляшок
4522,,,,,Терморукави для чашок
4722,,,,Термоси для напоїв
5060,,,,Замінні кришки для напоїв
6449,,,,Сумки-транспортувальники для вина
6070,,,Посуд для приготування та випічки
640,,,,Вироби для випічки
641,,,,,Протвені та листи для печива
642,,,,,Форми для випічки хліба
643,,,,,Форми для випічки тортів
644,,,,,Форми для мафінів та випічки
645,,,,,Форми для пирогів та кіш
646,,,,,Камені для піци
647,,,,,Рамекіни та форми для суфле
648,,,,,Жаровні сковорідки
2843,,,,,Пательні для піци
4764,,,,,Набори для випічки
6756,,,,,Пательні для запікання
654,,,,Посуд для приготування їжі
655,,,,,Гусятниці
656,,,,,Парові каструлі
657,,,,,Голландські печі
658,,,,,Сковороди-гриль та плити для смаження
659,,,,,Чайники для плити
660,,,,,Скороварки та пристрої для консервування
661,,,,,Каструлі
662,,,,,Сковороди та пательні
663,,,,,Каструлі для варіння бульйону
664,,,,,Воки
4423,,,,,Пательні для соте
4459,,,,,Пательні для паельї
4721,,,,,Набори посуду
5110,,,,,Преси для грилю
5340,,,,,Таджини та глиняні горщики для приготування їжі
6518,,,,,Глеки для бродіння та квашення
6838,,,,,Сковороди для млинців та блінів
4424,,,,Аксесуари для посуду
4427,,,,,Аксесуари для вока
4662,,,,,,Кільця для вока
4663,,,,,,Щітки для вока
4501,,,,,Аксесуари для скороварок та консервування
4529,,,,,Кошики для пароварки
4660,,,,,Кришки для каструль та сковорідок
4661,,,,,Ручки для каструль та сковорідок
4502,,,,Аксесуари для випічки
4503,,,,,Килимки та підкладки для випічки
4726,,,,,Стійки для жаровних сковорідок
7131,,,,,Ваги для випічки
6071,,,,Набори посуду для приготування та випічки
6478,,,Аксесуари для зберігання їжі
5837,,,,Крутки для зв'язування та кліпси для пакетів
6479,,,,Абсорбери кисню
8039,,,,Диспенсери для пакувальної плівки
499924,,,,Етикетки для їжі та напоїв
8161,,,Збірні кухні та міні-кухні
689,,Газон та сад
2918,,,Вуличне життя
717,,,,Гамаки
718,,,,Гойдалки на веранді
719,,,,Садові парасолі та сонцезахисні відбивачі
2613,,,,Вуличні споруди
700,,,,,Садові мостики
703,,,,,"Садові арки, шпалери, альтанки та перголи"
716,,,,,Навіси та альтанки
720,,,,,"Сарай, гаражі та навіси"
6105,,,,,Аксесуари для навісів та альтанок
6106,,,,,,Каркаси для навісів та альтанок
6107,,,,,,Набори для облаштування навісів та альтанок
6108,,,,,,Верхи для навісів та альтанок
7423,,,,,,Стовпи для навісів
7424,,,,,,Вантаж-баласт для навісів
5910,,,,Пледи для вулиці
5911,,,,,Пляжні мати
5912,,,,,Підкладки для пончо
5913,,,,,Пледи для пікніка
6737,,,,Деталі та аксесуари для гамаків
6751,,,,Аксесуари для садових парасоль і сонцезахисних відбивачів
5493,,,,,Основи для садових парасоль
7107,,,,,Чохли для садових парасоль
7108,,,,,Тканина для садових парасоль і сонцезахисних відбивачів
8020,,,,,Освітлення для садових парасоль
499948,,,,,Набори для облаштування садових парасоль
499907,,,,Тенти
499908,,,,Аксесуари для тентів
499955,,,,Аксесуари для гойдалок на веранді
2962,,,Садівництво
113,,,,Добрива
691,,,,Контроль за хворобами
693,,,,Теплиці
721,,,,Горщики та вазони
1794,,,,Піски та ґрунти
543677,,,,,Пісок
543678,,,,,Ґрунт
2988,,,,Мульча
3103,,,,Гербіциди
3173,,,,Садовий інструмент
1967,,,,,Розпилювачі для газону та саду
2147,,,,,Лопати та саперки
3071,,,,,Садові вила
3388,,,,,Граблі
3616,,,,,Тачки
3644,,,,,Садові лопатки
3828,,,,,Розкидачі
3841,,,,,Обрізувальні ножиці
4000,,,,,Інструменти для обробки ґрунту
6967,,,,,Обрізувальні пили
7537,,,,,Інструменти для посадки цибулин
499922,,,,,Газонні валики
505292,,,,,Садові серпи та мачете
4085,,,,Компостування
690,,,,,Компост
6436,,,,,Компостери
6840,,,,,Аератори для компосту
5632,,,,Аксесуари для садівництва
5633,,,,,Сумки для садівництва
7184,,,,,Садові столи для розсади
503756,,,,,"Садові скутери, сидіння та колінники"
6381,,,,Тканина для ландшафтного дизайну
6413,,,,Аксесуари для тканини для ландшафтного дизайну
6421,,,,,Стрічка для тканини для ландшафтного дизайну
6422,,,,,Скоби та шпильки для тканини для ландшафтного дизайну
6428,,,,Підставки для рослин
6834,,,,Бочки для дощової води
499894,,,,Підтримки та клітки для рослин
499962,,,,Підкладки для горщиків та вазонів
500033,,,,Піддони та тарілки для садових горщиків
505326,,,,Аксесуари для садового інструменту
4972,,,,,Деталі для тачок
505321,,,,,Робочі частини садового інструменту
505322,,,,,Ручки для садового інструменту
3568,,,Зрошення та ірригація
2313,,,,Садові шланги
3780,,,,Аксесуари для спринклерів
1302,,,,,Керування спринклерами
3491,,,,,Клапани для спринклерів
4201,,,,Розпилювачі для садових шлангів
4718,,,,Фітинги та клапани для садових шлангів
6318,,,,Лейки
7561,,,,Спринклери та головки спринклерів
230912,,,,Кулі та шипи для зрошення
505814,,,,Аксесуари для лейки
3798,,,Вуличне енергетичне обладнання
694,,,,Газонокосарки
3311,,,,,Трактори для газону
3730,,,,,Газонокосарки з ручним керуванням
6258,,,,,Травокосарки з тягачем
6788,,,,,Роботизовані газонокосарки
1223,,,,Тримери для бур'яну
1226,,,,Високотискові мийки
1541,,,,Снігові пухирі
2204,,,,Мотокультиватори та культиватори
2218,,,,Газонні Тримери
3120,,,,Триммери для живоплоту
3340,,,,Дмухавки для листя
3610,,,,Бензопили
5866,,,,Трактори
6789,,,,Газонні пилососи
7245,,,,Набори вуличного енергетичного обладнання
7332,,,,Базові одиниці вуличного енергетичного обладнання
500016,,,,Підмітально-прибиральні машини
500034,,,,Аератори та детатчери для газону
4564,,,Аксесуари для обладнання зовнішнього використання
4565,,,,Аксесуари для бензопил
4646,,,,,Ланцюги для бензопил
4647,,,,,Пильні шини для бензопил
4566,,,,Аксесуари для газонокосарок
4641,,,,,Леза для газонокосарок
4642,,,,,Чохли для газонокосарок
4643,,,,,Ремені для газонокосарок
4644,,,,,Ролики та вільні колеса для газонокосарок
4645,,,,,Сумки для газонокосарок
6094,,,,,Колеса для газонокосарок
6095,,,,,Шини для газонокосарок
6541,,,,,Газонні граблі
6542,,,,,Насадки для косарки-тримера
499872,,,,,Камери для шин газонокосарок
499921,,,,,Набори для створення смуг на газоні
499923,,,,,Комплекти для мульчування газонокосарками
499960,,,,,Заглушки та пластини для мульчування газонокосарками
4567,,,,Аксесуари для снігових пухирів
5867,,,,Запчастини та аксесуари для тракторів
499880,,,,,Шини для тракторів
499881,,,,,Колеса для тракторів
6328,,,,Аксесуари для високотискових мийок
7168,,,,Аксесуари для дмухавок для листя
7171,,,,,Труби для дмухавок для листя
7169,,,,Аксесуари для тримерів
7170,,,,,Леза та шпулі для тримерів
8034,,,,,Кришки шпулі для тримерів
7265,,,,Аксесуари для триммера для живоплоту
7333,,,,Батареї для вуличного енергетичного обладнання
7563,,,,Аксесуари для газонних тримерів
8485,,,,Багатофункціональні насадки для садової техніки
7334,,,,,Насадки для триммера для живоплоту
7335,,,,,Насадки для тримерів
7564,,,,,Насадки для газонних тримерів
8487,,,,,Насадки для очищення поверхні та видалення листя.
8488,,,,,Насадки для мотоблока та культиватора
8489,,,,,Насадки-пилки для шеста
5362,,,Видалення снігу
5363,,,,Снігові лопати
5364,,,,Скребки для льоду та снігові щітки
696,,Декор
9,,,Художні твори
11,,,,Скульптури та статуї
500044,,,,"Плакати, принти та візуальні твори мистецтва"
500045,,,,Декоративні гобелени
572,,,Адресні знаки
573,,,Кошики
587,,,Книжкові упори
592,,,Домашні аромати
588,,,,Свічки
3686,,,,Ладан
3898,,,,Освіжувачі повітря
4740,,,,Потпурі
5847,,,,Ароматичні олії
6767,,,,Воскові тарти
595,,,Дзеркала
596,,,Сезонні та святкові декорації
3144,,,,Святкові прикраси
5359,,,,Адвент-календарі
5504,,,,Підкладки для ялинки
5930,,,,Японські традиційні ляльки
5990,,,,Гачки для святкових чоботів
5991,,,,Святкові чоботи
6531,,,,Набори для різдвяного вертепу
6532,,,,Стенди та вітрини для святкових прикрас
6603,,,,Підставки для ялинки
499804,,,,Гачки для святкових прикрас
499805,,,,Набори для прикрашання пасхальних яєць
505809,,,,Сезонні набори та аксесуари для декорування села
597,,,Фоторамки
598,,,Килими
599,,,Чохли для меблів
602,,,Вази
603,,,Оформлення вікон
2621,,,,Ламбрекени та карнизи для вікон
2882,,,,Штори та занавіски
2885,,,,Жалюзі та ролети для вікон
4375,,,,Москітні сітки для вікон
5989,,,,Віконні плівки
6492,,,,Вітражні панелі
697,,,Купіль для птахів
701,,,Прапори та вітроміри
702,,,Фонтани та ставки
2763,,,,Ставки
2921,,,,Аксесуари для фонтанів та ставків
6763,,,,Фонтани та водоспади
704,,,Декоративні та стежкові камені для саду
706,,,Поштові скриньки
708,,,Декоративні плакетки
709,,,Дощові ланцюги
710,,,Дощеміри
711,,,Сонячні годинники
712,,,Погодники та декор для дахів
714,,,Вітрові дзвіночки
2334,,,Шпалери
2675,,,Дверні килимики
2839,,,Вітряки та обертові іграшки
3221,,,Наклейки для декору дому
3262,,,Глобуси
3473,,,Музичні шкатулки
3890,,,Годинники
3696,,,,Напівпідлогові та підлогові годинники
3840,,,,Настінні годинники
4546,,,,Будильники
6912,,,,Настільні та поличні годинники
4233,,,Сундуки
4295,,,Копілки та грошові банки
4453,,,Подушки для стільців та диванів
4454,,,Декоративні подушки
4456,,,Подушки для спинки
4770,,,Безпламенні свічки
5521,,,Аксесуари для годівниць для птахів та дикої природи
5609,,,Фігурки
5708,,,Вішалки для пальт та капелюхів
5875,,,Декоративні тарілки
5876,,,Магніти на холодильник
5885,,,Оригінальні знаки
5922,,,Шкатулки для медалей
6254,,,Аксесуари для оформлення вікон
6255,,,,Затримувачі та китиці для штор
6256,,,,Кільця для штор та занавісок
6257,,,,Карнизи для штор та занавісок
8042,,,,Запасні частини для оформлення вікон
6265,,,Штучна флора
6266,,,Штучна їжа
6267,,,Вінки та гірлянди
6317,,,Декоративні пляшки
6324,,,Кільця для серветок
6333,,,Аксесуари для поштових скринь
6334,,,,Стовпи для поштових скринь
7052,,,,Огорожі для поштових скринь
7176,,,,Прапорці для поштових скринь
7177,,,,Чохли для поштових скринь
7339,,,,Замінні дверцята для поштових скринь
6424,,,Наповнювачі для ваз та декор для столу
6456,,,Декоративні підноси
6457,,,Декоративні миски
6530,,,Віконні магніти
6535,,,Снігові кулі
6547,,,Декор для газону та садові скульптури
6927,,,Подушки для пуфів
6935,,,Екосфери
6936,,,Сушені квіти
6993,,,Годівниці для птахів та дикої природи
698,,,,Годівниці для птахів
6994,,,,Годівниці для білок
6995,,,,Годівниці для метеликів
7113,,,Декоративні банки
7172,,,Ловці снів
7173,,,Сонячні ловці
7206,,,Декоративні дзвоники
7380,,,Вирізки з картону
7382,,,Номери та букви для будинків
7419,,,Аксесуари для прапорів та вітромірів
7420,,,,Світло для прапорів та вітромірів
7421,,,,Палиці для прапорів та вітромірів
503010,,,,Кріплення та набори для прапорів та вітромірів
7422,,,Фініалі
7436,,,Поштові слоти
230911,,,Аксесуари для будиночків для птахів та дикої природи
499693,,,Діаграми росту
500078,,,Будиночки для птахів та дикої природи
699,,,,Будиночки для птахів
500079,,,,Будинки для летючих мишей
500080,,,,Будинки для метеликів
500121,,,Аксесуари для домашніх ароматів
2784,,,,Підсвічники
4741,,,,Підставки для ладану
6336,,,,Підігрівачі для свічок та масла
500122,,,,Заглушки для свічок
503000,,,Піскові годинники
505827,,,Деталі для годинників
729,,Басейни та спа
2810,,,Басейни
2832,,,Аксесуари для басейнів та спа
2672,,,,Іграшки для басейну
2755,,,,Сачки для басейну
2860,,,,Надувні матраци та шезлонги для басейну
2939,,,,Трампліни для стрибків у воду
2981,,,,Фільтри для басейнів та спа
2994,,,,Накриття для басейнів та підлогові покриття
2997,,,,Прибиральні машини та пилососи для басейну
3017,,,,Засоби та хімікати для очищення басейну
5546,,,,Водні гірки для басейну
5654,,,,Нагрівачі для басейну
6766,,,,"Драбини, сходинки та пандуси для басейну"
6771,,,,Шланги для очищення басейну
6996,,,,Щітки та віники для басейну
7496,,,,Комплекти для терас біля басейну
500042,,,,Генератори хлору для басейнів та спа
500050,,,,Аксесуари для накриття басейну
503751,,,,Підкладки для басейнів
505815,,,,Комплекти для обслуговування басейнів та спа
2982,,,Спа
3992,,,Сауни
543687,,,Аксесуари для сауни
543631,,,,Комплекти для сауни
543632,,,,Печі для сауни
543633,,,,Відра та черпаки для сауни
985,,Рослини
984,,,Квіти
1684,,,Дерева
2802,,,Насіння
543561,,,,Цибулини рослин та квітів
543562,,,,Насіння та стрічка з насінням
5590,,,Водні рослини
6762,,,Кімнатні та вуличні рослини
543558,,,,Кімнатні рослини в горщиках
543559,,,,Кущі та чагарники
543560,,,,Ландшафтний дизайн та садові рослини
505285,,,Набори для вирощування рослин та трав
1679,,"Безпека від повеней, пожеж та газу"
1306,,,Детектори води та повені
1434,,,Вогнегасники
1639,,,Сховища для вогнегасників та пожежного обладнання
1871,,,Пожежні сигналізації
1934,,,Пожежні спринклери
7226,,,Панелі управління пожежними сигналізаціями
7227,,,Детектори тепла
499673,,,Детектори диму та вуглецю оксиду
1471,,,,Детектори диму
2164,,,,Детектори вуглецевого оксиду
2639,,Дров'яні печі
2862,,Аксесуари для камінів та дров'яних пічок
625,,,Дрова та паливо
695,,,Стелажі та носії для дров
1530,,,Інструменти для камінів
2044,,,Міхи
2365,,,Екрани для камінів
4918,,,Вентилятори та дувки для дров'яних печей
6563,,,Решітки для камінів та дров'яних пічок
7029,,,Аксесуари для стелажів та носіїв для дров
7091,,,Підкладки для каміна
7109,,,Відбивачі для камінів
7523,,,Камінні кочерги
2956,,Аксесуари для освітлення
3185,,,Абажури
3522,,,Таймери для освітлення
7338,,,Основи для ліхтарних стовпів
7447,,,Кріплення для ліхтарних стовпів
505312,,,Паливо для нафтових ламп
3348,,Аксесуари для побутової техніки
618,,,Аксесуари для пилососів
2367,,,Аксесуари для кондиціонерів
3573,,,,Фільтри для кондиціонерів
5826,,,,Чохли для кондиціонерів
2751,,,Аксесуари для водонагрівачів
1709,,,,Вентиляційні системи для водонагрівачів
1744,,,,Елементи водонагрівачів
1835,,,,Піддони для водонагрівачів
2175,,,,Баки для гарячої води
2221,,,,Стакани для водонагрівачів
2310,,,,Анодні прутки
500063,,,,Баки розширення для водонагрівачів
3410,,,Аксесуари для очищувачів повітря
3667,,,,Фільтри для очищувачів повітря
3456,,,Аксесуари для пральних машин
5158,,,,Аксесуари для парових прасок для одягу
5159,,,,Аксесуари для праски
5160,,,,Аксесуари для парових пресів
500085,,,,Аксесуари для пральних та сушильних машин
3862,,,Аксесуари для зволожувачів
3402,,,,Фільтри для зволожувачів
4548,,,Аксесуари для парових пилососів та мийок для підлоги
4650,,,Аксесуари для обігрівачів відкритих терас
4651,,,,Чохли для обігрівачів відкритих терас
4667,,,Аксесуари для зневоднювачів
5089,,,Аксесуари для вентиляторів
6773,,,Аксесуари для печей та котлів
7110,,,Аксесуари для опалювальних радіаторів
7111,,,,Рефлектори для опалювальних радіаторів
4171,,Постільна білизна та текстиль
569,,,Постільна білизна
1599,,,,Килимки для відпочинку
1985,,,,Ковдри
2314,,,,Простирадла
2541,,,,Покривала для дюймовочок
2700,,,,Подушки
2927,,,,Наволочки та покривала
2974,,,,Спідниці для ліжка
4452,,,,Захисні чохли для матраців
2991,,,,,Матрацні підкладки
4420,,,,,Наматрацники
505287,,,,Покривала та ковдри
505803,,,,Балдахіни для ліжка
601,,,Столові скатертини
2547,,,,Підкладки для столового прибору
4143,,,,Скатертини
4203,,,,Тканинні серветки
4343,,,,Ажурні серветки (дойли)
6322,,,,Скатертини-фартухи для столу
6325,,,,Декоративні бігунці для столу
4077,,,Рушники
576,,,,Рушники та ганчірки для ванної
4126,,,,Пляжні рушники
4257,,,,Кухонні рушники
505832,,,Комплекти кухонного текстилю
4358,,Парасольки та дощові парасольки
5835,,Підготовка до надзвичайних ситуацій
4490,,,Сигналізації землетрусу
4491,,,Анкери для меблів
5836,,,Набори їжі для надзвичайних ситуацій
6897,,,Термоковдри для надзвичайних ситуацій
7058,,,Інструменти та набори для надзвичайних ситуацій
6173,,Чохли та футляри для парасольок
6792,,Каміни
537,Дитячі та товари для малюків
540,,Безпека немовлят
541,,,Радіоняні
542,,,Ворота для дітей та домашніх тварин
543,,,Замки та захисні пристрої для безпеки немовлят
544,,,Безпекові бортики для немовлят
5049,,,Предмети безпеки для немовлят: ремені та повідки
6869,,,Аксесуари для дитячих та домашніх тварин
548,,Товари для підгузків
550,,,Відра для підгузків
551,,,Підгузки
553,,,Дитячі вологі серветки
2949,,,Засоби від опрелості
5628,,,Пеленальні килимки та лотки
6883,,,Органайзери для підгузків
6949,,,Підкладки для підгузків
6971,,,Водонепроникні сумки для підгузків
7001,,,Аксесуари для відра для підгузків
7014,,,Набори для підгузків
7200,,,Диспенсери та обігрівачі для дитячих вологих серветок
502999,,,Чохли для пеленальних килимків та лотків
561,,Годування та догляд
562,,,Їжа для дітей та малюків
563,,,,Дитяче молочко (формула)
5718,,,,Дитячі напої
5719,,,,Дитяче харчування
5720,,,,Прикорм для немовлят
5721,,,,Дитячі каші
8436,,,,Напої та коктейлі для харчування малюків
564,,,Дитячі пляшечки
565,,,Молоковідсмоктувачі
2125,,,Нагрудники
4768,,,Таймери для догляду за немовлятами
5296,,,Підігрівачі та стерилізатори для пляшок
5298,,,Подушки для годування
5629,,,Отримувачі
5630,,,Соски та вкладиші для дитячих пляшечок
543636,,,,Соски для дитячих пляшечок
543637,,,,Вкладиші для дитячих пляшечок
5843,,,Покривала для годування
6950,,,Пляшечки-непроливайки
7234,,,Контейнери для зберігання материнського молока
8075,,,Наволочки для подушок для годування
503762,,,Прокладки та захисні щитки для годування
505366,,,Аксесуари для молоковідсмоктувачів
2764,,Транспорт для немовлят
538,,,Дитячі рюкзаки-кенгуру
547,,,Автокрісла для дітей та малюків
568,,,Дитячі візки
2847,,Іграшки та обладнання для активності немовлят
539,,,Дитячі ігрові майданчики
555,,,Дитячі гойдалки та стрибунці
560,,,Гойдалки та стрибунці для немовлят
1241,,,Ходунки та розважальні пристрої для дітей
1242,,,Мобільні іграшки для немовлят
1243,,,Ігрові килимки та спортивні комплекси
543612,,,,Ігрові килимки
543613,,,,Ігрові спортивні комплекси
1244,,,Погремушки
3459,,,Іграшки на підтягування та відтягування
3661,,,Іграшки-алфавіти
3860,,,Іграшки для сортування та складання
7191,,,Аксесуари для мобільних іграшок для немовлят
7198,,,Іграшки для активності немовлят
7360,,,Пустушки для немовлят
4386,,Аксесуари для транспорту для немовлят
4387,,,Аксесуари для дитячих візків
4486,,,Аксесуари для автокрісел для дітей та малюків
4916,,,Аксесуари для дитячих рюкзаків-кенгуру
5845,,,Чохли для кошика для покупок та високого стільця
8537,,,Підкладки та мішки для дитячого транспорту
4678,,Купання немовлят
4679,,,Ваночки та сидіння для купання немовлят
7082,,,Душові козирьки
5252,,Здоров'я немовлят
566,,,Соски та гризунки
5253,,,Назальні аспіратори
6290,,,Набори для догляду та здоров'я немовлят
7016,,,Затискачі та тримачі для сосок
7309,,,Серветки для сосок
5859,,Набори подарунків для немовлят
6899,,Пелюшки та приймальні покривала
543664,,,Приймальні пледи
543665,,,Пелюшки
6952,,Навчання до горщика
552,,,Накладки на унітаз для дітей
6953,,,Набори для навчання до горщика
632,Фурнітура
115,,Будівельні матеріали
119,,,Двері
4468,,,,Гаражні двері
4634,,,,Двері для дому
120,,,Скло
122,,,Ізоляція
123,,,Матеріали для покрівлі
121,,,,Водостоки
2008,,,,Елементи гідроізоляції даху
4544,,,,Аксесуари для водостоків
8270,,,,Черепиця та плитки для покрівлі
124,,,Вікна
125,,,Дерев'яна планка та листовий матеріал
2030,,,Люки
2729,,,Стільниці
2826,,,Підлога та килими
6343,,,Дверна фурнітура
1356,,,,Дверні ручки та гачки
2665,,,,Дверні упори
2795,,,,Дверні стукачі
2972,,,,Дверні дзвінки та дзвоники
6446,,,,Дверні доводчики
6458,,,,Засувки для дверей
99338,,,,Накладки на ключові отвори
499970,,,,Дверні накладки для штовхання
503727,,,,Дверні коробки
6943,,,Віконні жалюзі
7004,,,Сходи
7053,,,Стінові панелі
7112,,,Ліпний декор
7136,,,Плитка для стін та стелі
7439,,,Звукоізоляційні панелі та піна
499772,,,Віконна фурнітура
499773,,,,Ручки віконних механізмів
503728,,,,Віконні рами
499949,,,Поручні та системи огорожі
503775,,,Сайдинг
503776,,,Гіпсокартон
503777,,,Арматура та сітка для армування
505300,,,Матеріали для герметизації та утеплення
127,,Електроенергія та електротехнічне обладнання
1218,,,Генератори
1869,,,Розетки та гнізда живлення
2006,,,Електромонтажні коробки та кронштейни
2028,,,Телефонні та даних роз'єми
2274,,,Коннектори та гайки для дроту
2345,,,Електропроводка та кабелі
2377,,,Рамки та кришки для розеток та вимикачів
2413,,,Набори для автоматизації дому
4709,,,Аксесуари для генераторів
4714,,,Сонячні панелі
4715,,,Комплекти для використання сонячної енергії
4789,,,Подовжувачі
5142,,,Інвертори живлення
5533,,,Перетворювачі живлення
5627,,,Кришки для електричних вилок
6375,,,Аксесуари для подовжувачів
6459,,,Електровимикачі
1935,,,,Вимикачі світла
499932,,,,Спеціалізовані електричні вимикачі та реле
6807,,,Панелі автоматичних вимикачів
6833,,,Керування та датчики для розеток
7183,,,Баласты та стартери
7275,,,Електродвигуни
499768,,,Труби та корпуси
3797,,,,Термоусадочні трубки
499770,,,,Електротехнічні труби
499893,,,Вугільні щітки
499966,,,Входи живлення
500049,,,"Анкери, ротори та статори"
503729,,,Дротяні клеми та з'єднувачі
505318,,,Трансформатори та регулятори напруги
128,,Огорожі та бар'єри
1352,,,Стовпчики огорожі
1788,,,Ворота
1919,,,Стовпи та перила огорожі
499958,,,Бар'єри для безпеки та контролю натовпу
502973,,,Панелі огорожі
502983,,,Аксесуари для огорожі та воріт
502984,,,Решітка
502986,,,Садові бордюри та обмежувачі
133,,Сантехніка
1673,,,Сантехнічні прилади
1636,,,,Ванни
1687,,,,Раковини
2757,,,,,Кухонні та господарські мийки
2886,,,,,Умивальники для ванної кімнати
2032,,,,Крани
2062,,,,Унітази та біде
1746,,,,,Пісуари
1921,,,,,Унітази
2376,,,,,Біде
7244,,,,Душові кабіни та набори
499999,,,,Комплекти для ванної кімнати
1723,,,Постачання для колодязів
1810,,,Сантехнічні фітинги та підтримки
1694,,,,Сантехнічні фланці
2068,,,,Сопла
2359,,,,З'єднувачі для труб
2466,,,,Сантехнічні вентилі
2611,,,,Регулятори для сантехніки
2634,,,,Зажими для сантехнічних труб
2710,,,,Адаптери та втулки для труб
2909,,,,Кришки та заглушки для труб
6732,,,,Прокладки та ущільнювачі
499697,,,,Вбудовані носії та монтажні рамки
2203,,,Набори для ремонту сантехніки
2216,,,Сантехнічні труби
2243,,,Рівнеміри для води
2273,,,Розподіл та фільтрація води
1390,,,,Дистилятори води
1952,,,,Знежоржавлювачі води
2055,,,,Водні фільтри в лінії
2171,,,,Аксесуари для фільтрації води
2063,,,,,Картриджі для водяних фільтрів
2406,,,,,Корпуси для водяних фільтрів
2343,,,,Диспенсери для води
1354,,,,,Водяні охолоджувачі
1821,,,,,Питні фонтани
5646,,,,Сіль для знежоржавлювачів води
2570,,,Сантехнічні шланги та трубопроводи
6832,,,Таймери для води
504635,,,Арматура та деталі для сантехнічних приладів
1458,,,,Пластини для кріплення
1489,,,,Аксесуари для кранів
8115,,,,,Аератори для кранів
8116,,,,,Ручки та регулятори кранів
1963,,,,Аксесуари для раковини
2410,,,,,Ніжки для раковини
2206,,,,Деталі для душу
581,,,,,Душові насадки
1779,,,,,Двері та огорожі для душу
2088,,,,,Душові стовпи
4728,,,,,Піддони для душу
5048,,,,,Фільтри для душової води
7130,,,,,Душові стінки та обрамлення
8277,,,,,Електричні та потужні душі
8320,,,,,Гідромасажні дюзи для ванни та душу
504638,,,,,Руки душу та з'єднувачі
2691,,,,Аксесуари для туалету та біде
1425,,,,,Плаваючі кран-бойки та клапани
1865,,,,,Сидіння для туалету та біде
2478,,,,,Декор для унітазів
2817,,,,,Ручки бачка туалету
5665,,,,,Бачки для унітазів
5666,,,,,Накладки на бачок туалету
7358,,,,,Накладки на сидіння туалету
7446,,,,,Накладки на кришки сидіння туалету
504634,,,,,Крани та душі для біде
2996,,,,Аксесуари для ванни
2463,,,,,Насадки для ванни
5508,,,,,Облицювання для ванни
505368,,,,,Основи та ніжки для ванни
504636,,,,Дренажі
504637,,,,Компоненти дренажу
1319,,,,,Сифони для сантехніки
1407,,,,,Дренажні прутки
1514,,,,,Рамки дренажу
1932,,,,,Засоби для відкриття дренажу
2170,,,,,Сантехнічні відходи
2257,,,,,Вкладиші для дренажу
2851,,,,,Кришки та сита для дренажу
1167,,Інструменти
126,,,Візки та ручні візки
130,,,Сходи та риштування
635,,,,Складні сходи
1809,,,,Робочі платформи
1866,,,,Риштування
2416,,,,Тележки зі сходами
6928,,,,Драбини
338,,,Ліхтарики та налобні ліхтари
2454,,,,Чоловіки
543689,,,,Ліхтарики
1169,,,Ковадла
1171,,,Сокири
1174,,,Різці та долота для різьблення
1179,,,Ломи
1180,,,Ножі
1181,,,,Болтові ножиці
1182,,,,Різаки для скла
1454,,,,Ручні ножиці та ніблери для металу
1824,,,,Ножиці для арматури
2080,,,,Різаки для труб
2411,,,,Універсальні ножі
2726,,,,Різаки для плитки та шиферу
7562,,,,Кусачки
1184,,,Різці та матриці
1185,,,Рукоятки
1186,,,Молотки
2208,,,,Ручні молотки
505364,,,,Електромолоти
1187,,,Літаки
1188,,,Полірувальні машини
1193,,,Інструменти для каменю
1450,,,,Шпатель для швів у камені
1555,,,,Будівельні лінії
1668,,,,Інструменти для роботи з цеглою
1799,,,,Кромкодержатели та фрези для каменю
2181,,,,Мулярні лопатки
2305,,,,Бетономішалки
2337,,,,Поплавки
4132,,,,Затиральні машини
7484,,,,Губки для шпаклівки
1194,,,Витягувачі цвяхів
1195,,,Викрутки для гайок
1196,,,Інструменти для підбирання
1201,,,Тримачі для пили
1202,,,Шпателі та скребки
1203,,,Викрутки
1206,,,Степлери та цвяхоколи
1215,,,Інструменти для герметизації
1217,,,Дрелі
1216,,,,Свердловочні преси
1367,,,,Бури
1465,,,,Станки для свердління отворів
1994,,,,Пневматичні бури
2629,,,,Ручні електробури
1219,,,Шліфувальні машини
1220,,,Теплові пістолети
1221,,,Ударні гайковерти та водії
1225,,,Полірувальні машини та бафери
1235,,,Пили
3224,,,,Ручні циркулярні пили
3494,,,,Сабельні пили
3516,,,,Відрізні пили
3517,,,,Торцові пили
3582,,,,Стрічкові пили
3594,,,,Ручні пили
3706,,,,Столові пили
3725,,,,Лобзики
4633,,,,Лобзикові верстати
7077,,,,Пилки для каменю та плитки
499985,,,,Панельні пили
1236,,,Паяльники
1238,,,Зварювальні пістолети та плазмові різаки
1305,,,Вимірювальні інструменти та датчики
1191,,,,Рівні
4081,,,,,Водяні рівні
4294,,,,,Оптичні рівні
4931,,,,,Лазерні рівні
1198,,,,Транспортири
1205,,,,Квадрати
1207,,,,Детектори прихованої проводки та металу
1374,,,,Метеостанції та прогнозувачі погоди
1413,,,,Прямі краї
1459,,,,Вимірювальні колеса
1533,,,,Вудилища для круїзного риболовлі
1539,,,,Локатори арматури
1640,,,,Розхідоміри та контролери потоку
1698,,,,Ваги
1732,,,,Манометри
1785,,,,Датчики та виявники
1850,,,,Розподілювачі
1991,,,,Газові детектори
2021,,,,Лінійки
2093,,,,Термопари та термопіли
2192,,,,Штангенциркулі
2330,,,,Направляючі для ножів
2481,,,,Рулетки
3602,,,,Барометри
4022,,,,Альтиметри
4074,,,,pH-метри
4340,,,,Теодоліти
4506,,,,Інфрачервоні термометри
4754,,,,Гігрометри
4755,,,,Вологоміри
4756,,,,Сейсмометр
4757,,,,Звукоміри
4758,,,,Метри UV світла
4759,,,,Віброметри
5371,,,,Дозиметри
5487,,,,Дальноміри
5515,,,,Прилади для вимірювання якості повітря
6799,,,,Термовізійні камери
7394,,,,Перетворювачі
500058,,,,Анемометри
503737,,,,Інструменти для тестування електрики
1391,,,Знежалювачі
1439,,,Ключі для інструментів
1469,,,Ручні інструменти для дроту та кабелю
1563,,,Вантузи
1584,,,Різьбонарізні машини
1603,,,Змінювачі лампочок
1632,,,Гайкові ключі
1644,,,Точила
1663,,,Токарні верстати
1667,,,Згиначі для труб та прутів
1787,,,Регулювачі кранів
1819,,,Розширювачі
1832,,,Інструменти для маркування
1841,,,Інструменти для фрезерування
1862,,,Щітки для труб
1923,,,Формувальники
1958,,,Плоскогубці
2015,,,Компресори
2053,,,Чистильники для труб та трубок
2077,,,Інструменти для фарбування
1300,,,,Пензлі для фарбування
1699,,,,Губки для фарбування
1774,,,,Валики для фарбування
2465,,,,Розпилювачі для фарби
2486,,,,Аерографи
6556,,,,Краєвики для фарбування
6557,,,,Палітри для фарби
499888,,,,Машинки для змішування фарби
505325,,,,Сита для фарби
2198,,,Ножі для інструментів
2456,,,Промислові вібратори
2792,,,Щітки для чищення димарів
2835,,,Затискачі та тиски для інструментів
3501,,,Бурі для свердління отворів
3745,,,Шліфувальні інструменти
3932,,,Мотики та кайли
4325,,,Компактори
4419,,,Блоки для шліфування
4672,,,Мітла для бетону
4919,,,Набори інструментів
4716,,,,Набори електроінструментів
6965,,,,Набори ручного інструменту
5077,,,Фрезерні верстати
5587,,,Багатофункціональний електроінструмент
5592,,,Робочі ліхтарі
5828,,,Дренажі для масляних фільтрів
5873,,,Магнітні щітки
5927,,,Ручні ліхтарі для роботи
6461,,,Лінійка-прокладка для електриків
6868,,,Рубанки
6938,,,Абразивні обприскувачі
7030,,,Розщеплювачі дров
7064,,,Інструменти для заклепування
7065,,,,Заклепочники
7066,,,,Плоскогубці для заклепок
7271,,,Столярні струги
7416,,,Дзеркала для інспекції
7556,,,Пушки для смазки
499887,,,Ручні електроміксери
503774,,,Запальнички та сірники
505315,,,Пробивачі та шила
1910,,Резервуари для зберігання
1974,,Замки та ключі
1870,,,Системи входу за допомогою карток-ключів
6488,,,Сировинні ключі
8067,,,Клавішні ковпачки
503730,,,Замки та защіпки
2878,,Аксесуари для фурнітури
1318,,,Котушки
1771,,,Петлі
1816,,,Фільтри та екрани
1979,,,Покривальні тканини
3974,,,Зберігання та організація інструментів
2485,,,,Ремені для інструментів та обладнання
3280,,,,Шафи та скрині для інструментів
3919,,,,Робочі верстаки
3980,,,,Ящики для інструментів
4031,,,,Піхви для інструментів
4199,,,,Складські пристрої для садових шлангів
6876,,,,Сумки для інструментів
500103,,,,Вкладиші та вставки для органайзерів інструментів
4696,,,Фурнітура для шаф
4697,,,,Задні панелі шаф
4698,,,,Замки для шаф
4699,,,,Двері для шаф
4700,,,,Ручки та важілі для шаф
232167,,,,Накладки на ключові отвори для меблів та шаф
4988,,,Брезент
6769,,,Пневматичні шланги
6770,,,Шланги для смазування
6841,,,Газові шланги
7086,,,Форми для бетону
7092,,,Кронштейни та армувальні скоби
7270,,,Штифти та стрижні для шкантів
7557,,,Сигнальні та попереджувальні стрічки
8112,,,Земляні штири
8113,,,Основи для стовпів
8470,,,Направляючі для шухляд
499933,,,Пружини
499981,,,Коліщатка
500030,,,Ковдри та покривала для переїзду та звукоізоляції
500054,,,Кріплення для фурнітури
1508,,,,Дюбелі для гіпсокартону
1739,,,,Гайки та болти
2195,,,,Шайби
2230,,,,Пости для гвинтів
2251,,,,Гвинти
2408,,,,Цвяхи
7062,,,,Заклепки
500055,,,,Різьбові стрижні
502977,,,"Ланцюги, дріт та мотузки"
1492,,,,Ланцюги
3053,,,,Мотузки та троси
4469,,,,Ланцюги з ручкою
5119,,,,Шпагат
6297,,,,Стяжні ремені
6298,,,,Еластичні мотузки
6904,,,,Універсальний дріт
503731,,,Форми для лиття металу
503773,,,"Гачки, пряжки та замки"
502978,,,,Стяжки для ременів
502992,,,,Універсальні пряжки
503764,,,,З'єднувачі та ланки для ланцюгів
503770,,,,"Гачки, затискачі та канатні затискачі для підйому"
505320,,,Стінові домкрати та опори
3650,,Аксесуари для інструментів
2174,,,Леза інструментів
2202,,,,Полотна для пили
505831,,,,Леза для ножів та скребків
2380,,,Промислові степлерні скоби
2447,,,Аксесуари для ліхтариків
3281,,,Аксесуари для паяльника
3609,,,,Насадки для паяльника
3629,,,,Стійки для паяльника
3470,,,Аксесуари для коригувального білизни
3210,,,,Фрези для формування
3744,,,Аксесуари для роутерів
3300,,,,Столи для роутерів
3673,,,,Фрези для роутерів
3944,,,Аксесуари для дрелей та викруток
1540,,,,Бури та біти для дрелей та викруток
6378,,,,Заточувачі для бурів
6806,,,,Ножовки для отворів
7140,,,,Продовжувачі для бурів
8275,,,,Станини та направляючі для дрелей
8276,,,,Патрони для дрелей
4487,,,Аксесуари для шліфування
3240,,,,Шліфпапір та шліфувальні губки
4658,,,Стенди для інструментів
4659,,,,Станини для пили
5526,,,Аксесуари для вимірювальних інструментів та датчиків
5556,,,,Аксесуари для газових детекторів
5557,,,,Аксесуари для інструментів для тестування електрики
7415,,,,Аксесуари для мультиметрів
503007,,,,Аксесуари для ваг
5571,,,Торцеві головки
6292,,,Зарядні пристрої для електроінструментів
6295,,,Акумулятори для електроінструментів
6471,,,Аксесуари для водіїв
6549,,,Аксесуари для пили
6501,,,,Аксесуари для столової пили
6503,,,,Аксесуари для торцових пил
7345,,,,Аксесуари для ручних циркулярних пил
7346,,,,Аксесуари для лобзика
7515,,,,Аксесуари для стрічкових пил
6907,,,Шаблони
6939,,,Аксесуари для абразивного обприскувача
6940,,,,Шафи для абразивної очистки
7019,,,Аксесуари для інструментів для фарбування
6887,,,,Аксесуари для аерографів
7020,,,,Аксесуари для валиків для фарбування
328062,,,,Засоби для чищення пензлів
7056,,,Аксесуари для молотків
7055,,,,Ручки для молотків
7057,,,,Головки молотків
7087,,,,Аксесуари для повітряних молотків
7326,,,Аксесуари для сокир
7369,,,,Головки сокир
7370,,,,Рукоятки для сокир
7472,,,Магнітні та демагнітні пристрої
8117,,,Аксесуари для ножів
8118,,,,Матриці для ніблерів
8258,,,Безпекові троси для інструментів
499859,,,Аксесуари для шліфувальних машин
499860,,,,Шліфувальні круги та точила
499886,,,Лопатки для змішування
499947,,,Аксесуари для зварювання
505323,,,Аксесуари для мотики та кайлів
505324,,,,Рукоятки для мотики та кайлів
505810,,,Клини для ручок інструментів
505812,,,Клинові інструменти
499873,,"Опалення, вентиляція та кондиціонування"
1519,,,"Керування системами опалення, вентиляції та кондиціонування"
1897,,,,Термостати
2238,,,,Панелі керування
500043,,,,Гігростати
2766,,,Вентиляційні отвори та димарі
499874,,,Вентиляційні канали
500090,,,Сушарки для повітря та фільтрів
499982,,Малі двигуни
500096,,Насоси для фурнітури
500097,,,"Насоси для спринклерних,бустерних та зрошувальних систем"
500098,,,"Насоси для басейну, фонтану та ставка"
500099,,,Насоси для домашніх приладів
500100,,,Насоси та системи для колодязів
500101,,,Універсальні насоси
500102,,,"Насоси для стічних вод, каналізації та дренажу"
502975,,Паливні контейнери та баки
503739,,Будівельні витратні матеріали
1753,,,Смазки
1995,,,Припій і флюс
2212,,,Стрічка для фурнітури
2277,,,Хімікати
1479,,,,Засоби для чищення димарів
1735,,,,Нейтралізатори кислоти
1749,,,,Засоби для чистки дренажу
6191,,,,Обігрівачі
6795,,,,Аміак
7470,,,,Обробка септичних баків та вигрібних ям
7503,,,,Засоби для чистки терас та огорож
7504,,,,Засоби для чищення бетону та кладки
500088,,,,Рідина для запальничок
505319,,,,Електричні спреї для заморожування
503740,,,Матеріали для живопису
1361,,,,Фарби
1648,,,,Плями
2058,,,,Грунтовки
2474,,,,Біндери для фарб
503738,,,,Лаки та фінішні покриття
503741,,,"Розчинники, відновники та розріджувачі"
503742,,,Клей та адгезиви для фурнітури
503743,,,Витратні матеріали для каменю
2282,,,,"Цемент, розчин та бетонні суміші"
3031,,,,Цегла та бетонні блоки
499876,,,,Шпаклівка
503744,,,Захисні покриття та герметики
505305,,,Грунтовка для сантехніки
505802,,,Шпаклівка та гіпс для ремонту стін
543575,,Паливо
543576,,,Керосин
543578,,,,Фарбований керосин
543579,,,,Прозорий керосин
543577,,,Пропан
543703,,,Паливна олія для опалення дому
772,Для дорослих
773,,Еротика
774,,,Еротичний одяг
776,,,Еротичні DVD та відео
778,,,Секс-іграшки
779,,,Еротичні книги
4060,,,Еротичні журнали
5055,,,Еротичні продукти та їстівні товари
6040,,,Еротичні ігри
6536,,,Набори для танців на пілоні
780,,Зброя
726,,,Газові балончики та перцевий спрей
727,,,Електрошокери та тазери
782,,,Вогнепальна зброя
2214,,,Догляд за зброєю та аксесуари
781,,,,Боєприпаси
1783,,,,Піхви для зброї
1806,,,,Рукоятки зброї
1822,,,,Направляючі для зброї
5067,,,,Ліхтарики для зброї
499853,,,,Ремені для зброї
500048,,,,Кейси та сумки для зброї
503021,,,,Чищення зброї
499854,,,,,Розчинники для чищення зброї
499855,,,,,Ганчірки та тампони для чищення зброї
499856,,,,,Патчі для чищення зброї
503026,,,,Прилади та обладнання для перезарядки
499857,,,,,Преси для перезаряджання боєприпасів
505762,,,,Кейси та тримачі для боєприпасів
3092,,,Нунчаки
3437,,,Кнути
3666,,,Мечі
3694,,,Метальні зірки
3833,,,Кастети
3924,,,Посохи та паличкова зброя
6109,,,Бойові ножі
7175,,,Списи
7567,,,Булави та дубинки
783,Медіа
784,,Книги
543541,,,Аудіокниги
543542,,,Електронні книги
543543,,,Друковані книги
839,,DVD та відео
543527,,,DVD з фільмами та телепрограмами
543528,,,Відеокасети VHS з фільмами та телепрограмами
543529,,,Цифрові завантаження фільмів та телепрограм
855,,Музичні та звукові записи
543522,,,Музичні CD
543523,,,Платівки та LP
543524,,,Музичні касети
543525,,,Аудіозаписи розмовного жанру та полеві записи
543526,,,Завантаження цифрової музики
886,,Журнали та газети
543539,,,Журнали
543540,,,Газети
887,,Ноти
5037,,Інструкції до товарів
5038,,,Інструкції до електроніки
5039,,,Інструкції до побутових приладів
5040,,,Інструкції до кухонної техніки
5041,,,Сервісні інструкції для автомобілів
5860,,,Інструкції до моделей та іграшок
5861,,,Інструкції до обладнання для фітнесу та тренувань
7516,,,Посібники з експлуатації електроінструментів та обладнання
499821,,,Інструкції до камер та оптики
499866,,,Інструкції до канцелярських товарів
499995,,Плани столярних та деревообробних проектів
888,Транспортні засоби та запчастини
5613,,Запчастини та аксесуари для автомобілів
899,,,Деталі автомобіля
908,,,,Вихлопні системи автомобілів
2534,,,,Деталі та аксесуари для автомобільних вікон
2550,,,,Циркуляція моторної оливи в автомобілі
2641,,,,Деталі трансмісії та трансмісійного механізму автомобіля
2642,,,,Дзеркала автомобіля
2727,,,,Паливні системи автомобілів
2805,,,,Клімат-контроль автомобіля
2820,,,,Деталі двигуна автомобіля
2935,,,,Деталі підвіски автомобіля
2977,,,,Гальмівна система автомобіля
3020,,,,Системи коліс автомобіля
911,,,,,Шини для транспортних засобів
6091,,,,,,Мотоциклетні шини
6093,,,,,,Автомобільні шини
7252,,,,,,Шини для бездоріжжевих та повнопривідних транспортних засобів
2556,,,,,Деталі коліс автомобіля
2932,,,,,Диски та колеса автомобіля
6088,,,,,,Ободи та колеса для мотоциклів
6090,,,,,,Автомобільні диски та колеса
7253,,,,,,Диски та колеса для бездоріжжевих та повнопривідних транспортних засобів
2989,,,,,Аксесуари для автомобільних шин
3318,,,,Освітлення автомобіля
8137,,,,Двигуни автомобілів
8227,,,,Рама та кузовні деталі автомобіля
8228,,,,Буксирування автомобілів
8231,,,,Електричні та енергетичні системи автомобіля
8232,,,,Автомобільний килим та оббивка
8233,,,,Внутрішнє обладнання автомобіля
8234,,,,Датчики та прилади автомобіля
8235,,,,Керування автомобілем
8238,,,,Сидіння автомобіля
913,,,"Обслуговування, догляд та декор автомобілів"
2495,,,,Декор для автомобілів
2248,,,,,Автомобільні номерні знаки
2582,,,,,Аксесуари для автомобільної приладової панелі
2588,,,,,Кульки на автомобільну антену
2652,,,,,Прапори для відображення на автомобілях
2667,,,,,Наклейки на бампер
2722,,,,,Декали для автомобілів
2789,,,,,Освіжувачі повітря для автомобілів
5994,,,,,Рамки для автомобільних номерних знаків
5995,,,,,Емблеми автомобілів та прикраси капоту
7022,,,,,Кришки для автомобільних номерних знаків
7532,,,,,Автомобільні магніти
8142,,,,,Ручки перемикача передач автомобіля
8145,,,,,Кришки автомобільних важелів
8202,,,,,Плівка для оклейки транспортних засобів
8298,,,,,Кріплення та тримачі для автомобільних номерних знаків
8463,,,,,Манжети перемикача передач автомобіля
8464,,,,,Чохли для керма автомобіля
8469,,,,,Набори аксесуарів для декору автомобілів
8478,,,,,Прикраси на дзеркало заднього виду автомобіля
2788,,,,Автомобільні рідини
2513,,,,,Рідина для гідропідсилювача керма автомобіля
2517,,,,,Додатки до системи охолодження автомобілів
2635,,,,,Антифриз для автомобілів
2688,,,,,Трансмісійна рідина для автомобіля
2719,,,,,Засоби для очищення паливної системи автомобілів
2735,,,,,Автомобільні смазки
2770,,,,,Додатки для підвищення продуктивності автомобіля
2881,,,,,Засоби для видалення жиру з двигунів автомобілів
2916,,,,,Гідравлічна рідина для зчеплення автомобілів
2943,,,,,Рідина для скломийки транспортних засобів
3044,,,,,Моторна олива для автомобілів
3051,,,,,Гальмівна рідина для автомобілів
2895,,,,Чищення автомобілів
2590,,,,,Засоби для мийки автомобілів
2643,,,,,"Воски, полірувальні засоби та захисні засоби для автомобіля"
2704,,,,,Засоби для чищення автомобільних килимків та оббивки
2846,,,,,Засоби для чищення скла автомобілів
2894,,,,,Щітки для мийки автомобілів
499766,,,,,Набори для очищення паливної системи автомобілів
3436,,,,Автомобільні чохли
2494,,,,,Жорсткі верхи автомобілів
7031,,,,,М'які верхи для автомобілів
8306,,,,,Накриття для гольф-візків
8308,,,,,Кришки тонно
8309,,,,,Чохли для зберігання автомобіля
8310,,,,,,Автомобільні чохли для зберігання
8311,,,,,,Чохли для зберігання автодомів
8312,,,,,,Чохли для зберігання водного транспорту
8313,,,,,,Чохли для зберігання мотоциклів
8314,,,,,,Чохли для зберігання гольф-візків
8316,,,,,Накриття для автомобільних вітрових скель
3812,,,,Автомобільна фарба
8144,,,,,Фарба для тормозних супортів автомобіля
8450,,,,,Автомобільна лакофарбова продукція
8236,,,,Інструменти для ремонту та спеціальні інструменти для автомобілів
2647,,,,,Набори для ремонту автомобільних склопакетів
3326,,,,,Автомобільні проводи для розряду
5068,,,,,Пристрої для аварійного запуску автомобілів
6482,,,,,Сканери для діагностики автомобілів
7414,,,,,Зарядні пристрої для автомобільних батарей
8259,,,,,Інструменти для вирівнювання та демонтажу зчеплення автомобіля
8260,,,,,Набори для обслуговування гальм автомобіля
8261,,,,,Інструменти для ремонту та заміни шин автомобіля
499774,,,,,Шпатлівка для автомобільного кузова
499929,,,,,Тестери автомобільних батарей
8534,,,,Переносні каністри для палива
3391,,,Деталі та аксесуари для водного транспорту
1122,,,,Догляд за водним транспортом
3866,,,,,Засоби для чищення водного транспорту
3955,,,,,Полірувальні засоби для водного транспорту
1125,,,,Двигуни та мотори для водного транспорту
1132,,,,Деталі для яхт
3315,,,,Швартування та якорювання
3189,,,,,Якорі
3362,,,,,Якірні троси та канати
3452,,,,,Якірні ланцюги
3480,,,,,Якірні лебідки
3572,,,,,Швартові утки
3655,,,,,Гаки для човнів
3718,,,,,Сходи для човнів
3899,,,,,Сходинки для причалу
3400,,,,Паливні системи для водного транспорту
3415,,,,,Паливні лінії та їх частини для водного транспорту
3648,,,,,Паливні баки та їх частини для водного транспорту
3892,,,,,Паливні насоси та їх частини для водного транспорту
3968,,,,,Паливні лічильники для водного транспорту
3606,,,,Частини двигунів для водного транспорту
3097,,,,,Імпелери для водного транспорту
3143,,,,,Генератори для водного транспорту
3277,,,,,Поршні та деталі для водного транспорту
3321,,,,,Керування двигунами водного транспорту
3463,,,,,Карбюратори та їх частини для водного транспорту
3507,,,,,Замки для моторів водного транспорту
3566,,,,,Кріплення для моторів водного транспорту
3743,,,,,Частини системи запалювання для водного транспорту
3806,,,,,Пропелери для водного транспорту
3619,,,,Вихлопні системи для водного транспорту
3232,,,,,Колектори для водного транспорту
3309,,,,,Глушники та деталі для водного транспорту
3995,,,,Рульові деталі для водного транспорту
3308,,,,,Рульові троси для водного транспорту
3663,,,,,Рульові колеса для водного транспорту
6293,,,,Освітлення для водного транспорту
3977,,,Запчастини та аксесуари для літальних апаратів
8237,,,Зберігання та вантажі для автомобіля
2290,,,,Органайзери для автомобіля
3472,,,,Автомобільні багажники
2836,,,,,Велобагажники для автомобілів
4240,,,,,Багажники для вантажів для автомобілів
6041,,,,,Базові системи багажників для автомобілів
6042,,,,,Автомобільні кріплення для дошок водного спорту
6043,,,,,Автомобільні кріплення для лиж та сноубордів
6044,,,,,Багажники для мотоциклів та скутерів
6046,,,,,Автомобільні стійки для вудилищ
6047,,,,,Багажники для човнів для автомобілів
7115,,,,,Автомобільні стійки для зброї
4027,,,,Автомобільні причепи
1133,,,,,Трейлери для човнів
4037,,,,,Причепи для транспортування коней та худоби
4044,,,,,Причепи для вантажів та універсальні причепи
4243,,,,,Подорожні трейлери
5512,,,,Сумки та кофри для мотоциклів
6454,,,,Аксесуари для автомобільних багажників
7122,,,,,Аксесуари для автомобільних велобагажників
8086,,,,,Аксесуари для автомобільних кріплень для лиж та сноубордів
6744,,,,Вантажні сітки для автомобіля
8147,,,,Пандуси для завантаження автомобілів
8378,,,,Коробки та органайзери для вантажного відсіку вантажівки
8475,,,,Вішалки та гачки для підголівників автомобілів
8301,,,Безпека та захист автомобілів
2768,,,,Автомобільні сигналізації та замки
1802,,,,,Системи автомобільних сигналізацій
2699,,,,,Безключові системи дистанційного управління автомобілем
2750,,,,,Замки для керма автомобіля
3024,,,,,Іммобілайзери автомобілів
6083,,,,,Сигналізації та замки для мотоциклів
6084,,,,,Аксесуари для автомобільних сигналізацій
8302,,,,,Замки дверей автомобілів та запчастини
8303,,,,,,Замки та системи блокування дверей автомобілів
8304,,,,,,Ручки замків дверей автомобілів
8305,,,,,,Актуатори замків дверей автомобілів
235921,,,,,Замки автомобільних важелів
500077,,,,,Замки для коліс транспортних засобів
2879,,,,Обладнання для безпеки автомобілів
6966,,,,,Сигнальні прапорці для автомобіля
8445,,,,,Дорожні сигнальні ракети
8446,,,,,Безпекові рами та бруси автомобіля
8447,,,,,Сітки на вікна автомобілів
8448,,,,,Деталі подушок безпеки автомобіля
8449,,,,,Автомобільні ремені безпеки
8476,,,,,Ремені безпеки для автомобілів
8477,,,,,Пряжки безпеки автомобільних ременів
8506,,,,,Упори для коліс автомобіля
326120,,,,,Чохли для автомобільних ременів безпеки
5547,,,,Захисне спорядження для мотоциклістів
2110,,,,,Мотоциклетні шоломи
5106,,,,,Окуляри для мотоциклістів
5908,,,,,Рукавички для мотоциклістів
5959,,,,,Захисники грудей та спини для мотоциклістів
5960,,,,,Мотоциклетні пояси для захисту нирок
5961,,,,,Мотоциклетні ортопедичні ошийники
5962,,,,,Мотоциклетні наколінники та захисти для гомілок
5963,,,,,Захисники для ліктів та зап'ясток для мотоциклістів
6493,,,,,Деталі та аксесуари для мотоциклетних шоломів
8507,,,,,Захисники для рук мотоциклістів
362737,,,,Захисне спорядження для бездоріжжевих та повнопривідних транспортних засобів
362738,,,,,Захисні накладки для керма квадроциклів та баггі
8526,,,Електроніка для автомобіля
891,,,,Автомобільні підсилювачі
894,,,,Автомобільні еквалайзери та кросовери
895,,,,Динаміки автомобіля
2833,,,,Автомобільні сабвуфери
5438,,,,Автомобільні касетні програвачі
5525,,,,Адаптери касет для автомобіля
5572,,,,Автомобільні гучномовці
6968,,,,Камери паркування автомобіля
8483,,,,Кріплення для відеомоніторів автомобіля
505766,,,,Автомобільні аудіо/відео програвачі та вбудовані системи
5614,,Транспортні засоби
1267,,,Автомобілі
916,,,,"Автомобілі, вантажівки та мікроавтобуси"
919,,,,Мотоцикли та скутери
920,,,,Автодоми
3549,,,,Снігоходи
3931,,,,Гольф-візки
503031,,,,Бездоріжжеві та повнопривідні транспортні засоби
2528,,,,,Го-карти та дюнні багі
3018,,,,,Квадроцикли та баггі
3395,,,Літальні апарати
3540,,,Водний транспорт
1130,,,,Гідроцикли
3087,,,,Вітрильники
3095,,,,Моторні човни
5644,,,,Яхти
922,Офісні товари
923,,Систематизація та організація
925,,,Коробки для документів
926,,,Кейси та органайзери для CD/DVD
927,,,"Календарі, органайзери та планувальники"
928,,,Касові ящики
930,,,Папки для документів
939,,,Органайзери для столу
3062,,,Пенали для ручок і олівців
4312,,,Матеріали для переплету
4086,,,,Аксесуари для папок
2139,,,,,Захисні покривала для аркушів
4183,,,,,Розділювачі індексів
4212,,,,,Кільця для папок
4182,,,,Обкладинки та спайки для переплету
4303,,,,Папки-реєстратори
7080,,,,Машини для переплету
5070,,,Органайзери для вітальних карток
5531,,,Картотеки
5997,,,Адресні книжки
6171,,,Підставки для візиток
6177,,,Обкладинки для карток
6190,,,Книги для візиток
6779,,,Картотеки для рецептів
6884,,,Папки та обкладинки для звітів
543662,,,,Обкладинки для звітів
543663,,,,Папки-конверти
6885,,,Портфелі та папки-органайзери
543640,,,,Портфелі
543641,,,,Папки-портфоліо
6962,,,Поштові сортувальники
932,,Загальні офісні приладдя
934,,,Офісна стрічка
936,,,Кліпси та затискачі для паперу
543675,,,,Кліпси для паперу
543676,,,,Кліпси для папок
938,,,Гумки для стирання
944,,,Гумові стрічки
948,,,Степлерні скоби
949,,,Цвяхи та кнопки
956,,,Паперові вироби
957,,,,Візитки
958,,,,Конверти
959,,,,Індексні картки
961,,,,Зошити та блокноти
962,,,,Папір для принтера та копірки
1513,,,,Обкладинковий папір
2658,,,,Папір для папок
2689,,,,Липкі записки
3457,,,,Канцелярські товари
3871,,,,Поштові листівки
5264,,,,Пусті ID-картки
5918,,,,Бізнес-форми та квитанції
5919,,,,Папір для касових апаратів та додавальних машин
6930,,,,Чеки
960,,,Етикетки та бирки
4117,,,,Теги для відправки
4137,,,,Кліпси для етикеток
4154,,,,Вкладки для папок
4200,,,,Етикетки для відправки
4377,,,,Адресні етикетки
5502,,,,Стрічки для етикеток та запасні рулони
2591,,,"Коригувальні рідини, ручки та стрічки"
543618,,,,Коригувальні рідини
543619,,,,Коригувальні стрічки
543620,,,,Коригувальні ручки
6319,,,Латунні кріплення
8015,,,"Ламінувальна плівка, кишені та аркуші"
505805,,,Монтажна липка маса
950,,Офісне обладнання
333,,,Калькулятори
543517,,,,Графічні калькулятори
543518,,,,Базові калькулятори
543519,,,,Фінансові калькулятори
543520,,,,Наукові калькулятори
543521,,,,Будівельні калькулятори
337,,,Електронні словники та перекладачі
952,,,Машинки для створення етикеток
953,,,Офісні шредери
954,,,Системи для транскрибації та диктування
955,,,Друкарські машинки
1625,,,Ламінатори
1708,,,Поштові метри
6404,,,Часові та контрольно-пропускні годинники
499864,,,Аксесуари для калькуляторів
964,,Приладдя для презентацій
963,,,Прозорі плівки
965,,,Дошки для мелу
966,,,Демонстраційні дошки
1627,,,,Монтажні дошки
2263,,,,Плити з пінопласту
2401,,,,Дошки оголошень
2674,,,,Плакатні дошки
7525,,,,Аксесуари для дошки оголошень
7526,,,,,Обрамлення для дошки оголошень
543688,,,,,Набори обрамлень для дошки оголошень
967,,,Папір для мольбертів
968,,,Мольберти
969,,,Лазерні вказівники
970,,,Кафедри
971,,,Дошки для письма з можливістю стирання
4465,,,Бездротові презентери
4492,,,Камери для документів
2014,,Обробка паперу
1803,,,Преспап'є
1836,,,Вібратори для паперу
2207,,,Машини для складання паперу
6178,,,Підкладки для олівців
6467,,,Діроколи
6486,,,Накладки на пальці
2435,,Таблички з іменами
2636,,Товари для відправки
973,,,Коробки для переїзду та відправлення
974,,,Матеріали для пакування
975,,,Скотч для пакування
2986,,Офісні прилади
935,,,Кліпборди
941,,,Лупи
943,,,Точилки для олівців
947,,,Степлери
977,,,Письмові та креслярські прилади
978,,,,Мел
979,,,,Воскові крейди
980,,,,Маркери та маркери для письма (текстовидільники)
543608,,,,,Маркери для письма
543609,,,,,Текстові маркери
2623,,,,Художнє вугілля
4752,,,,Пастель
6065,,,,Ручки та олівці
982,,,,,Ручки
6066,,,,,Набори ручок і олівців
6068,,,,,Олівці
981,,,,,,Письмові олівці
543660,,,,,,,Механічні олівці
543661,,,,,,,Дерев'яні олівці
3026,,,,,,Художні олівці
6067,,,,Багатофункціональні письмові прилади
2883,,,Дзвінки для виклику
4341,,,Офісні штампи
4470,,,Аксесуари для письмових та креслярських приладів
4471,,,,Чорнило та заправки для ручок
4472,,,,Грифель та заправки для олівців
7117,,,,Заправки для маркерів та текстовидільників
543666,,,,,Змінні картриджі для маркерів для письма
543667,,,,,Змінні картриджі для текстових маркерів
4499,,,Видалювачі степлерних скоб
503746,,,Диспенсери для стрічки
505830,,,Відкривачки для листів
5829,,Імпульсні запаювачі
6174,,Аксесуари для книг
93,,,Закладки для книг
4941,,,Світлодіодні лампи для книг
6175,,,Підставки та упори для книг
6176,,,Обкладинки для книг
6373,,Офісні візки
1996,,,AV візки
6179,,,Універсальні візки
6180,,,Тележки для документів
6181,,,Поштові візки
6182,,,Книжкові візки
6519,,Килимики для офісу та стільців
6462,,,Килими проти втоми
6520,,,Офісні килими
6521,,,Килимики для стільців
8078,,Підкладки та блютери для столу
8499,,Підноси для роботи на колінах
988,Спортивні товари
990,,Фітнес та тренування
993,,,Фітболи
999,,,Йога та пілатес
3640,,,,Килимики для йоги та пілатесу
3810,,,,Машини для пілатесу
5107,,,,Сумки та ремені для килимка для йоги
6743,,,,Рушники для йоги та пілатесу
6750,,,,Блоки для йоги та пілатесу
3938,,,Медболи
4669,,,Килими для спортивного обладнання
5319,,,Ролики з пінопласту
5693,,,Секундоміри
5869,,,Еспандери
6103,,,Одяг з вагами
6337,,,Аксесуари для роликів з пінопласту
6338,,,,Сумки для зберігання роликів з пінопласту
6867,,,Тренажери для рук
7174,,,М'ячі для розвитку реакції
8062,,,Парашути для тренування швидкості та витривалості
8066,,,Тренажери з вібраційним навантаженням
8215,,,Турніки та бруси для віджимань
8471,,,Спортивні клини
237166,,,Степи для аеробіки
355576,,,Інверсійні столи та системи
499792,,,Кардіо
2614,,,,Скакалки
4589,,,,Кардіотренажери
992,,,,,Еліптичні тренажери
994,,,,,Тренажерні велосипеди
995,,,,,Веслувальні тренажери
996,,,,,Сходолази та степери
543610,,,,,,Сходолази
543611,,,,,,Степери для сходів
997,,,,,Бігові доріжки
4598,,,,Аксесуари для кардіотренажерів
499699,,,,,Аксесуари для бігових доріжок
499700,,,,,Аксесуари для тренажерів-степерів та сходолазів
499701,,,,,Аксесуари для тренажерів-веслувальників
499702,,,,,Аксесуари для тренажерного велосипеда
499703,,,,,Аксесуари для еліптичних тренажерів
499793,,,Підйом ваги
3164,,,,Вільні ваги
3217,,,,Аксесуари для тренажерів та лавок для підйому ваги
3542,,,,Тренажери та стійки для підйому ваги
3654,,,,Ремені для підйому ваги
3858,,,,Рукавички та опори для рук для підйому ваги
6452,,,,Аксесуари для вільних ваг
3271,,,,,Грифи для ваг
8083,,,,,Стійки для зберігання вільних ваг
499794,,,,,Замки для грифів
499795,,,Тренажерні лавки
499796,,,Тренажери для тренування рівноваги
499797,,,Тренажери для пресу (абс-ролики)
499798,,,Тренажери з підвісами
499912,,,Силові тренажери
499978,,,Набори тренажерів та спортивного обладнання
505302,,,Світлові прилади та рефлектори для спортивної безпеки
1001,,Ігри для приміщень
1002,,,Аерохокей
3245,,,,Столи для аерохокею
3548,,,,Деталі столів для аерохокею
505330,,,,Обладнання для аерохокею
1003,,,Більярд
3059,,,,Стойки для більярдних куль
3135,,,,Більярдні кулі
3139,,,,Більярдні столи
3183,,,,Деталі та аксесуари для більярдного столу
3547,,,,,Сукно для більярдного столу
3574,,,,,Більярдні лузи
3754,,,,,Щітки для більярдного столу
8065,,,,,Покривала для більярдного столу
3222,,,,Аксесуари для більярдних кийків
3720,,,,,Стойки для більярдних кийків
499993,,,,,Футляри для більярдних кийків
499994,,,,,Крейда для більярдних кийків
3469,,,,Світильники для більярдного столу
3755,,,,Більярдні рукавички
3910,,,,Більярдні кийки та мостики
1004,,,Боулінг
3219,,,,Кулі для боулінгу
3260,,,,Опори для зап'ястя для боулінгу
3535,,,,Рукавички для боулінгу
3669,,,,Кеглі для боулінгу
3698,,,,Сумки для куль боулінгу
1005,,,Метальні дротики
3327,,,,Деталі для дартсу
3109,,,,,Вісі для дартсу
3250,,,,,Наконечники для дартсу
3766,,,,,Політки для дартсу
3559,,,,Мішені для дартсу
3839,,,,Дартс
3957,,,,Захисні дошки для гри в дартс
1007,,,Настільний футбол
3524,,,,Деталі та аксесуари для столу настільного футболу
3641,,,,М'ячі для настільного футболу
3847,,,,Столи для настільного футболу
1008,,,Настільний теніс
3132,,,,Аксесуари для роботів для настільного тенісу
3345,,,,Столи для настільного тенісу
3375,,,,Ракетки та набори для настільного тенісу
3546,,,,Роботи для настільного тенісу
3788,,,,Сітки та стовпчики для настільного тенісу
3900,,,,Аксесуари для ракеток для настільного тенісу
3964,,,,М'ячі для настільного тенісу
1009,,,Столовий шафлборд
3148,,,,Столи для шафлборду
3996,,,,Порошок для столового шафлборду
4021,,,,Бітки для столового шафлборду
7010,,,Багатофункціональні ігрові столи
1011,,Вуличний відпочинок
1013,,,Кемпінг та Похід
1014,,,,Меблі для кемпінгу
3089,,,,,Дитячі ліжечка
3695,,,,,Повітряні матраци
4451,,,,,Аксесуари для повітряних матраців та спальних підкладок
1016,,,,Посуд для кемпінгу та столові прибори
1019,,,,Світло та ліхтарі для кемпінгу
1020,,,,Спальні мішки
1021,,,,Спальні килимики
1022,,,,Намети
1023,,,,Портативні фільтри та очищувачі для води
3508,,,,Хімічні грілки для рук
3538,,,,Москітні сітки та захисні екрани від комах
3738,,,,Трекінгові палиці
3937,,,,Інструменти для кемпінгу
3495,,,,,Мисливські та виживальні ножі
4095,,,,,Багатофункціональні інструменти та ножі
4785,,,,Навігаційні компаси
5636,,,,Мішки для компресії
5655,,,,Аксесуари для наметів
5656,,,,,Підкладки для наметів
5657,,,,,Вестибюлі для наметів
5658,,,,,Стовпчики та коли для наметів
499680,,,,,Внутрішні намети
5881,,,,Підкладки для спальних мішків
7154,,,,Аксесуари для трекінгових палиць
8079,,,,Вітрозахисні екрани
502993,,,,Переносні туалети та душі
502994,,,,,Переносні душі та кабіни для приватності
503009,,,,,Переносні туалети та пристрої для сечовипускання
1025,,,Велоспорт
1026,,,,Велосипеди
1030,,,,Моноколеса
3070,,,,Аксесуари для моноколес
3214,,,,Аксесуари для велосипедів
1027,,,,,Велосипедні замки
1028,,,,,Передні та задні багажники для велосипедів
3243,,,,,Велосипедні комп'ютери
3341,,,,,Велосипедні кошики
3368,,,,,Велосипедні дзеркала
3428,,,,,Стійки та місця для зберігання велосипедів
3558,,,,,Сумки та чохли для транспортування велосипедів
3631,,,,,Велосипедні допоміжні колеса
3719,,,,,Велосипедні крила
3778,,,,,Велосипедні сумки та багажники
3811,,,,,Велосипедні причепи
3827,,,,,Насоси для велосипедів
3868,,,,,Велосипедні тренажери
3879,,,,,Велосипедні дзвоники та гудки
4145,,,,,Велосипедні тримачі для пляшок
5540,,,,,Аксесуари для велосипедних комп'ютерів
5842,,,,,Дитячі велосипедні сидіння
6048,,,,,Велосипедні кріплення для дошок водного спорту
6442,,,,,Велосипедні чохли
6445,,,,,Накладки та чохли для велосипедних сідл
6506,,,,,Насоси для амортизаторів велосипедів
7223,,,,,Велосипедні петлі та затискачі для пальців
7448,,,,,Бусини для велосипедних спиць
499694,,,,,Матеріали та набори для ремонту велосипедних шин
500067,,,,,Аксесуари для дитячих велосипедних сидінь
500092,,,,,Гумки та декор для керма велосипеда
500109,,,,,Комплекти для переобладнання велосипедів в електричні
505668,,,,,Велосипедні інструменти
3531,,,,Трьохколісні велосипеди
3618,,,,Деталі для велосипедів
3216,,,,,Велосипедні колеса
3292,,,,,Велосипедні сідла
3639,,,,,Рами для велосипедів
3740,,,,,Деталі гальм велосипедів
4574,,,,,,Гальмівні етрьови велосипедів
4575,,,,,,Ручки гальм велосипедів
4576,,,,,,Гальмівні диски велосипедів
4577,,,,,,Гальмівні системи велосипедів
4194,,,,,Підсідельні штирі для велосипедів
4571,,,,,Велосипедні шини
4572,,,,,Велосипедні камери
4582,,,,,Велосипедні керма
4583,,,,,Виноси велосипедів
4585,,,,,Деталі трансмісії велосипеда
4586,,,,,,Велосипедні касети та вільні колеса
4587,,,,,,Велосипедні ланцюги
4588,,,,,,Велосипедні перемикачі передач (перекидки)
4590,,,,,,Каретки велосипедів
4591,,,,,,Велосипедні зірки
4592,,,,,,Велосипедні шатуни
4593,,,,,,Педалі для велосипедів
4594,,,,,,Велосипедні перемикачі передач (манетки)
4595,,,,,Зажими для велосипедних підсідельних штирів
4596,,,,,Малі деталі для велосипедів
4597,,,,,Деталі велосипедних коліс
4599,,,,,,Велосипедні втулки
4600,,,,,,Велосипедні спиці
4601,,,,,,Спицеві гайки велосипедних коліс
4602,,,,,,Ободи велосипедних коліс
7538,,,,,,Велосипедні педалі
8528,,,,,,Вісі та ексцентрики велосипедних коліс
499875,,,,,,Ободні стрічки для велосипедів
500053,,,,,,Деталі велосипедних втулок
4603,,,,,Велосипедні вилки
6960,,,,,Насадки на кермо велосипеда
7477,,,,,Велосипедні рульові колонки
7478,,,,,Деталі велосипедної рульової колонки
7479,,,,,,Проставки для велосипедної рульової колонки
7480,,,,,,Підшипники велосипедної рульової колонки
8239,,,,,Велосипедні підніжки
499684,,,,,Втулки для тросів велосипедів
499685,,,,,Троси велосипедів
499868,,,,,Велосипедні групсети
499869,,,,,Ковпачки для вентилів велосипедних шин
499870,,,,,Вентилі велосипедних шин
499871,,,,,Адаптери для вентилів велосипедних шин
3634,,,,Аксесуари для трьохколісних велосипедів
3982,,,,Одяг та аксесуари для велоспорту
1029,,,,,Велосипедні шоломи
3118,,,,,Велосипедні шипи
3246,,,,,Велосипедні рукавички
3272,,,,,Чохли для велосипедного взуття
7474,,,,,Аксесуари для велосипедних шипів
7453,,,,,,Чохли для велосипедних шипів
7475,,,,,,Прокладки та клинці для велосипедних шипів
7476,,,,,,Болти для велосипедних шипів
8061,,,,,Захисні накладки для велосипедів
500028,,,,,Деталі та аксесуари для велосипедного шолома
1031,,,Кінний спорт
3257,,,,Догляд за конями
5025,,,,,Вигрібання коней
6386,,,,,,Машинки та тримери для стрижки коней
499818,,,,,,"Гребені, щітки та рукавички для вигрібання коней"
5569,,,,,Конячі чоботи та бинти
6898,,,,,Конячі покривала та пледи
7459,,,,,Вітаміни та добавки для коней
7481,,,,,Ласощі для коней
7482,,,,,Корм для коней
499817,,,,,Маски від мух для коней
499819,,,,,Протигельмінтні засоби для коней
5593,,,,Коняче сідло
1491,,,,,Стяжки
1754,,,,,Вожжі
2210,,,,,Сідла
2756,,,,,Конячі упряжки
3426,,,,,Вуздечки
4018,,,,,Вустя для вуздечок
8109,,,,,Стремена
499709,,,,,Поводири для коней
499710,,,,,Конячі намордники
5594,,,,Одяг та аксесуари для верхової їзди
3084,,,,,Рукавички для верхової їзди
3265,,,,,Верхові батоги та хорти
3821,,,,,Каски для верхової їзди
6914,,,,,Верхові штани
7215,,,,Аксесуари для конячого сідла
8107,,,,,Аксесуари для сідел
7216,,,,,,Стійки для сідла
8108,,,,,,Підкладки та покривала для сідла
326122,,,,,,Сумки для сідла та багажники
499959,,,,,,Чохли та кейси для сідла
499820,,,,,Ящики для кінського спорядження
1043,,,Гольф
1044,,,,Гольф-сумки
1045,,,,Гольф-м'ячі
1046,,,,Гольф-клуби
3106,,,,Гольф-ті
3578,,,,Гольф-прапори
3642,,,,Деталі та аксесуари для гольф-клубів
4043,,,,,Чохли для головок гольф-клубів
4254,,,,,Рукоятки для гольф-клубів
499780,,,,,Втулки для гольф-клубів
3772,,,,Тренувальні пристрої для гольфу
4466,,,,Гольф-рукавички
4467,,,,Гольф-рушники
4605,,,,Аксесуари для гольф-сумок
4525,,,,,Чохли та кейси для гольф-сумок
4537,,,,,Візки для гольф-сумок
6864,,,,Маркери для гольф-м'ячів
7314,,,,Набори аксесуарів для гольфу
8044,,,,Інструмент відновлення дерену
3276,,,Скейтбординг
1059,,,,Скейтборди
3067,,,,Захисне спорядження для скейтбордингу
3488,,,,,Наколінники для скейтбордингу
7789,,,,,Рукавички для скейтбордингу
499776,,,,,Шоломи для ковзанів
3127,,,,Рейки для скейтбордінгу
3626,,,,Скейтборд-рампи
3670,,,,Деталі для скейтбордів
3192,,,,,Підвіски для скейтбордів
3637,,,,,Колеса для скейтбордів
3869,,,,,Деки для скейтбордів
505817,,,,,Малі деталі для скейтбордів
3334,,,Риболовля
1037,,,,Рибальські вудки та поводки
1041,,,,Сумки та коробки для риболовного спорядження
3096,,,,Жива наживка
3614,,,,Рибальські сіті
4926,,,,Рибальські котушки
4927,,,,Вудки
5406,,,,Рибальські та мисливські чоботи-вейдерси
6495,,,,Контейнери для рибальської наживки та прикормки
7217,,,,Матеріали для в'язання мух
6440,,,,,Риболовна нитка
7125,,,,,Рибальські намистини
7221,,,,Риболовні сітки
7342,,,,Рибальські гафи
7343,,,,Риболовні списи
7344,,,,Інструменти для видалення рибальських гачків
8064,,,,Сигналізатори покльовки
8092,,,,Аксесуари для рибальських котушок
8094,,,,,Змащувальні матеріали для рибальських котушок
8208,,,,,Запасні шпулі для рибальських котушок
8273,,,,,Сумки та чохли для рибальських котушок
8093,,,,Аксесуари для вудки
8272,,,,,Сумки та чохли для вудок
499942,,,,,Тримачі та стійки для зберігання вудок
499823,,,,Риболовні снасті
3359,,,,,Рибальські гачки
3603,,,,,Рибальські наживки та приманки
3651,,,,,Грузила для риболовлі
3859,,,,,Рибальські поплавки
7222,,,,,Застібки та вертлюги для риболовлі
3789,,,Дельтапланеризм та парашутний спорт
4023,,,,Парашути
4327,,,,Дельтаплани
5877,,,,Костюми для стрибків з парашутом
5635,,,Системи зволоження
5879,,,Самокати для їзди
5998,,,Аксесуари для системи зволоження
7059,,,Альпінізм
3201,,,,Сумки для альпіністських мотузок
3211,,,,Сумки для мелу в альпінізмі
3218,,,,Страхувальні системи для альпінізму
3266,,,,Засоби захисту для альпінізму
3322,,,,Захисні матраци для альпінізму
3363,,,,Блокувальні пристрої
3369,,,,Альпіністські стропи
3454,,,,Пристрої для підйому та спуску в альпінізмі
3518,,,,Устаткування для внутрішнього альпінізму
3746,,,,Карабіни
3825,,,,Альпіністські мотузки
3849,,,,Карабіни з експрес-слингом
7060,,,,Інструменти для льодового альпінізму
7061,,,,Льодові гвинти
499815,,,,Одяг та аксесуари для альпінізму
3314,,,,,Шоломи для альпінізму
5394,,,,,Кішені
499816,,,,,Рукавички для альпінізму
7375,,,Катання на баггі з паперовим змієм
7376,,,,Баггі для паперових зміїв
7377,,,,Аксесуари для баггі для паперових зміїв
499761,,,Інлайн ковзання та роликовий спорт
1058,,,,Інлайн ковзани
2837,,,,Роликові ковзани
499759,,,,Деталі для інлайн ковзанів
499760,,,,Запчастини для роликових ковзанів
499771,,,,Захисне спорядження для інлайн ковзання та роликового спорту
499775,,,,,Захисні накладки для роликового ковзання
500029,,,,Ролерські
499811,,,Водний спорт та веслування
1120,,,,Веслування та рафтинг
1124,,,,,Каное
1127,,,,,Каяки
1129,,,,,Весла та гребці
3406,,,,,Веслові човни
3476,,,,,Байдарки для білого водного сплаву
6097,,,,,Педальні човни
6312,,,,,Аксесуари для каяків
6314,,,,,Аксесуари для каное
7449,,,,,Рукавички для веслування
499964,,,,,Ремені для весел
1135,,,,Дайвінг та снорклінг
1136,,,,,Компенсатори плавучості
1137,,,,,Дайвінгові комп'ютери
1139,,,,,Ласти для дайвінгу та снорклінгу
1140,,,,,Маски для дайвінгу та снорклінгу
1141,,,,,Регулятори для дайвінгу
1142,,,,,Трубки для підводного плавання
5312,,,,,Ножі та ножиці для дайвінгу
6514,,,,,Пояси для дайвінгу
499867,,,,,Комплекти спорядження для дайвінгу та снорклінгу
1143,,,,Серфінг
3320,,,,,Дошки для серфінгу
3525,,,,,Плавники для серфінгу
3579,,,,,Чохли та сумки для серфінгу
3649,,,,,Повідки для серфінгу
3762,,,,,Хвостові накладки для серфінгу
3801,,,,,Воск для серфінгу
6286,,,,,Скімборди
6287,,,,,Бодіборди
6288,,,,,Сапборди
7451,,,,,Рукавички для серфінгу
1144,,,,Плавання
2966,,,,,Плавальні дошки
3304,,,,,Купальні рукавички
3360,,,,,Купальні окуляри та маски
3595,,,,,Поплавки та буї
3596,,,,,Тренажери для плавання
3807,,,,,Купальні шапочки
6330,,,,,Аксесуари для купальних окулярів та масок
6473,,,,,Ручні весла
6511,,,,,Ласти для плавання
2512,,,,,,Тренувальні ласті
6512,,,,,,Моно-плавники
6513,,,,,Пояси для плавання
6515,,,,,Затискачі для носа для плавання
6550,,,,,Купальні ваги
7104,,,,,Плавальні допоміжні засоби для дітей
1148,,,,Віндсерфінг
3413,,,,,Вітрила для віндсерфінгу
3624,,,,,Деталі до дошок для віндсерфінгу
3285,,,,,,Мачти для віндсерфінгу
3908,,,,,,Плавники для віндсерфінгу
3894,,,,,Дошки для віндсерфінгу
3195,,,,Буксирні водні види спорту
1146,,,,,Катання на водних лижах
3289,,,,,,Гідрокрила для сидіння
3350,,,,,,Водні лижі
6296,,,,,,Чохли та сумки для водних лиж
6302,,,,,,Кріплення для водних лиж
3282,,,,,Вейкбординг
3353,,,,,,Вейкборди
505291,,,,,,Деталі для вейкбордів
505317,,,,,,Кріплення для кайтбордів та вейкбордів
3370,,,,,Кнібординг
3101,,,,,,Кніборди
3636,,,,,Троси для водних видів спорту
6301,,,,,Буксирувані плоти та труби
7452,,,,,Рукавички для водних видів спорту з буксиром
5579,,,,Кайтсерфінг
5580,,,,,Кайтборди
5581,,,,,Деталі для кайтбордів
5582,,,,,Кайти для кайтсерфінгу
5583,,,,,Трапеції для кайтсерфінгу та віндсерфінгу
5584,,,,,Чохли для кайтбордів
7178,,,,Стелажі для зберігання водного транспорту
8172,,,,,Стелажі для зберігання човнів
8173,,,,,Стелажі для зберігання дошок для водних видів спорту
499813,,,,Одяг для водного спорту та веслування
1128,,,,,Рятувальні жилети
1138,,,,,Сухі костюми
1147,,,,,Гідрокостюми
3376,,,,,Рашгарди та плавальні сорочки
6496,,,,,Аксесуари для рятувальних жилетів
499687,,,,,Шоломи для водних видів спорту
499814,,,,,Частини гідрокостюма
5399,,,,,,"Капюшони, рукавички та чоботи для гідрокостюма"
5400,,,,,,Нижня частина гідрокостюма
5401,,,,,,Верхня частина гідрокостюма
499824,,,Мисливство та стрілянина
1033,,,,Стрільба з лука
3291,,,,,Деталі та аксесуари для стріл
499830,,,,,,Оперення та полювальні наконечники
499831,,,,,,Оперення стріл
499832,,,,,,Защіпки стріл
3533,,,,,Стріли для луку та арбалету
3757,,,,,Колчани
3773,,,,,Захисні нарукавники для стрільби з лука
3883,,,,,Мішені для стрільби з лука
499825,,,,,Луки та арбалети
3332,,,,,,Блочні луки
3505,,,,,,Арбалети
3715,,,,,,Блокові та довгі луки
499826,,,,,Аксесуари для лука та арбалета
499833,,,,,Рукавички та випускачі для стрільби з лука
3125,,,,Стрільба по глиняним голубам
3305,,,,,Машинки для запуску глиняних голубів
3528,,,,,Глиняні голуби
3136,,,,Мисливство
1034,,,,,Мисливські засідки та екрани
3674,,,,,Пастки для тварин
3748,,,,,Підставки для дерев
5917,,,,,Спорядження для мисливських собак
6992,,,,,Кормушки для дикої звірини
7373,,,,,Пристрої для покращення слуху
8011,,,,,Приваблювачі дикої фауни
3583,,,,,,Мисливські манекени та приманки
3756,,,,,,Мисливські сигнали та птахівництво
8080,,,,,,Покривні аромати та привабливі запахи
8081,,,,,,"Приманка, корм та мінерали для дикої фауни"
7460,,,,Захисне спорядження для мисливства та стрілянини
7461,,,,,Мисливські та стрілецькі рукавички
7518,,,,,Мисливські та стрілецькі куртки
499834,,,,Пейнтбол та ейрсофт
1049,,,,,Пейнтбол
3187,,,,,,Запчастини та аксесуари для пейнтбольної рушниці
3152,,,,,,,Подавачі для пейнтболу
3244,,,,,,,Пневматичні балони для пейнтболу
3690,,,,,,,Стволи для пейнтбольної рушниці
8514,,,,,,,Передні рукоятки для пейнбольних рушниць
3234,,,,,,Рушниці для пейнтболу
3408,,,,,,Гранати для пейнтболу
3438,,,,,,Кулі для пейнтболу
6748,,,,,,Гранатомети для пейнтболу
6781,,,,,,Пояси та рюкзаки для пейнтболу
2443,,,,,Ейрсофт
3093,,,,,,Ейрсофт гармати
3116,,,,,,Запчастини та аксесуари для ейрсофт гармат
8005,,,,,,,Батареї для ейрсофт гармат
3925,,,,,,Ейрсофтні кульки
499835,,,,,Захисне спорядження для пейнтболу та страйкболу
499836,,,,,,Рукавички для пейнтболу та ейрсофту
499837,,,,,,Жилети для пейнтболу та страйкболу
499838,,,,,,Окуляри та маски для пейнтболу та ейрсофту
499839,,,,,,Наколінники та налікотники для пейнтболу та ейрсофту
499840,,,,Аксесуари для стрільби та полігону
3170,,,,,Мішені для стрільби
499841,,,,,Палиці та двоноги для стрільби
499842,,,,,Підставки для стрільби
499844,,,Зимові види спорту та активності
1166,,,,Прогулянка на снігоступах
3064,,,,,Снігоступи
3073,,,,,Кріплення для снігоступів
7539,,,,Санчата
499845,,,,Лижний спорт та сноубординг
1157,,,,,Лижні палиці
1161,,,,,Шоломи для лиж та сноубордів
1162,,,,,Кріплення для сноуборда
1163,,,,,Чоботи для сноуборду
1164,,,,,Сноуборди
3550,,,,,Лижні та сноубордні окуляри
5088,,,,,Деталі кріплень для сноуборда
6062,,,,,Лижні черевики
6063,,,,,Кріплення для лиж
6064,,,,,Лижі
1158,,,,,,Гірські лижі
3331,,,,,,Гірськолижні лижі
7224,,,,,Сумки для лиж та сноубордів
7558,,,,,Стійки для зберігання лиж та сноубордів
8074,,,,,Віск для лиж та сноубордів
8203,,,,,Аксесуари для лижних та сноубордних окулярів
5050,,,,,,Лінзи для лижних та сноубордних окулярів
499681,,,,,Поводки для лиж та сноубордів
505296,,,,,Деталі кріплень для лиж
505772,,,,,Інструменти для налаштування лиж та сноубордів
499951,,,,Лавинна безпека
499877,,,,,Повітряні подушки для лавинної безпеки
499952,,,,,Лавинні зонди
499846,,,Вуличні ігри
1062,,,,Бадмінтон
3107,,,,,Сітки для бадмінтону
3907,,,,,Воланчики
3950,,,,,Ракетки та набори для бадмінтону
3126,,,,Тетербол (гра з м'ячем на тросі)
499882,,,,,Стовпи для тетерболу
499883,,,,,Набори для гри в тетербол
499884,,,,,М'ячі для тезерболу
3390,,,,Піклбол
499847,,,,,М'ячі для піклболу
499848,,,,,Ракетки для піклболу
3405,,,,Ігри на газоні
3484,,,,Диск-гольф
3227,,,,,Кошики для диск-гольфу
3993,,,,,Сумки для диск-гольфу
3787,,,,Шафлборд для тераси
3190,,,,,Шайби для шафлборду на терасі
3689,,,,,Кії для шафлборду на терасі
7430,,,,Набори для гри в падл-бол
499904,,,,Теніс на платформі та з ракетками
499849,,,,,М'ячі для тенісу на платформі
499850,,,,,Ракетки для тенісу на платформі та з ракетками
499713,,Атлетика
989,,,Танці
3269,,,,Балетні стрижні
1000,,,Гімнастика
3123,,,,Гімнастичні стрибкові дошки
3182,,,,Гімнастичні коні
3774,,,,Гімнастичні кільця
3779,,,,Коні для стрибків через козла
3808,,,,Захисне спорядження для гімнастики
499781,,,,,Рукоятки для гімнастики
503763,,,,Гімнастичні стрижні та балансувальні бруси
1006,,,Огорожі
3261,,,,Захисне спорядження для фехтування
3366,,,,,Рукавички та манжети для фехтування
3707,,,,,Маски для фехтування
499740,,,,,Куртки та ламе для фехтування
3622,,,,Зброя для фехтування
1047,,,Командний гандбол
499785,,,,М'ячі для гандболу
1060,,,Легка атлетика
3149,,,,Бар'єри для бігу
3389,,,,Метальні списи
3445,,,,Перекладини для стрибків у висоту
3478,,,,Диски
3770,,,,Ядра для метання
3864,,,,Сектори для стрибків у висоту
3878,,,,Естафетні палички
3880,,,,Метальні молоти
3987,,,,Ями для стрибків з жердиною
3997,,,,Стартові пістолети
4020,,,,Шесті для стрибків з шестом
499786,,,,Стартові блоки
1065,,,Теніс
3105,,,,Кошики та візки для тенісних м'ячів
3113,,,,Тенісні м'ячі
3565,,,,Контейнери для зберігання тенісних м'ячів
3658,,,,Аксесуари для тенісних ракеток
3295,,,,,Очки для тенісних ракеток
3352,,,,,Амортизатори вібрації для ракеток
3403,,,,,Гумки та стрічки для ручки тенісної ракетки
3638,,,,,Сумки для тенісних ракеток
3922,,,,,Струни для тенісних ракеток
3906,,,,Тенісні ракетки
3961,,,,Тенісні сітки
3985,,,,Машини для подачі тенісних м'ячів
1068,,,Боротьба
3057,,,,Захисне спорядження для боротьби
499790,,,,,Наколінники для боротьби
499791,,,,,Головний убір для боротьби
1070,,,Бейсбол та софтбол
1076,,,,Рукавички та мітенки для бейсболу та софтболу
1077,,,,Машини для кидків
1078,,,,Захисне спорядження для бейсболу та софтболу
3668,,,,,Шоломи для удару в бейсболі та софтболі
499715,,,,,Захисні жилети для бейсболу та софтболу
499716,,,,,Комплекти обладнання для кетчерів
499717,,,,,Шоломи та маски для кетчерів
499718,,,,,Наколінники для бейсболу та софтболу
3544,,,,Бази та плити для бейсболу та софтболу
3671,,,,М'ячі для софтболу
3679,,,,Бейсбольні бити для софтболу
3747,,,,Рукавички для удару в бейсболі та софтболі
3783,,,,Бейсбольні м'ячі
3790,,,,Бейсбольні бити
234670,,,,Горби для підкидання в бейсболі та софтболі
234671,,,,Килимки для підкидання в бейсболі та софтболі
1081,,,Баскетбол
1082,,,,Баскетбольні кільця
1083,,,,Баскетбольні м'ячі
4676,,,,Деталі та аксесуари для баскетбольних кілець
3829,,,,,Баскетбольні сітки
4050,,,,,Стовпи для баскетбольних кілець
4089,,,,,Баскетбольні щити
4192,,,,,Обідки баскетбольних кілець
7251,,,,,Накладки на баскетбольні кільця
499751,,,,Тренувальні засоби для баскетболу
1087,,,Крикет
3815,,,,Крикетні бити
3870,,,,М'ячі для крикету
499734,,,,Штовхачі для крикету
499735,,,,Комплекти обладнання для крикету
499736,,,,Захисне спорядження для крикету
3339,,,,,Рукавички для крикету
3543,,,,,Шоломи для крикету
499739,,,,,Наголінники для крикету
499737,,,,Аксесуари для біт крикету
499738,,,,,Рукоятки для бейсбольних бит
1093,,,Американський футбол
1094,,,,М'ячі для американського футболу
1097,,,,Захисне спорядження для американського футболу
1098,,,,,Шоломи для американського футболу
3060,,,,,Аксесуари для шоломів американського футболу
3063,,,,,,Візори для шоломів американського футболу
3090,,,,,,Маски для обличчя для американського футболу
3247,,,,,,Ремінці для підборіддя для американського футболу
3343,,,,,,Накладки на шоломи для американського футболу
3497,,,,,Накладки на шию для американського футболу
3510,,,,,Пояси для американського футболу
3621,,,,,Накладки на плечі для американського футболу
499778,,,,,Сорочки та жилети для захисту ребер у американському футболі
3442,,,,Рукавички для американського футболу
3492,,,,Гол-пости для американського футболу
3656,,,,Ті і тримачі для ударів у американському футболі
3998,,,,Тренувальне обладнання для американського футболу
499779,,,,,Манекени та сани для американського футболу
1110,,,Регбі
3487,,,,Рукавички для регбі
3761,,,,М'ячі для регбі
3881,,,,Стовпи для регбі
3983,,,,Тренувальні пристрої для регбі
499782,,,,Захисне спорядження для регбі
3077,,,,,Головні убори для регбі
1111,,,Футбол
1112,,,,Футбольні м'ячі
1113,,,,Футбольні ворота
3141,,,,Футбольні рукавички
3973,,,,Кутові прапори для футболу
6055,,,,Аксесуари для футбольних воріт
499784,,,,Захисне спорядження для футболу
1114,,,,,Наколінники для футболу
1115,,,Волейбол
1116,,,,Волейбольні м'ячі
1117,,,,Сітки для волейболу
499787,,,,Тренувальні пристрої для волейболу
499788,,,,Захисне спорядження для волейболу
499789,,,,,Наколінники для волейболу
1145,,,Водне поло
3575,,,,Шапочки для водного поло
3678,,,,Ворота для водного поло
3794,,,,М'ячі для водного поло
3354,,,Чирлідінг
3953,,,,Помпони для чирлідінгу
6734,,,Обладнання для брумболу
6739,,,Тренування та суддівство
6729,,,,Карти та прапорці для пенальті
6730,,,,Спортивні та безпекові свистки
6731,,,,Флажки лайнсмена
8505,,,,Табло для підрахунку очок
499727,,,,Суддівські гаманці
499729,,,,Капітанські пов'язки
499730,,,,Індикатори судді
499731,,,,Лічильники кидків
499732,,,,Монети та диски для підкидання
499733,,,,Суддівські трибуни та стільці
505813,,,,Межові маркери для поля та корту
7156,,,Раундерс (вид спорту)
7157,,,,Рукавички для раундерсу
7158,,,,Бити для раундерсу
499719,,,Бокс та бойові мистецтва
3411,,,,Частини боксерського рингу
3652,,,,Боксерські ринги
3717,,,,Пояси для бойових мистецтв
4008,,,,Захисне спорядження для боксу та бойових мистецтв
3235,,,,,Боксерські рукавички та мітени
499722,,,,,Захисні шоломи для боксу та бойових мистецтв
499723,,,,,Захисні елементи для тіла для боксу та бойових мистецтв
499724,,,,,Наколінники для MMA
499725,,,,,Накладки на руки для боксу та бойових мистецтв
499726,,,,,Бинти для рук для боксу та ММА
4282,,,,Зброя для бойових мистецтв
499720,,,,Тренувальне обладнання для боксу та бойових мистецтв
3297,,,,,Боксерські та тренувальні груші
7116,,,,,Манекени для тренувань з боротьби
7129,,,,,Аксесуари для боксерських та тренувальних груш
499721,,,,,Щити для ударів
499769,,,,,Лапи для ударів для боксу та ММА
499741,,,Польовий хокей та лакрос
1089,,,,М'ячі для польового хокею
1092,,,,Клюшки для польового хокею
3001,,,,Ворота для польового хокею
3204,,,,Тренувальні допоміжні засоби для лакросу
3336,,,,Деталі килимків для лакросу
3418,,,,,Головки килимків для лакросу
3423,,,,,Рукоятки килимків для лакросу
3785,,,,,Сітка та шнур для лакросу
3536,,,,М'ячі для лакросу
3817,,,,Килимки для лакросу
3970,,,,Ворота для лакросу
499742,,,,Набори обладнання для лакросу
499744,,,,Захисне спорядження для польового хокею та лакросу
499745,,,,,Рукавички для польового хокею та лакросу
499746,,,,,Шоломи для польового хокею та лакросу
499747,,,,,Маски та окуляри для польового хокею та лакросу
502970,,,,,Наколінники для польового хокею та лакросу
499799,,,Спортивне обладнання загального призначення
3877,,,,Спортивні мегафони
3971,,,,Спрей та крейда для поліпшення зчеплення
6344,,,,Сидіння та подушки для стадіону
7397,,,,Сумки та візки для перенесення м'ячів
7433,,,,Аксесуари для насосів для м'ячів
7435,,,,,Голки для насосів до м'ячів
7434,,,,Насоси для м'ячів
8077,,,,Тренувальні сітки та екрани
8222,,,,Маски для тренувань на висоті
8319,,,,Спортивні та тренувальні конуси
499800,,,,Атлетичні чаші (захисні)
499801,,,,Спортивні капи
499802,,,,Сходи та бар'єри для тренування швидкості та спритності
499803,,,,Спортивні мати
499903,,,,Стійки та візки для зберігання килимків для тренувань та спортзалу
499861,,,Обладнання для воліболу
499915,,,Фігурне катання та хокей
1057,,,,Ковзани
1105,,,,Захисне обладнання для хокею
3615,,,,,Хокейні штани
6078,,,,,Хокейні рукавички
6080,,,,,Хокейні шоломи
499755,,,,,Хокейні наколінники та наголінники
499756,,,,,Хокейні наколінники
499757,,,,,Хокейні накидки на плечі та захисники грудей
499890,,,,,Комплекти обладнання для голкіпера у хокеї
499975,,,,,Хокейні підтяжки та ремені
3791,,,,Деталі та аксесуари для ковзанів
3241,,,,,Затягувачі для шнурків ковзанів
3623,,,,,Заточувачі для ковзанів
4019,,,,,Захисні кришки для лез гірських ковзанів
6708,,,,,Чоботи для фігурного катання
7000,,,,,Леза для ковзанів
6074,,,,Хокейні ворота
6076,,,,Хокейні клюшки
6077,,,,Хокейні м'ячі та шайби
6857,,,,Хокейні санки
7011,,,,Деталі хокейної клюшки
6852,,,,,Леза хокейних клюшок
6942,,,,,Рукоятки хокейних клюшок
7012,,,,Догляд за хокейною клюшкою
503752,,,Ракетбол та сквош
3119,,,,Окуляри для ракетболу та сквошу
3714,,,,Ракетки для ракетболу
4002,,,,Ракетки для сквошу
499783,,,,Рукавички для ракетболу та сквошу
503753,,,,М'ячі для ракетболу та сквошу
1239,Іграшки та ігри
1249,,Вуличне ігрове обладнання
1251,,,Дитячі будиночки для гри
1738,,,Батути
1863,,,Палиці-підпригувачі
2743,,,Пісочниці
2867,,,Слайди
3948,,,Щогли
5524,,,Аксесуари для батутів
6269,,,Аксесуари для гойдалок та ігрових комплектів
6270,,,Дитячі гойдалки
6271,,,Гойдалки та ігрові комплекти
6396,,,Надувні батути
6397,,,Дитячі намети та тунелі для гри
6450,,,Гойдалки
6464,,,Обладнання для водних ігор
3556,,,,Водні столи
6465,,,,Дитячі бризкалки для гри
500095,,,,Аквапарки та гірки
7219,,,Аксесуари для надувних батутів
1253,,Іграшки
1254,,,Конструктори
3163,,,,Набори для гри в кульки (треки)
3172,,,,Блоки з пінопласту
3287,,,,Блоки з замками
3617,,,,Дерев'яні блоки
3805,,,,Іграшки-конструктори
1255,,,"Ляльки, ігрові набори та іграшкові фігурки"
1257,,,,Ляльки
1258,,,,Ляльки та маріонетки
1259,,,,М'які іграшки
2497,,,,Аксесуари для лялькових будиночків
2499,,,,Лялькові будиночки
3166,,,,Іграшкові набори для гри
3584,,,,Аксесуари для ляльок та фігурок
6056,,,,Аксесуари для ляльок та лялькового театру
6057,,,,Лялькові театри
6058,,,,Іграшкові фігурки
7114,,,,Фігурки-боблхеди
8021,,,,Паперові та магнітні ляльки
1261,,,Літаючі іграшки
3263,,,,Іграшкові парашути
3378,,,,Іграшкові планери
3460,,,,Паперові змії
3966,,,,Повітряно-водяні ракети
1262,,,Навчальні іграшки
3088,,,,Ферми мурах
3500,,,,Набори для наукових досліджень
3928,,,,Набори для збирання комах
5529,,,,Іграшки для читання
6466,,,,Дитячі абакуси
499938,,,,Іграшки та моделі для вивчення астрономії
500015,,,,Навчальні картки
1264,,,Музичні іграшки
3252,,,,Іграшкові музичні інструменти
1266,,,Спортивні іграшки
3199,,,,Фітнес-іграшки
3215,,,,,Хула-хупи
3226,,,,Гольф-іграшки
3371,,,,Іграшки для американського футболу
3552,,,,Баскетбольні іграшки
3665,,,,Іграшки для боулінгу
3675,,,,Бумеранги
3776,,,,Бейсбольні іграшки
3909,,,,М'ячі для футбагу
3943,,,,Хокейні іграшки
4167,,,,Літаючі диски
8529,,,,Іграшки для риболовлі
499965,,,,М'ячі для ігор на вулиці
500113,,,,Грифи та набори грифів
505284,,,,Іграшки для ракеткових видів спорту
1268,,,Пляжні та піщані іграшки
2505,,,Іграшкові транспортні засоби
3296,,,,Іграшкові вантажівки та будівельна техніка
3444,,,,Іграшкові літаки
3474,,,,Набори іграшкових автомобілів та треків
3506,,,,Іграшкові вертольоти
3551,,,,Іграшкові машинки
3589,,,,Іграшкові космічні кораблі
3590,,,,Іграшкові мотоцикли
3792,,,,Іграшкові човни
5152,,,,Іграшкові поїзди та набори залізниць
2546,,,Іграшки на радіокеруванні
3532,,,,Човни та водний транспорт з дистанційним керуванням
3554,,,,Гелікоптери з дистанційним керуванням
3601,,,,Автомобілі та вантажівки з дистанційним керуванням
3677,,,,Літаки на радіокеруванні
5968,,,,Мотоцикли на радіокеруванні
5969,,,,Танки на радіокеруванні
6059,,,,Роботи на радіокеруванні
7090,,,,Дирижаблі та повітряні кулі з дистанційним керуванням
2778,,,Аксесуари для іграшок на радіокеруванні
2799,,,Іграшки для їзди
2724,,,,Транспортні засоби для штовхання та їзди на педалях
2753,,,,Електричні транспортні засоби
3441,,,,Качалки та пружинні іграшки для їзди
6379,,,,Візки
6407,,,,Коники-гойдалки
2953,,,Механічні іграшки
3074,,,Іграшки для керівників
5872,,,,Магнітні іграшки
3207,,,Ігрові басейни з м'ячами
3229,,,Рольові ігри
3129,,,,Імітація професій та рольові ігри
3288,,,,Іграшковий газон та сад
3298,,,,Іграшкові кухні та продукти для гри
543622,,,,,Іграшкові кухні
543623,,,,,Іграшкові столові прибори
543624,,,,,Ігрові продукти
543690,,,,,Іграшкові кухонні прилади
3659,,,,Іграшкова електроніка
3680,,,,Ігрові гроші та банкінг
3751,,,,Іграшковий інструмент
4004,,,,Іграшкове прибирання
8295,,,,Іграшковий магазин та продукти
3562,,,Візуальні іграшки
3301,,,,Калейдоскопи
3782,,,,Призми
3625,,,Роботизовані іграшки
3627,,,Іграшкова зброя та пристрої
3731,,,Іграшки для малювання та творчості
3079,,,,Іграшкові малювальні планшети
505818,,,,Ліпильна маса та пластилін
3911,,,Іграшки для ванної
4352,,,Іграшки для розвитку активності
3212,,,,Розчин для пузирів
3466,,,,Іграшки-підкрутки
3534,,,,Кульки
3733,,,,М'ячі-стрибунці
3874,,,,Іграшки для пускання пузирів
3929,,,,Йо-йо
4177,,,,Іграшки зі спіральними пружинами
4216,,,,Іграшкові домкрати
7148,,,,Запчастини та аксесуари для йо-йо
7425,,,,Іграшки для гри в падл-бол
7473,,,,Іграшки з стрічками та стрічками-стрічками
7519,,,,Ігри з м'ячем та чашкою
5970,,,Аксесуари для іграшкових транспортних засобів
5153,,,,Аксесуари для іграшкового потяга
5971,,,,Аксесуари для іграшкових автомобілів та треків
7202,,,Аксесуари для іграшок для їзди
7311,,,Аксесуари для ігрових басейнів з м'ячами
7312,,,,М'ячі для ігрових басейнів
7366,,,Аксесуари для літаючих іграшок
7368,,,,Аксесуари для паперових зміїв
7371,,,,,Котушки та намотувачі для ліній паперових зміїв
8127,,,Аксесуари до спортивних іграшок
8129,,,,Аксесуари для фітнес-іграшок
8128,,,,,Аксесуари для хула-хупа
499712,,,Подарункові кошики з іграшками
500005,,,Аксесуари до іграшкової зброї та пристроїв
3793,,Ігри
1246,,,Настільні ігри
1247,,,Карткові ігри
3749,,,Набори для бінго
4554,,,Переносні електронні ігри
5403,,,Фішки та набори для покеру
6037,,,Набори кубиків та ігри
6038,,,Ігри з плитками
6054,,,Ігри на спритність
6329,,,Бойові вертелі
6794,,,Аксесуари для бойових вертелів
6853,,,Аксесуари для карткових ігор
7383,,,Аксесуари для фішок покеру
7384,,,,Контейнери та піддони для фішок покеру
7411,,,Набори для гри в блекджек і крепс
7412,,,Колеса та набори для рулетки
8472,,,Ігрові автомати
3867,,Головоломки
2618,,,Пазли
4011,,,Механічні головоломки
6725,,,Дерев'яні та штифтові пазли
7081,,,Аксесуари для пазлів
4648,,Ігрові таймери
2092,Програмне забезпечення
313,,Комп'ютерні програми
315,,,Компілятори та інструменти для програмування
317,,,Навчальне програмне забезпечення
318,,,Програмне забезпечення для кишенькових комп'ютерів та PDA
319,,,Мультимедійне та дизайнерське програмне забезпечення
4949,,,,Програмне забезпечення для домашнього видавництва
4950,,,,Програмне забезпечення для редагування анімації
4951,,,,Програмне забезпечення для графічного дизайну та ілюстрації
4952,,,,Програмне забезпечення для редагування звуку
4953,,,,Програмне забезпечення для монтажу відео
4954,,,,Програмне забезпечення для веб-дизайну
5096,,,,Програмне забезпечення для композиції музики
6027,,,,Програмне забезпечення для 3D моделювання
6028,,,,Програмне забезпечення для перегляду медіа
6029,,,,Програмне забезпечення для дизайну дому та інтер'єру
321,,,Операційні системи
3283,,,Дані та програмне забезпечення для GPS-карт
5127,,,Словники та програми для перекладу
5299,,,Антивірусне та безпекове програмне забезпечення
5300,,,Програмне забезпечення для бізнесу та продуктивності
5301,,,Програмне забезпечення для утиліт та обслуговування комп'ютера
5302,,,Мережеве програмне забезпечення
5303,,,Офісні програми
5304,,,"Програмне забезпечення для фінансів, податків та бухгалтерії"
7225,,,Диски відновлення
1279,,Програмне забезпечення для відеоігор
5032,,Цифрові товари та валюта
2065,,,Стокові фотографії та відеоматеріали
5034,,,Комп'ютерні іконки
5035,,,Шпалери для робочого столу
5036,,,Шрифти
5935,,,Віртуальна валюта
8022,,,Шаблони документів
500046,,,Цифрове мистецтво
5181,Багаж та сумки
100,,Рюкзаки
101,,Делові сумки
103,,Сумки-дюффели
104,,Сумки-бананки
105,,Сумки для одягу
106,,Сумки-месенджери
107,,Валізи
108,,Косметички та сумки для туалетних приналежностей
110,,Аксесуари для багажу
5620,,,Органайзери для пакування
5650,,,Подорожні кишені
5651,,,Бирки для багажу
5652,,,Ремені для багажу
6919,,,Пляшки та контейнери для подорожей
7521,,,Чохли для багажу
499691,,,Стійки та підставки для багажу
503014,,,Підкладки та вставки для сухих коробок
549,,Сумки для підгузків
5608,,Сумки для покупок
6553,,Кейси для поїздів
502974,,Сухі коробки
5605,Релігійні та обрядові предмети
97,,Релігійні предмети
1949,,,Релігійні вуалі
3923,,,Молитовні чотки
7120,,,Релігійні алтарі
328060,,,Молитовні картки
499711,,,Таро картки
5455,,Товари для весільної церемонії
5456,,,Кошики для дівчаток з квітами
5457,,,Подушечки та тримачі для перснів
503723,,,Доріжки для проходів
5606,,Товари для пам'ятних церемоній
5607,,,Пам'ятні урни
