1,Тварини та зоотовари
2,Тварини та зоотовари,Товари для домашніх тварин
3,Тварини та зоотовари,Товари для домашніх тварин,Товари для птахів
4989,Тварини та зоотовари,Товари для домашніх тварин,Товари для птахів,Пташині клітки та підставки
4990,Тварини та зоотовари,Товари для домашніх тварин,Товари для птахів,Корм для птахів
4991,Тварини та зоотовари,Товари для домашніх тварин,Товари для птахів,Драбинки та жердочки для птахів
4992,Тварини та зоотовари,Товари для домашніх тварин,Товари для птахів,Іграшки для птахів
4993,Тварини та зоотовари,Товари для домашніх тварин,Товари для птахів,Ласощі для птахів
7385,Тварини та зоотовари,Товари для домашніх тварин,Товари для птахів,Аксесуари для пташиних кліток
7386,Тварини та зоотовари,Товари для домашніх тварин,Товари для птахів,Аксесуари для пташиних кліток,Миски для їжі та води в пташиній клітці
499954,Тварини та зоотовари,Товари для домашніх тварин,Товари для птахів,Аксесуари для пташиних кліток,Купання для птахів у клітці
7398,Тварини та зоотовари,Товари для домашніх тварин,Товари для птахів,Тренажери та гойдалки для птахів
4,Тварини та зоотовари,Товари для домашніх тварин,Товари для котів
3367,Тварини та зоотовари,Товари для домашніх тварин,Товари для котів,Корм для котів
543683,Тварини та зоотовари,Товари для домашніх тварин,Товари для котів,Корм для котів,Дієтичний корм для котів
543684,Тварини та зоотовари,Товари для домашніх тварин,Товари для котів,Корм для котів,Корм для котів без рецепту
4433,Тварини та зоотовари,Товари для домашніх тварин,Товари для котів,Ліжка для котів
4997,Тварини та зоотовари,Товари для домашніх тварин,Товари для котів,Меблі для котів
4999,Тварини та зоотовари,Товари для домашніх тварин,Товари для котів,Наповнювач для котячого туалету
5000,Тварини та зоотовари,Товари для домашніх тварин,Товари для котів,Котячі туалети
5001,Тварини та зоотовари,Товари для домашніх тварин,Товари для котів,Іграшки для котів
5002,Тварини та зоотовари,Товари для домашніх тварин,Товари для котів,Ласощі для котів
5082,Тварини та зоотовари,Товари для домашніх тварин,Товари для котів,Одяг для котів
7142,Тварини та зоотовари,Товари для домашніх тварин,Товари для котів,Килимки для котячого туалету
8069,Тварини та зоотовари,Товари для домашніх тварин,Товари для котів,Пакети для котячого туалету
500059,Тварини та зоотовари,Товари для домашніх тварин,Товари для котів,Аксесуари для меблів для котів
5,Тварини та зоотовари,Товари для домашніх тварин,Товари для собак
3530,Тварини та зоотовари,Товари для домашніх тварин,Товари для собак,Корм для собак
543681,Тварини та зоотовари,Товари для домашніх тварин,Товари для собак,Корм для собак,Дієтичний корм для собак
543682,Тварини та зоотовари,Товари для домашніх тварин,Товари для собак,Корм для собак,Корм для собак без рецепту
4434,Тварини та зоотовари,Товари для домашніх тварин,Товари для собак,Ліжка для собак
5004,Тварини та зоотовари,Товари для домашніх тварин,Товари для собак,Одяг для собак
5010,Тварини та зоотовари,Товари для домашніх тварин,Товари для собак,Іграшки для собак
5011,Тварини та зоотовари,Товари для домашніх тварин,Товари для собак,Ласощі для собак
5094,Тварини та зоотовари,Товари для домашніх тварин,Товари для собак,Будки для собак
7274,Тварини та зоотовари,Товари для домашніх тварин,Товари для собак,Вольєри та загони для собак
7372,Тварини та зоотовари,Товари для домашніх тварин,Товари для собак,Підкладки та пелюшки для собак
7428,Тварини та зоотовари,Товари для домашніх тварин,Товари для собак,Аксесуари для вольєрів та загонів для собак
8123,Тварини та зоотовари,Товари для домашніх тварин,Товари для собак,Бігові доріжки для собак
499900,Тварини та зоотовари,Товари для домашніх тварин,Товари для собак,Підгузки для собак
6,Тварини та зоотовари,Товари для домашніх тварин,Товари для риб
3238,Тварини та зоотовари,Товари для домашніх тварин,Товари для риб,Акваріуми
5019,Тварини та зоотовари,Товари для домашніх тварин,Товари для риб,Декор для акваріумів
5020,Тварини та зоотовари,Товари для домашніх тварин,Товари для риб,Фільтри для акваріумів
5021,Тварини та зоотовари,Товари для домашніх тварин,Товари для риб,Гравій та підкладка для акваріумів
5023,Тварини та зоотовари,Товари для домашніх тварин,Товари для риб,Підставки для акваріумів
5024,Тварини та зоотовари,Товари для домашніх тварин,Товари для риб,Корм для риб
5079,Тварини та зоотовари,Товари для домашніх тварин,Товари для риб,Освітлення для акваріумів
5161,Тварини та зоотовари,Товари для домашніх тварин,Товари для риб,Засоби для обробки води в акваріумі
6085,Тварини та зоотовари,Товари для домашніх тварин,Товари для риб,Добрива для водних рослин
6403,Тварини та зоотовари,Товари для домашніх тварин,Товари для риб,Годівниці для риб
6951,Тварини та зоотовари,Товари для домашніх тварин,Товари для риб,Бокси для переливу в акваріумі
500038,Тварини та зоотовари,Товари для домашніх тварин,Товари для риб,Засоби для чищення акваріумів
500062,Тварини та зоотовари,Товари для домашніх тварин,Товари для риб,Регулятори температури для акваріумів
505303,Тварини та зоотовари,Товари для домашніх тварин,Товари для риб,Трубки для акваріумів та ставків
505306,Тварини та зоотовари,Товари для домашніх тварин,Товари для риб,Сітки для риби в акваріумі
505307,Тварини та зоотовари,Товари для домашніх тварин,Товари для риб,Аератори та дифузори для акваріумів
7,Тварини та зоотовари,Товари для домашніх тварин,Товари для рептилій та амфібій
5026,Тварини та зоотовари,Товари для домашніх тварин,Товари для рептилій та амфібій,Корм для рептилій та амфібій
5027,Тварини та зоотовари,Товари для домашніх тварин,Товари для рептилій та амфібій,Аксесуари для місць проживання рептилій та амфібій
5028,Тварини та зоотовари,Товари для домашніх тварин,Товари для рептилій та амфібій,Обігрів та освітлення для місць проживання рептилій та амфібій
5029,Тварини та зоотовари,Товари для домашніх тварин,Товари для рептилій та амфібій,Місця проживання рептилій та амфібій
5030,Тварини та зоотовари,Товари для домашніх тварин,Товари для рептилій та амфібій,Субстрати для рептилій та амфібій
4497,Тварини та зоотовари,Товари для домашніх тварин,Дверцята для домашніх тварин
5013,Тварини та зоотовари,Товари для домашніх тварин,Товари для маленьких тварин
5014,Тварини та зоотовари,Товари для домашніх тварин,Товари для маленьких тварин,Постіль для маленьких тварин
5015,Тварини та зоотовари,Товари для домашніх тварин,Товари для маленьких тварин,Корм для маленьких тварин
5016,Тварини та зоотовари,Товари для домашніх тварин,Товари для маленьких тварин,Аксесуари для місць проживання маленьких тварин
5017,Тварини та зоотовари,Товари для домашніх тварин,Товари для маленьких тварин,Місця проживання та клітки для маленьких тварин
7517,Тварини та зоотовари,Товари для домашніх тварин,Товари для маленьких тварин,Ласощі для маленьких тварин
5081,Тварини та зоотовари,Товари для домашніх тварин,Вітаміни та добавки для домашніх тварин
5086,Тварини та зоотовари,Товари для домашніх тварин,Ветеринарні ліки
5087,Тварини та зоотовари,Товари для домашніх тварин,Вигульні майданчики для домашніх тварин
5092,Тварини та зоотовари,Товари для домашніх тварин,Дзвіночки та брелоки для домашніх тварин
5093,Тварини та зоотовари,Товари для домашніх тварин,Ідентифікаційні бирки для домашніх тварин
5144,Тварини та зоотовари,Товари для домашніх тварин,Намордники для домашніх тварин
5145,Тварини та зоотовари,Товари для домашніх тварин,Медичні нашийники для домашніх тварин
5162,Тварини та зоотовари,Товари для домашніх тварин,Контейнери для корму домашніх тварин
5163,Тварини та зоотовари,Товари для домашніх тварин,Лопатки для корму домашніх тварин
6248,Тварини та зоотовари,Товари для домашніх тварин,Засоби від блох та кліщів для домашніх тварин
6249,Тварини та зоотовари,Товари для домашніх тварин,Повідки для домашніх тварин
6250,Тварини та зоотовари,Товари для домашніх тварин,Ошийники та ремені для домашніх тварин
6251,Тварини та зоотовари,Товари для домашніх тварин,Переноски та клітки для домашніх тварин
6252,Тварини та зоотовари,Товари для домашніх тварин,"Миски, кормушки та поїлки для домашніх тварин"
6253,Тварини та зоотовари,Товари для домашніх тварин,Продовжувачі для повідків домашніх тварин
6276,Тварини та зоотовари,Товари для домашніх тварин,Візки для домашніх тварин
6321,Тварини та зоотовари,Товари для домашніх тварин,Системи обмеження руху домашніх тварин
6383,Тварини та зоотовари,Товари для домашніх тварин,Товари для грумінгу домашніх тварин
6384,Тварини та зоотовари,Товари для домашніх тварин,Товари для грумінгу домашніх тварин,Машинки та тримери для стрижки волосся домашніх тварин
6385,Тварини та зоотовари,Товари для домашніх тварин,Товари для грумінгу домашніх тварин,Гребінці та щітки для домашніх тварин
6406,Тварини та зоотовари,Товари для домашніх тварин,Товари для грумінгу домашніх тварин,Шампуні та кондиціонери для домашніх тварин
7318,Тварини та зоотовари,Товари для домашніх тварин,Товари для грумінгу домашніх тварин,Лак для нігтів домашніх тварин
7319,Тварини та зоотовари,Товари для домашніх тварин,Товари для грумінгу домашніх тварин,Інструменти для догляду за нігтями домашніх тварин
8167,Тварини та зоотовари,Товари для домашніх тварин,Товари для грумінгу домашніх тварин,Фени для сушіння волосся домашніх тварин
499917,Тварини та зоотовари,Товари для домашніх тварин,Товари для грумінгу домашніх тварин,Серветки для домашніх тварин
503733,Тварини та зоотовари,Товари для домашніх тварин,Товари для грумінгу домашніх тварин,Парфуми та дезодоруючі спреї для домашніх тварин
6811,Тварини та зоотовари,Товари для домашніх тварин,Вішалки для одягу домашніх тварин
6861,Тварини та зоотовари,Товари для домашніх тварин,Медичні стрічки та бинти для домашніх тварин
6973,Тварини та зоотовари,Товари для домашніх тварин,Сходи та пандуси для домашніх тварин
6978,Тварини та зоотовари,Товари для домашніх тварин,Біометричні монітори для домашніх тварин
6980,Тварини та зоотовари,Товари для домашніх тварин,Біометричні монітори для домашніх тварин,Глюкометри для домашніх тварин
6981,Тварини та зоотовари,Товари для домашніх тварин,Біометричні монітори для домашніх тварин,Термометри для домашніх тварин
6982,Тварини та зоотовари,Товари для домашніх тварин,Біометричні монітори для домашніх тварин,Педометри для домашніх тварин
6983,Тварини та зоотовари,Товари для домашніх тварин,Обладнання для тренування спритності домашніх тварин
7143,Тварини та зоотовари,Товари для домашніх тварин,Килимки для мисок домашніх тварин
7144,Тварини та зоотовари,Товари для домашніх тварин,Засоби для догляду за порожниною рота домашніх тварин
7396,Тварини та зоотовари,Товари для домашніх тварин,Сонцезахисні засоби для домашніх тварин
8050,Тварини та зоотовари,Товари для домашніх тварин,Краплі та змащувальні засоби для очей домашніх тварин
8068,Тварини та зоотовари,Товари для домашніх тварин,Аптечки першої допомоги та аварійні набори для домашніх тварин
8070,Тварини та зоотовари,Товари для домашніх тварин,Пакети для відходів домашніх тварин
8474,Тварини та зоотовари,Товари для домашніх тварин,Бар'єри для тварин у автомобілі
8513,Тварини та зоотовари,Товари для домашніх тварин,Підставки для мисок домашніх тварин
499743,Тварини та зоотовари,Товари для домашніх тварин,Підігрівальні килимки для домашніх тварин
500026,Тварини та зоотовари,Товари для домашніх тварин,Аксесуари для переносок та кліток для домашніх тварин
500084,Тварини та зоотовари,Товари для домашніх тварин,Аксесуари для ліжек домашніх тварин
500110,Тварини та зоотовари,Товари для домашніх тварин,Аксесуари до підігрівальних килимків для домашніх тварин
502982,Тварини та зоотовари,Товари для домашніх тварин,Диспенсери та тримачі для пакетів для відходів домашніх тварин
505297,Тварини та зоотовари,Товари для домашніх тварин,Системи та інструменти для утилізації відходів домашніх тварин
505314,Тварини та зоотовари,Товари для домашніх тварин,Прилади для дресури домашніх тварин
6846,Тварини та зоотовари,Товари для домашніх тварин,Прилади для дресури домашніх тварин,Підкладки для дресури домашніх тварин
505304,Тварини та зоотовари,Товари для домашніх тварин,Прилади для дресури домашніх тварин,Тримачі для підкладок для дресури домашніх тварин
505311,Тварини та зоотовари,Товари для домашніх тварин,Прилади для дресури домашніх тварин,Спреї та розчини для дресури домашніх тварин
505313,Тварини та зоотовари,Товари для домашніх тварин,Прилади для дресури домашніх тварин,Клікери та диспенсери для ласощів для дресури домашніх тварин
505811,Тварини та зоотовари,Товари для домашніх тварин,Аксесуари для дверцят для домашніх тварин
3237,Тварини та зоотовари,Живі тварини
8,Мистецтво та розваги
5709,Мистецтво та розваги,Вечірки та святкування
96,Мистецтво та розваги,Вечірки та святкування,Товари для вечірок
1371,Мистецтво та розваги,Вечірки та святкування,Товари для вечірок,Запрошення
1484,Мистецтво та розваги,Вечірки та святкування,Товари для вечірок,Печатки для конвертів
1887,Мистецтво та розваги,Вечірки та святкування,Товари для вечірок,Картки відповідей
2104,Мистецтво та розваги,Вечірки та святкування,Товари для вечірок,Картки розташування
2531,Мистецтво та розваги,Вечірки та святкування,Товари для вечірок,Банери
2587,Мистецтво та розваги,Вечірки та святкування,Товари для вечірок,Повітряні кульки
2781,Мистецтво та розваги,Вечірки та святкування,Товари для вечірок,Конфеті
2783,Мистецтво та розваги,Вечірки та святкування,Товари для вечірок,Шумові прилади та святкові гудзики
3735,Мистецтво та розваги,Вечірки та святкування,Товари для вечірок,Питні ігри
3361,Мистецтво та розваги,Вечірки та святкування,Товари для вечірок,Питні ігри,Пивний понг
3440,Мистецтво та розваги,Вечірки та святкування,Товари для вечірок,Питні ігри,Пивний понг,Столи для пивного понгу
3994,Мистецтво та розваги,Вечірки та святкування,Товари для вечірок,Піньятас
4351,Мистецтво та розваги,Вечірки та святкування,Товари для вечірок,Аерозоль-серпантин
4730,Мистецтво та розваги,Вечірки та святкування,Товари для вечірок,Свічки на день народження
4914,Мистецтво та розваги,Вечірки та святкування,Товари для вечірок,Феєрверки та петарди
4915,Мистецтво та розваги,Вечірки та святкування,Товари для вечірок,Бенгальські вогники
5043,Мистецтво та розваги,Вечірки та святкування,Товари для вечірок,Соломинки та мішалки для напоїв
5452,Мистецтво та розваги,Вечірки та святкування,Товари для вечірок,Сувеніри для гостей на вечірці
5453,Мистецтво та розваги,Вечірки та святкування,Товари для вечірок,Сувеніри для гостей на вечірці,Весільні подарунки
5472,Мистецтво та розваги,Вечірки та святкування,Товари для вечірок,Тримачі для розташування карток
6311,Мистецтво та розваги,Вечірки та святкування,Товари для вечірок,Набори для повітряних кульок
6906,Мистецтво та розваги,Вечірки та святкування,Товари для вечірок,Капелюхи для вечірок
7007,Мистецтво та розваги,Вечірки та святкування,Товари для вечірок,Декорації для коктейлів
7097,Мистецтво та розваги,Вечірки та святкування,Товари для вечірок,Картонні коробки та тримачі для особливих подій
7160,Мистецтво та розваги,Вечірки та святкування,Товари для вечірок,Ігри для вечірок
8038,Мистецтво та розваги,Вечірки та святкування,Товари для вечірок,Програми подій
8110,Мистецтво та розваги,Вечірки та святкування,Товари для вечірок,Надувні декорації для вечірок
8216,Мистецтво та розваги,Вечірки та святкування,Товари для вечірок,Декоративні помпони
328061,Мистецтво та розваги,Вечірки та святкування,Товари для вечірок,Карти з порадами
502972,Мистецтво та розваги,Вечірки та святкування,Товари для вечірок,Набори товарів для вечірок
502981,Мистецтво та розваги,Вечірки та святкування,Товари для вечірок,Стрічки та завіси для вечірок
505763,Мистецтво та розваги,Вечірки та святкування,Товари для вечірок,Облямівки для стільців
408,Мистецтво та розваги,Вечірки та святкування,Спецефекти
409,Мистецтво та розваги,Вечірки та святкування,Спецефекти,Машини для створення туману
410,Мистецтво та розваги,Вечірки та святкування,Спецефекти,Освітлення для спецефектів
5711,Мистецтво та розваги,Вечірки та святкування,Спецефекти,Диско-кулі
5967,Мистецтво та розваги,Вечірки та святкування,Спецефекти,Контролери спецефектів
503028,Мистецтво та розваги,Вечірки та святкування,Спецефекти,Стійки для освітлення спецефектів
2559,Мистецтво та розваги,Вечірки та святкування,Дарування подарунків
53,Мистецтво та розваги,Вечірки та святкування,Дарування подарунків,Подарункові картки та сертифікати
94,Мистецтво та розваги,Вечірки та святкування,Дарування подарунків,Упаковка подарунків
2816,Мистецтво та розваги,Вечірки та святкування,Дарування подарунків,Упаковка подарунків,Папір для пакування
5091,Мистецтво та розваги,Вечірки та святкування,Дарування подарунків,Упаковка подарунків,Подарункові коробки та банки
5838,Мистецтво та розваги,Вечірки та святкування,Дарування подарунків,Упаковка подарунків,Подарункові пакети
6712,Мистецтво та розваги,Вечірки та святкування,Дарування подарунків,Упаковка подарунків,Подарунковий серветочний папір
8213,Мистецтво та розваги,Вечірки та святкування,Дарування подарунків,Упаковка подарунків,Подарункові етикетки та мітки
95,Мистецтво та розваги,Вечірки та святкування,Дарування подарунків,Вітальні та записні картки
2899,Мистецтво та розваги,Вечірки та святкування,Дарування подарунків,Свіжі квіти
5916,Мистецтво та розваги,Вечірки та святкування,Дарування подарунків,Букети та бутоньєрки
6100,Мистецтво та розваги,Вечірки та святкування,Дарування подарунків,Шпильки для букетів та бутоньєрок
5868,Мистецтво та розваги,Вечірки та святкування,Трофеї та нагороди
543653,Мистецтво та розваги,Вечірки та святкування,Трофеї та нагороди,Трофеї
543654,Мистецтво та розваги,Вечірки та святкування,Трофеї та нагороди,Нагородні стрічки
543655,Мистецтво та розваги,Вечірки та святкування,Трофеї та нагороди,Нагородні значки та медалі
543656,Мистецтво та розваги,Вечірки та святкування,Трофеї та нагороди,Сертифікати нагород
543657,Мистецтво та розваги,Вечірки та святкування,Трофеї та нагороди,Нагородні плакетки
5710,Мистецтво та розваги,Хобі та творчі мистецтва
16,Мистецтво та розваги,Хобі та творчі мистецтва,Мистецтво та ремесла
504639,Мистецтво та розваги,Хобі та творчі мистецтва,Мистецтво та ремесла,Інструменти для мистецтва та ремесел
4073,Мистецтво та розваги,Хобі та творчі мистецтва,Мистецтво та ремесла,Інструменти для мистецтва та ремесел,Пістолети для клею
5137,Мистецтво та розваги,Хобі та творчі мистецтва,Мистецтво та ремесла,Інструменти для мистецтва та ремесел,Килимики для різання
5921,Мистецтво та розваги,Хобі та творчі мистецтва,Мистецтво та ремесла,Інструменти для мистецтва та ремесел,Світлові коробки
6101,Мистецтво та розваги,Хобі та творчі мистецтва,Мистецтво та ремесла,Інструменти для мистецтва та ремесел,Булавки
6133,Мистецтво та розваги,Хобі та творчі мистецтва,Мистецтво та ремесла,Інструменти для мистецтва та ремесел,Підкладки та килимики для валяння
6150,Мистецтво та розваги,Хобі та творчі мистецтва,Мистецтво та ремесла,Інструменти для мистецтва та ремесел,Манекени для одягу
6151,Мистецтво та розваги,Хобі та творчі мистецтва,Мистецтво та ремесла,Інструменти для мистецтва та ремесел,Дроти для блокування
6152,Мистецтво та розваги,Хобі та творчі мистецтва,Мистецтво та ремесла,Інструменти для мистецтва та ремесел,Мати для блокування
6156,Мистецтво та розваги,Хобі та творчі мистецтва,Мистецтво та ремесла,Інструменти для мистецтва та ремесел,Наперстки та швейні долоні
543638,Мистецтво та розваги,Хобі та творчі мистецтва,Мистецтво та ремесла,Інструменти для мистецтва та ремесел,Наперстки та швейні долоні,Наперстки
543639,Мистецтво та розваги,Хобі та творчі мистецтва,Мистецтво та ремесла,Інструменти для мистецтва та ремесел,Наперстки та швейні долоні,Швейні напальчники
6158,Мистецтво та розваги,Хобі та творчі мистецтва,Мистецтво та ремесла,Інструменти для мистецтва та ремесел,"Рамки, обручі та розтяжки"
6159,Мистецтво та розваги,Хобі та творчі мистецтва,Мистецтво та ремесла,Інструменти для мистецтва та ремесел,Прямі шпильки
504640,Мистецтво та розваги,Хобі та творчі мистецтва,Мистецтво та ремесла,Інструменти для мистецтва та ремесел,Інструменти для різання та тиснення в рукоділлі
5136,Мистецтво та розваги,Хобі та творчі мистецтва,Мистецтво та ремесла,Інструменти для мистецтва та ремесел,Інструменти для різання та тиснення в рукоділлі,Ножі для рукоділля
6119,Мистецтво та розваги,Хобі та творчі мистецтва,Мистецтво та ремесла,Інструменти для мистецтва та ремесел,Інструменти для різання та тиснення в рукоділлі,Інструменти для надрізу в рукоділлі
6122,Мистецтво та розваги,Хобі та творчі мистецтва,Мистецтво та ремесла,Інструменти для мистецтва та ремесел,Інструменти для різання та тиснення в рукоділлі,Ручки та стилуси для тиснення
6161,Мистецтво та розваги,Хобі та творчі мистецтва,Мистецтво та ремесла,Інструменти для мистецтва та ремесел,Інструменти для різання та тиснення в рукоділлі,Розпаркувачі швів
6447,Мистецтво та розваги,Хобі та творчі мистецтва,Мистецтво та ремесла,Інструменти для мистецтва та ремесел,Інструменти для різання та тиснення в рукоділлі,Ножиці для ниток та пряжі
7340,Мистецтво та розваги,Хобі та творчі мистецтва,Мистецтво та ремесла,Інструменти для мистецтва та ремесел,Інструменти для різання та тиснення в рукоділлі,Інструменти для термовидавлювання
504641,Мистецтво та розваги,Хобі та творчі мистецтва,Мистецтво та ремесла,Інструменти для мистецтва та ремесел,Інструменти для різання та тиснення в рукоділлі,Ножиці для рукоділля та офісу
504642,Мистецтво та розваги,Хобі та творчі мистецтва,Мистецтво та ремесла,Інструменти для мистецтва та ремесел,Інструменти для різання та тиснення в рукоділлі,Різаки та тиснільні пристрої для рукоділля
505386,Мистецтво та розваги,Хобі та творчі мистецтва,Мистецтво та ремесла,Інструменти для мистецтва та ремесел,Пристрої для виготовлення декору в рукоділлі
505387,Мистецтво та розваги,Хобі та творчі мистецтва,Мистецтво та ремесла,Інструменти для мистецтва та ремесел,Інструменти для ниток та пряжі
6138,Мистецтво та розваги,Хобі та творчі мистецтва,Мистецтво та ремесла,Інструменти для мистецтва та ремесел,Інструменти для ниток та пряжі,Ручні веретена
6153,Мистецтво та розваги,Хобі та творчі мистецтва,Мистецтво та ремесла,Інструменти для мистецтва та ремесел,Інструменти для ниток та пряжі,"Моталки для ниток, пряжі та бобін"
6154,Мистецтво та розваги,Хобі та творчі мистецтва,Мистецтво та ремесла,Інструменти для мистецтва та ремесел,Інструменти для ниток та пряжі,Бобіни для ниток та пряжі
6155,Мистецтво та розваги,Хобі та творчі мистецтва,Мистецтво та ремесла,Інструменти для мистецтва та ремесел,Інструменти для ниток та пряжі,Направляючі для ниток та пряжі
6163,Мистецтво та розваги,Хобі та творчі мистецтва,Мистецтво та ремесла,Інструменти для мистецтва та ремесел,Інструменти для ниток та пряжі,Ниткопроводи
6164,Мистецтво та розваги,Хобі та творчі мистецтва,Мистецтво та ремесла,Інструменти для мистецтва та ремесел,Інструменти для ниток та пряжі,Щітки та карти для волокна
6166,Мистецтво та розваги,Хобі та творчі мистецтва,Мистецтво та ремесла,Інструменти для мистецтва та ремесел,Інструменти для ниток та пряжі,Човники для ткацтва
6167,Мистецтво та розваги,Хобі та творчі мистецтва,Мистецтво та ремесла,Інструменти для мистецтва та ремесел,Інструменти для ниток та пряжі,Бійки для ткацтва
505388,Мистецтво та розваги,Хобі та творчі мистецтва,Мистецтво та ремесла,Інструменти для мистецтва та ремесел,Машини для текстильних ремесел
615,Мистецтво та розваги,Хобі та творчі мистецтва,Мистецтво та ремесла,Інструменти для мистецтва та ремесел,Машини для текстильних ремесел,Швейні машини
6134,Мистецтво та розваги,Хобі та творчі мистецтва,Мистецтво та ремесла,Інструменти для мистецтва та ремесел,Машини для текстильних ремесел,Голки та машини для валяння
6137,Мистецтво та розваги,Хобі та творчі мистецтва,Мистецтво та ремесла,Інструменти для мистецтва та ремесел,Машини для текстильних ремесел,Прядильні веретена
505421,Мистецтво та розваги,Хобі та творчі мистецтва,Мистецтво та ремесла,Інструменти для мистецтва та ремесел,Машини для текстильних ремесел,Механічні ткацькі верстати
505422,Мистецтво та розваги,Хобі та творчі мистецтва,Мистецтво та ремесла,Інструменти для мистецтва та ремесел,Машини для текстильних ремесел,Ручні ткацькі верстати
505391,Мистецтво та розваги,Хобі та творчі мистецтва,Мистецтво та ремесла,Інструменти для мистецтва та ремесел,Інструменти для змішування кольорів
1653,Мистецтво та розваги,Хобі та творчі мистецтва,Мистецтво та ремесла,Інструменти для мистецтва та ремесел,Інструменти для змішування кольорів,Ножі для палітри
1719,Мистецтво та розваги,Хобі та творчі мистецтва,Мистецтво та ремесла,Інструменти для мистецтва та ремесел,Інструменти для змішування кольорів,Палітри
505392,Мистецтво та розваги,Хобі та творчі мистецтва,Мистецтво та ремесла,Інструменти для мистецтва та ремесел,Інструменти для вимірювання та маркування в рукоділлі
18,Мистецтво та розваги,Хобі та творчі мистецтва,Мистецтво та ремесла,Інструменти для мистецтва та ремесел,Інструменти для вимірювання та маркування в рукоділлі,Художні пензлі
2671,Мистецтво та розваги,Хобі та творчі мистецтва,Мистецтво та ремесла,Інструменти для мистецтва та ремесел,Інструменти для вимірювання та маркування в рукоділлі,Трафарети та форми для вирізання
3083,Мистецтво та розваги,Хобі та творчі мистецтва,Мистецтво та ремесла,Інструменти для мистецтва та ремесел,Інструменти для вимірювання та маркування в рукоділлі,Компаси для креслення
4032,Мистецтво та розваги,Хобі та творчі мистецтва,Мистецтво та ремесла,Інструменти для мистецтва та ремесел,Інструменти для вимірювання та маркування в рукоділлі,Декоративні штампи
5883,Мистецтво та розваги,Хобі та творчі мистецтва,Мистецтво та ремесла,Інструменти для мистецтва та ремесел,Інструменти для вимірювання та маркування в рукоділлі,Машини для трафаретів
6125,Мистецтво та розваги,Хобі та творчі мистецтва,Мистецтво та ремесла,Інструменти для мистецтва та ремесел,Інструменти для вимірювання та маркування в рукоділлі,Шпатель для шовкотрафаретного друку
6126,Мистецтво та розваги,Хобі та творчі мистецтва,Мистецтво та ремесла,Інструменти для мистецтва та ремесел,Інструменти для вимірювання та маркування в рукоділлі,Ролики Бреєра
6157,Мистецтво та розваги,Хобі та творчі мистецтва,Мистецтво та ремесла,Інструменти для мистецтва та ремесел,Інструменти для вимірювання та маркування в рукоділлі,Лінійки та мірні прилади для текстильного мистецтва
6160,Мистецтво та розваги,Хобі та творчі мистецтва,Мистецтво та ремесла,Інструменти для мистецтва та ремесел,Інструменти для вимірювання та маркування в рукоділлі,Маркери та лічильники для швів
505420,Мистецтво та розваги,Хобі та творчі мистецтва,Мистецтво та ремесла,Інструменти для мистецтва та ремесел,Інструменти для вимірювання та маркування в рукоділлі,Інструменти для пірографії
505393,Мистецтво та розваги,Хобі та творчі мистецтва,Мистецтво та ремесла,Інструменти для мистецтва та ремесел,Голки та гачки
4579,Мистецтво та розваги,Хобі та творчі мистецтва,Мистецтво та ремесла,Інструменти для мистецтва та ремесел,Голки та гачки,Голки для швейних машин
5992,Мистецтво та розваги,Хобі та творчі мистецтва,Мистецтво та ремесла,Інструменти для мистецтва та ремесел,Голки та гачки,Голки для ручного шиття
6127,Мистецтво та розваги,Хобі та творчі мистецтва,Мистецтво та ремесла,Інструменти для мистецтва та ремесел,Голки та гачки,Гачки для в'язання
6139,Мистецтво та розваги,Хобі та творчі мистецтва,Мистецтво та ремесла,Інструменти для мистецтва та ремесел,Голки та гачки,Спиці для в'язання
6168,Мистецтво та розваги,Хобі та творчі мистецтва,Мистецтво та ремесла,Інструменти для мистецтва та ремесел,Голки та гачки,Замки та гачки для шаф
504643,Мистецтво та розваги,Хобі та творчі мистецтва,Мистецтво та ремесла,Аксесуари для художніх та ремісничих інструментів
4580,Мистецтво та розваги,Хобі та творчі мистецтва,Мистецтво та ремесла,Аксесуари для художніх та ремісничих інструментів,Чохли та обкладинки для машин рукоділля
5120,Мистецтво та розваги,Хобі та творчі мистецтва,Мистецтво та ремесла,Аксесуари для художніх та ремісничих інструментів,Лапки для швейних машин
6136,Мистецтво та розваги,Хобі та творчі мистецтва,Мистецтво та ремесла,Аксесуари для художніх та ремісничих інструментів,Аксесуари для прядильних веретен
232168,Мистецтво та розваги,Хобі та творчі мистецтва,Мистецтво та ремесла,Аксесуари для художніх та ремісничих інструментів,Леза для ножів рукоділля
499918,Мистецтво та розваги,Хобі та творчі мистецтва,Мистецтво та ремесла,Аксесуари для художніх та ремісничих інструментів,Блоки для штампів
503348,Мистецтво та розваги,Хобі та творчі мистецтва,Мистецтво та ремесла,Аксесуари для художніх та ремісничих інструментів,Запасні частини для швейних машин
505286,Мистецтво та розваги,Хобі та творчі мистецтва,Мистецтво та ремесла,Аксесуари для художніх та ремісничих інструментів,Розкладні столи для швейних машин
505369,Мистецтво та розваги,Хобі та творчі мистецтва,Мистецтво та ремесла,Органайзери для рукоділля
499971,Мистецтво та розваги,Хобі та творчі мистецтва,Мистецтво та ремесла,Органайзери для рукоділля,Кошики та набори для шиття
505394,Мистецтво та розваги,Хобі та творчі мистецтва,Мистецтво та ремесла,Органайзери для рукоділля,"Органайзери для голок, шпильок та гачків"
505395,Мистецтво та розваги,Хобі та творчі мистецтва,Мистецтво та ремесла,Органайзери для рукоділля,Органайзери для ниток та пряжі
505370,Мистецтво та розваги,Хобі та творчі мистецтва,Мистецтво та ремесла,Набори для мистецтва та ремесел
4778,Мистецтво та розваги,Хобі та творчі мистецтва,Мистецтво та ремесла,Набори для мистецтва та ремесел,Набори для малювання та живопису
4986,Мистецтво та розваги,Хобі та творчі мистецтва,Мистецтво та ремесла,Набори для мистецтва та ремесел,Набори для творчості
6382,Мистецтво та розваги,Хобі та творчі мистецтва,Мистецтво та ремесла,Набори для мистецтва та ремесел,Набори для ремонту тканини
6829,Мистецтво та розваги,Хобі та творчі мистецтва,Мистецтво та ремесла,Набори для мистецтва та ремесел,Набори для мозаїки
6989,Мистецтво та розваги,Хобі та творчі мистецтва,Мистецтво та ремесла,Набори для мистецтва та ремесел,Набори для виготовлення ладану
7096,Мистецтво та розваги,Хобі та творчі мистецтва,Мистецтво та ремесла,Набори для мистецтва та ремесел,Набори для вишивання
502979,Мистецтво та розваги,Хобі та творчі мистецтва,Мистецтво та ремесла,Набори для мистецтва та ремесел,Набори для виготовлення ювелірних виробів
503758,Мистецтво та розваги,Хобі та творчі мистецтва,Мистецтво та ремесла,Набори для мистецтва та ремесел,Набори для скрапбукінгу та тиснення
505374,Мистецтво та розваги,Хобі та творчі мистецтва,Мистецтво та ремесла,Набори для мистецтва та ремесел,Набори для виготовлення свічок
505371,Мистецтво та розваги,Хобі та творчі мистецтва,Мистецтво та ремесла,Шаблони та форми для рукоділля
3697,Мистецтво та розваги,Хобі та творчі мистецтва,Мистецтво та ремесла,Шаблони та форми для рукоділля,Швейні викрійки
6135,Мистецтво та розваги,Хобі та творчі мистецтва,Мистецтво та ремесла,Шаблони та форми для рукоділля,Форми для валяння
6999,Мистецтво та розваги,Хобі та творчі мистецтва,Мистецтво та ремесла,Шаблони та форми для рукоділля,Схеми для намистин
8007,Мистецтво та розваги,Хобі та творчі мистецтва,Мистецтво та ремесла,Шаблони та форми для рукоділля,Форми для рукоділля
505373,Мистецтво та розваги,Хобі та творчі мистецтва,Мистецтво та ремесла,Шаблони та форми для рукоділля,Взори для вишивання
505372,Мистецтво та розваги,Хобі та творчі мистецтва,Мистецтво та ремесла,Художні та ремісничі матеріали
24,Мистецтво та розваги,Хобі та творчі мистецтва,Мистецтво та ремесла,Художні та ремісничі матеріали,Папір для мистецтва та ремесел
2532,Мистецтво та розваги,Хобі та творчі мистецтва,Мистецтво та ремесла,Художні та ремісничі матеріали,Папір для мистецтва та ремесел,Будівельний папір
2741,Мистецтво та розваги,Хобі та творчі мистецтва,Мистецтво та ремесла,Художні та ремісничі матеріали,Папір для мистецтва та ремесел,Пергаментний папір
2967,Мистецтво та розваги,Хобі та творчі мистецтва,Мистецтво та ремесла,Художні та ремісничі матеріали,Папір для мистецтва та ремесел,Папір для орігамі
6110,Мистецтво та розваги,Хобі та творчі мистецтва,Мистецтво та ремесла,Художні та ремісничі матеріали,Папір для мистецтва та ремесел,Папір для трансферу
8168,Мистецтво та розваги,Хобі та творчі мистецтва,Мистецтво та ремесла,Художні та ремісничі матеріали,Папір для мистецтва та ремесел,Фольга для рукоділля
505399,Мистецтво та розваги,Хобі та творчі мистецтва,Мистецтво та ремесла,Художні та ремісничі матеріали,Папір для мистецтва та ремесел,Картон та папір для скрапбукінгу
543510,Мистецтво та розваги,Хобі та творчі мистецтва,Мистецтво та ремесла,Художні та ремісничі матеріали,Папір для мистецтва та ремесел,Картон та папір для скрапбукінгу,Картон
543511,Мистецтво та розваги,Хобі та творчі мистецтва,Мистецтво та ремесла,Художні та ремісничі матеріали,Папір для мистецтва та ремесел,Картон та папір для скрапбукінгу,Папір для скрапбукінгу
505400,Мистецтво та розваги,Хобі та творчі мистецтва,Мистецтво та ремесла,Художні та ремісничі матеріали,Папір для мистецтва та ремесел,Папір для малювання та живопису
44,Мистецтво та розваги,Хобі та творчі мистецтва,Мистецтво та ремесла,Художні та ремісничі матеріали,Матеріали для гончарства та скульптури
3692,Мистецтво та розваги,Хобі та творчі мистецтва,Мистецтво та ремесла,Художні та ремісничі матеріали,Матеріали для гончарства та скульптури,Глина та пластилін для моделювання
543628,Мистецтво та розваги,Хобі та творчі мистецтва,Мистецтво та ремесла,Художні та ремісничі матеріали,Матеріали для гончарства та скульптури,Глина та пластилін для моделювання,Глина
543629,Мистецтво та розваги,Хобі та творчі мистецтва,Мистецтво та ремесла,Художні та ремісничі матеріали,Матеріали для гончарства та скульптури,Глина та пластилін для моделювання,Пластилін для моделювання
505401,Мистецтво та розваги,Хобі та творчі мистецтва,Мистецтво та ремесла,Художні та ремісничі матеріали,Матеріали для гончарства та скульптури,Суміші для пап'є-маше
505402,Мистецтво та розваги,Хобі та творчі мистецтва,Мистецтво та ремесла,Художні та ремісничі матеріали,Матеріали для гончарства та скульптури,Глиняні шліфи
505804,Мистецтво та розваги,Хобі та творчі мистецтва,Мистецтво та ремесла,Художні та ремісничі матеріали,Матеріали для гончарства та скульптури,Гіпсовий бинт
6121,Мистецтво та розваги,Хобі та творчі мистецтва,Мистецтво та ремесла,Художні та ремісничі матеріали,Порошок для тиснення
6142,Мистецтво та розваги,Хобі та творчі мистецтва,Мистецтво та ремесла,Художні та ремісничі матеріали,Матеріал для наповнення та упаковки
505405,Мистецтво та розваги,Хобі та творчі мистецтва,Мистецтво та ремесла,Художні та ремісничі матеріали,Матеріал для наповнення та упаковки,Форми для подушок
505406,Мистецтво та розваги,Хобі та творчі мистецтва,Мистецтво та ремесла,Художні та ремісничі матеріали,Матеріал для наповнення та упаковки,Гранули для наповнення
505407,Мистецтво та розваги,Хобі та творчі мистецтва,Мистецтво та ремесла,Художні та ремісничі матеріали,Матеріал для наповнення та упаковки,Набивка та наповнювач
7402,Мистецтво та розваги,Хобі та творчі мистецтва,Мистецтво та ремесла,Художні та ремісничі матеріали,Фітелі
7403,Мистецтво та розваги,Хобі та творчі мистецтва,Мистецтво та ремесла,Художні та ремісничі матеріали,Основи для фітелів
505375,Мистецтво та розваги,Хобі та творчі мистецтва,Мистецтво та ремесла,Художні та ремісничі матеріали,Сира воскова свічка
505376,Мистецтво та розваги,Хобі та творчі мистецтва,Мистецтво та ремесла,Художні та ремісничі матеріали,Клей та магніти для рукоділля
36,Мистецтво та розваги,Хобі та творчі мистецтва,Мистецтво та ремесла,Художні та ремісничі матеріали,Клей та магніти для рукоділля,Магніти для рукоділля
6418,Мистецтво та розваги,Хобі та творчі мистецтва,Мистецтво та ремесла,Художні та ремісничі матеріали,Клей та магніти для рукоділля,Плавкий скотч
7192,Мистецтво та розваги,Хобі та творчі мистецтва,Мистецтво та ремесла,Художні та ремісничі матеріали,Клей та магніти для рукоділля,Флористична стрічка
503745,Мистецтво та розваги,Хобі та творчі мистецтва,Мистецтво та ремесла,Художні та ремісничі матеріали,Клей та магніти для рукоділля,Клей для рукоділля та офісу
505419,Мистецтво та розваги,Хобі та творчі мистецтва,Мистецтво та ремесла,Художні та ремісничі матеріали,Клей та магніти для рукоділля,Декоративна стрічка
505377,Мистецтво та розваги,Хобі та творчі мистецтва,Мистецтво та ремесла,Художні та ремісничі матеріали,Дріт для рукоділля
5062,Мистецтво та розваги,Хобі та творчі мистецтва,Мистецтво та ремесла,Художні та ремісничі матеріали,Дріт для рукоділля,Чистильники для трубок в рукоділлі
6102,Мистецтво та розваги,Хобі та творчі мистецтва,Мистецтво та ремесла,Художні та ремісничі матеріали,Дріт для рукоділля,Дріт для бісеру та ювелірних виробів
505418,Мистецтво та розваги,Хобі та творчі мистецтва,Мистецтво та ремесла,Художні та ремісничі матеріали,Дріт для рукоділля,Флористичний дріт
505378,Мистецтво та розваги,Хобі та творчі мистецтва,Мистецтво та ремесла,Художні та ремісничі матеріали,"Фарби, чорнило та глазур для рукоділля"
6558,Мистецтво та розваги,Хобі та творчі мистецтва,Мистецтво та ремесла,Художні та ремісничі матеріали,"Фарби, чорнило та глазур для рукоділля",Медіуми для фарб
499879,Мистецтво та розваги,Хобі та творчі мистецтва,Мистецтво та ремесла,Художні та ремісничі матеріали,"Фарби, чорнило та глазур для рукоділля",Глазурі для кераміки та гончарних виробів
500094,Мистецтво та розваги,Хобі та творчі мистецтва,Мистецтво та ремесла,Художні та ремісничі матеріали,"Фарби, чорнило та глазур для рукоділля",Фіксатори для малюнків
505414,Мистецтво та розваги,Хобі та творчі мистецтва,Мистецтво та ремесла,Художні та ремісничі матеріали,"Фарби, чорнило та глазур для рукоділля",Подушечки для чорнила
505415,Мистецтво та розваги,Хобі та творчі мистецтва,Мистецтво та ремесла,Художні та ремісничі матеріали,"Фарби, чорнило та глазур для рукоділля",Барвники для рукоділля
505416,Мистецтво та розваги,Хобі та творчі мистецтва,Мистецтво та ремесла,Художні та ремісничі матеріали,"Фарби, чорнило та глазур для рукоділля",Художні чорнила
505417,Мистецтво та розваги,Хобі та творчі мистецтва,Мистецтво та ремесла,Художні та ремісничі матеріали,"Фарби, чорнило та глазур для рукоділля",Художня та реміснича фарба
505379,Мистецтво та розваги,Хобі та творчі мистецтва,Мистецтво та ремесла,Художні та ремісничі матеріали,Декоративні елементи та облямівки
32,Мистецтво та розваги,Хобі та творчі мистецтва,Мистецтво та ремесла,Художні та ремісничі матеріали,Декоративні елементи та облямівки,Намистини
198,Мистецтво та розваги,Хобі та творчі мистецтва,Мистецтво та ремесла,Художні та ремісничі матеріали,Декоративні елементи та облямівки,Вільні камені
1927,Мистецтво та розваги,Хобі та творчі мистецтва,Мистецтво та ремесла,Художні та ремісничі матеріали,Декоративні елементи та облямівки,Вшивні етикетки
4054,Мистецтво та розваги,Хобі та творчі мистецтва,Мистецтво та ремесла,Художні та ремісничі матеріали,Декоративні елементи та облямівки,Декоративні наклейки
5982,Мистецтво та розваги,Хобі та творчі мистецтва,Мистецтво та ремесла,Художні та ремісничі матеріали,Декоративні елементи та облямівки,Стрази та плоскі камені
5996,Мистецтво та розваги,Хобі та творчі мистецтва,Мистецтво та ремесла,Художні та ремісничі матеріали,Декоративні елементи та облямівки,Фурнітура для ювелірних виробів
6146,Мистецтво та розваги,Хобі та творчі мистецтва,Мистецтво та ремесла,Художні та ремісничі матеріали,Декоративні елементи та облямівки,Еластичні стрічки
6955,Мистецтво та розваги,Хобі та творчі мистецтва,Мистецтво та ремесла,Художні та ремісничі матеріали,Декоративні елементи та облямівки,Аплікації та нашивки
505410,Мистецтво та розваги,Хобі та творчі мистецтва,Мистецтво та ремесла,Художні та ремісничі матеріали,Декоративні елементи та облямівки,Паєтки та блискітки
505411,Мистецтво та розваги,Хобі та творчі мистецтва,Мистецтво та ремесла,Художні та ремісничі матеріали,Декоративні елементи та облямівки,Пір'я
505412,Мистецтво та розваги,Хобі та творчі мистецтва,Мистецтво та ремесла,Художні та ремісничі матеріали,Декоративні елементи та облямівки,Стрічки та облямівки
505413,Мистецтво та розваги,Хобі та творчі мистецтва,Мистецтво та ремесла,Художні та ремісничі матеріали,Декоративні елементи та облямівки,Бантики та йо-йо
505380,Мистецтво та розваги,Хобі та творчі мистецтва,Мистецтво та ремесла,Художні та ремісничі матеріали,Застібки та замки для рукоділля
4174,Мистецтво та розваги,Хобі та творчі мистецтва,Мистецтво та ремесла,Художні та ремісничі матеріали,Застібки та замки для рукоділля,Блискавки
4226,Мистецтво та розваги,Хобі та творчі мистецтва,Мистецтво та ремесла,Художні та ремісничі матеріали,Застібки та замки для рукоділля,Кнопки та защіпки
6145,Мистецтво та розваги,Хобі та творчі мистецтва,Мистецтво та ремесла,Художні та ремісничі матеріали,Застібки та замки для рукоділля,Липучки
500056,Мистецтво та розваги,Хобі та творчі мистецтва,Мистецтво та ремесла,Художні та ремісничі матеріали,Застібки та замки для рукоділля,Бігунки для блискавок
505408,Мистецтво та розваги,Хобі та творчі мистецтва,Мистецтво та ремесла,Художні та ремісничі матеріали,Застібки та замки для рукоділля,Застібки та гачки
505409,Мистецтво та розваги,Хобі та творчі мистецтва,Мистецтво та ремесла,Художні та ремісничі матеріали,Застібки та замки для рукоділля,Люверси та окачки
505381,Мистецтво та розваги,Хобі та творчі мистецтва,Мистецтво та ремесла,Художні та ремісничі матеріали,Форми та основи для рукоділля
6117,Мистецтво та розваги,Хобі та творчі мистецтва,Мистецтво та ремесла,Художні та ремісничі матеріали,Форми та основи для рукоділля,Пінопласт та стіродур для рукоділля
504419,Мистецтво та розваги,Хобі та творчі мистецтва,Мистецтво та ремесла,Художні та ремісничі матеріали,Форми та основи для рукоділля,Вінки та квіткові рамки
505403,Мистецтво та розваги,Хобі та творчі мистецтва,Мистецтво та ремесла,Художні та ремісничі матеріали,Форми та основи для рукоділля,Форми з пап'є-маше
505404,Мистецтво та розваги,Хобі та творчі мистецтва,Мистецтво та ремесла,Художні та ремісничі матеріали,Форми та основи для рукоділля,Дерево та форми для рукоділля
505382,Мистецтво та розваги,Хобі та творчі мистецтва,Мистецтво та ремесла,Художні та ремісничі матеріали,Волокна для рукоділля
49,Мистецтво та розваги,Хобі та творчі мистецтва,Мистецтво та ремесла,Художні та ремісничі матеріали,Волокна для рукоділля,Нитки та муліне
2669,Мистецтво та розваги,Хобі та творчі мистецтва,Мистецтво та ремесла,Художні та ремісничі матеріали,Волокна для рукоділля,Пряжа
6140,Мистецтво та розваги,Хобі та творчі мистецтва,Мистецтво та ремесла,Художні та ремісничі матеріали,Волокна для рукоділля,Неспрядена волокно
6540,Мистецтво та розваги,Хобі та творчі мистецтва,Мистецтво та ремесла,Художні та ремісничі матеріали,Волокна для рукоділля,Шнури для бісеру та ювелірних виробів
505383,Мистецтво та розваги,Хобі та творчі мистецтва,Мистецтво та ремесла,Художні та ремісничі матеріали,Шкіра та вініл
505384,Мистецтво та розваги,Хобі та творчі мистецтва,Мистецтво та ремесла,Художні та ремісничі матеріали,Текстиль
47,Мистецтво та розваги,Хобі та творчі мистецтва,Мистецтво та ремесла,Художні та ремісничі матеріали,Текстиль,Тканина
7076,Мистецтво та розваги,Хобі та творчі мистецтва,Мистецтво та ремесла,Художні та ремісничі матеріали,Текстиль,Інтерфейси
505396,Мистецтво та розваги,Хобі та творчі мистецтва,Мистецтво та ремесла,Художні та ремісничі матеріали,Текстиль,Тканина для друку
505397,Мистецтво та розваги,Хобі та творчі мистецтва,Мистецтво та ремесла,Художні та ремісничі матеріали,Текстиль,Холст для рукоділля
19,Мистецтво та розваги,Хобі та творчі мистецтва,Мистецтво та ремесла,Художні та ремісничі матеріали,Текстиль,Холст для рукоділля,Полотно для живопису
6144,Мистецтво та розваги,Хобі та творчі мистецтва,Мистецтво та ремесла,Художні та ремісничі матеріали,Текстиль,Холст для рукоділля,Пластикове полотно
505398,Мистецтво та розваги,Хобі та творчі мистецтва,Мистецтво та ремесла,Художні та ремісничі матеріали,Текстиль,Холст для рукоділля,Полотно для вишивання
33,Мистецтво та розваги,Хобі та творчі мистецтва,Жонглювання
35,Мистецтво та розваги,Хобі та творчі мистецтва,Магія та новинки
54,Мистецтво та розваги,Хобі та творчі мистецтва,Музичні інструменти
63,Мистецтво та розваги,Хобі та творчі мистецтва,Музичні інструменти,Мідні духові інструменти
65,Мистецтво та розваги,Хобі та творчі мистецтва,Музичні інструменти,Мідні духові інструменти,Евфоніуми
67,Мистецтво та розваги,Хобі та творчі мистецтва,Музичні інструменти,Мідні духові інструменти,Валторни
70,Мистецтво та розваги,Хобі та творчі мистецтва,Музичні інструменти,Мідні духові інструменти,Тромбони
72,Мистецтво та розваги,Хобі та творчі мистецтва,Музичні інструменти,Мідні духові інструменти,Туби
505769,Мистецтво та розваги,Хобі та творчі мистецтва,Музичні інструменти,Мідні духові інструменти,Альтові та баритонові ріжки
505770,Мистецтво та розваги,Хобі та творчі мистецтва,Музичні інструменти,Мідні духові інструменти,Труби та корнети
75,Мистецтво та розваги,Хобі та творчі мистецтва,Музичні інструменти,Ударні
2518,Мистецтво та розваги,Хобі та творчі мистецтва,Музичні інструменти,Ударні,Барабанні установки
2797,Мистецтво та розваги,Хобі та творчі мистецтва,Музичні інструменти,Ударні,Малий барабан
2856,Мистецтво та розваги,Хобі та творчі мистецтва,Музичні інструменти,Ударні,Електронні барабани
2917,Мистецтво та розваги,Хобі та творчі мистецтва,Музичні інструменти,Ударні,Бас-барабани
3005,Мистецтво та розваги,Хобі та творчі мистецтва,Музичні інструменти,Ударні,Том-томи
3015,Мистецтво та розваги,Хобі та творчі мистецтва,Музичні інструменти,Ударні,Хет-тарілки
3043,Мистецтво та розваги,Хобі та творчі мистецтва,Музичні інструменти,Ударні,Ударні тарілки
6098,Мистецтво та розваги,Хобі та творчі мистецтва,Музичні інструменти,Ударні,Гонги
7232,Мистецтво та розваги,Хобі та творчі мистецтва,Музичні інструменти,Ударні,Тренувальні педи для гри на ударних
7285,Мистецтво та розваги,Хобі та творчі мистецтва,Музичні інструменти,Ударні,Ручні ударні інструменти
2515,Мистецтво та розваги,Хобі та творчі мистецтва,Музичні інструменти,Ударні,Ручні ударні інструменти,Тамбурини
7286,Мистецтво та розваги,Хобі та творчі мистецтва,Музичні інструменти,Ударні,Ручні ударні інструменти,Музичні скребки та тріщітки
7287,Мистецтво та розваги,Хобі та творчі мистецтва,Музичні інструменти,Ударні,Ручні ударні інструменти,Музичні шейкери
7288,Мистецтво та розваги,Хобі та творчі мистецтва,Музичні інструменти,Ударні,Ручні ударні інструменти,Цимбали для пальців та рук
7289,Мистецтво та розваги,Хобі та творчі мистецтва,Музичні інструменти,Ударні,Ручні ударні інструменти,Клавеси та кастаньєти
7290,Мистецтво та розваги,Хобі та творчі мистецтва,Музичні інструменти,Ударні,Ручні ударні інструменти,Музичні трикутники
7291,Мистецтво та розваги,Хобі та творчі мистецтва,Музичні інструменти,Ударні,Ручні ударні інструменти,Музичні блоки
7293,Мистецтво та розваги,Хобі та творчі мистецтва,Музичні інструменти,Ударні,Ручні ударні інструменти,Музичні дзвіночки (коров'ячі дзвони)
7294,Мистецтво та розваги,Хобі та творчі мистецтва,Музичні інструменти,Ударні,Ручні ударні інструменти,Вібраслепи
7295,Мистецтво та розваги,Хобі та творчі мистецтва,Музичні інструменти,Ударні,Ручні ударні інструменти,Ручні барабани
7296,Мистецтво та розваги,Хобі та творчі мистецтва,Музичні інструменти,Ударні,Ручні ударні інструменти,Ручні барабани,Конги
7297,Мистецтво та розваги,Хобі та творчі мистецтва,Музичні інструменти,Ударні,Ручні ударні інструменти,Ручні барабани,Кахони
7298,Мистецтво та розваги,Хобі та творчі мистецтва,Музичні інструменти,Ударні,Ручні ударні інструменти,Ручні барабани,Бонго
7299,Мистецтво та розваги,Хобі та творчі мистецтва,Музичні інструменти,Ударні,Ручні ударні інструменти,Ручні барабани,Бубни-чарки
7300,Мистецтво та розваги,Хобі та творчі мистецтва,Музичні інструменти,Ударні,Ручні ударні інструменти,Ручні барабани,Барабани з рамою
7301,Мистецтво та розваги,Хобі та творчі мистецтва,Музичні інструменти,Ударні,Ручні ударні інструменти,Ручні барабани,Барабани-мовці
7302,Мистецтво та розваги,Хобі та творчі мистецтва,Музичні інструменти,Ударні,Ручні ударні інструменти,Ручні барабани,Табла
7555,Мистецтво та розваги,Хобі та творчі мистецтва,Музичні інструменти,Ударні,Ручні ударні інструменти,Ручні дзвоники та дзвіночки
7431,Мистецтво та розваги,Хобі та творчі мистецтва,Музичні інструменти,Ударні,Глокеншпілі та ксилофони
76,Мистецтво та розваги,Хобі та творчі мистецтва,Музичні інструменти,Піаніно
77,Мистецтво та розваги,Хобі та творчі мистецтва,Музичні інструменти,Струнні інструменти
78,Мистецтво та розваги,Хобі та творчі мистецтва,Музичні інструменти,Струнні інструменти,Контрабаси
79,Мистецтво та розваги,Хобі та творчі мистецтва,Музичні інструменти,Струнні інструменти,Віолончелі
80,Мистецтво та розваги,Хобі та творчі мистецтва,Музичні інструменти,Струнні інструменти,Гітари
84,Мистецтво та розваги,Хобі та творчі мистецтва,Музичні інструменти,Струнні інструменти,Арфи
85,Мистецтво та розваги,Хобі та творчі мистецтва,Музичні інструменти,Струнні інструменти,Альти
86,Мистецтво та розваги,Хобі та творчі мистецтва,Музичні інструменти,Струнні інструменти,Скрипки
87,Мистецтво та розваги,Хобі та творчі мистецтва,Музичні інструменти,Духові
88,Мистецтво та розваги,Хобі та творчі мистецтва,Музичні інструменти,Духові,Кларнети
89,Мистецтво та розваги,Хобі та творчі мистецтва,Музичні інструменти,Духові,Флейти
90,Мистецтво та розваги,Хобі та творчі мистецтва,Музичні інструменти,Духові,Блокфлейти
91,Мистецтво та розваги,Хобі та творчі мистецтва,Музичні інструменти,Духові,Саксофони
4540,Мистецтво та розваги,Хобі та творчі мистецтва,Музичні інструменти,Духові,Фаготи
4541,Мистецтво та розваги,Хобі та творчі мистецтва,Музичні інструменти,Духові,Гобої та англійські роги
4743,Мистецтво та розваги,Хобі та творчі мистецтва,Музичні інструменти,Духові,Губні гармошки
4744,Мистецтво та розваги,Хобі та творчі мистецтва,Музичні інструменти,Духові,Дримби
5481,Мистецтво та розваги,Хобі та творчі мистецтва,Музичні інструменти,Духові,Мелодіки
6721,Мистецтво та розваги,Хобі та творчі мистецтва,Музичні інструменти,Духові,Металеві свистки
6728,Мистецтво та розваги,Хобі та творчі мистецтва,Музичні інструменти,Духові,Поїздові свистки
7188,Мистецтво та розваги,Хобі та творчі мистецтва,Музичні інструменти,Духові,Флутафони
7249,Мистецтво та розваги,Хобі та творчі мистецтва,Музичні інструменти,Духові,Окарини
7250,Мистецтво та розваги,Хобі та творчі мистецтва,Музичні інструменти,Духові,Музичні труби
4983,Мистецтво та розваги,Хобі та творчі мистецтва,Музичні інструменти,Акордеони та концертини
4984,Мистецтво та розваги,Хобі та творчі мистецтва,Музичні інструменти,Волинки
6001,Мистецтво та розваги,Хобі та творчі мистецтва,Музичні інструменти,Електронні музичні інструменти
74,Мистецтво та розваги,Хобі та творчі мистецтва,Музичні інструменти,Електронні музичні інструменти,Музичні клавіатури
245,Мистецтво та розваги,Хобі та творчі мистецтва,Музичні інструменти,Електронні музичні інструменти,Аудіо семплери
6002,Мистецтво та розваги,Хобі та творчі мистецтва,Музичні інструменти,Електронні музичні інструменти,MIDI контролери
6003,Мистецтво та розваги,Хобі та творчі мистецтва,Музичні інструменти,Електронні музичні інструменти,Звукові синтезатори
55,Мистецтво та розваги,Хобі та творчі мистецтва,Аксесуари для музичних інструментів та оркестру
56,Мистецтво та розваги,Хобі та творчі мистецтва,Аксесуари для музичних інструментів та оркестру,Підсилювачі для музичних інструментів
57,Мистецтво та розваги,Хобі та творчі мистецтва,Аксесуари для музичних інструментів та оркестру,Аксесуари для мідних духових інструментів
4797,Мистецтво та розваги,Хобі та творчі мистецтва,Аксесуари для музичних інструментів та оркестру,Аксесуари для мідних духових інструментів,Догляд та чистка для духових інструментів
4890,Мистецтво та розваги,Хобі та творчі мистецтва,Аксесуари для музичних інструментів та оркестру,Аксесуари для мідних духових інструментів,Догляд та чистка для духових інструментів,Інструменти для чищення духових інструментів
4891,Мистецтво та розваги,Хобі та творчі мистецтва,Аксесуари для музичних інструментів та оркестру,Аксесуари для мідних духових інструментів,Догляд та чистка для духових інструментів,Набори для догляду за духовими інструментами
4892,Мистецтво та розваги,Хобі та творчі мистецтва,Аксесуари для музичних інструментів та оркестру,Аксесуари для мідних духових інструментів,Догляд та чистка для духових інструментів,Засоби для чищення та дезінфекції духових інструментів
4893,Мистецтво та розваги,Хобі та творчі мистецтва,Аксесуари для музичних інструментів та оркестру,Аксесуари для мідних духових інструментів,Догляд та чистка для духових інструментів,Захисні кожухи для духових інструментів
4894,Мистецтво та розваги,Хобі та творчі мистецтва,Аксесуари для музичних інструментів та оркестру,Аксесуари для мідних духових інструментів,Догляд та чистка для духових інструментів,Мастила для духових інструментів
4895,Мистецтво та розваги,Хобі та творчі мистецтва,Аксесуари для музичних інструментів та оркестру,Аксесуари для мідних духових інструментів,Догляд та чистка для духових інструментів,Серветки для полірування мідних духових інструментів
4798,Мистецтво та розваги,Хобі та творчі мистецтва,Аксесуари для музичних інструментів та оркестру,Аксесуари для мідних духових інструментів,Запасні частини для духових інструментів
505308,Мистецтво та розваги,Хобі та творчі мистецтва,Аксесуари для музичних інструментів та оркестру,Аксесуари для мідних духових інструментів,Мундштуки для духових інструментів
505309,Мистецтво та розваги,Хобі та творчі мистецтва,Аксесуари для музичних інструментів та оркестру,Аксесуари для мідних духових інструментів,Ремені та стійки для духових інструментів
505310,Мистецтво та розваги,Хобі та творчі мистецтва,Аксесуари для музичних інструментів та оркестру,Аксесуари для мідних духових інструментів,Кейси та сумки для духових інструментів
505768,Мистецтво та розваги,Хобі та творчі мистецтва,Аксесуари для музичних інструментів та оркестру,Аксесуари для мідних духових інструментів,Глухі звуки для духових інструментів
60,Мистецтво та розваги,Хобі та творчі мистецтва,Аксесуари для музичних інструментів та оркестру,Аксесуари для музичних клавіатур
3324,Мистецтво та розваги,Хобі та творчі мистецтва,Аксесуари для музичних інструментів та оркестру,Аксесуари для музичних клавіатур,Педалі сустейну
3588,Мистецтво та розваги,Хобі та творчі мистецтва,Аксесуари для музичних інструментів та оркестру,Аксесуари для музичних клавіатур,Стенди для музичних клавіатур
7357,Мистецтво та розваги,Хобі та творчі мистецтва,Аксесуари для музичних інструментів та оркестру,Аксесуари для музичних клавіатур,Сумки та чохли для музичних клавіатур
61,Мистецтво та розваги,Хобі та творчі мистецтва,Аксесуари для музичних інструментів та оркестру,Аксесуари для струнних інструментів
3502,Мистецтво та розваги,Хобі та творчі мистецтва,Аксесуари для музичних інструментів та оркестру,Аксесуари для струнних інструментів,Аксесуари для гітари
3176,Мистецтво та розваги,Хобі та творчі мистецтва,Аксесуари для музичних інструментів та оркестру,Аксесуари для струнних інструментів,Аксесуари для гітари,Колки для настроювання гітари
3178,Мистецтво та розваги,Хобі та творчі мистецтва,Аксесуари для музичних інструментів та оркестру,Аксесуари для струнних інструментів,Аксесуари для гітари,Струни для гітари
3392,Мистецтво та розваги,Хобі та творчі мистецтва,Аксесуари для музичних інструментів та оркестру,Аксесуари для струнних інструментів,Аксесуари для гітари,Зволожувачі для гітари
3412,Мистецтво та розваги,Хобі та творчі мистецтва,Аксесуари для музичних інструментів та оркестру,Аксесуари для струнних інструментів,Аксесуари для гітари,Звукознімачі для електрогітари
3646,Мистецтво та розваги,Хобі та творчі мистецтва,Аксесуари для музичних інструментів та оркестру,Аксесуари для струнних інструментів,Аксесуари для гітари,Стенди для гітари
3775,Мистецтво та розваги,Хобі та творчі мистецтва,Аксесуари для музичних інструментів та оркестру,Аксесуари для струнних інструментів,Аксесуари для гітари,Звукознімачі для акустичної гітари
3882,Мистецтво та розваги,Хобі та творчі мистецтва,Аксесуари для музичних інструментів та оркестру,Аксесуари для струнних інструментів,Аксесуари для гітари,Кейси та сумки для гітари
4111,Мистецтво та розваги,Хобі та творчі мистецтва,Аксесуари для музичних інструментів та оркестру,Аксесуари для струнних інструментів,Аксесуари для гітари,Медіатори для гітари
5367,Мистецтво та розваги,Хобі та творчі мистецтва,Аксесуари для музичних інструментів та оркестру,Аксесуари для струнних інструментів,Аксесуари для гітари,Гітарні капо
5368,Мистецтво та розваги,Хобі та творчі мистецтва,Аксесуари для музичних інструментів та оркестру,Аксесуари для струнних інструментів,Аксесуари для гітари,Слайди для гітари
499688,Мистецтво та розваги,Хобі та творчі мистецтва,Аксесуари для музичних інструментів та оркестру,Аксесуари для струнних інструментів,Аксесуари для гітари,Ремені для гітари
503032,Мистецтво та розваги,Хобі та творчі мистецтва,Аксесуари для музичних інструментів та оркестру,Аксесуари для струнних інструментів,Аксесуари для гітари,Фурнітура та запчастини для гітари
503721,Мистецтво та розваги,Хобі та творчі мистецтва,Аксесуари для музичних інструментів та оркестру,Аксесуари для струнних інструментів,Аксесуари для гітари,Намотувачі струн для гітари
4806,Мистецтво та розваги,Хобі та творчі мистецтва,Аксесуари для музичних інструментів та оркестру,Аксесуари для струнних інструментів,Догляд та чистка струнних інструментів
3374,Мистецтво та розваги,Хобі та творчі мистецтва,Аксесуари для музичних інструментів та оркестру,Аксесуари для струнних інструментів,Догляд та чистка струнних інструментів,Смола для смичка
4911,Мистецтво та розваги,Хобі та творчі мистецтва,Аксесуари для музичних інструментів та оркестру,Аксесуари для струнних інструментів,Догляд та чистка струнних інструментів,Серветки для чищення струнних інструментів
4912,Мистецтво та розваги,Хобі та творчі мистецтва,Аксесуари для музичних інструментів та оркестру,Аксесуари для струнних інструментів,Догляд та чистка струнних інструментів,Поліроль для струнних інструментів
503033,Мистецтво та розваги,Хобі та творчі мистецтва,Аксесуари для музичних інструментів та оркестру,Аксесуари для струнних інструментів,Аксесуари для струнних оркестрових інструментів
8209,Мистецтво та розваги,Хобі та творчі мистецтва,Аксесуари для музичних інструментів та оркестру,Аксесуари для струнних інструментів,Аксесуари для струнних оркестрових інструментів,Чохли для смичків струнних оркестрових інструментів
503034,Мистецтво та розваги,Хобі та творчі мистецтва,Аксесуари для музичних інструментів та оркестру,Аксесуари для струнних інструментів,Аксесуари для струнних оркестрових інструментів,Струни для оркестрових струнних інструментів
503035,Мистецтво та розваги,Хобі та творчі мистецтва,Аксесуари для музичних інструментів та оркестру,Аксесуари для струнних інструментів,Аксесуари для струнних оркестрових інструментів,Стійки для струнних оркестрових інструментів
503036,Мистецтво та розваги,Хобі та творчі мистецтва,Аксесуари для музичних інструментів та оркестру,Аксесуари для струнних інструментів,Аксесуари для струнних оркестрових інструментів,Звукознімачі для струнних оркестрових інструментів
503037,Мистецтво та розваги,Хобі та творчі мистецтва,Аксесуари для музичних інструментів та оркестру,Аксесуари для струнних інструментів,Аксесуари для струнних оркестрових інструментів,Сурдина для струнних оркестрових інструментів
503038,Мистецтво та розваги,Хобі та творчі мистецтва,Аксесуари для музичних інструментів та оркестру,Аксесуари для струнних інструментів,Аксесуари для струнних оркестрових інструментів,Фурнітура та деталі для струнних оркестрових інструментів
503039,Мистецтво та розваги,Хобі та творчі мистецтва,Аксесуари для музичних інструментів та оркестру,Аксесуари для струнних інструментів,Аксесуари для струнних оркестрових інструментів,Чохли для струнних оркестрових інструментів
503040,Мистецтво та розваги,Хобі та творчі мистецтва,Аксесуари для музичних інструментів та оркестру,Аксесуари для струнних інструментів,Аксесуари для струнних оркестрових інструментів,Смички для струнних оркестрових інструментів
62,Мистецтво та розваги,Хобі та творчі мистецтва,Аксесуари для музичних інструментів та оркестру,Аксесуари для дерев'яних духових інструментів
4790,Мистецтво та розваги,Хобі та творчі мистецтва,Аксесуари для музичних інструментів та оркестру,Аксесуари для дерев'яних духових інструментів,Аксесуари для фагота
4809,Мистецтво та розваги,Хобі та творчі мистецтва,Аксесуари для музичних інструментів та оркестру,Аксесуари для дерев'яних духових інструментів,Аксесуари для фагота,Догляд та чистка фагота
4815,Мистецтво та розваги,Хобі та творчі мистецтва,Аксесуари для музичних інструментів та оркестру,Аксесуари для дерев'яних духових інструментів,Аксесуари для фагота,Догляд та чистка фагота,Шматочки для чистки фагота
4810,Мистецтво та розваги,Хобі та творчі мистецтва,Аксесуари для музичних інструментів та оркестру,Аксесуари для дерев'яних духових інструментів,Аксесуари для фагота,Кейси та сумки для фагота
4811,Мистецтво та розваги,Хобі та творчі мистецтва,Аксесуари для музичних інструментів та оркестру,Аксесуари для дерев'яних духових інструментів,Аксесуари для фагота,Запчастини для фагота
4816,Мистецтво та розваги,Хобі та творчі мистецтва,Аксесуари для музичних інструментів та оркестру,Аксесуари для дерев'яних духових інструментів,Аксесуари для фагота,Запчастини для фагота,Мундштуки для фагота
4817,Мистецтво та розваги,Хобі та творчі мистецтва,Аксесуари для музичних інструментів та оркестру,Аксесуари для дерев'яних духових інструментів,Аксесуари для фагота,Запчастини для фагота,Малі деталі для фагота
4812,Мистецтво та розваги,Хобі та творчі мистецтва,Аксесуари для музичних інструментів та оркестру,Аксесуари для дерев'яних духових інструментів,Аксесуари для фагота,Трости для фагота
4813,Мистецтво та розваги,Хобі та творчі мистецтва,Аксесуари для музичних інструментів та оркестру,Аксесуари для дерев'яних духових інструментів,Аксесуари для фагота,Стенди для фагота
4814,Мистецтво та розваги,Хобі та творчі мистецтва,Аксесуари для музичних інструментів та оркестру,Аксесуари для дерев'яних духових інструментів,Аксесуари для фагота,Ремені та підтримки для фагота
4791,Мистецтво та розваги,Хобі та творчі мистецтва,Аксесуари для музичних інструментів та оркестру,Аксесуари для дерев'яних духових інструментів,Аксесуари для кларнету
4818,Мистецтво та розваги,Хобі та творчі мистецтва,Аксесуари для музичних інструментів та оркестру,Аксесуари для дерев'яних духових інструментів,Аксесуари для кларнету,Догляд та чистка кларнету
4826,Мистецтво та розваги,Хобі та творчі мистецтва,Аксесуари для музичних інструментів та оркестру,Аксесуари для дерев'яних духових інструментів,Аксесуари для кларнету,Догляд та чистка кларнету,Набори для догляду за кларнетом
4827,Мистецтво та розваги,Хобі та творчі мистецтва,Аксесуари для музичних інструментів та оркестру,Аксесуари для дерев'яних духових інструментів,Аксесуари для кларнету,Догляд та чистка кларнету,Захисні накладки для кларнету
4828,Мистецтво та розваги,Хобі та творчі мистецтва,Аксесуари для музичних інструментів та оркестру,Аксесуари для дерев'яних духових інструментів,Аксесуари для кларнету,Догляд та чистка кларнету,Шматочки для очищення кларнета
4819,Мистецтво та розваги,Хобі та творчі мистецтва,Аксесуари для музичних інструментів та оркестру,Аксесуари для дерев'яних духових інструментів,Аксесуари для кларнету,Кейси та гігбеги для кларнету
4820,Мистецтво та розваги,Хобі та творчі мистецтва,Аксесуари для музичних інструментів та оркестру,Аксесуари для дерев'яних духових інструментів,Аксесуари для кларнету,Лігатури та ковпачки для кларнету
4822,Мистецтво та розваги,Хобі та творчі мистецтва,Аксесуари для музичних інструментів та оркестру,Аксесуари для дерев'яних духових інструментів,Аксесуари для кларнету,Деталі для кларнету
4829,Мистецтво та розваги,Хобі та творчі мистецтва,Аксесуари для музичних інструментів та оркестру,Аксесуари для дерев'яних духових інструментів,Аксесуари для кларнету,Деталі для кларнету,Бочки для кларнету
4830,Мистецтво та розваги,Хобі та творчі мистецтва,Аксесуари для музичних інструментів та оркестру,Аксесуари для дерев'яних духових інструментів,Аксесуари для кларнету,Деталі для кларнету,Дзвоники для кларнету
4831,Мистецтво та розваги,Хобі та творчі мистецтва,Аксесуари для музичних інструментів та оркестру,Аксесуари для дерев'яних духових інструментів,Аксесуари для кларнету,Деталі для кларнету,Мундштуки для кларнету
4832,Мистецтво та розваги,Хобі та творчі мистецтва,Аксесуари для музичних інструментів та оркестру,Аксесуари для дерев'яних духових інструментів,Аксесуари для кларнету,Деталі для кларнету,Малі деталі для кларнета
4823,Мистецтво та розваги,Хобі та творчі мистецтва,Аксесуари для музичних інструментів та оркестру,Аксесуари для дерев'яних духових інструментів,Аксесуари для кларнету,Штифти та стійки для кларнету
4824,Мистецтво та розваги,Хобі та творчі мистецтва,Аксесуари для музичних інструментів та оркестру,Аксесуари для дерев'яних духових інструментів,Аксесуари для кларнету,Трости для кларнету
4825,Мистецтво та розваги,Хобі та творчі мистецтва,Аксесуари для музичних інструментів та оркестру,Аксесуари для дерев'яних духових інструментів,Аксесуари для кларнету,Ремені та підтримки для кларнета
4792,Мистецтво та розваги,Хобі та творчі мистецтва,Аксесуари для музичних інструментів та оркестру,Аксесуари для дерев'яних духових інструментів,Аксесуари для флейти
4833,Мистецтво та розваги,Хобі та творчі мистецтва,Аксесуари для музичних інструментів та оркестру,Аксесуари для дерев'яних духових інструментів,Аксесуари для флейти,Догляд та чистка флейти
4838,Мистецтво та розваги,Хобі та творчі мистецтва,Аксесуари для музичних інструментів та оркестру,Аксесуари для дерев'яних духових інструментів,Аксесуари для флейти,Догляд та чистка флейти,Набори для догляду за флейтою
4839,Мистецтво та розваги,Хобі та творчі мистецтва,Аксесуари для музичних інструментів та оркестру,Аксесуари для дерев'яних духових інструментів,Аксесуари для флейти,Догляд та чистка флейти,Палички для чистки флейти
4840,Мистецтво та розваги,Хобі та творчі мистецтва,Аксесуари для музичних інструментів та оркестру,Аксесуари для дерев'яних духових інструментів,Аксесуари для флейти,Догляд та чистка флейти,Шматочки для чистки флейти
4834,Мистецтво та розваги,Хобі та творчі мистецтва,Аксесуари для музичних інструментів та оркестру,Аксесуари для дерев'яних духових інструментів,Аксесуари для флейти,Кейси та сумки для флейти
4836,Мистецтво та розваги,Хобі та творчі мистецтва,Аксесуари для музичних інструментів та оркестру,Аксесуари для дерев'яних духових інструментів,Аксесуари для флейти,Деталі флейти
4841,Мистецтво та розваги,Хобі та творчі мистецтва,Аксесуари для музичних інструментів та оркестру,Аксесуари для дерев'яних духових інструментів,Аксесуари для флейти,Деталі флейти,Головні частини флейти
4842,Мистецтво та розваги,Хобі та творчі мистецтва,Аксесуари для музичних інструментів та оркестру,Аксесуари для дерев'яних духових інструментів,Аксесуари для флейти,Деталі флейти,Малі деталі флейти
4837,Мистецтво та розваги,Хобі та творчі мистецтва,Аксесуари для музичних інструментів та оркестру,Аксесуари для дерев'яних духових інструментів,Аксесуари для флейти,Колодки та стійки для флейти
4793,Мистецтво та розваги,Хобі та творчі мистецтва,Аксесуари для музичних інструментів та оркестру,Аксесуари для дерев'яних духових інструментів,Аксесуари для гобоя та англійського рогу
4843,Мистецтво та розваги,Хобі та творчі мистецтва,Аксесуари для музичних інструментів та оркестру,Аксесуари для дерев'яних духових інструментів,Аксесуари для гобоя та англійського рогу,Догляд та чистка гобоя
4849,Мистецтво та розваги,Хобі та творчі мистецтва,Аксесуари для музичних інструментів та оркестру,Аксесуари для дерев'яних духових інструментів,Аксесуари для гобоя та англійського рогу,Догляд та чистка гобоя,Набори для догляду за гобоєм
4850,Мистецтво та розваги,Хобі та творчі мистецтва,Аксесуари для музичних інструментів та оркестру,Аксесуари для дерев'яних духових інструментів,Аксесуари для гобоя та англійського рогу,Догляд та чистка гобоя,Шматочки для чищення гобоя
4844,Мистецтво та розваги,Хобі та творчі мистецтва,Аксесуари для музичних інструментів та оркестру,Аксесуари для дерев'яних духових інструментів,Аксесуари для гобоя та англійського рогу,Кейси та гігбеги для гобоя
4845,Мистецтво та розваги,Хобі та творчі мистецтва,Аксесуари для музичних інструментів та оркестру,Аксесуари для дерев'яних духових інструментів,Аксесуари для гобоя та англійського рогу,Запчастини до гобоя
4851,Мистецтво та розваги,Хобі та творчі мистецтва,Аксесуари для музичних інструментів та оркестру,Аксесуари для дерев'яних духових інструментів,Аксесуари для гобоя та англійського рогу,Запчастини до гобоя,Малі деталі для гобоя
4846,Мистецтво та розваги,Хобі та творчі мистецтва,Аксесуари для музичних інструментів та оркестру,Аксесуари для дерев'яних духових інструментів,Аксесуари для гобоя та англійського рогу,Штифти та стійки для гобоя
4847,Мистецтво та розваги,Хобі та творчі мистецтва,Аксесуари для музичних інструментів та оркестру,Аксесуари для дерев'яних духових інструментів,Аксесуари для гобоя та англійського рогу,Трости для гобоя
4848,Мистецтво та розваги,Хобі та творчі мистецтва,Аксесуари для музичних інструментів та оркестру,Аксесуари для дерев'яних духових інструментів,Аксесуари для гобоя та англійського рогу,Ремені та підтримки для гобоя
4794,Мистецтво та розваги,Хобі та творчі мистецтва,Аксесуари для музичних інструментів та оркестру,Аксесуари для дерев'яних духових інструментів,Аксесуари для саксофону
4852,Мистецтво та розваги,Хобі та творчі мистецтва,Аксесуари для музичних інструментів та оркестру,Аксесуари для дерев'яних духових інструментів,Аксесуари для саксофону,Догляд та чищення саксофону
4860,Мистецтво та розваги,Хобі та творчі мистецтва,Аксесуари для музичних інструментів та оркестру,Аксесуари для дерев'яних духових інструментів,Аксесуари для саксофону,Догляд та чищення саксофону,Набори для догляду за саксофонами
4861,Мистецтво та розваги,Хобі та творчі мистецтва,Аксесуари для музичних інструментів та оркестру,Аксесуари для дерев'яних духових інструментів,Аксесуари для саксофону,Догляд та чищення саксофону,Захисні накладки для саксофонів
4862,Мистецтво та розваги,Хобі та творчі мистецтва,Аксесуари для музичних інструментів та оркестру,Аксесуари для дерев'яних духових інструментів,Аксесуари для саксофону,Догляд та чищення саксофону,Шматочки для чищення саксофонів
4853,Мистецтво та розваги,Хобі та творчі мистецтва,Аксесуари для музичних інструментів та оркестру,Аксесуари для дерев'яних духових інструментів,Аксесуари для саксофону,Кейси та гігбеги для саксофонів
4854,Мистецтво та розваги,Хобі та творчі мистецтва,Аксесуари для музичних інструментів та оркестру,Аксесуари для дерев'яних духових інструментів,Аксесуари для саксофону,Лігатури та ковпачки для саксофонів
4856,Мистецтво та розваги,Хобі та творчі мистецтва,Аксесуари для музичних інструментів та оркестру,Аксесуари для дерев'яних духових інструментів,Аксесуари для саксофону,Запчастини для саксофонів
4863,Мистецтво та розваги,Хобі та творчі мистецтва,Аксесуари для музичних інструментів та оркестру,Аксесуари для дерев'яних духових інструментів,Аксесуари для саксофону,Запчастини для саксофонів,Мундштуки для саксофонів
4864,Мистецтво та розваги,Хобі та творчі мистецтва,Аксесуари для музичних інструментів та оркестру,Аксесуари для дерев'яних духових інструментів,Аксесуари для саксофону,Запчастини для саксофонів,Грифи для саксофонів
4865,Мистецтво та розваги,Хобі та творчі мистецтва,Аксесуари для музичних інструментів та оркестру,Аксесуари для дерев'яних духових інструментів,Аксесуари для саксофону,Запчастини для саксофонів,Малі деталі для саксофонів
4857,Мистецтво та розваги,Хобі та творчі мистецтва,Аксесуари для музичних інструментів та оркестру,Аксесуари для дерев'яних духових інструментів,Аксесуари для саксофону,Штифти та стійки для саксофонів
4858,Мистецтво та розваги,Хобі та творчі мистецтва,Аксесуари для музичних інструментів та оркестру,Аксесуари для дерев'яних духових інструментів,Аксесуари для саксофону,Трости для саксофонів
4859,Мистецтво та розваги,Хобі та творчі мистецтва,Аксесуари для музичних інструментів та оркестру,Аксесуари для дерев'яних духових інструментів,Аксесуари для саксофону,Ремені та підтримки для саксофонів
4866,Мистецтво та розваги,Хобі та творчі мистецтва,Аксесуари для музичних інструментів та оркестру,Аксесуари для дерев'яних духових інструментів,Мастило для коркових пробок духових інструментів
4867,Мистецтво та розваги,Хобі та творчі мистецтва,Аксесуари для музичних інструментів та оркестру,Аксесуари для дерев'яних духових інструментів,Серветки для полірування дерев'яних духових інструментів
4939,Мистецтво та розваги,Хобі та творчі мистецтва,Аксесуари для музичних інструментів та оркестру,Аксесуари для дерев'яних духових інструментів,Ножі для тростин духових
4955,Мистецтво та розваги,Хобі та творчі мистецтва,Аксесуари для музичних інструментів та оркестру,Аксесуари для дерев'яних духових інструментів,Аксесуари для губної гармошки
4956,Мистецтво та розваги,Хобі та творчі мистецтва,Аксесуари для музичних інструментів та оркестру,Аксесуари для дерев'яних духових інструментів,Аксесуари для губної гармошки,Футляри для губної гармошки
5046,Мистецтво та розваги,Хобі та творчі мистецтва,Аксесуари для музичних інструментів та оркестру,Аксесуари для дерев'яних духових інструментів,Аксесуари для губної гармошки,Утримувачі для губної гармошки
4957,Мистецтво та розваги,Хобі та творчі мистецтва,Аксесуари для музичних інструментів та оркестру,Аксесуари для дерев'яних духових інструментів,Кейси для тростин духових інструментів
503747,Мистецтво та розваги,Хобі та творчі мистецтва,Аксесуари для музичних інструментів та оркестру,Аксесуари для дерев'яних духових інструментів,Аксесуари для диктофонів
503748,Мистецтво та розваги,Хобі та творчі мистецтва,Аксесуари для музичних інструментів та оркестру,Аксесуари для дерев'яних духових інструментів,Аксесуари для диктофонів,Чохли для диктофонів
503749,Мистецтво та розваги,Хобі та творчі мистецтва,Аксесуари для музичних інструментів та оркестру,Аксесуари для дерев'яних духових інструментів,Аксесуари для диктофонів,Догляд та чистка диктофонів
503750,Мистецтво та розваги,Хобі та творчі мистецтва,Аксесуари для музичних інструментів та оркестру,Аксесуари для дерев'яних духових інструментів,Аксесуари для диктофонів,Запчастини для диктофонів
3270,Мистецтво та розваги,Хобі та творчі мистецтва,Аксесуари для музичних інструментів та оркестру,Електронні настроювачі
3465,Мистецтво та розваги,Хобі та творчі мистецтва,Аксесуари для музичних інструментів та оркестру,Аксесуари для ударних
59,Мистецтво та розваги,Хобі та творчі мистецтва,Аксесуари для музичних інструментів та оркестру,Аксесуари для ударних,Барабанні палички та щітки
4631,Мистецтво та розваги,Хобі та творчі мистецтва,Аксесуари для музичних інструментів та оркестру,Аксесуари для ударних,Молоточки для ударних
7099,Мистецтво та розваги,Хобі та творчі мистецтва,Аксесуари для музичних інструментів та оркестру,Аксесуари для ударних,Аксесуари для барабанних установок
7101,Мистецтво та розваги,Хобі та творчі мистецтва,Аксесуари для музичних інструментів та оркестру,Аксесуари для ударних,Аксесуари для барабанних установок,Педалі для барабанів
7102,Мистецтво та розваги,Хобі та творчі мистецтва,Аксесуари для музичних інструментів та оркестру,Аксесуари для ударних,Аксесуари для барабанних установок,Кріплення для барабанних установок
7103,Мистецтво та розваги,Хобі та творчі мистецтва,Аксесуари для музичних інструментів та оркестру,Аксесуари для ударних,Аксесуари для барабанних установок,Барабанні палички для великого бас-барабану
7100,Мистецтво та розваги,Хобі та творчі мистецтва,Аксесуари для музичних інструментів та оркестру,Аксесуари для ударних,Кейси для тарілок та барабанів
7150,Мистецтво та розваги,Хобі та творчі мистецтва,Аксесуари для музичних інструментів та оркестру,Аксесуари для ударних,Аксесуари для барабанних паличок та щіток
7151,Мистецтво та розваги,Хобі та творчі мистецтва,Аксесуари для музичних інструментів та оркестру,Аксесуари для ударних,Аксесуари для барабанних паличок та щіток,Сумки та тримачі для барабанних паличок та щіток
7152,Мистецтво та розваги,Хобі та творчі мистецтва,Аксесуари для музичних інструментів та оркестру,Аксесуари для ударних,Ключі для барабанів
7153,Мистецтво та розваги,Хобі та творчі мистецтва,Аксесуари для музичних інструментів та оркестру,Аксесуари для ударних,Мембрани для барабанів
7231,Мистецтво та розваги,Хобі та творчі мистецтва,Аксесуари для музичних інструментів та оркестру,Аксесуари для ударних,Глушники для тарілок та барабанів
7282,Мистецтво та розваги,Хобі та творчі мистецтва,Аксесуари для музичних інструментів та оркестру,Аксесуари для ударних,Аксесуари для ручних ударних інструментів
7283,Мистецтво та розваги,Хобі та творчі мистецтва,Аксесуари для музичних інструментів та оркестру,Аксесуари для ударних,Аксесуари для ручних ударних інструментів,Сумки та чохли для ручних ударних інструментів
7284,Мистецтво та розваги,Хобі та творчі мистецтва,Аксесуари для музичних інструментів та оркестру,Аксесуари для ударних,Аксесуари для ручних ударних інструментів,Стійки та кріплення для ручних ударних інструментів
7308,Мистецтво та розваги,Хобі та творчі мистецтва,Аксесуари для музичних інструментів та оркестру,Аксесуари для ударних,Стійки для ударних
7455,Мистецтво та розваги,Хобі та творчі мистецтва,Аксесуари для музичних інструментів та оркестру,Аксесуари для ударних,Електронні модулі для барабанів
4142,Мистецтво та розваги,Хобі та творчі мистецтва,Аксесуари для музичних інструментів та оркестру,Нотні стійки
7277,Мистецтво та розваги,Хобі та творчі мистецтва,Аксесуари для музичних інструментів та оркестру,Аксесуари для нотних стійок
7278,Мистецтво та розваги,Хобі та творчі мистецтва,Аксесуари для музичних інструментів та оркестру,Аксесуари для нотних стійок,Зажими для нот
7279,Мистецтво та розваги,Хобі та творчі мистецтва,Аксесуари для музичних інструментів та оркестру,Аксесуари для нотних стійок,Сумки для нотних стійок
7280,Мистецтво та розваги,Хобі та творчі мистецтва,Аксесуари для музичних інструментів та оркестру,Аксесуари для нотних стійок,Світло для нотних стійок
8072,Мистецтво та розваги,Хобі та творчі мистецтва,Аксесуари для музичних інструментів та оркестру,Аксесуари для підсилювачів музичних інструментів
6970,Мистецтво та розваги,Хобі та творчі мистецтва,Аксесуари для музичних інструментів та оркестру,Аксесуари для підсилювачів музичних інструментів,Корпуси для підсилювачів музичних інструментів
7364,Мистецтво та розваги,Хобі та творчі мистецтва,Аксесуари для музичних інструментів та оркестру,Аксесуари для підсилювачів музичних інструментів,Стійки для підсилювачів музичних інструментів
8073,Мистецтво та розваги,Хобі та творчі мистецтва,Аксесуари для музичних інструментів та оркестру,Аксесуари для підсилювачів музичних інструментів,Педалі для підсилювачів музичних інструментів
8461,Мистецтво та розваги,Хобі та творчі мистецтва,Аксесуари для музичних інструментів та оркестру,Аксесуари для підсилювачів музичних інструментів,Чохли та кейси для підсилювачів музичних інструментів
8462,Мистецтво та розваги,Хобі та творчі мистецтва,Аксесуари для музичних інструментів та оркестру,Аксесуари для підсилювачів музичних інструментів,Ручки регулювання для підсилювачів музичних інструментів
8480,Мистецтво та розваги,Хобі та творчі мистецтва,Аксесуари для музичних інструментів та оркестру,Аксесуари для підсилювачів музичних інструментів,Лампи для підсилювачів музичних інструментів
500001,Мистецтво та розваги,Хобі та творчі мистецтва,Аксесуари для музичних інструментів та оркестру,Музичні ліри та папки-фліпи
505288,Мистецтво та розваги,Хобі та творчі мистецтва,Аксесуари для музичних інструментів та оркестру,Диригентські палички
505328,Мистецтво та розваги,Хобі та творчі мистецтва,Аксесуари для музичних інструментів та оркестру,Музичні лави та стільці
505365,Мистецтво та розваги,Хобі та творчі мистецтва,Аксесуари для музичних інструментів та оркестру,Метрономи
216,Мистецтво та розваги,Хобі та творчі мистецтва,Колекційні предмети
37,Мистецтво та розваги,Хобі та творчі мистецтва,Колекційні предмети,Масштабні моделі
217,Мистецтво та розваги,Хобі та творчі мистецтва,Колекційні предмети,Колекційні монети та валюта
543606,Мистецтво та розваги,Хобі та творчі мистецтва,Колекційні предмети,Колекційні монети та валюта,Колекційні монети
543607,Мистецтво та розваги,Хобі та творчі мистецтва,Колекційні предмети,Колекційні монети та валюта,Колекційні банкноти
218,Мистецтво та розваги,Хобі та творчі мистецтва,Колекційні предмети,Каміння та викопні рештки
219,Мистецтво та розваги,Хобі та творчі мистецтва,Колекційні предмети,Поштові марки
220,Мистецтво та розваги,Хобі та творчі мистецтва,Колекційні предмети,Колекційна зброя
221,Мистецтво та розваги,Хобі та творчі мистецтва,Колекційні предмети,Колекційна зброя,Колекційні мечі
1340,Мистецтво та розваги,Хобі та творчі мистецтва,Колекційні предмети,Колекційна зброя,Стенди та вітрини для мечів
5311,Мистецтво та розваги,Хобі та творчі мистецтва,Колекційні предмети,Колекційна зброя,Колекційні ножі
499953,Мистецтво та розваги,Хобі та творчі мистецтва,Колекційні предмети,Колекційна зброя,Колекційна вогнепальна зброя
1312,Мистецтво та розваги,Хобі та творчі мистецтва,Колекційні предмети,Печатки-пломби
3599,Мистецтво та розваги,Хобі та творчі мистецтва,Колекційні предмети,Автографи
3865,Мистецтво та розваги,Хобі та творчі мистецтва,Колекційні предмети,Спортивні колекційні предмети
3515,Мистецтво та розваги,Хобі та творчі мистецтва,Колекційні предмети,Спортивні колекційні предмети,Аксесуари для фанатів спорту
1051,Мистецтво та розваги,Хобі та творчі мистецтва,Колекційні предмети,Спортивні колекційні предмети,Аксесуари для фанатів спорту,Аксесуари для фанатів автоперегонів
1074,Мистецтво та розваги,Хобі та творчі мистецтва,Колекційні предмети,Спортивні колекційні предмети,Аксесуари для фанатів спорту,Аксесуари для фанатів бейсболу та софтболу
1084,Мистецтво та розваги,Хобі та творчі мистецтва,Колекційні предмети,Спортивні колекційні предмети,Аксесуари для фанатів спорту,Аксесуари для фанатів баскетболу
1095,Мистецтво та розваги,Хобі та творчі мистецтва,Колекційні предмети,Спортивні колекційні предмети,Аксесуари для фанатів спорту,Аксесуари для фанатів американського футболу
3576,Мистецтво та розваги,Хобі та творчі мистецтва,Колекційні предмети,Спортивні колекційні предмети,Аксесуари для фанатів спорту,Аксесуари для футбольних фанатів
4006,Мистецтво та розваги,Хобі та творчі мистецтва,Колекційні предмети,Спортивні колекційні предмети,Аксесуари для фанатів спорту,Аксесуари для фанатів хокею
6187,Мистецтво та розваги,Хобі та творчі мистецтва,Колекційні предмети,Спортивні колекційні предмети,Аксесуари для фанатів спорту,Аксесуари для фанатів тенісу
4333,Мистецтво та розваги,Хобі та творчі мистецтва,Колекційні предмети,Спортивні колекційні предмети,Спортивна атрибутика з автографами
4093,Мистецтво та розваги,Хобі та творчі мистецтва,Колекційні предмети,Спортивні колекційні предмети,Спортивна атрибутика з автографами,Футбольні речі з автографами
4124,Мистецтво та розваги,Хобі та творчі мистецтва,Колекційні предмети,Спортивні колекційні предмети,Спортивна атрибутика з автографами,Автографовані речі з американського футболу
4144,Мистецтво та розваги,Хобі та творчі мистецтва,Колекційні предмети,Спортивні колекційні предмети,Спортивна атрибутика з автографами,Хокейні речі з автографами
4149,Мистецтво та розваги,Хобі та творчі мистецтва,Колекційні предмети,Спортивні колекційні предмети,Спортивна атрибутика з автографами,Автографовані речі з бейсболу та софтболу
4180,Мистецтво та розваги,Хобі та творчі мистецтва,Колекційні предмети,Спортивні колекційні предмети,Спортивна атрибутика з автографами,Атрибутика автоперегонів з автографами
4279,Мистецтво та розваги,Хобі та творчі мистецтва,Колекційні предмети,Спортивні колекційні предмети,Спортивна атрибутика з автографами,Баскетбольні речі з автографами
6186,Мистецтво та розваги,Хобі та творчі мистецтва,Колекційні предмети,Спортивні колекційні предмети,Спортивна атрибутика з автографами,Тенісна спортивна атрибутика з автографами
8210,Мистецтво та розваги,Хобі та творчі мистецтва,Колекційні предмети,Спортивні колекційні предмети,Спортивна атрибутика з автографами,Автографовані предмети боксу
3893,Мистецтво та розваги,Хобі та творчі мистецтва,Колекційні предмети,Ретро реклама
6000,Мистецтво та розваги,Хобі та творчі мистецтва,Колекційні предмети,Аксесуари для масштабних моделей
6997,Мистецтво та розваги,Хобі та творчі мистецтва,Колекційні предмети,Колекційні картки для обміну
3577,Мистецтво та розваги,Хобі та творчі мистецтва,Постачання для домашнього варіння пива та виготовлення вина
2579,Мистецтво та розваги,Хобі та творчі мистецтва,Постачання для домашнього варіння пива та виготовлення вина,Виготовлення вина
3014,Мистецтво та розваги,Хобі та творчі мистецтва,Постачання для домашнього варіння пива та виготовлення вина,Зерно та солод для варіння пива
499891,Мистецтво та розваги,Хобі та творчі мистецтва,Постачання для домашнього варіння пива та виготовлення вина,Набори для домашнього варіння пива та виготовлення вина
502980,Мистецтво та розваги,Хобі та творчі мистецтва,Постачання для домашнього варіння пива та виготовлення вина,Пляшки для розливу
5999,Мистецтво та розваги,Хобі та творчі мистецтва,Моделювання
3885,Мистецтво та розваги,Хобі та творчі мистецтва,Моделювання,Модельна техніка ракетобудування
4175,Мистецтво та розваги,Хобі та творчі мистецтва,Моделювання,Набори для масштабних моделей
5150,Мистецтво та розваги,Хобі та творчі мистецтва,Моделювання,Моделі поїздів та набори поїздів
5151,Мистецтво та розваги,Хобі та творчі мистецтва,Моделювання,Аксесуари для моделей поїздів
499969,Мистецтво та розваги,Квитки на події
111,Бізнес та промисловість
112,Бізнес та промисловість,Сільське господарство
6991,Бізнес та промисловість,Сільське господарство,Тваринництво
6990,Бізнес та промисловість,Сільське господарство,Тваринництво,Кормушки та поїлки для худоби
499946,Бізнес та промисловість,Сільське господарство,Тваринництво,Намордники для худоби
499997,Бізнес та промисловість,Сільське господарство,Тваринництво,Інкубатори для яєць
505821,Бізнес та промисловість,Сільське господарство,Тваринництво,Корм для худоби
543544,Бізнес та промисловість,Сільське господарство,Тваринництво,Корм для худоби,Корм для курей
543545,Бізнес та промисловість,Сільське господарство,Тваринництво,Корм для худоби,Корм для великої рогатої худоби
543546,Бізнес та промисловість,Сільське господарство,Тваринництво,Корм для худоби,Корм для свиней
543547,Бізнес та промисловість,Сільське господарство,Тваринництво,Корм для худоби,Корм для кіз та овець
543548,Бізнес та промисловість,Сільське господарство,Тваринництво,Корм для худоби,Комбінований корм для стада
114,Бізнес та промисловість,Будівництво
134,Бізнес та промисловість,Будівництво,Геодезія
8278,Бізнес та промисловість,Будівництво,Дорожні конуси та бочки
135,Бізнес та промисловість,Послуги харчування
137,Бізнес та промисловість,Послуги харчування,Торгові автомати
4096,Бізнес та промисловість,Послуги харчування,Кошики для обслуговування їжі
4217,Бізнес та промисловість,Послуги харчування,Ящики для посуду
4632,Бізнес та промисловість,Послуги харчування,Одноразовий посуд
5098,Бізнес та промисловість,Послуги харчування,Одноразовий посуд,Одноразові миски
5099,Бізнес та промисловість,Послуги харчування,Одноразовий посуд,Одноразові чашки
5100,Бізнес та промисловість,Послуги харчування,Одноразовий посуд,Одноразовий столовий прибор
5101,Бізнес та промисловість,Послуги харчування,Одноразовий посуд,Одноразові тарілки
4742,Бізнес та промисловість,Послуги харчування,Візки для обслуговування їжі
5097,Бізнес та промисловість,Послуги харчування,Контейнери для виносу їжі
5102,Бізнес та промисловість,Послуги харчування,Контейнери для продуктів харчування
5104,Бізнес та промисловість,Послуги харчування,Підігрівачі для тарілок та страв
6517,Бізнес та промисловість,Послуги харчування,Грилі для хот-догів
6786,Бізнес та промисловість,Послуги харчування,Мийки та сушарки для продуктів
7088,Бізнес та промисловість,Послуги харчування,Одноразові сервізи
7089,Бізнес та промисловість,Послуги харчування,Одноразові сервізи,Одноразові подавальні тарілки
7303,Бізнес та промисловість,Послуги харчування,Коробки для випічки
7353,Бізнес та промисловість,Послуги харчування,Бокси для льоду
7553,Бізнес та промисловість,Послуги харчування,Наклонні сковороди
8059,Бізнес та промисловість,Послуги харчування,Одноразові кришки
8532,Бізнес та промисловість,Послуги харчування,Папки для рахунків
8533,Бізнес та промисловість,Послуги харчування,Захисні екрани від чхання
138,Бізнес та промисловість,Роздріб
1837,Бізнес та промисловість,Роздріб,Паперові та пластикові пакети для покупок
3803,Бізнес та промисловість,Роздріб,Демонстраційні манекени
4127,Бізнес та промисловість,Роздріб,Маркувальні пістолети
4160,Бізнес та промисловість,Роздріб,Вітрини для роздрібної торгівлі
4181,Бізнес та промисловість,Роздріб,Обробка грошей
3273,Бізнес та промисловість,Роздріб,Обробка грошей,Обмінники грошей
4055,Бізнес та промисловість,Роздріб,Обробка грошей,Паперові обгортки для монет та стрічки для банкнот
4151,Бізнес та промисловість,Роздріб,Обробка грошей,Лічильники монет та банкнот
4290,Бізнес та промисловість,Роздріб,Обробка грошей,Верифікатори банкнот
4329,Бізнес та промисловість,Роздріб,Обробка грошей,Сумки для депозиту грошей
505824,Бізнес та промисловість,Роздріб,Обробка грошей,Касові апарати та POS-термінали
543647,Бізнес та промисловість,Роздріб,Обробка грошей,Касові апарати та POS-термінали,Касові апарати
543648,Бізнес та промисловість,Роздріб,Обробка грошей,Касові апарати та POS-термінали,POS-термінали
505825,Бізнес та промисловість,Роздріб,Обробка грошей,Аксесуари для касових апаратів та POS-терміналів
4283,Бізнес та промисловість,Роздріб,Обробка грошей,Аксесуари для касових апаратів та POS-терміналів,Касові шухляди та лотки
5310,Бізнес та промисловість,Роздріб,Обробка грошей,Аксесуари для касових апаратів та POS-терміналів,Планшети для захоплення підпису
505808,Бізнес та промисловість,Роздріб,Обробка грошей,Аксесуари для касових апаратів та POS-терміналів,Термінали для кредитних карток
4244,Бізнес та промисловість,Роздріб,Стенди для демонстрації одягу
7128,Бізнес та промисловість,Роздріб,Частини манекенів
499897,Бізнес та промисловість,Роздріб,Реквізит та моделі для вітрин роздрібної торгівлі
976,Бізнес та промисловість,"Знаки, інформаційні таблички"
4297,Бізнес та промисловість,"Знаки, інформаційні таблички",Електричні знаки
4070,Бізнес та промисловість,"Знаки, інформаційні таблички",Електричні знаки,Неонові знаки
4131,Бізнес та промисловість,"Знаки, інформаційні таблички",Електричні знаки,LED вивіски
5892,Бізнес та промисловість,"Знаки, інформаційні таблички",Знаки безпеки та попередження
5893,Бізнес та промисловість,"Знаки, інформаційні таблички",Охоронні знаки
5894,Бізнес та промисловість,"Знаки, інформаційні таблички",Знаки аварійного виходу та виходу
5895,Бізнес та промисловість,"Знаки, інформаційні таблички",Дорожні та дорожньо-транспортні знаки
5896,Бізнес та промисловість,"Знаки, інформаційні таблички",Знаки та дозволи на паркування
5897,Бізнес та промисловість,"Знаки, інформаційні таблички",Знаки ідентифікації об'єктів
5898,Бізнес та промисловість,"Знаки, інформаційні таблички",Таблички для роздрібної торгівлі та розпродажу
5899,Бізнес та промисловість,"Знаки, інформаційні таблички",Тротуарні та дворові знаки
5900,Бізнес та промисловість,"Знаки, інформаційні таблички",Інформаційні знаки
7322,Бізнес та промисловість,"Знаки, інформаційні таблички",Таблички з годинами роботи
7323,Бізнес та промисловість,"Знаки, інформаційні таблички","Вивіски ""Відкрито"" / ""Закрито"""
8155,Бізнес та промисловість,"Знаки, інформаційні таблички",Цифрові знаки
1470,Бізнес та промисловість,Виробництво
1475,Бізнес та промисловість,Готельне господарство
1556,Бізнес та промисловість,Правоохоронні органи
361,Бізнес та промисловість,Правоохоронні органи,Металодетектори
1906,Бізнес та промисловість,Правоохоронні органи,Манжети
1624,Бізнес та промисловість,Наука та лабораторії
3002,Бізнес та промисловість,Наука та лабораторії,Лабораторні речовини
4255,Бізнес та промисловість,Наука та лабораторії,Лабораторні матеріали
4036,Бізнес та промисловість,Наука та лабораторії,Лабораторні матеріали,Лабораторні колби
4061,Бізнес та промисловість,Наука та лабораторії,Лабораторні матеріали,Градуйовані циліндри
4075,Бізнес та промисловість,Наука та лабораторії,Лабораторні матеріали,Піпетки
4140,Бізнес та промисловість,Наука та лабораторії,Лабораторні матеріали,Пляшки для промивання
4155,Бізнес та промисловість,Наука та лабораторії,Лабораторні матеріали,Підставки для пробірок
4276,Бізнес та промисловість,Наука та лабораторії,Лабораторні матеріали,Петрієві чаші
4306,Бізнес та промисловість,Наука та лабораторії,Лабораторні матеріали,Пробірки
4310,Бізнес та промисловість,Наука та лабораторії,Лабораторні матеріали,Бейкери
4335,Бізнес та промисловість,Наука та лабораторії,Лабораторне обладнання
158,Бізнес та промисловість,Наука та лабораторії,Лабораторне обладнання,Мікроскопи
4116,Бізнес та промисловість,Наука та лабораторії,Лабораторне обладнання,Автоклави
4133,Бізнес та промисловість,Наука та лабораторії,Лабораторне обладнання,Лабораторні гарячі пластини
4231,Бізнес та промисловість,Наука та лабораторії,Лабораторне обладнання,Лабораторні печі
4336,Бізнес та промисловість,Наука та лабораторії,Лабораторне обладнання,Центрифуги
4474,Бізнес та промисловість,Наука та лабораторії,Лабораторне обладнання,Лабораторні блендери
4555,Бізнес та промисловість,Наука та лабораторії,Лабораторне обладнання,Аксесуари для мікроскопів
4556,Бізнес та промисловість,Наука та лабораторії,Лабораторне обладнання,Аксесуари для мікроскопів,Окуляри та адаптери для мікроскопів
4557,Бізнес та промисловість,Наука та лабораторії,Лабораторне обладнання,Аксесуари для мікроскопів,Камери для мікроскопів
4558,Бізнес та промисловість,Наука та лабораторії,Лабораторне обладнання,Аксесуари для мікроскопів,Предметні склінці для мікроскопа
4664,Бізнес та промисловість,Наука та лабораторії,Лабораторне обладнання,Аксесуари для мікроскопів,Запасні лампи для мікроскопів
4665,Бізнес та промисловість,Наука та лабораторії,Лабораторне обладнання,Аксесуари для мікроскопів,Об'єктиви для мікроскопів
7218,Бізнес та промисловість,Наука та лабораторії,Лабораторне обладнання,Машини для виробництва сухого льоду
7393,Бізнес та промисловість,Наука та лабораторії,Лабораторне обладнання,Спектрометри
7437,Бізнес та промисловість,Наука та лабораторії,Лабораторне обладнання,Мікротоми
7468,Бізнес та промисловість,Наука та лабораторії,Лабораторне обладнання,Аксесуари для спектрометрів
500057,Бізнес та промисловість,Наука та лабораторії,Лабораторне обладнання,Машини для сублімаційної сушки
500114,Бізнес та промисловість,Наука та лабораторії,Лабораторне обладнання,Лабораторні морозильники
503722,Бізнес та промисловість,Наука та лабораторії,Лабораторне обладнання,Лабораторні воронки
6975,Бізнес та промисловість,Наука та лабораторії,Біохімічні речовини
7325,Бізнес та промисловість,Наука та лабораторії,Набори для розтину
8119,Бізнес та промисловість,Наука та лабораторії,Лабораторні зразки
1795,Бізнес та промисловість,Важке обладнання
2072,Бізнес та промисловість,Важке обладнання,Дробарки
1813,Бізнес та промисловість,Фінанси та страхування
7565,Бізнес та промисловість,Фінанси та страхування,Бульйон
1827,Бізнес та промисловість,Лісове господарство та заготівля деревини
2047,Бізнес та промисловість,Захисне обладнання для безпеки на роботі
2227,Бізнес та промисловість,Захисне обладнання для безпеки на роботі,Захисні окуляри
2389,Бізнес та промисловість,Захисне обладнання для безпеки на роботі,Бронежилети
2723,Бізнес та промисловість,Захисне обладнання для безпеки на роботі,Каски будівельні
2808,Бізнес та промисловість,Захисне обладнання для безпеки на роботі,Костюми для роботи з небезпечними матеріалами
5591,Бізнес та промисловість,Захисне обладнання для безпеки на роботі,Рукавички безпеки
6764,Бізнес та промисловість,Захисне обладнання для безпеки на роботі,Захисні фартухи
7085,Бізнес та промисловість,Захисне обладнання для безпеки на роботі,Робочі страхувальні троси
8269,Бізнес та промисловість,Захисне обладнання для безпеки на роботі,Аксесуари для газових масок та респіраторів
499708,Бізнес та промисловість,Захисне обладнання для безпеки на роботі,Робочі страхувальні пояси
499927,Бізнес та промисловість,Захисне обладнання для безпеки на роботі,Зварювальні шоломи
499961,Бізнес та промисловість,Захисне обладнання для безпеки на роботі,Наколінники безпеки
503724,Бізнес та промисловість,Захисне обладнання для безпеки на роботі,Захисні маски
513,Бізнес та промисловість,Захисне обладнання для безпеки на роботі,Захисні маски,Медичні маски
2349,Бізнес та промисловість,Захисне обладнання для безпеки на роботі,Захисні маски,Маски пожежників
2473,Бізнес та промисловість,Захисне обладнання для безпеки на роботі,Захисні маски,Газові маски та респіратори
7407,Бізнес та промисловість,Захисне обладнання для безпеки на роботі,Захисні маски,Маски від пилу
2155,Бізнес та промисловість,Кіно та телебачення
2187,Бізнес та промисловість,Гірничо-кар'єрна промисловість
2496,Бізнес та промисловість,Медичний
1645,Бізнес та промисловість,Медичний,Хірургічні халати
1898,Бізнес та промисловість,Медичний,Лікарняні халати
2907,Бізнес та промисловість,Медичний,Медичні засоби
511,Бізнес та промисловість,Медичний,Медичні засоби,Одноразові рукавички
7063,Бізнес та промисловість,Медичний,Медичні засоби,Наконечники для пальців
7324,Бізнес та промисловість,Медичний,Медичні засоби,Язикові шпателі
499696,Бізнес та промисловість,Медичний,Медичні засоби,Медичні голки та шприці
543670,Бізнес та промисловість,Медичний,Медичні засоби,Медичні голки та шприці,Медичні голки
543671,Бізнес та промисловість,Медичний,Медичні засоби,Медичні голки та шприці,Медичні шприці
543672,Бізнес та промисловість,Медичний,Медичні засоби,Медичні голки та шприці,Медичні набори голок та шприців
505828,Бізнес та промисловість,Медичний,Медичні засоби,Постачання для остомії
2928,Бізнес та промисловість,Медичний,Медичні халати
3477,Бізнес та промисловість,Медичний,Медичне обладнання
3230,Бізнес та промисловість,Медичний,Медичне обладнання,Автоматичні зовнішні дефібрилятори
4245,Бізнес та промисловість,Медичний,Медичне обладнання,Отоскопи та офтальмоскопи
4364,Бізнес та промисловість,Медичний,Медичне обладнання,Стетоскопи
6280,Бізнес та промисловість,Медичний,Медичне обладнання,Монітори життєвих показників
6714,Бізнес та промисловість,Медичний,Медичне обладнання,Аксесуари для моніторів життєвих показників
6972,Бізнес та промисловість,Медичний,Медичне обладнання,Медичні рефлексні молоточки та камертони
7522,Бізнес та промисловість,Медичний,Медичне обладнання,Ліфти для пацієнтів
499858,Бізнес та промисловість,Медичний,Медичне обладнання,Медичні ноші та транспортабельні ліжка
503006,Бізнес та промисловість,Медичний,Медичне обладнання,Пояси для ходьби
5167,Бізнес та промисловість,Медичний,Медичні меблі
4435,Бізнес та промисловість,Медичний,Медичні меблі,Ліжка для домашнього догляду та лікарень
5168,Бізнес та промисловість,Медичний,Медичні меблі,Столи для хірургії
5169,Бізнес та промисловість,Медичний,Медичні меблі,Крісла та столи для обстеження
5170,Бізнес та промисловість,Медичний,Медичні меблі,Медичні шафи
5171,Бізнес та промисловість,Медичний,Медичні меблі,Медичні візки
5173,Бізнес та промисловість,Медичний,Медичні меблі,Медичні візки,Медичні тележки
5174,Бізнес та промисловість,Медичний,Медичні меблі,Медичні візки,Стійки та візки для інфузій
5172,Бізнес та промисловість,Медичний,Медичні меблі,Хірургічні столи
5602,Бізнес та промисловість,Медичний,Шапочки для скрабу
6275,Бізнес та промисловість,Медичний,Штори для лікарень
6303,Бізнес та промисловість,Медичний,Медичне постільне приладдя
6490,Бізнес та промисловість,Медичний,Обладнання для медичного навчання
6491,Бізнес та промисловість,Медичний,Обладнання для медичного навчання,Манекени для навчання медичної допомоги та реагування на надзвичайні ситуації
230913,Бізнес та промисловість,Медичний,Медичні інструменти
6281,Бізнес та промисловість,Медичний,Медичні інструменти,Медичні щипці
8026,Бізнес та промисловість,Медичний,Медичні інструменти,Скальпелі
232166,Бізнес та промисловість,Медичний,Медичні інструменти,Леза для скальпелів
499935,Бізнес та промисловість,Медичний,Медичні інструменти,Хірургічні голки та шви
4285,Бізнес та промисловість,Пірсинг та тату
4326,Бізнес та промисловість,Пірсинг та тату,Товари для татуювання
4072,Бізнес та промисловість,Пірсинг та тату,Товари для татуювання,Голки для татуювання
4215,Бізнес та промисловість,Пірсинг та тату,Товари для татуювання,Тату-чорнило
4379,Бізнес та промисловість,Пірсинг та тату,Товари для татуювання,Машинки для татуювання
5853,Бізнес та промисловість,Пірсинг та тату,Товари для татуювання,Засоби для приховування татуювань
4350,Бізнес та промисловість,Пірсинг та тату,Товари для пірсингу
4122,Бізнес та промисловість,Пірсинг та тату,Товари для пірсингу,Голки для пірсингу
5830,Бізнес та промисловість,Промислове сховище
5831,Бізнес та промисловість,Промислове сховище,Контейнери для відправки
5832,Бізнес та промисловість,Промислове сховище,Промислові шафи
5833,Бізнес та промисловість,Промислове сховище,Промислові стелажі
8274,Бізнес та промисловість,Промислове сховище,"Дротяні перегородки, огорожі та двері"
5863,Бізнес та промисловість,Реклама та маркетинг
5864,Бізнес та промисловість,Реклама та маркетинг,Стійки для виставок
5865,Бізнес та промисловість,Реклама та маркетинг,Експозиції для виставок
5884,Бізнес та промисловість,Реклама та маркетинг,Брошури
6987,Бізнес та промисловість,Обробка матеріалів
131,Бізнес та промисловість,Обробка матеріалів,Підйомники та талі
503767,Бізнес та промисловість,Обробка матеріалів,Підйомники та талі,Підйомники для персоналу
503768,Бізнес та промисловість,Обробка матеріалів,Підйомники та талі,"Талі, крани та тележки"
503769,Бізнес та промисловість,Обробка матеріалів,Підйомники та талі,"Блоки, шківи та ролики"
503771,Бізнес та промисловість,Обробка матеріалів,Підйомники та талі,Домкрати та автонавантажувачі
503772,Бізнес та промисловість,Обробка матеріалів,Підйомники та талі,Лебідки
6988,Бізнес та промисловість,Обробка матеріалів,Конвеєри
503011,Бізнес та промисловість,Обробка матеріалів,Палети та підйомні платформи
7240,Бізнес та промисловість,Перукарське мистецтво та косметологія
7241,Бізнес та промисловість,Перукарське мистецтво та косметологія,Крісла для салонів
7242,Бізнес та промисловість,Перукарське мистецтво та косметологія,Крісла для педикюру
505670,Бізнес та промисловість,Перукарське мистецтво та косметологія,Накидки та захисні ковпачки для шиї в перукарні
7261,Бізнес та промисловість,Компоненти систем автоматичного управління
7262,Бізнес та промисловість,Компоненти систем автоматичного управління,Приводи змінної частоти та регульованої швидкості
7263,Бізнес та промисловість,Компоненти систем автоматичного управління,Програмовані логічні контролери
7497,Бізнес та промисловість,Стоматологія
7499,Бізнес та промисловість,Стоматологія,Зубні інструменти
7498,Бізнес та промисловість,Стоматологія,Зубні інструменти,Зубні дзеркала
7531,Бізнес та промисловість,Стоматологія,Зубні інструменти,Набори зубних інструментів
8120,Бізнес та промисловість,Стоматологія,Зубні інструменти,Профі насадки
8121,Бізнес та промисловість,Стоматологія,Зубні інструменти,Профі ковпачки
8490,Бізнес та промисловість,Стоматологія,Зубні інструменти,Чашечки для змішування
7500,Бізнес та промисловість,Стоматологія,Зубний цемент
8130,Бізнес та промисловість,Стоматологія,Профі паста
8025,Бізнес та промисловість,Аксесуари для промислового зберігання
500086,Бізнес та промисловість,Візки та кошики для прибирання
141,Камери та оптика
39,Камери та оптика,Фотографія
41,Камери та оптика,Фотографія,Фотолабораторія
1622,Камери та оптика,Фотографія,Фотолабораторія,Фотохімікати
2234,Камери та оптика,Фотографія,Фотолабораторія,Обладнання для розробки та обробки
2516,Камери та оптика,Фотографія,Фотолабораторія,Обладнання для розробки та обробки,Обладнання та матеріали для ретушування
2625,Камери та оптика,Фотографія,Фотолабораторія,Обладнання для розробки та обробки,Підставки для копіювання
2650,Камери та оптика,Фотографія,Фотолабораторія,Обладнання для розробки та обробки,Баки та бобіни для розробки
2728,Камери та оптика,Фотографія,Фотолабораторія,Обладнання для розробки та обробки,"Лотки для друку, пральні та сушильні машини"
2999,Камери та оптика,Фотографія,Фотолабораторія,Обладнання для розробки та обробки,Умивальники для фотолабораторії
2520,Камери та оптика,Фотографія,Фотолабораторія,Обладнання для збільшення
2543,Камери та оптика,Фотографія,Фотолабораторія,Обладнання для збільшення,Таймери для фотолабораторії
2698,Камери та оптика,Фотографія,Фотолабораторія,Обладнання для збільшення,Фотоувеличувачі
2815,Камери та оптика,Фотографія,Фотолабораторія,Обладнання для збільшення,Фотоаналізатори
2969,Камери та оптика,Фотографія,Фотолабораторія,Обладнання для збільшення,Мольберти для фотолабораторії
3029,Камери та оптика,Фотографія,Фотолабораторія,Обладнання для збільшення,Прилади для фокусування
2600,Камери та оптика,Фотографія,Фотолабораторія,Безпечне освітлення
2804,Камери та оптика,Фотографія,Фотолабораторія,Фотопапір
42,Камери та оптика,Фотографія,Освітлення та студія
1548,Камери та оптика,Фотографія,Освітлення та студія,Світломіри
1611,Камери та оптика,Фотографія,Освітлення та студія,Студійні фони
2007,Камери та оптика,Фотографія,Освітлення та студія,Студійні стійки та кріплення
2475,Камери та оптика,Фотографія,Освітлення та студія,Керування студійним освітленням
2490,Камери та оптика,Фотографія,Освітлення та студія,Керування студійним освітленням,Фільтри та гобо для освітлення
3056,Камери та оптика,Фотографія,Освітлення та студія,Керування студійним освітленням,Дифузори для спалаху
5431,Камери та оптика,Фотографія,Освітлення та студія,Керування студійним освітленням,Рефлектори для спалаху
5432,Камери та оптика,Фотографія,Освітлення та студія,Керування студійним освітленням,Софтбокси
2926,Камери та оптика,Фотографія,Освітлення та студія,Студійне освітлення та спалахи
5499,Камери та оптика,Фотографія,Освітлення та студія,Аксесуари для світломірів
503017,Камери та оптика,Фотографія,Освітлення та студія,Аксесуари для студійних стійок та кріплень
503018,Камери та оптика,Фотографія,Освітлення та студія,Аксесуари для студійного освітлення та спалахів
4368,Камери та оптика,Фотографія,Зберігання негативів та слайдів
503735,Камери та оптика,Фотографія,Матеріали для монтажу фотографій
142,Камери та оптика,Камери
152,Камери та оптика,Камери,Цифрові камери
154,Камери та оптика,Камери,Фотокамери
155,Камери та оптика,Камери,Відеокамери
312,Камери та оптика,Камери,Веб-камери
362,Камери та оптика,Камери,Камери відеоспостереження
4024,Камери та оптика,Камери,Одноразові камери
5402,Камери та оптика,Камери,Камери для трекінгу
499976,Камери та оптика,Камери,Бороскопи
156,Камери та оптика,Оптика
157,Камери та оптика,Оптика,Біноклі
161,Камери та оптика,Оптика,Далекоміри
4040,Камери та оптика,Оптика,Оптичні приціли
165,Камери та оптика,Оптика,Оптичні приціли,Телескопи
1695,Камери та оптика,Оптика,Оптичні приціли,Приціли та оптика для зброї
4136,Камери та оптика,Оптика,Оптичні приціли,Підзорні труби
4164,Камери та оптика,Оптика,Монокуляри
2096,Камери та оптика,Аксесуари для камер та оптики
143,Камери та оптика,Аксесуари для камер та оптики,Запчастини та аксесуари для камери
148,Камери та оптика,Аксесуари для камер та оптики,Запчастини та аксесуари для камери,Спалахи для камери
153,Камери та оптика,Аксесуари для камер та оптики,Запчастини та аксесуари для камери,Фотоплівка для камер
2394,Камери та оптика,Аксесуари для камер та оптики,Запчастини та аксесуари для камери,Освітлення для відеокамер
2987,Камери та оптика,Аксесуари для камер та оптики,Запчастини та аксесуари для камери,Кріплення для спалаху
5429,Камери та оптика,Аксесуари для камер та оптики,Запчастини та аксесуари для камери,Ремені для камери
5479,Камери та оптика,Аксесуари для камер та оптики,Запчастини та аксесуари для камери,Аксесуари для спалаху камери
5532,Камери та оптика,Аксесуари для камер та оптики,Запчастини та аксесуари для камери,Дистанційні контролери для камери
5937,Камери та оптика,Аксесуари для камер та оптики,Запчастини та аксесуари для камери,Аксесуари для відеонагляду
6307,Камери та оптика,Аксесуари для камер та оптики,Запчастини та аксесуари для камери,Корпуси для підводних камер
6308,Камери та оптика,Аксесуари для камер та оптики,Запчастини та аксесуари для камери,Сумки та чохли для камер
8174,Камери та оптика,Аксесуари для камер та оптики,Запчастини та аксесуари для камери,Набори аксесуарів для камер
8535,Камери та оптика,Аксесуари для камер та оптики,Запчастини та аксесуари для камери,Аксесуари для корпусів підводних камер
296246,Камери та оптика,Аксесуари для камер та оптики,Запчастини та аксесуари для камери,Запасні панелі та дверцята для корпусу камери
296247,Камери та оптика,Аксесуари для камер та оптики,Запчастини та аксесуари для камери,Замінні кнопки та ручки для камери
296248,Камери та оптика,Аксесуари для камер та оптики,Запчастини та аксесуари для камери,Сенсори зображення камери
296249,Камери та оптика,Аксесуари для камер та оптики,Запчастини та аксесуари для камери,Замінні екрани та дисплеї для камери
298420,Камери та оптика,Аксесуари для камер та оптики,Запчастини та аксесуари для камери,Цифрові задні панелі камер
461567,Камери та оптика,Аксесуари для камер та оптики,Запчастини та аксесуари для камери,Обладнання для камери
461568,Камери та оптика,Аксесуари для камер та оптики,Запчастини та аксесуари для камери,Блоки зуму об'єктиву камери
499998,Камери та оптика,Аксесуари для камер та оптики,Запчастини та аксесуари для камери,Стабілізатори та підтримки для камери
500037,Камери та оптика,Аксесуари для камер та оптики,Запчастини та аксесуари для камери,Рукоятки для камери
500104,Камери та оптика,Аксесуари для камер та оптики,Запчастини та аксесуари для камери,Пристрої для фокусування камери
500107,Камери та оптика,Аксесуари для камер та оптики,Запчастини та аксесуари для камери,Монітори для камер
503019,Камери та оптика,Аксесуари для камер та оптики,Запчастини та аксесуари для камери,Сонцезахисні капюшони та насадки візіра для камери
503020,Камери та оптика,Аксесуари для камер та оптики,Запчастини та аксесуари для камери,Глушники та звукові балони для камери
149,Камери та оптика,Аксесуари для камер та оптики,Об'єктиви для фото- та відеокамер
4432,Камери та оптика,Аксесуари для камер та оптики,Об'єктиви для фото- та відеокамер,Об'єктиви для камери
5280,Камери та оптика,Аксесуари для камер та оптики,Об'єктиви для фото- та відеокамер,Об'єктиви для відеокамер
5346,Камери та оптика,Аксесуари для камер та оптики,Об'єктиви для фото- та відеокамер,Об'єктиви для камер відеоспостереження
150,Камери та оптика,Аксесуари для камер та оптики,Триподи та моноподи
160,Камери та оптика,Аксесуари для камер та оптики,Оптичні аксесуари
4274,Камери та оптика,Аксесуари для камер та оптики,Оптичні аксесуари,Аксесуари для термічної оптики
5282,Камери та оптика,Аксесуари для камер та оптики,Оптичні аксесуари,Аксесуари для біноклів та монокулярів
5283,Камери та оптика,Аксесуари для камер та оптики,Оптичні аксесуари,Аксесуари для далекомірів
5284,Камери та оптика,Аксесуари для камер та оптики,Оптичні аксесуари,Аксесуари для телескопів
5542,Камери та оптика,Аксесуари для камер та оптики,Оптичні аксесуари,Аксесуари для монокулярів
5543,Камери та оптика,Аксесуари для камер та оптики,Оптичні аксесуари,Аксесуари для оптичних прицілів та прицілів зброї
5545,Камери та оптика,Аксесуари для камер та оптики,Оптичні аксесуари,Сумки та чохли для оптики
2911,Камери та оптика,Аксесуари для камер та оптики,Аксесуари для об'єктиву камери
147,Камери та оптика,Аксесуари для камер та оптики,Аксесуари для об'єктиву камери,Фільтри для об'єктивів
2627,Камери та оптика,Аксесуари для камер та оптики,Аксесуари для об'єктиву камери,Бленди для об'єктивів
2829,Камери та оптика,Аксесуари для камер та оптики,Аксесуари для об'єктиву камери,Кришки для об'єктивів
4416,Камери та оптика,Аксесуари для камер та оптики,Аксесуари для об'єктиву камери,Конвертери об'єктивів
4441,Камери та оптика,Аксесуари для камер та оптики,Аксесуари для об'єктиву камери,Сумки для об'єктивів
5588,Камери та оптика,Аксесуари для камер та оптики,Аксесуари для об'єктиву камери,Кільця-адаптери для об'єктивів та фільтрів
4638,Камери та оптика,Аксесуари для камер та оптики,Аксесуари для триподів та моноподів
3035,Камери та оптика,Аксесуари для камер та оптики,Аксесуари для триподів та моноподів,Обідки та кріплення для триподів
4639,Камери та оптика,Аксесуари для камер та оптики,Аксесуари для триподів та моноподів,Головки для триподів та моноподів
4640,Камери та оптика,Аксесуари для камер та оптики,Аксесуари для триподів та моноподів,Чохли для триподів та моноподів
503016,Камери та оптика,Аксесуари для камер та оптики,Аксесуари для триподів та моноподів,Розпорки для триподів
503726,Камери та оптика,Аксесуари для камер та оптики,Аксесуари для триподів та моноподів,Ручки для триподів
463625,Камери та оптика,Аксесуари для камер та оптики,Запасні кабелі для камер та оптики
166,Одяг та аксесуари
167,Одяг та аксесуари,Аксесуари для одягу
168,Одяг та аксесуари,Аксесуари для одягу,Бандани та головні пов'язки
543586,Одяг та аксесуари,Аксесуари для одягу,Бандани та головні пов'язки,Бандани
543587,Одяг та аксесуари,Аксесуари для одягу,Бандани та головні пов'язки,Хустки для догляду за волоссям
169,Одяг та аксесуари,Аксесуари для одягу,Ремені
170,Одяг та аксесуари,Аксесуари для одягу,Рукавички та рукавиці
171,Одяг та аксесуари,Аксесуари для одягу,Аксесуари для волосся
181,Одяг та аксесуари,Аксесуари для одягу,Аксесуари для волосся,Парики
1483,Одяг та аксесуари,Аксесуари для одягу,Аксесуари для волосся,Резинки для волосся
1662,Одяг та аксесуари,Аксесуари для одягу,Аксесуари для волосся,Обручі для волосся
1948,Одяг та аксесуари,Аксесуари для одягу,Аксесуари для волосся,Вилки та палички для волосся
2477,Одяг та аксесуари,Аксесуари для одягу,Аксесуари для волосся,Гребінці для волосся
4057,Одяг та аксесуари,Аксесуари для одягу,Аксесуари для волосся,Накладне волосся
5914,Одяг та аксесуари,Аксесуари для одягу,Аксесуари для волосся,Тіари
5915,Одяг та аксесуари,Аксесуари для одягу,Аксесуари для волосся,Вінки для волосся
6183,Одяг та аксесуари,Аксесуари для одягу,Аксесуари для волосся,Сітки для волосся
7305,Одяг та аксесуари,Аксесуари для одягу,Аксесуари для волосся,Аксесуари для париків
7306,Одяг та аксесуари,Аксесуари для одягу,Аксесуари для волосся,Аксесуари для париків,Клей та стрічка для париків
7307,Одяг та аксесуари,Аксесуари для одягу,Аксесуари для волосся,Аксесуари для париків,Шапочки для париків
8451,Одяг та аксесуари,Аксесуари для одягу,Аксесуари для волосся,Формувачі для пучків та об'єму волосся
502988,Одяг та аксесуари,Аксесуари для одягу,Аксесуари для волосся,"Шпильки, кліпси та ""краби"" для волосся"
543644,Одяг та аксесуари,Аксесуари для одягу,Аксесуари для волосся,"Шпильки, кліпси та ""краби"" для волосся",Шпильки для волосся
543645,Одяг та аксесуари,Аксесуари для одягу,Аксесуари для волосся,"Шпильки, кліпси та ""краби"" для волосся",Заколки та кліпси для волосся
543646,Одяг та аксесуари,Аксесуари для одягу,Аксесуари для волосся,"Шпильки, кліпси та ""краби"" для волосся",Заколки
173,Одяг та аксесуари,Аксесуари для одягу,Капелюхи
176,Одяг та аксесуари,Аксесуари для одягу,Галстуки
177,Одяг та аксесуари,Аксесуари для одягу,Шарфи та платки
543673,Одяг та аксесуари,Аксесуари для одягу,Шарфи та платки,Шарфи
543674,Одяг та аксесуари,Аксесуари для одягу,Шарфи та платки,Шали
178,Одяг та аксесуари,Аксесуари для одягу,Сонцезахисні окуляри
179,Одяг та аксесуари,Аксесуари для одягу,Підтяжки
180,Одяг та аксесуари,Аксесуари для одягу,Зажими для краваток
193,Одяг та аксесуари,Аксесуари для одягу,Запонки
1786,Одяг та аксесуари,Аксесуари для одягу,Балаклави
1893,Одяг та аксесуари,Аксесуари для одягу,Напульсники
2020,Одяг та аксесуари,Аксесуари для одягу,Головні убори
1922,Одяг та аксесуари,Аксесуари для одягу,Головні убори,Декоративні головні убори
5939,Одяг та аксесуари,Аксесуари для одягу,Головні убори,Тюрбани
7054,Одяг та аксесуари,Аксесуари для одягу,Головні убори,Фасцинатори
3913,Одяг та аксесуари,Аксесуари для одягу,Пряжки для ременів
4179,Одяг та аксесуари,Аксесуари для одягу,Значки з булавкою
5114,Одяг та аксесуари,Аксесуари для одягу,Декоративні віяла
5207,Одяг та аксесуари,Аксесуари для одягу,Носовички
5390,Одяг та аксесуари,Аксесуари для одягу,Аксесуари до традиційного одягу
5685,Одяг та аксесуари,Аксесуари для одягу,Аксесуари до традиційного одягу,"Шкарпетки ""табі"""
5686,Одяг та аксесуари,Аксесуари для одягу,Аксесуари до традиційного одягу,Аксесуари для обі
5687,Одяг та аксесуари,Аксесуари для одягу,Аксесуари до традиційного одягу,Обі
5688,Одяг та аксесуари,Аксесуари для одягу,Аксесуари до традиційного одягу,Нижня білизна кімоно
5422,Одяг та аксесуари,Аксесуари для одягу,Аксесуари для одягу для дітей та малюків
5623,Одяг та аксесуари,Аксесуари для одягу,Аксесуари для одягу для дітей та малюків,Ремені для дітей та малюків
5624,Одяг та аксесуари,Аксесуари для одягу,Аксесуари для одягу для дітей та малюків,Рукавички та рукавиці для дітей та малюків
5625,Одяг та аксесуари,Аксесуари для одягу,Аксесуари для одягу для дітей та малюків,Капелюхи для дітей та малюків
5626,Одяг та аксесуари,Аксесуари для одягу,Аксесуари для одягу для дітей та малюків,Захисний одяг для немовлят
5443,Одяг та аксесуари,Аксесуари для одягу,Аксесуари для нареченої
5446,Одяг та аксесуари,Аксесуари для одягу,Аксесуари для нареченої,Весільні фати
5941,Одяг та аксесуари,Аксесуари для одягу,Гетри
5942,Одяг та аксесуари,Аксесуари для одягу,Нарукавники та знімні рукави
6238,Одяг та аксесуари,Аксесуари для одягу,Вушники
6268,Одяг та аксесуари,Аксесуари для одягу,Гавайські вінки
6984,Одяг та аксесуари,Аксесуари для одягу,Кісточки для комірців
6985,Одяг та аксесуари,Аксесуари для одягу,Заклепки-кнопки
7133,Одяг та аксесуари,Аксесуари для одягу,Рукавички-муфти
7230,Одяг та аксесуари,Аксесуари для одягу,Шиїники
499972,Одяг та аксесуари,Аксесуари для одягу,Пояси
502987,Одяг та аксесуари,Аксесуари для одягу,Пояси та підтримувальні бандажі для вагітних
184,Одяг та аксесуари,Костюми та аксесуари
5192,Одяг та аксесуари,Костюми та аксесуари,Аксесуари для костюмів
5426,Одяг та аксесуари,Костюми та аксесуари,Аксесуари для костюмів,Костюмні капелюхи
5907,Одяг та аксесуари,Костюми та аксесуари,Аксесуари для костюмів,Костюмні накидки
7304,Одяг та аксесуари,Костюми та аксесуари,Аксесуари для костюмів,Капсули для імітації лисини
8017,Одяг та аксесуари,Костюми та аксесуари,Аксесуари для костюмів,Набори аксесуарів для костюмів
8018,Одяг та аксесуари,Костюми та аксесуари,Аксесуари для костюмів,Іграшкові прикраси
8200,Одяг та аксесуари,Костюми та аксесуари,Аксесуари для костюмів,Костюмні рукавички
500008,Одяг та аксесуари,Костюми та аксесуари,Аксесуари для костюмів,Тютюнові вироби для костюмів
500118,Одяг та аксесуари,Костюми та аксесуари,Аксесуари для костюмів,Спецефекти для костюмів
5193,Одяг та аксесуари,Костюми та аксесуари,Карнавальні костюми
5194,Одяг та аксесуари,Костюми та аксесуари,Маски
5387,Одяг та аксесуари,Костюми та аксесуари,Костюмне взуття
187,Одяг та аксесуари,Взуття
188,Одяг та аксесуари,Ювелірні вироби
189,Одяг та аксесуари,Ювелірні вироби,Браслети на ногу
190,Одяг та аксесуари,Ювелірні вироби,Біжутерія для тіла
191,Одяг та аксесуари,Ювелірні вироби,Браслети
192,Одяг та аксесуари,Ювелірні вироби,Прикраси та підвіски
194,Одяг та аксесуари,Ювелірні вироби,Сережки
196,Одяг та аксесуари,Ювелірні вироби,Намиста
197,Одяг та аксесуари,Ювелірні вироби,Брошки та значки на підкладці
200,Одяг та аксесуари,Ювелірні вироби,Перстні
201,Одяг та аксесуари,Ювелірні вироби,Наручні та карманні годинники
5122,Одяг та аксесуари,Ювелірні вироби,Аксесуари для годинників
5123,Одяг та аксесуари,Ювелірні вироби,Аксесуари для годинників,Ремінці для годинників
6870,Одяг та аксесуари,Ювелірні вироби,Аксесуари для годинників,Відмотувачі для годинників
7471,Одяг та аксесуари,Ювелірні вироби,Аксесуари для годинників,Наклейки та декали для годинників
6463,Одяг та аксесуари,Ювелірні вироби,Комплекти ювелірних виробів
1604,Одяг та аксесуари,Одяг
182,Одяг та аксесуари,Одяг,Одяг для дітей та малюків
5408,Одяг та аксесуари,Одяг,Одяг для дітей та малюків,Нижня білизна для дітей та малюків
5409,Одяг та аксесуари,Одяг,Одяг для дітей та малюків,Купальники для немовлят та малюків
5410,Одяг та аксесуари,Одяг,Одяг для дітей та малюків,Верхній одяг для немовлят та малюків
5411,Одяг та аксесуари,Одяг,Одяг для дітей та малюків,Комбінезони для немовлят
5412,Одяг та аксесуари,Одяг,Одяг для дітей та малюків,Нічний одяг для немовлят та малюків
5423,Одяг та аксесуари,Одяг,Одяг для дітей та малюків,Шкарпетки та колготки для немовлят та малюків
5424,Одяг та аксесуари,Одяг,Одяг для дітей та малюків,Сукні для дітей та малюків
5425,Одяг та аксесуари,Одяг,Одяг для дітей та малюків,Верхній одяг для дітей та малюків
5549,Одяг та аксесуари,Одяг,Одяг для дітей та малюків,Покривала для підгузків для дітей та малюків
5621,Одяг та аксесуари,Одяг,Одяг для дітей та малюків,Дитяча білизна для малюків
5622,Одяг та аксесуари,Одяг,Одяг для дітей та малюків,Одяг для немовлят та малюків
203,Одяг та аксесуари,Одяг,Верхній одяг
1831,Одяг та аксесуари,Одяг,Верхній одяг,Жилети
3066,Одяг та аксесуари,Одяг,Верхній одяг,Дощовики
5506,Одяг та аксесуари,Одяг,Верхній одяг,Штани-чапси
5514,Одяг та аксесуари,Одяг,Верхній одяг,Дощові штани
5598,Одяг та аксесуари,Одяг,Верхній одяг,Пальта та куртки
5909,Одяг та аксесуари,Одяг,Верхній одяг,Штани та костюми для снігу
204,Одяг та аксесуари,Одяг,Брюки
207,Одяг та аксесуари,Одяг,Шорти
208,Одяг та аксесуари,Одяг,Нічна білизна та домашній одяг
2302,Одяг та аксесуари,Одяг,Нічна білизна та домашній одяг,Халати
2580,Одяг та аксесуари,Одяг,Нічна білизна та домашній одяг,Піжами
5513,Одяг та аксесуари,Одяг,Нічна білизна та домашній одяг,Нічні сорочки
5713,Одяг та аксесуари,Одяг,Нічна білизна та домашній одяг,Одяг для відпочинку
211,Одяг та аксесуари,Одяг,Купальники
212,Одяг та аксесуари,Одяг,Сорочки та топи
213,Одяг та аксесуари,Одяг,Білизна та шкарпетки
209,Одяг та аксесуари,Одяг,Білизна та шкарпетки,Носки
214,Одяг та аксесуари,Одяг,Білизна та шкарпетки,Бюстгальтери
215,Одяг та аксесуари,Одяг,Білизна та шкарпетки,Панчохи
1578,Одяг та аксесуари,Одяг,Білизна та шкарпетки,Коригувальне білизна
1772,Одяг та аксесуари,Одяг,Білизна та шкарпетки,Жіноча білизна
1807,Одяг та аксесуари,Одяг,Білизна та шкарпетки,Термобілизна
2562,Одяг та аксесуари,Одяг,Білизна та шкарпетки,Білизна
2563,Одяг та аксесуари,Одяг,Білизна та шкарпетки,Аксесуари для білизни
1675,Одяг та аксесуари,Одяг,Білизна та шкарпетки,Аксесуари для білизни,Підв'язки
2160,Одяг та аксесуари,Одяг,Білизна та шкарпетки,Аксесуари для білизни,Пояси для підтяжок
2745,Одяг та аксесуари,Одяг,Білизна та шкарпетки,Майки
2963,Одяг та аксесуари,Одяг,Білизна та шкарпетки,Спідниці та підштаники
5327,Одяг та аксесуари,Одяг,Білизна та шкарпетки,Спортивні пахові підтримувачі
5834,Одяг та аксесуари,Одяг,Білизна та шкарпетки,Комбінації
7207,Одяг та аксесуари,Одяг,Білизна та шкарпетки,Аксесуари для бюстгальтера
7208,Одяг та аксесуари,Одяг,Білизна та шкарпетки,Аксесуари для бюстгальтера,Накладки на бретелі бюстгальтера
7209,Одяг та аксесуари,Одяг,Білизна та шкарпетки,Аксесуари для бюстгальтера,Пелюстки та камуфляж для грудей
7210,Одяг та аксесуари,Одяг,Білизна та шкарпетки,Аксесуари для бюстгальтера,Вкладиші для збільшення грудей
7211,Одяг та аксесуари,Одяг,Білизна та шкарпетки,Аксесуари для бюстгальтера,Бретелі та подовжувачі для бюстгальтера
1581,Одяг та аксесуари,Одяг,Спідниці
2331,Одяг та аксесуари,Одяг,Спідниці,Міні-спідниці
6228,Одяг та аксесуари,Одяг,Спідниці,Довгі спідниці
6229,Одяг та аксесуари,Одяг,Спідниці,Юбки до колін
1594,Одяг та аксесуари,Одяг,Костюми
1516,Одяг та аксесуари,Одяг,Костюми,Костюми з спідницею
1580,Одяг та аксесуари,Одяг,Костюми,Смокінги
5183,Одяг та аксесуари,Одяг,Костюми,Костюми-брюки
2271,Одяг та аксесуари,Одяг,Сукні
2306,Одяг та аксесуари,Одяг,Уніформа
206,Одяг та аксесуари,Одяг,Уніформа,Шкільна форма
2292,Одяг та аксесуари,Одяг,Уніформа,Білі халати
3414,Одяг та аксесуари,Одяг,Уніформа,Охоронні форми
3598,Одяг та аксесуари,Одяг,Уніформа,Спортивна форма
3191,Одяг та аксесуари,Одяг,Уніформа,Спортивна форма,Бейсбольна форма
3253,Одяг та аксесуари,Одяг,Уніформа,Спортивна форма,Форма для суддів
3379,Одяг та аксесуари,Одяг,Уніформа,Спортивна форма,Форма для софтболу
3439,Одяг та аксесуари,Одяг,Уніформа,Спортивна форма,Баскетбольна форма
3683,Одяг та аксесуари,Одяг,Уніформа,Спортивна форма,Уніформа для чирлідінгу
3724,Одяг та аксесуари,Одяг,Уніформа,Спортивна форма,Форма для крикету
3852,Одяг та аксесуари,Одяг,Уніформа,Спортивна форма,Уніформа для боротьби
3888,Одяг та аксесуари,Одяг,Уніформа,Спортивна форма,Уніформа для американського футболу
3958,Одяг та аксесуари,Одяг,Уніформа,Спортивна форма,Хокейна форма
4003,Одяг та аксесуари,Одяг,Уніформа,Спортивна форма,Форма для бойових мистецтв
5564,Одяг та аксесуари,Одяг,Уніформа,Спортивна форма,Футбольна форма
5484,Одяг та аксесуари,Одяг,Уніформа,Робочі штани та комбінезони
5878,Одяг та аксесуари,Одяг,Уніформа,Костюми для польотів
5949,Одяг та аксесуари,Одяг,Уніформа,Військова форма
7235,Одяг та аксесуари,Одяг,Уніформа,Уніформа для обслуговування їжі
2396,Одяг та аксесуари,Одяг,Уніформа,Уніформа для обслуговування їжі,Кухарські жакети
7236,Одяг та аксесуари,Одяг,Уніформа,Уніформа для обслуговування їжі,Кухарські штани
7237,Одяг та аксесуари,Одяг,Уніформа,Уніформа для обслуговування їжі,Кухарські капелюхи
5182,Одяг та аксесуари,Одяг,Однодетальні купальники
5250,Одяг та аксесуари,Одяг,Однодетальні купальники,Комбінезони та ромпери
5490,Одяг та аксесуари,Одяг,Однодетальні купальники,Леотарди та унітарди
7132,Одяг та аксесуари,Одяг,Однодетальні купальники,Комбінезони
5322,Одяг та аксесуари,Одяг,Спортивний одяг
3951,Одяг та аксесуари,Одяг,Спортивний одяг,Штани для американського футболу
5378,Одяг та аксесуари,Одяг,Спортивний одяг,Боксерські шорти
5379,Одяг та аксесуари,Одяг,Спортивний одяг,Шорти для бойових мистецтв
5460,Одяг та аксесуари,Одяг,Спортивний одяг,Мисливський одяг
5461,Одяг та аксесуари,Одяг,Спортивний одяг,Мисливський одяг,Мисливські та рибальські жилети
5462,Одяг та аксесуари,Одяг,Спортивний одяг,Мисливський одяг,"Камуфляжні костюми ""Гіллі"""
5552,Одяг та аксесуари,Одяг,Спортивний одяг,Мисливський одяг,Мисливські та тактичні штани
5517,Одяг та аксесуари,Одяг,Спортивний одяг,Захисний одяг для мотоциклістів
5463,Одяг та аксесуари,Одяг,Спортивний одяг,Захисний одяг для мотоциклістів,Мотоциклетні костюми
6006,Одяг та аксесуари,Одяг,Спортивний одяг,Захисний одяг для мотоциклістів,Мотоциклетні куртки
7003,Одяг та аксесуари,Одяг,Спортивний одяг,Захисний одяг для мотоциклістів,Мотоциклетні штани
5555,Одяг та аксесуари,Одяг,Спортивний одяг,Одяг для пейнтболу
5697,Одяг та аксесуари,Одяг,Спортивний одяг,Спортивний одяг для велосипедистів
3128,Одяг та аксесуари,Одяг,Спортивний одяг,Спортивний одяг для велосипедистів,Велосипедні нагрудники
3188,Одяг та аксесуари,Одяг,Спортивний одяг,Спортивний одяг для велосипедистів,Велосипедні шорти та труси
3455,Одяг та аксесуари,Одяг,Спортивний одяг,Спортивний одяг для велосипедистів,Велосипедні майки
3729,Одяг та аксесуари,Одяг,Спортивний одяг,Спортивний одяг для велосипедистів,Велосипедні легінси
6087,Одяг та аксесуари,Одяг,Спортивний одяг,Спортивний одяг для велосипедистів,Велосипедні комбінезони
499979,Одяг та аксесуари,Одяг,Спортивний одяг,"Танцювальні сукні, спідниці та костюми"
5344,Одяг та аксесуари,Одяг,Юбки-шорти
5388,Одяг та аксесуари,Одяг,Традиційний та церемоніальний одяг
5343,Одяг та аксесуари,Одяг,Традиційний та церемоніальний одяг,Кімоно
5679,Одяг та аксесуари,Одяг,Традиційний та церемоніальний одяг,Кімоно,Кімоно Томесоде та Хоумонгі
5680,Одяг та аксесуари,Одяг,Традиційний та церемоніальний одяг,Кімоно,Кімоно Комон
5681,Одяг та аксесуари,Одяг,Традиційний та церемоніальний одяг,Кімоно,Кімоно Іромуї
5682,Одяг та аксесуари,Одяг,Традиційний та церемоніальний одяг,Кімоно,Кімоно Фурісоде
5683,Одяг та аксесуари,Одяг,Традиційний та церемоніальний одяг,Кімоно,Повсякденні кімоно
5684,Одяг та аксесуари,Одяг,Традиційний та церемоніальний одяг,Кімоно,Кімоно для нареченої
5483,Одяг та аксесуари,Одяг,Традиційний та церемоніальний одяг,Релігійний обрядовий одяг
8149,Одяг та аксесуари,Одяг,Традиційний та церемоніальний одяг,Релігійний обрядовий одяг,Сукні для хрещення та причастя
5673,Одяг та аксесуари,Одяг,Традиційний та церемоніальний одяг,Кімоно верхнього одягу
5677,Одяг та аксесуари,Одяг,Традиційний та церемоніальний одяг,Кімоно верхнього одягу,Кімоно-пальто
5678,Одяг та аксесуари,Одяг,Традиційний та церемоніальний одяг,Кімоно верхнього одягу,Жакети Хаорі
5674,Одяг та аксесуари,Одяг,Традиційний та церемоніальний одяг,Штани хакама
5676,Одяг та аксесуари,Одяг,Традиційний та церемоніальний одяг,Юката
6031,Одяг та аксесуари,Одяг,Традиційний та церемоніальний одяг,Дірндли
6227,Одяг та аксесуари,Одяг,Традиційний та церемоніальний одяг,Японський чорний офіційний одяг
7281,Одяг та аксесуари,Одяг,Традиційний та церемоніальний одяг,Традиційні шкіряні штани
8248,Одяг та аксесуари,Одяг,Традиційний та церемоніальний одяг,Сарі та легенги
5441,Одяг та аксесуари,Одяг,Весільні та наречених плаття
5329,Одяг та аксесуари,Одяг,Весільні та наречених плаття,Весільні плаття
5330,Одяг та аксесуари,Одяг,Весільні та наречених плаття,Сукні для весільної вечірки
7313,Одяг та аксесуари,Одяг,Комплекти одягу
1933,Одяг та аксесуари,Аксесуари для взуття
1856,Одяг та аксесуари,Аксесуари для взуття,Шнурівки
2427,Одяг та аксесуари,Аксесуари для взуття,Шпори
5385,Одяг та аксесуари,Аксесуари для взуття,Чохли для взуття
5567,Одяг та аксесуари,Аксесуари для взуття,Вкладиші для чобіт
7078,Одяг та аксесуари,Аксесуари для взуття,Гамаши
6551,Одяг та аксесуари,"Сумки, гаманці та чохли"
2668,Одяг та аксесуари,"Сумки, гаманці та чохли",Гаманці та грошові кліпси
3032,Одяг та аксесуари,"Сумки, гаманці та чохли",Дамські сумки
6169,Одяг та аксесуари,"Сумки, гаманці та чохли",Кейси для візиток
6170,Одяг та аксесуари,"Сумки, гаманці та чохли",Бейдж-тримачі та обкладинки для пропусків
6552,Одяг та аксесуари,Аксесуари для сумок та гаманців
175,Одяг та аксесуари,Аксесуари для сумок та гаманців,Брелоки для ключів
5841,Одяг та аксесуари,Аксесуари для сумок та гаманців,Ланцюжки для гаманців
6277,Одяг та аксесуари,Аксесуари для сумок та гаманців,Шнурки для бейджів
6460,Одяг та аксесуари,Аксесуари для сумок та гаманців,Обкладинки для чекових книжок
222,Електроніка
223,Електроніка,Аудіо
242,Електроніка,Аудіо,Аудіоплеєри та рекордери
225,Електроніка,Аудіо,Аудіоплеєри та рекордери,Бумбокси
226,Електроніка,Аудіо,Аудіоплеєри та рекордери,CD-плеєри та рекордери
230,Електроніка,Аудіо,Аудіоплеєри та рекордери,Системи караоке
233,Електроніка,Аудіо,Аудіоплеєри та рекордери,MP3-плеєри
235,Електроніка,Аудіо,Аудіоплеєри та рекордери,Програвачі та рекордери MiniDisc
243,Електроніка,Аудіо,Аудіоплеєри та рекордери,Магнітофони
244,Електроніка,Аудіо,Аудіоплеєри та рекордери,Диктофони
251,Електроніка,Аудіо,Аудіоплеєри та рекордери,Стереосистеми
252,Електроніка,Аудіо,Аудіоплеєри та рекордери,Домашні театральні системи
256,Електроніка,Аудіо,Аудіоплеєри та рекордери,Проїгрівачі та вінілові проїгрівачі
4652,Електроніка,Аудіо,Аудіоплеєри та рекордери,Музичні автомати
5434,Електроніка,Аудіо,Аудіоплеєри та рекордери,Багатоканальні рекордери
6886,Електроніка,Аудіо,Аудіоплеєри та рекордери,Радіо
8271,Електроніка,Аудіо,Аудіоплеєри та рекордери,Магнітофони та рекордери з котушковою стрічкою
1420,Електроніка,Аудіо,Аудіоаксесуари
232,Електроніка,Аудіо,Аудіоаксесуари,Аксесуари для MP3-плеєрів
3055,Електроніка,Аудіо,Аудіоаксесуари,Аксесуари для MP3-плеєрів,Чохли для MP3-плеєрів
7566,Електроніка,Аудіо,Аудіоаксесуари,Аксесуари для MP3-плеєрів,Набори аксесуарів для MP3-плеєра та мобільного телефону
239,Електроніка,Аудіо,Аудіоаксесуари,Аксесуари для супутникового радіо
2372,Електроніка,Аудіо,Аудіоаксесуари,Аксесуари для проїгрівача
3306,Електроніка,Аудіо,Аудіоаксесуари,Аксесуари для мікрофонів
3912,Електроніка,Аудіо,Аудіоаксесуари,Стійки для мікрофонів
5395,Електроніка,Аудіо,Аудіоаксесуари,Аксесуари для систем караоке
5396,Електроніка,Аудіо,Аудіоаксесуари,Аксесуари для систем караоке,Чіпи для караоке
7163,Електроніка,Аудіо,Аудіоаксесуари,Аксесуари для колонок
8047,Електроніка,Аудіо,Аудіоаксесуари,Аксесуари для колонок,Сумки для стійок для колонок
8049,Електроніка,Аудіо,Аудіоаксесуари,Аксесуари для колонок,Стійки та кріплення для динаміків
500112,Електроніка,Аудіо,Аудіоаксесуари,Аксесуари для колонок,"Сумки, чохли та кейси для колонок"
500119,Електроніка,Аудіо,Аудіоаксесуари,Аксесуари для колонок,Тактильні перетворювачі
500120,Електроніка,Аудіо,Аудіоаксесуари,Аксесуари для колонок,Компоненти та набори для колонок
503008,Електроніка,Аудіо,Аудіоаксесуари,Аксесуари для аудіо- та відеоресиверів
505797,Електроніка,Аудіо,Аудіоаксесуари,Аксесуари для навушників та гарнітур
503004,Електроніка,Аудіо,Аудіоаксесуари,Аксесуари для навушників та гарнітур,Накладки та ковпачки для навушників
2154,Електроніка,Аудіо,Системи громкого зв'язку
2165,Електроніка,Аудіо,Аудіокомпоненти
224,Електроніка,Аудіо,Аудіокомпоненти,Аудіопідсилювачі
4493,Електроніка,Аудіо,Аудіокомпоненти,Аудіопідсилювачі,Підсилювачі для навушників
5381,Електроніка,Аудіо,Аудіокомпоненти,Аудіопідсилювачі,Підсилювачі потужності
234,Електроніка,Аудіо,Аудіокомпоненти,Мікрофони
236,Електроніка,Аудіо,Аудіокомпоненти,Аудіомікшери
241,Електроніка,Аудіо,Аудіокомпоненти,Аудіо- та відеоресивери
246,Електроніка,Аудіо,Аудіокомпоненти,Процесори сигналу
247,Електроніка,Аудіо,Аудіокомпоненти,Процесори сигналу,Процесори ефектів
248,Електроніка,Аудіо,Аудіокомпоненти,Процесори сигналу,Еквалайзери
3945,Електроніка,Аудіо,Аудіокомпоненти,Процесори сигналу,Попередні підсилювачі для мікрофонів
5369,Електроніка,Аудіо,Аудіокомпоненти,Процесори сигналу,Попередні підсилювачі для вінілових програвачів
5435,Електроніка,Аудіо,Аудіокомпоненти,Процесори сигналу,Кросовери
5596,Електроніка,Аудіо,Аудіокомпоненти,Процесори сигналу,Шумозаглушувачі та компресори
5597,Електроніка,Аудіо,Аудіокомпоненти,Процесори сигналу,Системи управління гучномовцями
249,Електроніка,Аудіо,Аудіокомпоненти,Динаміки
5129,Електроніка,Аудіо,Аудіокомпоненти,Аудіопередавачі
4035,Електроніка,Аудіо,Аудіокомпоненти,Аудіопередавачі,FM-передавачі
5130,Електроніка,Аудіо,Аудіокомпоненти,Аудіопередавачі,Передавачі Bluetooth
6545,Електроніка,Аудіо,Аудіокомпоненти,Смуги каналів
6546,Електроніка,Аудіо,Аудіокомпоненти,Директ-бокси
505298,Електроніка,Аудіо,Аудіокомпоненти,Набори для студійного запису
505771,Електроніка,Аудіо,Аудіокомпоненти,Навушники та гарнітури
543626,Електроніка,Аудіо,Аудіокомпоненти,Навушники та гарнітури,Навушники
543627,Електроніка,Аудіо,Аудіокомпоненти,Навушники та гарнітури,Гарнітури
3727,Електроніка,Аудіо,Сценічне обладнання
3242,Електроніка,Аудіо,Сценічне обладнання,Бездротові передавачі
4921,Електроніка,Аудіо,DJ та спеціалізоване аудіо
4922,Електроніка,Аудіо,DJ та спеціалізоване аудіо,CD-плеєри для DJ
4923,Електроніка,Аудіо,DJ та спеціалізоване аудіо,DJ-системи
8159,Електроніка,Аудіо,Гучномовці
262,Електроніка,Засоби зв'язку
263,Електроніка,Засоби зв'язку,Аксесуари для радіозв'язку
266,Електроніка,Засоби зв'язку,Автовідповідачі
268,Електроніка,Засоби зв'язку,Пейджери
270,Електроніка,Засоби зв'язку,Телефонія
264,Електроніка,Засоби зв'язку,Телефонія,Аксесуари для мобільних телефонів
2353,Електроніка,Засоби зв'язку,Телефонія,Аксесуари для мобільних телефонів,Чохли для мобільних телефонів
4550,Електроніка,Засоби зв'язку,Телефонія,Аксесуари для мобільних телефонів,Брелоки та ремінці для мобільних телефонів
5566,Електроніка,Засоби зв'язку,Телефонія,Аксесуари для мобільних телефонів,Підставки для мобільних телефонів
6030,Електроніка,Засоби зв'язку,Телефонія,Аксесуари для мобільних телефонів,Попередньо оплачені картки та SIM-картки для мобільних телефонів
543515,Електроніка,Засоби зв'язку,Телефонія,Аксесуари для мобільних телефонів,Попередньо оплачені картки та SIM-картки для мобільних телефонів,Попередньо оплачені картки мобільних телефонів
543516,Електроніка,Засоби зв'язку,Телефонія,Аксесуари для мобільних телефонів,Попередньо оплачені картки та SIM-картки для мобільних телефонів,SIM-картки
7347,Електроніка,Засоби зв'язку,Телефонія,Аксесуари для мобільних телефонів,Запасні частини для мобільних телефонів
8111,Електроніка,Засоби зв'язку,Телефонія,Аксесуари для мобільних телефонів,Аксесуари для камер мобільних телефонів
499916,Електроніка,Засоби зв'язку,Телефонія,Аксесуари для мобільних телефонів,Інструменти для видалення SIM-карток
265,Електроніка,Засоби зв'язку,Телефонія,Аксесуари для телефону
269,Електроніка,Засоби зв'язку,Телефонія,Аксесуари для телефону,Телефонні картки
267,Електроніка,Засоби зв'язку,Телефонія,Мобільні телефони
543512,Електроніка,Засоби зв'язку,Телефонія,Мобільні телефони,Попередньо оплачені мобільні телефони
543513,Електроніка,Засоби зв'язку,Телефонія,Мобільні телефони,Мобільні телефони за контрактом
543514,Електроніка,Засоби зв'язку,Телефонія,Мобільні телефони,Розблоковані мобільні телефони
271,Електроніка,Засоби зв'язку,Телефонія,Дротові телефони
272,Електроніка,Засоби зв'язку,Телефонія,Бездротові телефони
1924,Електроніка,Засоби зв'язку,Телефонія,Супутникові телефони
4666,Електроніка,Засоби зв'язку,Телефонія,Телефони для конференцій
274,Електроніка,Засоби зв'язку,Відеоконференції
360,Електроніка,Засоби зв'язку,Домофони
2471,Електроніка,Засоби зв'язку,Радіостанції
273,Електроніка,Засоби зв'язку,Радіостанції,Двосторонні радіостанції
2106,Електроніка,Засоби зв'язку,Радіостанції,CB радіо
4415,Електроніка,Засоби зв'язку,Радіостанції,Радіосканери
5275,Електроніка,Засоби зв'язку,Ідентифікатори викликів
5404,Електроніка,Засоби зв'язку,Аксесуари для домофонів
278,Електроніка,Комп'ютери
298,Електроніка,Комп'ютери,Портативні пристрої
3539,Електроніка,Комп'ютери,Портативні пристрої,Пристрої для читання електронних книг
3769,Електроніка,Комп'ютери,Портативні пристрої,КПК (Кишенькові персональні комп'ютери)
5256,Електроніка,Комп'ютери,Портативні пристрої,Збирачі даних
325,Електроніка,Комп'ютери,Настільні комп'ютери
328,Електроніка,Комп'ютери,Ноутбуки
331,Електроніка,Комп'ютери,Комп'ютерні сервери
4745,Електроніка,Комп'ютери,Планшетні комп'ютери
5254,Електроніка,Комп'ютери,"Комп'ютери ""Barebone"""
5255,Електроніка,Комп'ютери,Інтерактивні кіоски
8539,Електроніка,Комп'ютери,Тонкі та нульові клієнти
543668,Електроніка,Комп'ютери,Тонкі та нульові клієнти,Комп'ютери з тонкими клієнтами
543669,Електроніка,Комп'ютери,Тонкі та нульові клієнти,Комп'ютери Zero Client
500002,Електроніка,Комп'ютери,Розумні окуляри
502995,Електроніка,Комп'ютери,Комп'ютери з сенсорним столом
339,Електроніка,Системи GPS-навігації
340,Електроніка,Морська електроніка
1550,Електроніка,Морська електроніка,Ехолоти
1552,Електроніка,Морська електроніка,Морський радар
2178,Електроніка,Морська електроніка,Морські картплотери та GPS
4450,Електроніка,Морська електроніка,Морські радіостанції
8134,Електроніка,Морська електроніка,Морські аудіо- та відеоприймачі
8473,Електроніка,Морська електроніка,Морські динаміки
342,Електроніка,Мережеві технології
290,Електроніка,Мережеві технології,Мережеві карти та адаптери
343,Електроніка,Мережеві технології,Модеми
1350,Електроніка,Мережеві технології,Мости та роутери
2358,Електроніка,Мережеві технології,Мости та роутери,VoIP-шлюзи та роутери
5496,Електроніка,Мережеві технології,Мости та роутери,Бездротові точки доступу
5497,Електроніка,Мережеві технології,Мости та роутери,Бездротові роутери
5659,Електроніка,Мережеві технології,Мости та роутери,Мережеві мости
2121,Електроніка,Мережеві технології,Репітери та передавачі
2455,Електроніка,Мережеві технології,Концентратори та комутатори
2479,Електроніка,Мережеві технології,Концентратори та мультиплексори
3425,Електроніка,Мережеві технології,Сервери друку
3742,Електроніка,Мережеві технології,Пристрої мережевої безпеки та брандмауери
5576,Електроніка,Мережеві технології,Аксесуари для модемів
6508,Електроніка,Мережеві технології,Адаптери живлення через Ethernet
345,Електроніка,"Друк, копіювання, сканування та факс"
284,Електроніка,"Друк, копіювання, сканування та факс",Аксесуари для сканерів
306,Електроніка,"Друк, копіювання, сканування та факс",Сканери
6865,Електроніка,"Друк, копіювання, сканування та факс",3D Принтери
499682,Електроніка,"Друк, копіювання, сканування та факс",Аксесуари для 3D принтерів
500106,Електроніка,"Друк, копіювання, сканування та факс","Принтери, копірки та факси"
502990,Електроніка,"Друк, копіювання, сканування та факс","Аксесуари для принтера, копірки та факсу"
1683,Електроніка,"Друк, копіювання, сканування та факс","Аксесуари для принтера, копірки та факсу",Пам'ять принтера
5258,Електроніка,"Друк, копіювання, сканування та факс","Аксесуари для принтера, копірки та факсу",Розхідні матеріали для принтера
356,Електроніка,"Друк, копіювання, сканування та факс","Аксесуари для принтера, копірки та факсу",Розхідні матеріали для принтера,Картриджі для тонера та струменевих принтерів
5259,Електроніка,"Друк, копіювання, сканування та факс","Аксесуари для принтера, копірки та факсу",Розхідні матеріали для принтера,Барабани та набори барабанів для принтера
5260,Електроніка,"Друк, копіювання, сканування та факс","Аксесуари для принтера, копірки та факсу",Розхідні матеріали для принтера,Рибки для принтера
5261,Електроніка,"Друк, копіювання, сканування та факс","Аксесуари для принтера, копірки та факсу",Розхідні матеріали для принтера,Друкарські головки
5262,Електроніка,"Друк, копіювання, сканування та факс","Аксесуари для принтера, копірки та факсу",Розхідні матеріали для принтера,Набори для обслуговування принтера
5266,Електроніка,"Друк, копіювання, сканування та факс","Аксесуари для принтера, копірки та факсу",Розхідні матеріали для принтера,Фільтри для принтера
7362,Електроніка,"Друк, копіювання, сканування та факс","Аксесуари для принтера, копірки та факсу",Розхідні матеріали для принтера,Заправка картриджів для тонера та струменевих принтерів
5265,Електроніка,"Друк, копіювання, сканування та факс","Аксесуари для принтера, копірки та факсу",Дуплексери для принтера
5459,Електроніка,"Друк, копіювання, сканування та факс","Аксесуари для принтера, копірки та факсу",Стенди для принтера
502991,Електроніка,"Друк, копіювання, сканування та факс","Аксесуари для принтера, копірки та факсу","Запчастини для принтера, копірки та факсу"
386,Електроніка,Відео
305,Електроніка,Відео,Комп'ютерні монітори
387,Електроніка,Відео,Відеоплеєри та рекордери
388,Електроніка,Відео,Відеоплеєри та рекордери,DVD та Blu-ray плеєри
389,Електроніка,Відео,Відеоплеєри та рекордери,DVD-рекордери
390,Електроніка,Відео,Відеоплеєри та рекордери,Цифрові відеореєстратори
391,Електроніка,Відео,Відеоплеєри та рекордери,Відеомагнітофони
5276,Електроніка,Відео,Відеоплеєри та рекордери,Плеєри для стрімінгу та домашніх медіа
396,Електроніка,Відео,Проектори
397,Електроніка,Відео,Проектори,Мультимедійні проектори
398,Електроніка,Відео,Проектори,Проектори для відображення зображення зверху
399,Електроніка,Відео,Проектори,Проектори для слайдів
404,Електроніка,Відео,Телевізори
1368,Електроніка,Відео,Обладнання та пристрої для монтажу відео
1634,Електроніка,Відео,Відеомультиплексори
2027,Електроніка,Відео,Аксесуари для відео
283,Електроніка,Відео,Аксесуари для відео,Аксесуари для комп'ютерних моніторів
5516,Електроніка,Відео,Аксесуари для відео,Аксесуари для комп'ютерних моніторів,Калібратори кольору
393,Електроніка,Відео,Аксесуари для відео,Аксесуари для проекторів
394,Електроніка,Відео,Аксесуари для відео,Аксесуари для проекторів,Замінні лампи для проекторів
395,Електроніка,Відео,Аксесуари для відео,Аксесуари для проекторів,Екрани для проекторів
4570,Електроніка,Відео,Аксесуари для відео,Аксесуари для проекторів,Стенди для екранів проекторів
5257,Електроніка,Відео,Аксесуари для відео,Аксесуари для проекторів,Кріплення для проекторів
5599,Електроніка,Відео,Аксесуари для відео,Аксесуари для проекторів,Юбки для проекторів та триподів
403,Електроніка,Відео,Аксесуари для відео,Запчастини та аксесуари для телевізорів
4458,Електроніка,Відео,Аксесуари для відео,Запчастини та аксесуари для телевізорів,Кріплення для телевізорів та моніторів
5471,Електроніка,Відео,Аксесуари для відео,Запчастини та аксесуари для телевізорів,Замінні лампи для телевізорів
5503,Електроніка,Відео,Аксесуари для відео,Запчастини та аксесуари для телевізорів,Конвертери для телевізорів
43616,Електроніка,Відео,Аксесуари для відео,Запчастини та аксесуари для телевізорів,Запасні динаміки для телевізора
2145,Електроніка,Відео,Аксесуари для відео,Перемотувачі
4760,Електроніка,Відео,Аксесуари для відео,3D Окуляри
5278,Електроніка,Відео,Відеосервери
5450,Електроніка,Відео,Відеопередавачі
5561,Електроніка,Відео,Супутникове та кабельне ТБ
401,Електроніка,Відео,Супутникове та кабельне ТБ,Супутникові приймачі
5562,Електроніка,Відео,Супутникове та кабельне ТБ,Приймачі кабельного телебачення
912,Електроніка,Радар-детектори
1270,Електроніка,Аксесуари для ігрових консолей
1505,Електроніка,Аксесуари для ігрових консолей,Аксесуари для домашніх ігрових консолей
2070,Електроніка,Аксесуари для ігрових консолей,Аксесуари для переносних ігрових консолей
1294,Електроніка,Ігрові консолі
1801,Електроніка,Компоненти
1337,Електроніка,Компоненти,Модулятори
1544,Електроніка,Компоненти,Розгалужувачі
1977,Електроніка,Компоненти,Конектори для електронних компонентів
2182,Електроніка,Компоненти,Конвертери
2205,Електроніка,Компоненти,Конвертери,Скан-конвертери
503001,Електроніка,Компоненти,Конвертери,Аудіоконвертери
7395,Електроніка,Компоненти,Акселерометри
2082,Електроніка,Аксесуари для електроніки
258,Електроніка,Аксесуари для електроніки,Адаптери
146,Електроніка,Аксесуари для електроніки,Адаптери,Адаптери для карт пам'яті
4463,Електроніка,Аксесуари для електроніки,Адаптери,Адаптери та з'єднувачі для аудіо- та відеокабелів
7182,Електроніка,Аксесуари для електроніки,Адаптери,USB адаптери
259,Електроніка,Аксесуари для електроніки,Кабелі
1480,Електроніка,Аксесуари для електроніки,Кабелі,Мережеві кабелі
1763,Електроніка,Аксесуари для електроніки,Кабелі,Системні та живлення кабелі
1867,Електроніка,Аксесуари для електроніки,Кабелі,Аудіо- та відеокабелі
3461,Електроніка,Аксесуари для електроніки,Кабелі,KVM кабелі
3541,Електроніка,Аксесуари для електроніки,Кабелі,Телефонні кабелі
500035,Електроніка,Аксесуари для електроніки,Кабелі,Кабелі для зберігання та передачі даних
275,Електроніка,Аксесуари для електроніки,Енергія
276,Електроніка,Аксесуари для електроніки,Енергія,Батарейки
1564,Електроніка,Аксесуари для електроніки,Енергія,Батарейки,Батареї для ноутбуків
1722,Електроніка,Аксесуари для електроніки,Енергія,Батарейки,Батареї для камер
1745,Електроніка,Аксесуари для електроніки,Енергія,Батарейки,Акумулятори для мобільних телефонів
1880,Електроніка,Аксесуари для електроніки,Енергія,Батарейки,Батареї для бездротових телефонів
2222,Електроніка,Аксесуари для електроніки,Енергія,Батарейки,Батареї для відеокамер
4928,Електроніка,Аксесуари для електроніки,Енергія,Батарейки,Батарейки загального призначення
5133,Електроніка,Аксесуари для електроніки,Енергія,Батарейки,Батареї для PDA
6289,Електроніка,Аксесуари для електроніки,Енергія,Батарейки,Батареї для безперебійних блоків живлення
7438,Електроніка,Аксесуари для електроніки,Енергія,Батарейки,Батареї для планшетних комп'ютерів
7551,Електроніка,Аксесуари для електроніки,Енергія,Батарейки,Батареї для електронних книг
499810,Електроніка,Аксесуари для електроніки,Енергія,Батарейки,Батареї для MP3-плеєрів
500117,Електроніка,Аксесуари для електроніки,Енергія,Батарейки,Батареї для ігрових консолей та контролерів
1348,Електроніка,Аксесуари для електроніки,Енергія,Безперебійні блоки живлення
1375,Електроніка,Аксесуари для електроніки,Енергія,Аксесуари для безперебійних блоків живлення
2978,Електроніка,Аксесуари для електроніки,Енергія,Паливні елементи
3160,Електроніка,Аксесуари для електроніки,Енергія,Багатогніздові блоки та прилади для захисту від перенапруги
5274,Електроніка,Аксесуари для електроніки,Енергія,Корпуси блоків живлення
5380,Електроніка,Аксесуари для електроніки,Енергія,Пристрої захисту від перенапруги
6790,Електроніка,Аксесуари для електроніки,Енергія,Блоки управління живленням
6933,Електроніка,Аксесуари для електроніки,Енергія,Аксесуари для блоків живлення та зарядних пристроїв
7135,Електроніка,Аксесуари для електроніки,Енергія,Подорожні перетворювачі та адаптери
7166,Електроніка,Аксесуари для електроніки,Енергія,Аксесуари для батарей
3130,Електроніка,Аксесуари для електроніки,Енергія,Аксесуари для батарей,Зарядні пристрої для батарей камер
6817,Електроніка,Аксесуари для електроніки,Енергія,Аксесуари для батарей,Контролери заряду батарей
7167,Електроніка,Аксесуари для електроніки,Енергія,Аксесуари для батарей,Зарядні пристрої для батарейок загального призначення
8243,Електроніка,Аксесуари для електроніки,Енергія,Аксесуари для батарей,Тримачі для батарей
499928,Електроніка,Аксесуари для електроніки,Енергія,Аксесуари для батарей,Тестери батарейок загального призначення
505295,Електроніка,Аксесуари для електроніки,Енергія,Блоки живлення та зарядні пристрої
279,Електроніка,Аксесуари для електроніки,Комп'ютерні аксесуари
280,Електроніка,Аксесуари для електроніки,Комп'ютерні аксесуари,Аксесуари для портативних пристроїв
4736,Електроніка,Аксесуари для електроніки,Комп'ютерні аксесуари,Аксесуари для портативних пристроїв,Аксесуари для електронних книг
4738,Електроніка,Аксесуари для електроніки,Комп'ютерні аксесуари,Аксесуари для портативних пристроїв,Аксесуари для електронних книг,Чохли для електронних книг
4737,Електроніка,Аксесуари для електроніки,Комп'ютерні аксесуари,Аксесуари для портативних пристроїв,Аксесуари для PDA
4739,Електроніка,Аксесуари для електроніки,Комп'ютерні аксесуари,Аксесуари для портативних пристроїв,Аксесуари для PDA,Чохли для PDA
300,Електроніка,Аксесуари для електроніки,Комп'ютерні аксесуари,Док-станції для ноутбуків
1993,Електроніка,Аксесуари для електроніки,Комп'ютерні аксесуари,Килимки для миші
5308,Електроніка,Аксесуари для електроніки,Комп'ютерні аксесуари,Стилуси
5489,Електроніка,Аксесуари для електроніки,Комп'ютерні аксесуари,Підставки та стенди для комп'ютера
5669,Електроніка,Аксесуари для електроніки,Комп'ютерні аксесуари,Пера та змінні стержні для стилусів
6291,Електроніка,Аксесуари для електроніки,Комп'ютерні аксесуари,Підставки для зап'ястя клавіатури та миші
6979,Електроніка,Аксесуари для електроніки,Комп'ютерні аксесуари,Підставки та платформи для клавіатури
7530,Електроніка,Аксесуари для електроніки,Комп'ютерні аксесуари,Чохли та накладки для комп'ютера
499956,Електроніка,Аксесуари для електроніки,Комп'ютерні аксесуари,Док-станції та підставки для планшетних комп'ютерів
500040,Електроніка,Аксесуари для електроніки,Комп'ютерні аксесуари,Набори комп'ютерних аксесуарів
285,Електроніка,Аксесуари для електроніки,Комп'ютерні компоненти
287,Електроніка,Аксесуари для електроніки,Комп'ютерні компоненти,Карти вводу/виводу та адаптери
286,Електроніка,Аксесуари для електроніки,Комп'ютерні компоненти,Карти вводу/виводу та адаптери,Звукові карти та адаптери
297,Електроніка,Аксесуари для електроніки,Комп'ютерні компоненти,Карти вводу/виводу та адаптери,Відеокарти та адаптери
1487,Електроніка,Аксесуари для електроніки,Комп'ютерні компоненти,Карти вводу/виводу та адаптери,Тюнерні карти та адаптери для телевізора
503755,Електроніка,Аксесуари для електроніки,Комп'ютерні компоненти,Карти вводу/виводу та адаптери,Розширювальні карти
505299,Електроніка,Аксесуари для електроніки,Комп'ютерні компоненти,Карти вводу/виводу та адаптери,Комп'ютерні картки інтерфейсу та адаптери
291,Електроніка,Аксесуари для електроніки,Комп'ютерні компоненти,Блоки живлення для комп'ютера
292,Електроніка,Аксесуари для електроніки,Комп'ютерні компоненти,Комп'ютерні процесори
293,Електроніка,Аксесуари для електроніки,Комп'ютерні компоненти,Комп'ютерні стійки та кріплення
294,Електроніка,Аксесуари для електроніки,Комп'ютерні компоненти,Стартові набори для комп'ютера
295,Електроніка,Аксесуари для електроніки,Комп'ютерні компоненти,Деталі системи охолодження комп'ютера
296,Електроніка,Аксесуари для електроніки,Комп'ютерні компоненти,Корпуси для настільних комп'ютерів та серверів
311,Електроніка,Аксесуари для електроніки,Комп'ютерні компоненти,USB та FireWire хаби
1928,Електроніка,Аксесуари для електроніки,Комп'ютерні компоненти,Введення даних
139,Електроніка,Аксесуари для електроніки,Комп'ютерні компоненти,Введення даних,Сканери штрих-кодів
301,Електроніка,Аксесуари для електроніки,Комп'ютерні компоненти,Введення даних,Ігрові контролери
543588,Електроніка,Аксесуари для електроніки,Комп'ютерні компоненти,Введення даних,Ігрові контролери,Джойстики
543589,Електроніка,Аксесуари для електроніки,Комп'ютерні компоненти,Введення даних,Ігрові контролери,Ігрові пади
543590,Електроніка,Аксесуари для електроніки,Комп'ютерні компоненти,Введення даних,Ігрові контролери,Ігрові пульти
543591,Електроніка,Аксесуари для електроніки,Комп'ютерні компоненти,Введення даних,Ігрові контролери,Ігрові керма
543593,Електроніка,Аксесуари для електроніки,Комп'ютерні компоненти,Введення даних,Ігрові контролери,Геймпади для музичних інструментів
302,Електроніка,Аксесуари для електроніки,Комп'ютерні компоненти,Введення даних,Графічні планшети
303,Електроніка,Аксесуари для електроніки,Комп'ютерні компоненти,Введення даних,Клавіатури
304,Електроніка,Аксесуари для електроніки,Комп'ютерні компоненти,Введення даних,Миші та трекболи
308,Електроніка,Аксесуари для електроніки,Комп'ютерні компоненти,Введення даних,Тачпади
1562,Електроніка,Аксесуари для електроніки,Комп'ютерні компоненти,Введення даних,KVM перемикачі
3580,Електроніка,Аксесуари для електроніки,Комп'ютерні компоненти,Введення даних,Картрідери
4512,Електроніка,Аксесуари для електроніки,Комп'ютерні компоненти,Введення даних,Цифрові клавіатури
5309,Електроніка,Аксесуари для електроніки,Комп'ютерні компоненти,Введення даних,Цифрові ручки для ведення нотаток
5366,Електроніка,Аксесуари для електроніки,Комп'ютерні компоненти,Введення даних,Сканери відбитків пальців
499950,Електроніка,Аксесуари для електроніки,Комп'ютерні компоненти,Введення даних,Пристрої введення з керуванням жестами
505801,Електроніка,Аксесуари для електроніки,Комп'ютерні компоненти,Введення даних,Електронні картрідери
2414,Електроніка,Аксесуари для електроніки,Комп'ютерні компоненти,Пристрої для зберігання
377,Електроніка,Аксесуари для електроніки,Комп'ютерні компоненти,Пристрої для зберігання,Оптичні дисководи
380,Електроніка,Аксесуари для електроніки,Комп'ютерні компоненти,Пристрої для зберігання,Жорсткі диски
385,Електроніка,Аксесуари для електроніки,Комп'ютерні компоненти,Пристрої для зберігання,Стрічкові накопичувачі
1301,Електроніка,Аксесуари для електроніки,Комп'ютерні компоненти,Пристрої для зберігання,Дисководи для дискет
1623,Електроніка,Аксесуари для електроніки,Комп'ютерні компоненти,Пристрої для зберігання,Аксесуари для жорстких дисків
381,Електроніка,Аксесуари для електроніки,Комп'ютерні компоненти,Пристрої для зберігання,Аксесуари для жорстких дисків,Сумки для транспортування жорстких дисків
4417,Електроніка,Аксесуари для електроніки,Комп'ютерні компоненти,Пристрої для зберігання,Аксесуари для жорстких дисків,Док-станції для жорстких дисків
505767,Електроніка,Аксесуари для електроніки,Комп'ютерні компоненти,Пристрої для зберігання,Аксесуари для жорстких дисків,Корпуси та кріплення для жорстких дисків
3712,Електроніка,Аксесуари для електроніки,Комп'ютерні компоненти,Пристрої для зберігання,USB флеш-накопичувачі
5268,Електроніка,Аксесуари для електроніки,Комп'ютерні компоненти,Пристрої для зберігання,Дублювачі дисків
376,Електроніка,Аксесуари для електроніки,Комп'ютерні компоненти,Пристрої для зберігання,Дублювачі дисків,Дублікатори CD/DVD
5112,Електроніка,Аксесуари для електроніки,Комп'ютерні компоненти,Пристрої для зберігання,Дублювачі дисків,Дублювачі USB-накопичувачів
5271,Електроніка,Аксесуари для електроніки,Комп'ютерні компоненти,Пристрої для зберігання,Дублювачі дисків,Дублювачі жорстких дисків
5269,Електроніка,Аксесуари для електроніки,Комп'ютерні компоненти,Пристрої для зберігання,Системи мережевого зберігання
5272,Електроніка,Аксесуари для електроніки,Комп'ютерні компоненти,Пристрої для зберігання,Масиви жорстких дисків
4224,Електроніка,Аксесуари для електроніки,Комп'ютерні компоненти,Запчастини для ноутбуків
4102,Електроніка,Аксесуари для електроніки,Комп'ютерні компоненти,Запчастини для ноутбуків,Замінні екрани для ноутбуків
4270,Електроніка,Аксесуари для електроніки,Комп'ютерні компоненти,Запчастини для ноутбуків,Корпуси та обрамлення для ноутбуків
4301,Електроніка,Аксесуари для електроніки,Комп'ютерні компоненти,Запчастини для ноутбуків,Замінні клавіатури для ноутбуків
6416,Електроніка,Аксесуари для електроніки,Комп'ютерні компоненти,Запчастини для ноутбуків,Петлі для ноутбуків
7501,Електроніка,Аксесуари для електроніки,Комп'ютерні компоненти,Запчастини для ноутбуків,Замінні кабелі для ноутбуків
8160,Електроніка,Аксесуари для електроніки,Комп'ютерні компоненти,Запчастини для ноутбуків,Діджитайзери для екранів ноутбуків
43617,Електроніка,Аксесуари для електроніки,Комп'ютерні компоненти,Запчастини для ноутбуків,Замінні динаміки для ноутбуків
6475,Електроніка,Аксесуари для електроніки,Комп'ютерні компоненти,Аксесуари для введення даних
6476,Електроніка,Аксесуари для електроніки,Комп'ютерні компоненти,Аксесуари для введення даних,Стенди для сканерів штрих-кодів
8008,Електроніка,Аксесуари для електроніки,Комп'ютерні компоненти,Аксесуари для введення даних,Аксесуари для ігрових контролерів
500052,Електроніка,Аксесуари для електроніки,Комп'ютерні компоненти,Аксесуари для введення даних,Аксесуари для миші та трекболу
503003,Електроніка,Аксесуари для електроніки,Комп'ютерні компоненти,Аксесуари для введення даних,Клавіші та ковпачки клавіатури
6932,Електроніка,Аксесуари для електроніки,Комп'ютерні компоненти,Корпуси для серверів Blade
7349,Електроніка,Аксесуари для електроніки,Комп'ютерні компоненти,Запчастини для планшетних комп'ютерів
45262,Електроніка,Аксесуари для електроніки,Комп'ютерні компоненти,Запчастини для планшетних комп'ютерів,Замінні динаміки для планшетних комп'ютерів
500013,Електроніка,Аксесуари для електроніки,Комп'ютерні компоненти,Запчастини для планшетних комп'ютерів,Екрани та діджитайзери для планшетних комп'ютерів
503002,Електроніка,Аксесуари для електроніки,Комп'ютерні компоненти,Запчастини для планшетних комп'ютерів,Корпуси та обрамлення для планшетних комп'ютерів
8158,Електроніка,Аксесуари для електроніки,Комп'ютерні компоненти,Задні панелі комп'ютера та щити вводу/виводу
8162,Електроніка,Аксесуари для електроніки,Комп'ютерні компоненти,Запчастини для електронних книг
8163,Електроніка,Аксесуари для електроніки,Комп'ютерні компоненти,Запчастини для електронних книг,Екрани та дигітайзери для електронних книг
288,Електроніка,Аксесуари для електроніки,Пам'ять
384,Електроніка,Аксесуари для електроніки,Пам'ять,Флеш-пам'ять
3387,Електроніка,Аксесуари для електроніки,Пам'ять,Флеш-пам'ять,Карти флеш-пам'яті
1665,Електроніка,Аксесуари для електроніки,Пам'ять,Кеш-пам'ять
1733,Електроніка,Аксесуари для електроніки,Пам'ять,ОЗУ (оперативна пам'ять)
1767,Електроніка,Аксесуари для електроніки,Пам'ять,Відеопам'ять
2130,Електроніка,Аксесуари для електроніки,Пам'ять,ПЗУ (постійна пам'ять)
341,Електроніка,Аксесуари для електроніки,Пульти дистанційного керування
367,Електроніка,Аксесуари для електроніки,Порожні носії
1718,Електроніка,Аксесуари для електроніки,Антени
3328,Електроніка,Аксесуари для електроніки,Організація кабелів
3764,Електроніка,Аксесуари для електроніки,Організація кабелів,Кліпси для кабелів
4016,Електроніка,Аксесуари для електроніки,Організація кабелів,Стяжки для дроту та кабелю
5273,Електроніка,Аксесуари для електроніки,Організація кабелів,Патч-панелі
6402,Електроніка,Аксесуари для електроніки,Організація кабелів,Траси для кабелів
6780,Електроніка,Аксесуари для електроніки,Організація кабелів,Оплетки для дроту та кабелю
499686,Електроніка,Аксесуари для електроніки,Організація кабелів,Маркери для ідентифікації дроту та кабелю
500036,Електроніка,Аксесуари для електроніки,Організація кабелів,Пістолети для кріплення кабелів
3422,Електроніка,Аксесуари для електроніки,Аксесуари для пам'яті
3672,Електроніка,Аксесуари для електроніки,Аксесуари для пам'яті,Корпуси для пам'яті
4617,Електроніка,Аксесуари для електроніки,Засоби для чищення електроніки
5466,Електроніка,Аксесуари для електроніки,Плівки та захисні екрани для електроніки
5467,Електроніка,Аксесуари для електроніки,Плівки та захисні екрани для електроніки,Фільтри конфіденційності
5468,Електроніка,Аксесуари для електроніки,Плівки та захисні екрани для електроніки,Захисні плівки для екрану
5469,Електроніка,Аксесуари для електроніки,Плівки та захисні екрани для електроніки,Захисні покривала для клавіатури
5523,Електроніка,Аксесуари для електроніки,Плівки та захисні екрани для електроніки,Наклейки та декали для електроніки
5473,Електроніка,Аксесуари для електроніки,Підсилювачі сигналу
5476,Електроніка,Аксесуари для електроніки,Аксесуари для антен
5477,Електроніка,Аксесуари для електроніки,Аксесуари для антен,Кріплення та дужки для антен
5478,Електроніка,Аксесуари для електроніки,Аксесуари для антен,Ротатори антен
6016,Електроніка,Аксесуари для електроніки,Аксесуари для антен,Супутникові LNB
5695,Електроніка,Аксесуари для електроніки,Пристрої для глушіння сигналу
5589,Електроніка,Аксесуари для електроніки,Пристрої для глушіння сигналу,Пристрої для глушіння радарів
5612,Електроніка,Аксесуари для електроніки,Пристрої для глушіння сигналу,Пристрої для перешкоджання GPS
5696,Електроніка,Аксесуари для електроніки,Пристрої для глушіння сигналу,Пристрої для глушення сигналу мобільних телефонів
8156,Електроніка,Аксесуари для електроніки,Розподільники та перемикачі для аудіо- та відеосигналів
8164,Електроніка,Аксесуари для електроніки,Розподільники та перемикачі для аудіо- та відеосигналів,Розгалужувачі та перемикачі HDMI
499944,Електроніка,Аксесуари для електроніки,Розподільники та перемикачі для аудіо- та відеосигналів,Розподільники та перемикачі DVI
499945,Електроніка,Аксесуари для електроніки,Розподільники та перемикачі для аудіо- та відеосигналів,VGA розгалужувачі та перемикачі
499878,Електроніка,Аксесуари для електроніки,Триноги та моноподи для мобільних телефонів та планшетів
3356,Електроніка,Обладнання для аркад
3117,Електроніка,Обладнання для аркад,Шафи для ігрових автоматів
3140,Електроніка,Обладнання для аркад,Автомати пінбол
3676,Електроніка,Обладнання для аркад,Аксесуари для ігрових автоматів
3681,Електроніка,Обладнання для аркад,Машини для гри в Скі-Бол
3946,Електроніка,Обладнання для аркад,Аксесуари для автоматів пінбол
8085,Електроніка,Обладнання для аркад,Аркадні ігри з баскетболом
3702,Електроніка,Плати побутових пристроїв та компоненти
3635,Електроніка,Плати побутових пристроїв та компоненти,Пасивні компоненти електричних кіл
3121,Електроніка,Плати побутових пристроїв та компоненти,Пасивні компоненти електричних кіл,Індуктори
3220,Електроніка,Плати побутових пристроїв та компоненти,Пасивні компоненти електричних кіл,Конденсатори
3424,Електроніка,Плати побутових пристроїв та компоненти,Пасивні компоненти електричних кіл,Резистори
7260,Електроніка,Плати побутових пристроїв та компоненти,Пасивні компоненти електричних кіл,Електронні генератори
3889,Електроніка,Плати побутових пристроїв та компоненти,Прототипування побутових пристроїв
4010,Електроніка,Плати побутових пристроїв та компоненти,Прототипування побутових пристроїв,Макетні дошки
3991,Електроніка,Плати побутових пристроїв та компоненти,Півпровідники
3094,Електроніка,Плати побутових пристроїв та компоненти,Півпровідники,Транзистори
3632,Електроніка,Плати побутових пристроїв та компоненти,Півпровідники,Діоди
3949,Електроніка,Плати побутових пристроїв та компоненти,Півпровідники,Мікроконтролери
7257,Електроніка,Плати побутових пристроїв та компоненти,Півпровідники,Інтегральні схеми та мікросхеми
7258,Електроніка,Плати побутових пристроїв та компоненти,Електронні фільтри
7259,Електроніка,Плати побутових пристроїв та компоненти,Декодери та енкодери цепів
7264,Електроніка,Плати побутових пристроїв та компоненти,Друковані плати
3416,Електроніка,Плати побутових пристроїв та компоненти,Друковані плати,Розробницькі плати
8516,Електроніка,Плати побутових пристроїв та компоненти,Друковані плати,Телевізійні плати
8544,Електроніка,Плати побутових пристроїв та компоненти,Друковані плати,"Друковані плати для принтера, копірки та факсу"
8545,Електроніка,Плати побутових пристроїв та компоненти,Друковані плати,Плати електроніки побутових приладів
8549,Електроніка,Плати побутових пристроїв та компоненти,Друковані плати,Плати управління для басейну та спа
298419,Електроніка,Плати побутових пристроїв та компоненти,Друковані плати,Плати камер
499675,Електроніка,Плати побутових пристроїв та компоненти,Друковані плати,Плати сканерів
499889,Електроніка,Плати побутових пристроїв та компоненти,Друковані плати,Плати управління для тренажерів
499898,Електроніка,Плати побутових пристроїв та компоненти,Друковані плати,Комп'ютерні плати
289,Електроніка,Плати побутових пристроїв та компоненти,Друковані плати,Комп'ютерні плати,Материнські плати
8546,Електроніка,Плати побутових пристроїв та компоненти,Друковані плати,Комп'ютерні плати,Плати жорстких дисків
499899,Електроніка,Плати побутових пристроїв та компоненти,Друковані плати,Комп'ютерні плати,Комп'ютерні інверторні плати
500027,Електроніка,Плати побутових пристроїв та компоненти,Аксесуари для плати побутових пристроїв
3895,Електроніка,Аксесуари для GPS
3213,Електроніка,Аксесуари для GPS,Кріплення для GPS
3781,Електроніка,Аксесуари для GPS,Чохли для GPS
4488,Електроніка,Пристрої для збору плати за проїзд
6544,Електроніка,GPS-трекери
500091,Електроніка,Радари швидкості
412,"Їжа, напої та тютюнові вироби"
413,"Їжа, напої та тютюнові вироби",Напої
415,"Їжа, напої та тютюнові вироби",Напої,Гарячий шоколад
418,"Їжа, напої та тютюнові вироби",Напої,Молоко
420,"Їжа, напої та тютюнові вироби",Напої,Вода
543530,"Їжа, напої та тютюнові вироби",Напої,Вода,Дистильована вода
543531,"Їжа, напої та тютюнові вироби",Напої,Вода,Газована вода
543534,"Їжа, напої та тютюнові вироби",Напої,Вода,Газована вода,Газована вода зі смаком
543535,"Їжа, напої та тютюнові вироби",Напої,Вода,Газована вода,Несмакована газована вода
543532,"Їжа, напої та тютюнові вироби",Напої,Вода,Джерельна вода
543533,"Їжа, напої та тютюнові вироби",Напої,Вода,Негазована мінеральна вода
1868,"Їжа, напої та тютюнові вироби",Напої,Кава
2073,"Їжа, напої та тютюнові вироби",Напої,Чай та настої
2628,"Їжа, напої та тютюнові вироби",Напої,Содова вода
2887,"Їжа, напої та тютюнові вироби",Напої,Сік
5723,"Їжа, напої та тютюнові вироби",Напої,Спортивні та енергетичні напої
5724,"Їжа, напої та тютюнові вироби",Напої,Рослинне молоко
6797,"Їжа, напої та тютюнові вироби",Напої,Простокваша
6848,"Їжа, напої та тютюнові вироби",Напої,Порошкові суміші для напоїв
7528,"Їжа, напої та тютюнові вироби",Напої,Напої з оцетом
8030,"Їжа, напої та тютюнові вироби",Напої,Гоголь-моголь
8036,"Їжа, напої та тютюнові вироби",Напої,Фруктові напої
499676,"Їжа, напої та тютюнові вироби",Напої,Алкогольні напої
414,"Їжа, напої та тютюнові вироби",Напої,Алкогольні напої,Пиво
417,"Їжа, напої та тютюнові вироби",Напої,Алкогольні напої,Алкогольні напої та спирт
1671,"Їжа, напої та тютюнові вироби",Напої,Алкогольні напої,Алкогольні напої та спирт,Джин
1926,"Їжа, напої та тютюнові вироби",Напої,Алкогольні напої,Алкогольні напої та спирт,Віскі
2107,"Їжа, напої та тютюнові вироби",Напої,Алкогольні напої,Алкогольні напої та спирт,Водка
2220,"Їжа, напої та тютюнові вироби",Напої,Алкогольні напої,Алкогольні напої та спирт,Текіла
2364,"Їжа, напої та тютюнові вироби",Напої,Алкогольні напої,Алкогольні напої та спирт,Бренді
2605,"Їжа, напої та тютюнові вироби",Напої,Алкогольні напої,Алкогольні напої та спирт,Ром
2933,"Їжа, напої та тютюнові вироби",Напої,Алкогольні напої,Алкогольні напої та спирт,Лікери
502976,"Їжа, напої та тютюнові вироби",Напої,Алкогольні напої,Алкогольні напої та спирт,Шочу та Соджу
543642,"Їжа, напої та тютюнові вироби",Напої,Алкогольні напої,Алкогольні напої та спирт,Шочу та Соджу,Шочу
543643,"Їжа, напої та тютюнові вироби",Напої,Алкогольні напої,Алкогольні напої та спирт,Шочу та Соджу,Соджу
505761,"Їжа, напої та тютюнові вироби",Напої,Алкогольні напої,Алкогольні напої та спирт,Абсент
421,"Їжа, напої та тютюнові вироби",Напої,Алкогольні напої,Вино
5725,"Їжа, напої та тютюнові вироби",Напої,Алкогольні напої,Коктейльні мікси
543536,"Їжа, напої та тютюнові вироби",Напої,Алкогольні напої,Коктейльні мікси,Коктейльні мікси для зберігання на полиці
543537,"Їжа, напої та тютюнові вироби",Напої,Алкогольні напої,Коктейльні мікси,Заморожені коктейльні мікси
5887,"Їжа, напої та тютюнові вироби",Напої,Алкогольні напої,Алкогольні напої зі смаком
6761,"Їжа, напої та тютюнові вироби",Напої,Алкогольні напої,Сухий сидр
7486,"Їжа, напої та тютюнові вироби",Напої,Алкогольні напої,Біттери
422,"Їжа, напої та тютюнові вироби",Продукти харчування
136,"Їжа, напої та тютюнові вироби",Продукти харчування,Подарункові кошики з продуктами
423,"Їжа, напої та тютюнові вироби",Продукти харчування,Продукти для перекусу
1445,"Їжа, напої та тютюнові вироби",Продукти харчування,Продукти для перекусу,Крекери
1534,"Їжа, напої та тютюнові вироби",Продукти харчування,Продукти для перекусу,Попкорн
2392,"Їжа, напої та тютюнові вироби",Продукти харчування,Продукти для перекусу,Чіпси
2432,"Їжа, напої та тютюнові вироби",Продукти харчування,Продукти для перекусу,Повітряні рисові коржики
3284,"Їжа, напої та тютюнові вироби",Продукти харчування,Продукти для перекусу,Сушена м'ясна закуска
3446,"Їжа, напої та тютюнові вироби",Продукти харчування,Продукти для перекусу,Прецелі
5743,"Їжа, напої та тютюнові вироби",Продукти харчування,Продукти для перекусу,Пудинги та желейні снеки
5744,"Їжа, напої та тютюнові вироби",Продукти харчування,Продукти для перекусу,Фруктові снеки
5745,"Їжа, напої та тютюнові вироби",Продукти харчування,Продукти для перекусу,Мікси для трекінгу та перекусів
5746,"Їжа, напої та тютюнові вироби",Продукти харчування,Продукти для перекусу,Сухарики
5747,"Їжа, напої та тютюнові вироби",Продукти харчування,Продукти для перекусу,Злакові та гранольові батончики
543651,"Їжа, напої та тютюнові вироби",Продукти харчування,Продукти для перекусу,Злакові та гранольові батончики,Злакові батончики
543652,"Їжа, напої та тютюнові вироби",Продукти харчування,Продукти для перекусу,Злакові та гранольові батончики,Батончики граноли
6192,"Їжа, напої та тютюнові вироби",Продукти харчування,Продукти для перекусу,Сирні пухирчики
6194,"Їжа, напої та тютюнові вироби",Продукти харчування,Продукти для перекусу,Свинячі шкірки
6785,"Їжа, напої та тютюнові вироби",Продукти харчування,Продукти для перекусу,Печиво для перекусу
6847,"Їжа, напої та тютюнові вироби",Продукти харчування,Продукти для перекусу,Додатки до салатів
7159,"Їжа, напої та тютюнові вироби",Продукти харчування,Продукти для перекусу,Грісіні
7327,"Їжа, напої та тютюнові вироби",Продукти харчування,Продукти для перекусу,Рисові кекси
7427,"Їжа, напої та тютюнові вироби",Продукти харчування,Продукти для перекусу,Палички з кунжутом
427,"Їжа, напої та тютюнові вироби",Продукти харчування,Приправи та соуси
1387,"Їжа, напої та тютюнові вироби",Продукти харчування,Приправи та соуси,Гірчиця
1568,"Їжа, напої та тютюнові вироби",Продукти харчування,Приправи та соуси,Майонез
1969,"Їжа, напої та тютюнові вироби",Продукти харчування,Приправи та соуси,Заправка для салату
2018,"Їжа, напої та тютюнові вироби",Продукти харчування,Приправи та соуси,Кетчуп
4614,"Їжа, напої та тютюнові вироби",Продукти харчування,Приправи та соуси,Гострий соус
4615,"Їжа, напої та тютюнові вироби",Продукти харчування,Приправи та соуси,Соус Сате
4616,"Їжа, напої та тютюнові вироби",Продукти харчування,Приправи та соуси,Соєвий соус
4692,"Їжа, напої та тютюнові вироби",Продукти харчування,Приправи та соуси,Тахіні
4943,"Їжа, напої та тютюнові вироби",Продукти харчування,Приправи та соуси,Сироп
4947,"Їжа, напої та тютюнові вироби",Продукти харчування,Приправи та соуси,Мед
5759,"Їжа, напої та тютюнові вироби",Продукти харчування,Приправи та соуси,Соус для пасти
5760,"Їжа, напої та тютюнові вироби",Продукти харчування,Приправи та соуси,Оливки та каперси
5762,"Їжа, напої та тютюнові вироби",Продукти харчування,Приправи та соуси,Соуси
5763,"Їжа, напої та тютюнові вироби",Продукти харчування,Приправи та соуси,Рибний соус
6203,"Їжа, напої та тютюнові вироби",Продукти харчування,Приправи та соуси,Соус для піци
6246,"Їжа, напої та тютюнові вироби",Продукти харчування,Приправи та соуси,Соус Вустерширський
6772,"Їжа, напої та тютюнові вироби",Продукти харчування,Приправи та соуси,Соус для коктейлів
6782,"Їжа, напої та тютюнові вироби",Продукти харчування,Приправи та соуси,Соус з хрону
6783,"Їжа, напої та тютюнові вироби",Продукти харчування,Приправи та соуси,Соус тартар
6845,"Їжа, напої та тютюнові вироби",Продукти харчування,Приправи та соуси,Прикраси для десертів
6844,"Їжа, напої та тютюнові вироби",Продукти харчування,Приправи та соуси,Прикраси для десертів,Сироп для морозива
6854,"Їжа, напої та тютюнові вироби",Продукти харчування,Приправи та соуси,Прикраси для десертів,Фруктові топінги
6905,"Їжа, напої та тютюнові вироби",Продукти харчування,Приправи та соуси,Соус каррі
500074,"Їжа, напої та тютюнові вироби",Продукти харчування,Приправи та соуси,Маринади та соуси для грилю
500075,"Їжа, напої та тютюнові вироби",Продукти харчування,Приправи та соуси,Реліш та чатні
500076,"Їжа, напої та тютюнові вироби",Продукти харчування,Приправи та соуси,Консервовані фрукти та овочі
500089,"Їжа, напої та тютюнові вироби",Продукти харчування,Приправи та соуси,Солодко-кислі соуси
500105,"Їжа, напої та тютюнові вироби",Продукти харчування,Приправи та соуси,Білі та вершкові соуси
428,"Їжа, напої та тютюнові вироби",Продукти харчування,Молочні продукти
429,"Їжа, напої та тютюнові вироби",Продукти харчування,Молочні продукти,Сир
1855,"Їжа, напої та тютюнові вироби",Продукти харчування,Молочні продукти,Сирок
1954,"Їжа, напої та тютюнові вироби",Продукти харчування,Молочні продукти,Йогурт
4418,"Їжа, напої та тютюнові вироби",Продукти харчування,Молочні продукти,Кавовий кремер
5786,"Їжа, напої та тютюнові вироби",Продукти харчування,Молочні продукти,Крем
5787,"Їжа, напої та тютюнові вироби",Продукти харчування,Молочні продукти,Кисле молоко
5827,"Їжа, напої та тютюнові вироби",Продукти харчування,Молочні продукти,Масло та маргарин
6821,"Їжа, напої та тютюнові вироби",Продукти харчування,Молочні продукти,Збиті вершки
430,"Їжа, напої та тютюнові вироби",Продукти харчування,Фрукти та овочі
1755,"Їжа, напої та тютюнові вироби",Продукти харчування,Фрукти та овочі,Сушені фрукти
5793,"Їжа, напої та тютюнові вироби",Продукти харчування,Фрукти та овочі,Свіжі та заморожені овочі
6568,"Їжа, напої та тютюнові вироби",Продукти харчування,Фрукти та овочі,Свіжі та заморожені овочі,Спаржа
6570,"Їжа, напої та тютюнові вироби",Продукти харчування,Фрукти та овочі,Свіжі та заморожені овочі,Артишоки
6577,"Їжа, напої та тютюнові вироби",Продукти харчування,Фрукти та овочі,Свіжі та заморожені овочі,Боб
6580,"Їжа, напої та тютюнові вироби",Продукти харчування,Фрукти та овочі,Свіжі та заморожені овочі,Буряки
6585,"Їжа, напої та тютюнові вироби",Продукти харчування,Фрукти та овочі,Свіжі та заморожені овочі,Батат
6586,"Їжа, напої та тютюнові вироби",Продукти харчування,Фрукти та овочі,Свіжі та заморожені овочі,Картопля
6587,"Їжа, напої та тютюнові вироби",Продукти харчування,Фрукти та овочі,Свіжі та заморожені овочі,Буряк
6590,"Їжа, напої та тютюнові вироби",Продукти харчування,Фрукти та овочі,Свіжі та заморожені овочі,Брюссельська капуста
6591,"Їжа, напої та тютюнові вироби",Продукти харчування,Фрукти та овочі,Свіжі та заморожені овочі,Броколі
6592,"Їжа, напої та тютюнові вироби",Продукти харчування,Фрукти та овочі,Свіжі та заморожені овочі,Капуста
6595,"Їжа, напої та тютюнові вироби",Продукти харчування,Фрукти та овочі,Свіжі та заморожені овочі,Морква
6596,"Їжа, напої та тютюнові вироби",Продукти харчування,Фрукти та овочі,Свіжі та заморожені овочі,Кардон (рослина)
6598,"Їжа, напої та тютюнові вироби",Продукти харчування,Фрукти та овочі,Свіжі та заморожені овочі,Корені селери
6599,"Їжа, напої та тютюнові вироби",Продукти харчування,Фрукти та овочі,Свіжі та заморожені овочі,Селера
6600,"Їжа, напої та тютюнові вироби",Продукти харчування,Фрукти та овочі,Свіжі та заморожені овочі,Цвітна капуста
6608,"Їжа, напої та тютюнові вироби",Продукти харчування,Фрукти та овочі,Свіжі та заморожені овочі,Огірки
6609,"Їжа, напої та тютюнові вироби",Продукти харчування,Фрукти та овочі,Свіжі та заморожені овочі,Кукурудза
6613,"Їжа, напої та тютюнові вироби",Продукти харчування,Фрукти та овочі,Свіжі та заморожені овочі,Баклажани
6615,"Їжа, напої та тютюнові вироби",Продукти харчування,Фрукти та овочі,Свіжі та заморожені овочі,"Папороть ""солов'їний гніздечко"""
6616,"Їжа, напої та тютюнові вироби",Продукти харчування,Фрукти та овочі,Свіжі та заморожені овочі,Гай Чой
6617,"Їжа, напої та тютюнові вироби",Продукти харчування,Фрукти та овочі,Свіжі та заморожені овочі,Гай Лан
6618,"Їжа, напої та тютюнові вироби",Продукти харчування,Фрукти та овочі,Свіжі та заморожені овочі,Корінь гобо
6619,"Їжа, напої та тютюнові вироби",Продукти харчування,Фрукти та овочі,Свіжі та заморожені овочі,Корінь імбиру
6620,"Їжа, напої та тютюнові вироби",Продукти харчування,Фрукти та овочі,Свіжі та заморожені овочі,Часник
6622,"Їжа, напої та тютюнові вироби",Продукти харчування,Фрукти та овочі,Свіжі та заморожені овочі,Зелень
5792,"Їжа, напої та тютюнові вироби",Продукти харчування,Фрукти та овочі,Свіжі та заморожені овочі,Зелень,Суміші для салатів
6569,"Їжа, напої та тютюнові вироби",Продукти харчування,Фрукти та овочі,Свіжі та заморожені овочі,Зелень,Рукола
6581,"Їжа, напої та тютюнові вироби",Продукти харчування,Фрукти та овочі,Свіжі та заморожені овочі,Зелень,Листя буряка
6584,"Їжа, напої та тютюнові вироби",Продукти харчування,Фрукти та овочі,Свіжі та заморожені овочі,Зелень,Бок Чой
6597,"Їжа, напої та тютюнові вироби",Продукти харчування,Фрукти та овочі,Свіжі та заморожені овочі,Зелень,Мангольд
6610,"Їжа, напої та тютюнові вироби",Продукти харчування,Фрукти та овочі,Свіжі та заморожені овочі,Зелень,Чой сум (вид китайської капусти)
6629,"Їжа, напої та тютюнові вироби",Продукти харчування,Фрукти та овочі,Свіжі та заморожені овочі,Зелень,Капуста кале
6637,"Їжа, напої та тютюнові вироби",Продукти харчування,Фрукти та овочі,Свіжі та заморожені овочі,Зелень,Салат
6656,"Їжа, напої та тютюнові вироби",Продукти харчування,Фрукти та овочі,Свіжі та заморожені овочі,Зелень,Водяний шпинат
6695,"Їжа, напої та тютюнові вироби",Продукти харчування,Фрукти та овочі,Свіжі та заморожені овочі,Зелень,Шпинат
6706,"Їжа, напої та тютюнові вироби",Продукти харчування,Фрукти та овочі,Свіжі та заморожені овочі,Зелень,Юй Чой
6717,"Їжа, напої та тютюнові вироби",Продукти харчування,Фрукти та овочі,Свіжі та заморожені овочі,Зелень,Цикорій
6627,"Їжа, напої та тютюнові вироби",Продукти харчування,Фрукти та овочі,Свіжі та заморожені овочі,Порей
6628,"Їжа, напої та тютюнові вироби",Продукти харчування,Фрукти та овочі,Свіжі та заморожені овочі,Кольрабі
6630,"Їжа, напої та тютюнові вироби",Продукти харчування,Фрукти та овочі,Свіжі та заморожені овочі,Ямс білий
6631,"Їжа, напої та тютюнові вироби",Продукти харчування,Фрукти та овочі,Свіжі та заморожені овочі,Корінь хрону
6643,"Їжа, напої та тютюнові вироби",Продукти харчування,Фрукти та овочі,Свіжі та заморожені овочі,Маланги
6644,"Їжа, напої та тютюнові вироби",Продукти харчування,Фрукти та овочі,Свіжі та заморожені овочі,Корені лотосу
6653,"Їжа, напої та тютюнові вироби",Продукти харчування,Фрукти та овочі,Свіжі та заморожені овочі,Гриби
6655,"Їжа, напої та тютюнові вироби",Продукти харчування,Фрукти та овочі,Свіжі та заморожені овочі,Цибуля
6657,"Їжа, напої та тютюнові вироби",Продукти харчування,Фрукти та овочі,Свіжі та заморожені овочі,Окра (або бамія)
6663,"Їжа, напої та тютюнові вироби",Продукти харчування,Фрукти та овочі,Свіжі та заморожені овочі,Пастернак
6664,"Їжа, напої та тютюнові вироби",Продукти харчування,Фрукти та овочі,Свіжі та заморожені овочі,Коріння петрушки
6668,"Їжа, напої та тютюнові вироби",Продукти харчування,Фрукти та овочі,Свіжі та заморожені овочі,Перці
6669,"Їжа, напої та тютюнові вироби",Продукти харчування,Фрукти та овочі,Свіжі та заморожені овочі,Горох
6681,"Їжа, напої та тютюнові вироби",Продукти харчування,Фрукти та овочі,Свіжі та заморожені овочі,Ревінь
6682,"Їжа, напої та тютюнові вироби",Продукти харчування,Фрукти та овочі,Свіжі та заморожені овочі,Редька
6692,"Їжа, напої та тютюнові вироби",Продукти харчування,Фрукти та овочі,Свіжі та заморожені овочі,Тамарілло
6693,"Їжа, напої та тютюнові вироби",Продукти харчування,Фрукти та овочі,Свіжі та заморожені овочі,Топінамбури
6694,"Їжа, напої та тютюнові вироби",Продукти харчування,Фрукти та овочі,Свіжі та заморожені овочі,Цукровий тростинник
6700,"Їжа, напої та тютюнові вироби",Продукти харчування,Фрукти та овочі,Свіжі та заморожені овочі,Водяний крес
6701,"Їжа, напої та тютюнові вироби",Продукти харчування,Фрукти та овочі,Свіжі та заморожені овочі,Водяні каштани
6703,"Їжа, напої та тютюнові вироби",Продукти харчування,Фрукти та овочі,Свіжі та заморожені овочі,Помідори
6704,"Їжа, напої та тютюнові вироби",Продукти харчування,Фрукти та овочі,Свіжі та заморожені овочі,Корінь таро
6705,"Їжа, напої та тютюнові вироби",Продукти харчування,Фрукти та овочі,Свіжі та заморожені овочі,Корінь Юка
6716,"Їжа, напої та тютюнові вироби",Продукти харчування,Фрукти та овочі,Свіжі та заморожені овочі,Арракача
6808,"Їжа, напої та тютюнові вироби",Продукти харчування,Фрукти та овочі,Свіжі та заморожені овочі,Листя кактусів
6816,"Їжа, напої та тютюнові вироби",Продукти харчування,Фрукти та овочі,Свіжі та заморожені овочі,Цибулини фенхелю
6818,"Їжа, напої та тютюнові вироби",Продукти харчування,Фрукти та овочі,Свіжі та заморожені овочі,Шалот
7193,"Їжа, напої та тютюнові вироби",Продукти харчування,Фрукти та овочі,Свіжі та заморожені овочі,Пшенична трава
8515,"Їжа, напої та тютюнові вироби",Продукти харчування,Фрукти та овочі,Свіжі та заморожені овочі,Батати
499905,"Їжа, напої та тютюнові вироби",Продукти харчування,Фрукти та овочі,Свіжі та заморожені овочі,Овочеві суміші
503761,"Їжа, напої та тютюнові вироби",Продукти харчування,Фрукти та овочі,Свіжі та заморожені овочі,Паростки
505329,"Їжа, напої та тютюнові вироби",Продукти харчування,Фрукти та овочі,Свіжі та заморожені овочі,Ріпа та брюква
505354,"Їжа, напої та тютюнові вироби",Продукти харчування,Фрукти та овочі,Свіжі та заморожені овочі,Баштанні
5794,"Їжа, напої та тютюнові вироби",Продукти харчування,Фрукти та овочі,Фруктові соуси
5795,"Їжа, напої та тютюнові вироби",Продукти харчування,Фрукти та овочі,Свіжі та заморожені фрукти
6566,"Їжа, напої та тютюнові вироби",Продукти харчування,Фрукти та овочі,Свіжі та заморожені фрукти,Яблука
6571,"Їжа, напої та тютюнові вироби",Продукти харчування,Фрукти та овочі,Свіжі та заморожені фрукти,Атемойї
6572,"Їжа, напої та тютюнові вироби",Продукти харчування,Фрукти та овочі,Свіжі та заморожені фрукти,Авокадо
6573,"Їжа, напої та тютюнові вироби",Продукти харчування,Фрукти та овочі,Свіжі та заморожені фрукти,Бабако
6574,"Їжа, напої та тютюнові вироби",Продукти харчування,Фрукти та овочі,Свіжі та заморожені фрукти,Банани
6582,"Їжа, напої та тютюнові вироби",Продукти харчування,Фрукти та овочі,Свіжі та заморожені фрукти,Ягоди
6589,"Їжа, напої та тютюнові вироби",Продукти харчування,Фрукти та овочі,Свіжі та заморожені фрукти,Хлібне дерево
6593,"Їжа, напої та тютюнові вироби",Продукти харчування,Фрукти та овочі,Свіжі та заморожені фрукти,Плоди кактуса
6594,"Їжа, напої та тютюнові вироби",Продукти харчування,Фрукти та овочі,Свіжі та заморожені фрукти,Карамболи
6602,"Їжа, напої та тютюнові вироби",Продукти харчування,Фрукти та овочі,Свіжі та заморожені фрукти,Черімойя
6614,"Їжа, напої та тютюнові вироби",Продукти харчування,Фрукти та овочі,Свіжі та заморожені фрукти,Фейхоа
6624,"Їжа, напої та тютюнові вироби",Продукти харчування,Фрукти та овочі,Свіжі та заморожені фрукти,Домашні фрукти
6625,"Їжа, напої та тютюнові вироби",Продукти харчування,Фрукти та овочі,Свіжі та заморожені фрукти,Гуави
6626,"Їжа, напої та тютюнові вироби",Продукти харчування,Фрукти та овочі,Свіжі та заморожені фрукти,Виноград
6633,"Їжа, напої та тютюнові вироби",Продукти харчування,Фрукти та овочі,Свіжі та заморожені фрукти,Ківі
6638,"Їжа, напої та тютюнові вироби",Продукти харчування,Фрукти та овочі,Свіжі та заморожені фрукти,Лічі
6639,"Їжа, напої та тютюнові вироби",Продукти харчування,Фрукти та овочі,Свіжі та заморожені фрукти,Білійці
6640,"Їжа, напої та тютюнові вироби",Продукти харчування,Фрукти та овочі,Свіжі та заморожені фрукти,Лонган
6645,"Їжа, напої та тютюнові вироби",Продукти харчування,Фрукти та овочі,Свіжі та заморожені фрукти,Мангустини
6647,"Їжа, напої та тютюнові вироби",Продукти харчування,Фрукти та овочі,Свіжі та заморожені фрукти,Мамей
6649,"Їжа, напої та тютюнові вироби",Продукти харчування,Фрукти та овочі,Свіжі та заморожені фрукти,Дині
6661,"Їжа, напої та тютюнові вироби",Продукти харчування,Фрукти та овочі,Свіжі та заморожені фрукти,Папайї
6665,"Їжа, напої та тютюнові вироби",Продукти харчування,Фрукти та овочі,Свіжі та заморожені фрукти,Груші
6667,"Їжа, напої та тютюнові вироби",Продукти харчування,Фрукти та овочі,Свіжі та заморожені фрукти,Маракуйя
6670,"Їжа, напої та тютюнові вироби",Продукти харчування,Фрукти та овочі,Свіжі та заморожені фрукти,Ананаси
6671,"Їжа, напої та тютюнові вироби",Продукти харчування,Фрукти та овочі,Свіжі та заморожені фрукти,Фізаліс
6672,"Їжа, напої та тютюнові вироби",Продукти харчування,Фрукти та овочі,Свіжі та заморожені фрукти,Хурми
6673,"Їжа, напої та тютюнові вироби",Продукти харчування,Фрукти та овочі,Свіжі та заморожені фрукти,Гранати
6676,"Їжа, напої та тютюнові вироби",Продукти харчування,Фрукти та овочі,Свіжі та заморожені фрукти,Пітахайї
6678,"Їжа, напої та тютюнові вироби",Продукти харчування,Фрукти та овочі,Свіжі та заморожені фрукти,Рамбутани
6679,"Їжа, напої та тютюнові вироби",Продукти харчування,Фрукти та овочі,Свіжі та заморожені фрукти,Айва
6687,"Їжа, напої та тютюнові вироби",Продукти харчування,Фрукти та овочі,Свіжі та заморожені фрукти,Сапота
6688,"Їжа, напої та тютюнові вироби",Продукти харчування,Фрукти та овочі,Свіжі та заморожені фрукти,Саподілла
6691,"Їжа, напої та тютюнові вироби",Продукти харчування,Фрукти та овочі,Свіжі та заморожені фрукти,Гуанабани
6698,"Їжа, напої та тютюнові вироби",Продукти харчування,Фрукти та овочі,Свіжі та заморожені фрукти,Тамарінд
6809,"Їжа, напої та тютюнові вироби",Продукти харчування,Фрукти та овочі,Свіжі та заморожені фрукти,Кокоси
6810,"Їжа, напої та тютюнові вироби",Продукти харчування,Фрукти та овочі,Свіжі та заморожені фрукти,Фіги
6812,"Їжа, напої та тютюнові вироби",Продукти харчування,Фрукти та овочі,Свіжі та заморожені фрукти,Фініки
6813,"Їжа, напої та тютюнові вироби",Продукти харчування,Фрукти та овочі,Свіжі та заморожені фрукти,Мадроньо
6814,"Їжа, напої та тютюнові вироби",Продукти харчування,Фрукти та овочі,Свіжі та заморожені фрукти,Цукрові яблука
499906,"Їжа, напої та тютюнові вироби",Продукти харчування,Фрукти та овочі,Свіжі та заморожені фрукти,Фруктові мікси
503759,"Їжа, напої та тютюнові вироби",Продукти харчування,Фрукти та овочі,Свіжі та заморожені фрукти,Цитрусові фрукти
6621,"Їжа, напої та тютюнові вироби",Продукти харчування,Фрукти та овочі,Свіжі та заморожені фрукти,Цитрусові фрукти,Грейпфрути
6632,"Їжа, напої та тютюнові вироби",Продукти харчування,Фрукти та овочі,Свіжі та заморожені фрукти,Цитрусові фрукти,Кумквати
6636,"Їжа, напої та тютюнові вироби",Продукти харчування,Фрукти та овочі,Свіжі та заморожені фрукти,Цитрусові фрукти,Лимони
6641,"Їжа, напої та тютюнові вироби",Продукти харчування,Фрукти та овочі,Свіжі та заморожені фрукти,Цитрусові фрукти,Лаймквати
6642,"Їжа, напої та тютюнові вироби",Продукти харчування,Фрукти та овочі,Свіжі та заморожені фрукти,Цитрусові фрукти,Лайми
6658,"Їжа, напої та тютюнові вироби",Продукти харчування,Фрукти та овочі,Свіжі та заморожені фрукти,Цитрусові фрукти,Апельсини
6697,"Їжа, напої та тютюнові вироби",Продукти харчування,Фрукти та овочі,Свіжі та заморожені фрукти,Цитрусові фрукти,Танжело
503760,"Їжа, напої та тютюнові вироби",Продукти харчування,Фрукти та овочі,Свіжі та заморожені фрукти,Кісточкові фрукти
6567,"Їжа, напої та тютюнові вироби",Продукти харчування,Фрукти та овочі,Свіжі та заморожені фрукти,Кісточкові фрукти,Абрикоси
6601,"Їжа, напої та тютюнові вироби",Продукти харчування,Фрукти та овочі,Свіжі та заморожені фрукти,Кісточкові фрукти,Вишні
6646,"Їжа, напої та тютюнові вироби",Продукти харчування,Фрукти та овочі,Свіжі та заморожені фрукти,Кісточкові фрукти,Манго
6674,"Їжа, напої та тютюнові вироби",Продукти харчування,Фрукти та овочі,Свіжі та заморожені фрукти,Кісточкові фрукти,Сливи
6675,"Їжа, напої та тютюнові вироби",Продукти харчування,Фрукти та овочі,Свіжі та заморожені фрукти,Кісточкові фрукти,Сливоабрикоси
505301,"Їжа, напої та тютюнові вироби",Продукти харчування,Фрукти та овочі,Свіжі та заморожені фрукти,Кісточкові фрукти,Персики та нектарини
5796,"Їжа, напої та тютюнові вироби",Продукти харчування,Фрукти та овочі,Сухі боби
5797,"Їжа, напої та тютюнові вироби",Продукти харчування,Фрукти та овочі,Консервовані та приготовані боби
5798,"Їжа, напої та тютюнові вироби",Продукти харчування,Фрукти та овочі,Консервовані та банковані овочі
5799,"Їжа, напої та тютюнові вироби",Продукти харчування,Фрукти та овочі,Консервовані та банковані фрукти
7387,"Їжа, напої та тютюнові вироби",Продукти харчування,Фрукти та овочі,Сушені овочі
431,"Їжа, напої та тютюнові вироби",Продукти харчування,"Зернові, рис та крупи"
4682,"Їжа, напої та тютюнові вироби",Продукти харчування,"Зернові, рис та крупи",Рис
4683,"Їжа, напої та тютюнові вироби",Продукти харчування,"Зернові, рис та крупи",Амарант
4684,"Їжа, напої та тютюнові вироби",Продукти харчування,"Зернові, рис та крупи",Гречка
4686,"Їжа, напої та тютюнові вироби",Продукти харчування,"Зернові, рис та крупи",Просо
4687,"Їжа, напої та тютюнові вироби",Продукти харчування,"Зернові, рис та крупи",Ячмінь
4688,"Їжа, напої та тютюнові вироби",Продукти харчування,"Зернові, рис та крупи",Пшениця
4689,"Їжа, напої та тютюнові вироби",Продукти харчування,"Зернові, рис та крупи",Злаки та гранола
4690,"Їжа, напої та тютюнові вироби",Продукти харчування,"Зернові, рис та крупи","Вівсянка, крупа та гарячі каші"
6259,"Їжа, напої та тютюнові вироби",Продукти харчування,"Зернові, рис та крупи",Квіноа
7196,"Їжа, напої та тютюнові вироби",Продукти харчування,"Зернові, рис та крупи",Кускус
7374,"Їжа, напої та тютюнові вироби",Продукти харчування,"Зернові, рис та крупи",Жито
432,"Їжа, напої та тютюнові вироби",Продукти харчування,"М'ясо, морепродукти та яйця"
4627,"Їжа, напої та тютюнові вироби",Продукти харчування,"М'ясо, морепродукти та яйця",Яйця
543554,"Їжа, напої та тютюнові вироби",Продукти харчування,"М'ясо, морепродукти та яйця",Яйця,Білки яєць
543555,"Їжа, напої та тютюнові вироби",Продукти харчування,"М'ясо, морепродукти та яйця",Яйця,Рідке та заморожене яйце
543556,"Їжа, напої та тютюнові вироби",Продукти харчування,"М'ясо, морепродукти та яйця",Яйця,Готові яйця
543557,"Їжа, напої та тютюнові вироби",Продукти харчування,"М'ясо, морепродукти та яйця",Яйця,Цілі яйця
4628,"Їжа, напої та тютюнові вироби",Продукти харчування,"М'ясо, морепродукти та яйця",М'ясо
5804,"Їжа, напої та тютюнові вироби",Продукти харчування,"М'ясо, морепродукти та яйця",М'ясо,Обідні страви та делікатеси
5805,"Їжа, напої та тютюнові вироби",Продукти харчування,"М'ясо, морепродукти та яйця",М'ясо,Свіже та заморожене м'ясо
5811,"Їжа, напої та тютюнові вироби",Продукти харчування,"М'ясо, морепродукти та яйця",М'ясо,М'ясні консерви
4629,"Їжа, напої та тютюнові вироби",Продукти харчування,"М'ясо, морепродукти та яйця",Морепродукти
5812,"Їжа, напої та тютюнові вироби",Продукти харчування,"М'ясо, морепродукти та яйця",Морепродукти,Свіжі та заморожені морепродукти
5813,"Їжа, напої та тютюнові вироби",Продукти харчування,"М'ясо, морепродукти та яйця",Морепродукти,Консервовані морепродукти
433,"Їжа, напої та тютюнові вироби",Продукти харчування,Горіхи та насіння
434,"Їжа, напої та тютюнові вироби",Продукти харчування,Паста та локшина
1876,"Їжа, напої та тютюнові вироби",Продукти харчування,Випічка
424,"Їжа, напої та тютюнові вироби",Продукти харчування,Випічка,Хліб та булочки
1573,"Їжа, напої та тютюнові вироби",Продукти харчування,Випічка,Бейгли
1895,"Їжа, напої та тютюнові вироби",Продукти харчування,Випічка,Мафіни
2194,"Їжа, напої та тютюнові вироби",Продукти харчування,Випічка,Торти та десертні батончики
2229,"Їжа, напої та тютюнові вироби",Продукти харчування,Випічка,Печиво
5054,"Їжа, напої та тютюнові вироби",Продукти харчування,Випічка,Пастила
5748,"Їжа, напої та тютюнові вироби",Продукти харчування,Випічка,Тортильї та врапи
5749,"Їжа, напої та тютюнові вироби",Продукти харчування,Випічка,Пироги та тарталети
5750,"Їжа, напої та тютюнові вироби",Продукти харчування,Випічка,Випічка та скони
5751,"Їжа, напої та тютюнові вироби",Продукти харчування,Випічка,Пончики
5790,"Їжа, напої та тютюнові вироби",Продукти харчування,Випічка,Ріжки для морозива
5904,"Їжа, напої та тютюнові вироби",Продукти харчування,Випічка,Асортимент випічки
6195,"Їжа, напої та тютюнові вироби",Продукти харчування,Випічка,Кекси
6196,"Їжа, напої та тютюнові вироби",Продукти харчування,Випічка,Кавові торти
6891,"Їжа, напої та тютюнові вироби",Продукти харчування,Випічка,Тако шарики та тостади
2423,"Їжа, напої та тютюнові вироби",Продукти харчування,Супи та бульйони
2660,"Їжа, напої та тютюнові вироби",Продукти харчування,Інгредієнти для приготування та випічки
2126,"Їжа, напої та тютюнові вироби",Продукти харчування,Інгредієнти для приготування та випічки,Олії для приготування їжі
2140,"Їжа, напої та тютюнові вироби",Продукти харчування,Інгредієнти для приготування та випічки,Оцет
2572,"Їжа, напої та тютюнові вироби",Продукти харчування,Інгредієнти для приготування та випічки,Суміші для випічки
2775,"Їжа, напої та тютюнові вироби",Продукти харчування,Інгредієнти для приготування та випічки,Борошно
2803,"Їжа, напої та тютюнові вироби",Продукти харчування,Інгредієнти для приготування та випічки,Розпушувач для тіста
2905,"Їжа, напої та тютюнові вироби",Продукти харчування,Інгредієнти для приготування та випічки,Дріжджі
4613,"Їжа, напої та тютюнові вироби",Продукти харчування,Інгредієнти для приготування та випічки,Паста з бобу
5105,"Їжа, напої та тютюнові вироби",Продукти харчування,Інгредієнти для приготування та випічки,Цукор для цукрової вати
5752,"Їжа, напої та тютюнові вироби",Продукти харчування,Інгредієнти для приготування та випічки,Тісто
5753,"Їжа, напої та тютюнові вироби",Продукти харчування,Інгредієнти для приготування та випічки,Тісто,Коржі для пирогів
5755,"Їжа, напої та тютюнові вироби",Продукти харчування,Інгредієнти для приготування та випічки,Тісто,Тісто для хліба та випічки
5756,"Їжа, напої та тютюнові вироби",Продукти харчування,Інгредієнти для приготування та випічки,Тісто,Тісто для печива та брауні
5765,"Їжа, напої та тютюнові вироби",Продукти харчування,Інгредієнти для приготування та випічки,Рослинні жири та сало
5766,"Їжа, напої та тютюнові вироби",Продукти харчування,Інгредієнти для приготування та випічки,Меласа
5767,"Їжа, напої та тютюнові вироби",Продукти харчування,Інгредієнти для приготування та випічки,Зефірки
5768,"Їжа, напої та тютюнові вироби",Продукти харчування,Інгредієнти для приготування та випічки,Безсмаковий желатин
5769,"Їжа, напої та тютюнові вироби",Продукти харчування,Інгредієнти для приготування та випічки,Глазурь та мастичка
5770,"Їжа, напої та тютюнові вироби",Продукти харчування,Інгредієнти для приготування та випічки,Кукурудзяний сироп
5771,"Їжа, напої та тютюнові вироби",Продукти харчування,Інгредієнти для приготування та випічки,Кулінарний крохмаль
5773,"Їжа, напої та тютюнові вироби",Продукти харчування,Інгредієнти для приготування та випічки,Панірувальні сухарі
5774,"Їжа, напої та тютюнові вироби",Продукти харчування,Інгредієнти для приготування та випічки,Сода для випічки
5775,"Їжа, напої та тютюнові вироби",Продукти харчування,Інгредієнти для приготування та випічки,Ароматизатори та екстракти для випічки
5776,"Їжа, напої та тютюнові вироби",Продукти харчування,Інгредієнти для приготування та випічки,Шоколад для випічки
5777,"Їжа, напої та тютюнові вироби",Продукти харчування,Інгредієнти для приготування та випічки,Вино для приготування їжі
5778,"Їжа, напої та тютюнові вироби",Продукти харчування,Інгредієнти для приготування та випічки,Суміші для вафель та панкейків
5800,"Їжа, напої та тютюнові вироби",Продукти харчування,Інгредієнти для приготування та випічки,Начинки для пирогів та випічки
6754,"Їжа, напої та тютюнові вироби",Продукти харчування,Інгредієнти для приготування та випічки,Дрібка для випічки
6774,"Їжа, напої та тютюнові вироби",Продукти харчування,Інгредієнти для приготування та випічки,Тісто та покривальні суміші
6775,"Їжа, напої та тютюнові вироби",Продукти харчування,Інгредієнти для приготування та випічки,Їстівні декорації для випічки
6922,"Їжа, напої та тютюнові вироби",Продукти харчування,Інгредієнти для приготування та випічки,Томатна паста
7127,"Їжа, напої та тютюнові вироби",Продукти харчування,Інгредієнти для приготування та випічки,Харчові барвники
7354,"Їжа, напої та тютюнові вироби",Продукти харчування,Інгредієнти для приготування та випічки,Стартові культури
7506,"Їжа, напої та тютюнові вироби",Продукти харчування,Інгредієнти для приготування та випічки,Набори для декорування печива
8076,"Їжа, напої та тютюнові вироби",Продукти харчування,Інгредієнти для приготування та випічки,Їжа
499707,"Їжа, напої та тютюнові вироби",Продукти харчування,Інгредієнти для приготування та випічки,Кульки тапіоки
499986,"Їжа, напої та тютюнові вироби",Продукти харчування,Інгредієнти для приготування та випічки,Сік лимона та лайма
500093,"Їжа, напої та тютюнові вироби",Продукти харчування,Інгредієнти для приготування та випічки,Консервоване та сухе молоко
503734,"Їжа, напої та тютюнові вироби",Продукти харчування,Інгредієнти для приготування та випічки,Цукор та підсолоджувачі
543549,"Їжа, напої та тютюнові вироби",Продукти харчування,Інгредієнти для приготування та випічки,Замінники яєць
4608,"Їжа, напої та тютюнові вироби",Продукти харчування,Приправи та спеції
1529,"Їжа, напої та тютюнові вироби",Продукти харчування,Приправи та спеції,Трави та спеції
4610,"Їжа, напої та тютюнові вироби",Продукти харчування,Приправи та спеції,Глутамат натрію
4611,"Їжа, напої та тютюнові вироби",Продукти харчування,Приправи та спеції,Сіль
6199,"Їжа, напої та тютюнові вироби",Продукти харчування,Приправи та спеції,Перець
4748,"Їжа, напої та тютюнові вироби",Продукти харчування,Цукерки та шоколад
5740,"Їжа, напої та тютюнові вироби",Продукти харчування,Соуси та паста
1702,"Їжа, напої та тютюнові вироби",Продукти харчування,Соуси та паста,Сальса
2188,"Їжа, напої та тютюнові вироби",Продукти харчування,Соуси та паста,Варення та желе
3965,"Їжа, напої та тютюнові вироби",Продукти харчування,Соуси та паста,Оріхові масла
5741,"Їжа, напої та тютюнові вироби",Продукти харчування,Соуси та паста,Хумус
5742,"Їжа, напої та тютюнові вироби",Продукти харчування,Соуси та паста,Гуакамоле
5785,"Їжа, напої та тютюнові вироби",Продукти харчування,Соуси та паста,Сирний крем
6204,"Їжа, напої та тютюнові вироби",Продукти харчування,Соуси та паста,Яблучне масло
6784,"Їжа, напої та тютюнові вироби",Продукти харчування,Соуси та паста,Тапенад
6830,"Їжа, напої та тютюнові вироби",Продукти харчування,Соуси та паста,Овочевий дип
6831,"Їжа, напої та тютюнові вироби",Продукти харчування,Соуси та паста,Сирні соуси та паста
5788,"Їжа, напої та тютюнові вироби",Продукти харчування,Заморожені десерти та новинки
5789,"Їжа, напої та тютюнові вироби",Продукти харчування,Заморожені десерти та новинки,Льодяники
6873,"Їжа, напої та тютюнові вироби",Продукти харчування,Заморожені десерти та новинки,Новинки морозива
499991,"Їжа, напої та тютюнові вироби",Продукти харчування,Заморожені десерти та новинки,Морозиво та заморожений йогурт
5807,"Їжа, напої та тютюнові вироби",Продукти харчування,"Тофу, соєві та вегетаріанські продукти"
5808,"Їжа, напої та тютюнові вироби",Продукти харчування,"Тофу, соєві та вегетаріанські продукти",Сейтан
5809,"Їжа, напої та тютюнові вироби",Продукти харчування,"Тофу, соєві та вегетаріанські продукти",Тофу
5810,"Їжа, напої та тютюнові вироби",Продукти харчування,"Тофу, соєві та вегетаріанські продукти",Темпе
6839,"Їжа, напої та тютюнові вироби",Продукти харчування,"Тофу, соєві та вегетаріанські продукти",Альтернативи сиру
6843,"Їжа, напої та тютюнові вироби",Продукти харчування,"Тофу, соєві та вегетаріанські продукти",Замінники м'яса
5814,"Їжа, напої та тютюнові вироби",Продукти харчування,Готові продукти
499988,"Їжа, напої та тютюнові вироби",Продукти харчування,Готові продукти,Готові страви та перші страви
499989,"Їжа, напої та тютюнові вироби",Продукти харчування,Готові продукти,Готові закуски та гарніри
6219,"Їжа, напої та тютюнові вироби",Продукти харчування,Цукати та фрукти в шоколаді
435,"Їжа, напої та тютюнові вироби",Тютюнові вироби
3151,"Їжа, напої та тютюнові вироби",Тютюнові вироби,Сигарети
3682,"Їжа, напої та тютюнові вироби",Тютюнові вироби,Сигари
3741,"Їжа, напої та тютюнові вироби",Тютюнові вироби,Розсипний тютюн
3916,"Їжа, напої та тютюнові вироби",Тютюнові вироби,Тютюн для жування
4091,"Їжа, напої та тютюнові вироби",Тютюнові вироби,Випарювачі та електронні сигарети
543634,"Їжа, напої та тютюнові вироби",Тютюнові вироби,Випарювачі та електронні сигарети,Випарювачі
543635,"Їжа, напої та тютюнові вироби",Тютюнові вироби,Випарювачі та електронні сигарети,Електронні цигарки
499963,"Їжа, напої та тютюнові вироби",Тютюнові вироби,Курительні трубки
436,Меблі
441,Меблі,Лавки
4241,Меблі,Лавки,Стільці для туалетного столика
6850,Меблі,Лавки,Лави для кухні та їдальні
6851,Меблі,Лавки,Шафи та передпокійні лавки для зберігання
442,Меблі,Візки та острівці (меблі)
453,Меблі,Візки та острівці (меблі),Сервізні столики для кухні та їдальні
6374,Меблі,Візки та острівці (меблі),Кухонні острови
443,Меблі,Стільці
438,Меблі,Стільці,Крісла-мішки
456,Меблі,Стільці,Крісла-шезлонги
1463,Меблі,Стільці,Стільці для столу та бару
2002,Меблі,Стільці,Гойдалки-крісла
2919,Меблі,Стільці,Електричні масажні крісла
3358,Меблі,Стільці,Складні стільці та табуретки
5886,Меблі,Стільці,Стільці для кухні та їдальні
6499,Меблі,Стільці,"Крісла,відкидні крісла та крісла-ліжка"
6800,Меблі,Стільці,Ігрові крісла
6859,Меблі,Стільці,Кімнатні крісла без підлокітників
7197,Меблі,Стільці,Крісла-гойдалки
500051,Меблі,Стільці,Підлогові крісла
450,Меблі,Футони
457,Меблі,Розважальні центри та телевізійні стійки
458,Меблі,Пуфи
460,Меблі,Дивани
464,Меблі,Полиці
465,Меблі,Полиці,Книжкові шафи та стійки
6372,Меблі,Полиці,Настінні полиці та горища
554,Меблі,Меблі для дітей та малюків
558,Меблі,Меблі для дітей та малюків,Пеленальні столи
559,Меблі,Меблі для дітей та малюків,Дитячі стільці та підсилювачі сидінь
6349,Меблі,Меблі для дітей та малюків,Набори меблів для дітей та малюків
6393,Меблі,Меблі для дітей та малюків,Колиски та люльки
6394,Меблі,Меблі для дітей та малюків,Дитячі ліжечка та ліжечка для малюків
6969,Меблі,Меблі для дітей та малюків,Аксесуари для дитячих стільців та підсилювачів сидінь
7068,Меблі,Меблі для дітей та малюків,Аксесуари для колисок та люльок
7070,Меблі,Меблі для дітей та малюків,Аксесуари для дитячих ліжечок та ліжечок для малюків
7071,Меблі,Меблі для дітей та малюків,Аксесуари для дитячих ліжечок та ліжечок для малюків,Набори для перетворення дитячих ліжечок
7072,Меблі,Меблі для дітей та малюків,Аксесуари для дитячих ліжечок та ліжечок для малюків,Бампери та підкладки для дитячих ліжечок
2786,Меблі,Матраци для футонів
4163,Меблі,Перегородки
4299,Меблі,Вуличні меблі
2684,Меблі,Вуличні меблі,Садові столи
6367,Меблі,Вуличні меблі,Набори вуличних меблів
6368,Меблі,Вуличні меблі,Вуличні місця для сидіння
4105,Меблі,Вуличні меблі,Вуличні місця для сидіння,Шезлонги
4513,Меблі,Вуличні меблі,Вуличні місця для сидіння,Вуличні дивани
5044,Меблі,Вуличні меблі,Вуличні місця для сидіння,Вуличні лавки
6828,Меблі,Вуличні меблі,Вуличні місця для сидіння,Вуличні стільці
500111,Меблі,Вуличні меблі,Вуличні місця для сидіння,Вуличні модульні дивани
6822,Меблі,Вуличні меблі,Вуличні пуфи
6892,Меблі,Вуличні меблі,Ліжка для вулиці
7310,Меблі,Вуличні меблі,Вуличні складські ящики
6345,Меблі,Набори меблів
6346,Меблі,Набори меблів,Набори меблів для спальні
6347,Меблі,Набори меблів,Комплекти меблів для кухні та їдальні
6348,Меблі,Набори меблів,Комплекти меблів для вітальні
500000,Меблі,Набори меблів,Набори меблів для ванної кімнати
6356,Меблі,Шафи та системи зберігання
447,Меблі,Шафи та системи зберігання,Буфети та комоди
448,Меблі,Шафи та системи зберігання,Серванти та шафи для посуду
463,Меблі,Шафи та системи зберігання,Шафи для документів
4063,Меблі,Шафи та системи зберігання,Шафи та гардероби
4148,Меблі,Шафи та системи зберігання,Туалетні столики
2081,Меблі,Шафи та системи зберігання,Туалетні столики,Тумби для ванної кімнати
6360,Меблі,Шафи та системи зберігання,Туалетні столики,Туалетні столики для спальні
4195,Меблі,Шафи та системи зберігання,Комоди
4205,Меблі,Шафи та системи зберігання,Скрині для зберігання
4268,Меблі,Шафи та системи зберігання,Скрині для зберігання,Іграшкові скрині
6947,Меблі,Шафи та системи зберігання,Скрині для зберігання,Скрині надій
5578,Меблі,Шафи та системи зберігання,Стелажі для вина
5938,Меблі,Шафи та системи зберігання,Шафи та локери для зберігання
6357,Меблі,Шафи та системи зберігання,Шафи для вина та спиртних напоїв
6358,Меблі,Шафи та системи зберігання,Шафи та стелажі для зберігання медіа
6539,Меблі,Шафи та системи зберігання,Стійки для журналів
6934,Меблі,Шафи та системи зберігання,Кухонні шафи
465846,Меблі,Шафи та системи зберігання,Центри прасування
6362,Меблі,Офісні меблі
2045,Меблі,Офісні меблі,Офісні стільці
4191,Меблі,Офісні меблі,Офісні cтоли
6363,Меблі,Офісні меблі,Робочі столи
2242,Меблі,Офісні меблі,Робочі столи,Малювальні та креслярські столи
4317,Меблі,Офісні меблі,Робочі столи,Столи для конференц-залів
6908,Меблі,Офісні меблі,Робочі станції та кабінки
500061,Меблі,Офісні меблі,Комплекти офісних меблів
6392,Меблі,Столи
462,Меблі,Столи,Приліжкові тумби
2693,Меблі,Столи,Столи для покеру та ігор
4080,Меблі,Столи,Складні столи
4355,Меблі,Столи,Столи для кухні та їдальні
4484,Меблі,Столи,Котацу
5121,Меблі,Столи,Столи для швейних машин
6351,Меблі,Столи,Столи для занять
6369,Меблі,Столи,Декоративні столики
1395,Меблі,Столи,Декоративні столики,Кавові столики
1549,Меблі,Столи,Декоративні столики,Кінцеві столики
1602,Меблі,Столи,Декоративні столики,Столики до диванів
6433,Меблі,Ліжка та аксесуари
451,Меблі,Ліжка та аксесуари,Заголовки та підніжки для ліжка
2696,Меблі,Ліжка та аксесуари,Матраци
2720,Меблі,Ліжка та аксесуари,Основи для матраців
4437,Меблі,Ліжка та аксесуари,Аксесуари для ліжка та рами ліжка
505764,Меблі,Ліжка та аксесуари,Ліжка та рами для ліжка
6860,Меблі,Рамки для футонів
6913,Меблі,Аксесуари для столу
6910,Меблі,Аксесуари для столу,Столові стільниці
6911,Меблі,Аксесуари для столу,Ніжки для столу
6915,Меблі,Аксесуари для перегородок
6963,Меблі,Аксесуари для вуличних меблів
6964,Меблі,Аксесуари для вуличних меблів,Чохли для вуличних меблів
7212,Меблі,Аксесуари для диванів
7213,Меблі,Аксесуари для диванів,Підтримки для стільців та диванів
500064,Меблі,Аксесуари для диванів,Секційні дивани
7248,Меблі,Аксесуари для стільців
8206,Меблі,Аксесуари для стільців,Запасні частини для крісел-гойдалок
8023,Меблі,Аксесуари для полиць
8024,Меблі,Аксесуари для полиць,Замінні полиці
503765,Меблі,Аксесуари для офісних меблів
6909,Меблі,Аксесуари для офісних меблів,Аксесуари для робочих станцій та кабінок
7559,Меблі,Аксесуари для офісних меблів,Аксесуари для офісних стільців
503766,Меблі,Аксесуари для офісних меблів,Деталі та аксесуари для столів
469,Здоров'я та краса
491,Здоров'я та краса,Охорона здоров'я
494,Здоров'я та краса,Охорона здоров'я,Біометричні монітори
495,Здоров'я та краса,Охорона здоров'я,Біометричні монітори,Монітори кров'яного тиску
496,Здоров'я та краса,Охорона здоров'я,Біометричні монітори,Аналізатори жиру в організмі
497,Здоров'я та краса,Охорона здоров'я,Біометричні монітори,Аналізатори холестерину
500,Здоров'я та краса,Охорона здоров'я,Біометричні монітори,Ваги для вимірювання ваги тіла
501,Здоров'я та краса,Охорона здоров'я,Біометричні монітори,Медичні термометри
2246,Здоров'я та краса,Охорона здоров'я,Біометричні монітори,Глюкометри
2633,Здоров'я та краса,Охорона здоров'я,Біометричні монітори,Алкотестери
4767,Здоров'я та краса,Охорона здоров'я,Біометричні монітори,Пренатальні монітори серцевого ритму
5551,Здоров'я та краса,Охорона здоров'я,Біометричні монітори,Пульсоксиметри
500009,Здоров'я та краса,Охорона здоров'я,Біометричні монітори,Монітори активності
505822,Здоров'я та краса,Охорона здоров'я,Біометричні монітори,Монітори фертильності та тести на овуляцію
543679,Здоров'я та краса,Охорона здоров'я,Біометричні монітори,Монітори фертильності та тести на овуляцію,Тести на фертильність та монітори
543680,Здоров'я та краса,Охорона здоров'я,Біометричні монітори,Монітори фертильності та тести на овуляцію,Тести на овуляцію
508,Здоров'я та краса,Охорона здоров'я,Перша допомога
509,Здоров'я та краса,Охорона здоров'я,Перша допомога,Медична стрічка та бинти
510,Здоров'я та краса,Охорона здоров'я,Перша допомога,Набори для першої допомоги
516,Здоров'я та краса,Охорона здоров'я,Перша допомога,Гарячі та холодні терапії
4753,Здоров'я та краса,Охорона здоров'я,Перша допомога,Гарячі та холодні терапії,Холодильні пакети
5848,Здоров'я та краса,Охорона здоров'я,Перша допомога,Гарячі та холодні терапії,Теплові мазі
6205,Здоров'я та краса,Охорона здоров'я,Перша допомога,Гарячі та холодні терапії,Подушки з підігрівом
2954,Здоров'я та краса,Охорона здоров'я,Перша допомога,Антисептики та засоби для чищення
4527,Здоров'я та краса,Охорона здоров'я,Перша допомога,Засоби для промивання очей
6206,Здоров'я та краса,Охорона здоров'я,Перша допомога,Захисники для гіпсу та бинтів
517,Здоров'я та краса,Охорона здоров'я,Засоби для недержання
518,Здоров'я та краса,Охорона здоров'я,Ліки та медикаменти
519,Здоров'я та краса,Охорона здоров'я,Мобільність та доступність
520,Здоров'я та краса,Охорона здоров'я,Мобільність та доступність,Обладнання для людей з обмеженими можливостями
3364,Здоров'я та краса,Охорона здоров'я,Мобільність та доступність,Обладнання для людей з обмеженими можливостями,Інвалідні візки
3512,Здоров'я та краса,Охорона здоров'я,Мобільність та доступність,Обладнання для людей з обмеженими можливостями,Мобільні скутери
7138,Здоров'я та краса,Охорона здоров'я,Мобільність та доступність,Обладнання для людей з обмеженими можливостями,Ліфти для сходів
502969,Здоров'я та краса,Охорона здоров'я,Мобільність та доступність,Обладнання для людей з обмеженими можливостями,Переносні дошки та листи
521,Здоров'я та краса,Охорона здоров'я,Мобільність та доступність,Аксесуари для обладнання для людей з обмеженими можливостями
5164,Здоров'я та краса,Охорона здоров'я,Мобільність та доступність,Допоміжні засоби для ходьби
4248,Здоров'я та краса,Охорона здоров'я,Мобільність та доступність,Допоміжні засоби для ходьби,Милиці
5165,Здоров'я та краса,Охорона здоров'я,Мобільність та доступність,Допоміжні засоби для ходьби,Трости та палиці для ходьби
5166,Здоров'я та краса,Охорона здоров'я,Мобільність та доступність,Допоміжні засоби для ходьби,Ходунки
5488,Здоров'я та краса,Охорона здоров'я,Мобільність та доступність,Меблі та приладдя для людей з обмеженими можливостями
7243,Здоров'я та краса,Охорона здоров'я,Мобільність та доступність,Меблі та приладдя для людей з обмеженими можливостями,Лавки та сидіння для душу
6929,Здоров'я та краса,Охорона здоров'я,Мобільність та доступність,Аксесуари для допоміжних засобів ходьби
523,Здоров'я та краса,Охорона здоров'я,Підтримуючі бандажі та ортези
775,Здоров'я та краса,Охорона здоров'я,Презервативи
2890,Здоров'я та краса,Охорона здоров'я,Фітнес та харчування
525,Здоров'я та краса,Охорона здоров'я,Фітнес та харчування,Вітаміни та дієтичні добавки
2984,Здоров'я та краса,Охорона здоров'я,Фітнес та харчування,Батончики збалансованого харчування
5702,Здоров'я та краса,Охорона здоров'я,Фітнес та харчування,Напої та коктейлі збалансованого харчування
6242,Здоров'я та краса,Охорона здоров'я,Фітнес та харчування,Гелі та жувальні продукти збалансованого харчування
6871,Здоров'я та краса,Охорона здоров'я,Фітнес та харчування,Пюре збалансованого харчування
7413,Здоров'я та краса,Охорона здоров'я,Фітнес та харчування,Додаткове харчування для зондового годування
3777,Здоров'я та краса,Охорона здоров'я,Пілюльниці
4551,Здоров'я та краса,Охорона здоров'я,Догляд за дихальною системою
4552,Здоров'я та краса,Охорона здоров'я,Догляд за дихальною системою,Небулайзери
7316,Здоров'я та краса,Охорона здоров'я,Догляд за дихальною системою,Маски PAP
7317,Здоров'я та краса,Охорона здоров'я,Догляд за дихальною системою,Апарати для лікування апное за допомогою позитивного тиску дихальних шляхів (PAP)
499692,Здоров'я та краса,Охорона здоров'я,Догляд за дихальною системою,Балони з киснем
505669,Здоров'я та краса,Охорона здоров'я,Догляд за дихальною системою,Інгалятори на пару
5071,Здоров'я та краса,Охорона здоров'я,Аксесуари для біометричних моніторів
3688,Здоров'я та краса,Охорона здоров'я,Аксесуари для біометричних моніторів,Аксесуари для глюкометрів
3111,Здоров'я та краса,Охорона здоров'я,Аксесуари для біометричних моніторів,Аксесуари для глюкометрів,Пункційні пристрої
3905,Здоров'я та краса,Охорона здоров'я,Аксесуари для біометричних моніторів,Аксесуари для глюкометрів,Тест-смужки для вимірювання глюкози в крові
6323,Здоров'я та краса,Охорона здоров'я,Аксесуари для біометричних моніторів,Аксесуари для глюкометрів,Розчин для контролю глюкози в крові
5072,Здоров'я та краса,Охорона здоров'я,Аксесуари для біометричних моніторів,Аксесуари для ваги для вимірювання ваги тіла
6284,Здоров'я та краса,Охорона здоров'я,Аксесуари для біометричних моніторів,Аксесуари для моніторів кров'яного тиску
6285,Здоров'я та краса,Охорона здоров'я,Аксесуари для біометричних моніторів,Аксесуари для моніторів кров'яного тиску,Манжети для моніторів кров'яного тиску
505819,Здоров'я та краса,Охорона здоров'я,Аксесуари для біометричних моніторів,Аксесуари для моніторів активності
5690,Здоров'я та краса,Охорона здоров'я,Апарати для покращення слуху
5849,Здоров'я та краса,Охорона здоров'я,Акупунктура
5850,Здоров'я та краса,Охорона здоров'я,Акупунктура,Моделі для акупунктури
5851,Здоров'я та краса,Охорона здоров'я,Акупунктура,Голки для акупунктури
5870,Здоров'я та краса,Охорона здоров'я,Обладнання для професійної та фізичної терапії
8541,Здоров'я та краса,Охорона здоров'я,Обладнання для професійної та фізичної терапії,Електростимулятори м'язів
505352,Здоров'я та краса,Охорона здоров'я,Обладнання для професійної та фізичної терапії,Терапевтичні гойдалки
5923,Здоров'я та краса,Охорона здоров'я,Хірургічні змащувачі
5965,Здоров'я та краса,Охорона здоров'я,Медичні бирки для ідентифікації та ювелірні вироби
5966,Здоров'я та краса,Охорона здоров'я,Медичні системи сповіщення
7002,Здоров'я та краса,Охорона здоров'я,Контейнери для контрацептивів
7186,Здоров'я та краса,Охорона здоров'я,Сперміциди
7220,Здоров'я та краса,Охорона здоров'я,Судина для ліжка
8082,Здоров'я та краса,Охорона здоров'я,Контейнери для зразків
8105,Здоров'я та краса,Охорона здоров'я,Зтягувач культі
500087,Здоров'я та краса,Охорона здоров'я,Лампи для світлотерапії
505293,Здоров'я та краса,Охорона здоров'я,Медичні тести
1680,Здоров'я та краса,Охорона здоров'я,Медичні тести,Тести на вагітність
2552,Здоров'я та краса,Охорона здоров'я,Медичні тести,Тести на наркотики
7336,Здоров'я та краса,Охорона здоров'я,Медичні тести,Тести на ВІЛ
7337,Здоров'я та краса,Охорона здоров'я,Медичні тести,Набори для визначення групи крові
499934,Здоров'я та краса,Охорона здоров'я,Медичні тести,Набори для тестування на алергію
505294,Здоров'я та краса,Охорона здоров'я,Медичні тести,Тести на інфекції сечовивідних шляхів
505820,Здоров'я та краса,Охорона здоров'я,Гелі та лосьйони для провідності
2915,Здоров'я та краса,Особистий догляд
472,Здоров'я та краса,Особистий догляд,Сонячні ліжка
473,Здоров'я та краса,Особистий догляд,Косметика
474,Здоров'я та краса,Особистий догляд,Косметика,Для ванни та тіла
2503,Здоров'я та краса,Особистий догляд,Косметика,Для ванни та тіла,Мило-брусок
2522,Здоров'я та краса,Особистий догляд,Косметика,Для ванни та тіла,Додатки для ванни
2747,Здоров'я та краса,Особистий догляд,Косметика,Для ванни та тіла,Гель для душу
2875,Здоров'я та краса,Особистий догляд,Косметика,Для ванни та тіла,Губки та луфи для ванної
2876,Здоров'я та краса,Особистий догляд,Косметика,Для ванни та тіла,Щітки для ванни
3208,Здоров'я та краса,Особистий догляд,Косметика,Для ванни та тіла,Рідке мило для рук
3691,Здоров'я та краса,Особистий догляд,Косметика,Для ванни та тіла,Дезінфікуючі засоби та серветки для рук
4049,Здоров'я та краса,Особистий догляд,Косметика,Для ванни та тіла,Шапочки для душу
7417,Здоров'я та краса,Особистий догляд,Косметика,Для ванни та тіла,Порошкове мило для рук
499913,Здоров'я та краса,Особистий догляд,Косметика,Для ванни та тіла,Гігієнічні серветки для дорослих
475,Здоров'я та краса,Особистий догляд,Косметика,Подарункові набори для ванни та тіла
477,Здоров'я та краса,Особистий догляд,Косметика,Макіяж
2571,Здоров'я та краса,Особистий догляд,Косметика,Макіяж,Макіяж для обличчя
2765,Здоров'я та краса,Особистий догляд,Косметика,Макіяж,Макіяж для обличчя,Тональні креми та коректори
2980,Здоров'я та краса,Особистий догляд,Косметика,Макіяж,Макіяж для обличчя,Пудра для обличчя
6304,Здоров'я та краса,Особистий догляд,Косметика,Макіяж,Макіяж для обличчя,Маркери та люмінайзери
6305,Здоров'я та краса,Особистий догляд,Косметика,Макіяж,Макіяж для обличчя,Рум'яна та бронзатори
8218,Здоров'я та краса,Особистий догляд,Косметика,Макіяж,Макіяж для обличчя,База під макіяж для обличчя
2645,Здоров'я та краса,Особистий догляд,Косметика,Макіяж,Губна косметика
2589,Здоров'я та краса,Особистий догляд,Косметика,Макіяж,Губна косметика,Контурний олівець для губ
2858,Здоров'я та краса,Особистий догляд,Косметика,Макіяж,Губна косметика,Блиск для губ
3021,Здоров'я та краса,Особистий догляд,Косметика,Макіяж,Губна косметика,Помада
6306,Здоров'я та краса,Особистий догляд,Косметика,Макіяж,Губна косметика,Помада-стійка для губ і щік
8217,Здоров'я та краса,Особистий догляд,Косметика,Макіяж,Губна косметика,База для губ
2779,Здоров'я та краса,Особистий догляд,Косметика,Макіяж,Макіяж для очей
2686,Здоров'я та краса,Особистий догляд,Косметика,Макіяж,Макіяж для очей,Засоби для корекції брів
2761,Здоров'я та краса,Особистий догляд,Косметика,Макіяж,Макіяж для очей,Штучні вії
2807,Здоров'я та краса,Особистий догляд,Косметика,Макіяж,Макіяж для очей,Підводка для очей
2834,Здоров'я та краса,Особистий догляд,Косметика,Макіяж,Макіяж для очей,Туш для вій
2904,Здоров'я та краса,Особистий догляд,Косметика,Макіяж,Макіяж для очей,Тіні для очей
6340,Здоров'я та краса,Особистий догляд,Косметика,Макіяж,Макіяж для очей,Препарати для зростання вій та брів
8219,Здоров'я та краса,Особистий догляд,Косметика,Макіяж,Макіяж для очей,База під туш для вій
8220,Здоров'я та краса,Особистий догляд,Косметика,Макіяж,Макіяж для очей,База під макіяж для очей
3509,Здоров'я та краса,Особистий догляд,Косметика,Макіяж,Тимчасові тату
4779,Здоров'я та краса,Особистий догляд,Косметика,Макіяж,Театральний грим та аксесуари
5978,Здоров'я та краса,Особистий догляд,Косметика,Макіяж,Макіяж для тіла
5979,Здоров'я та краса,Особистий догляд,Косметика,Макіяж,Макіяж для тіла,Фарба та тональний крем для тіла
5981,Здоров'я та краса,Особистий догляд,Косметика,Макіяж,Макіяж для тіла,Блиск для тіла та волосся
6072,Здоров'я та краса,Особистий догляд,Косметика,Макіяж,Фіксуючі спреї для макіяжу
478,Здоров'я та краса,Особистий догляд,Косметика,Догляд за нігтями
2683,Здоров'я та краса,Особистий догляд,Косметика,Догляд за нігтями,Лаки для нігтів
2946,Здоров'я та краса,Особистий догляд,Косметика,Догляд за нігтями,Засоби для видалення лаку для нігтів
3009,Здоров'я та краса,Особистий догляд,Косметика,Догляд за нігтями,Крем та олія для кутикули
4218,Здоров'я та краса,Особистий догляд,Косметика,Догляд за нігтями,Штучні нігті
5975,Здоров'я та краса,Особистий догляд,Косметика,Догляд за нігтями,Набори та аксесуари для нігтьового арту
6893,Здоров'я та краса,Особистий догляд,Косметика,Догляд за нігтями,Клей для манікюру
7445,Здоров'я та краса,Особистий догляд,Косметика,Догляд за нігтями,Розріджувачі для лаку для нігтів
233419,Здоров'я та краса,Особистий догляд,Косметика,Догляд за нігтями,Краплі та спреї для швидкого сушіння лаку для нігтів
479,Здоров'я та краса,Особистий догляд,Косметика,Парфуми та кольони
567,Здоров'я та краса,Особистий догляд,Косметика,Догляд за шкірою
481,Здоров'я та краса,Особистий догляд,Косметика,Догляд за шкірою,Засоби та набори для лікування акне
482,Здоров'я та краса,Особистий догляд,Косметика,Догляд за шкірою,Бальзами та засоби для догляду за губами
543573,Здоров'я та краса,Особистий догляд,Косметика,Догляд за шкірою,Бальзами та засоби для догляду за губами,Бальзами для губ
543574,Здоров'я та краса,Особистий догляд,Косметика,Догляд за шкірою,Бальзами та засоби для догляду за губами,Медикаментозне лікування губ
2526,Здоров'я та краса,Особистий догляд,Косметика,Догляд за шкірою,Засоби для очищення обличчя
2592,Здоров'я та краса,Особистий догляд,Косметика,Догляд за шкірою,Лосьйон та зволожувач
2740,Здоров'я та краса,Особистий догляд,Косметика,Догляд за шкірою,Засоби для засмаги
5338,Здоров'я та краса,Особистий догляд,Косметика,Догляд за шкірою,Засоби для засмаги,Засоби для самозасмаги
5339,Здоров'я та краса,Особистий догляд,Косметика,Догляд за шкірою,Засоби для засмаги,Засоби для засмаги (масло та лосьйон)
2844,Здоров'я та краса,Особистий догляд,Косметика,Догляд за шкірою,Засоби від сонця
5820,Здоров'я та краса,Особистий догляд,Косметика,Догляд за шкірою,Засоби від комах для шкіри
5976,Здоров'я та краса,Особистий догляд,Косметика,Догляд за шкірою,Тонери та звужувальні засоби
543658,Здоров'я та краса,Особистий догляд,Косметика,Догляд за шкірою,Тонери та звужувальні засоби,Тонери
543659,Здоров'я та краса,Особистий догляд,Косметика,Догляд за шкірою,Тонери та звужувальні засоби,Стягуючі засоби
5980,Здоров'я та краса,Особистий догляд,Косметика,Догляд за шкірою,Пудра для тіла
6034,Здоров'я та краса,Особистий догляд,Косметика,Догляд за шкірою,Засоби для зняття макіяжу
6104,Здоров'я та краса,Особистий догляд,Косметика,Догляд за шкірою,Олія для тіла
6262,Здоров'я та краса,Особистий догляд,Косметика,Догляд за шкірою,Маски та пілінги для догляду за шкірою
6753,Здоров'я та краса,Особистий догляд,Косметика,Догляд за шкірою,Вазелін
6791,Здоров'я та краса,Особистий догляд,Косметика,Догляд за шкірою,Смужки для очищення пор обличчя
6863,Здоров'я та краса,Особистий догляд,Косметика,Догляд за шкірою,Засоби для видалення бородавок
7429,Здоров'я та краса,Особистий догляд,Косметика,Догляд за шкірою,Набори для догляду за шкірою проти старіння
7467,Здоров'я та краса,Особистий догляд,Косметика,Догляд за шкірою,Набори для очищення обличчя
8029,Здоров'я та краса,Особистий догляд,Косметика,Догляд за шкірою,Компресовані маски-листочки для догляду за шкірою
2619,Здоров'я та краса,Особистий догляд,Косметика,Косметичні інструменти
2548,Здоров'я та краса,Особистий догляд,Косметика,Косметичні інструменти,Інструменти для макіяжу
476,Здоров'я та краса,Особистий догляд,Косметика,Косметичні інструменти,Інструменти для макіяжу,Дзеркала для обличчя
2780,Здоров'я та краса,Особистий догляд,Косметика,Косметичні інструменти,Інструменти для макіяжу,Завивачки для вій
3025,Здоров'я та краса,Особистий догляд,Косметика,Косметичні інструменти,Інструменти для макіяжу,Косметичні щітки
4106,Здоров'я та краса,Особистий догляд,Косметика,Косметичні інструменти,Інструменти для макіяжу,Косметичні губки
4121,Здоров'я та краса,Особистий догляд,Косметика,Косметичні інструменти,Інструменти для макіяжу,Бумага для обличчя (для видалення блиску)
6282,Здоров'я та краса,Особистий догляд,Косметика,Косметичні інструменти,Інструменти для макіяжу,Запасні елементи для завивачки вій
6555,Здоров'я та краса,Особистий догляд,Косметика,Косметичні інструменти,Інструменти для макіяжу,Шаблони для брів
7356,Здоров'я та краса,Особистий догляд,Косметика,Косметичні інструменти,Інструменти для макіяжу,Клей та стрічка для подвійного повіка
499822,Здоров'я та краса,Особистий догляд,Косметика,Косметичні інструменти,Інструменти для макіяжу,Багаторазові палітри та кейси для макіяжу
502996,Здоров'я та краса,Особистий догляд,Косметика,Косметичні інструменти,Інструменти для макіяжу,Аксесуари для штучних вій
7256,Здоров'я та краса,Особистий догляд,Косметика,Косметичні інструменти,Інструменти для макіяжу,Аксесуари для штучних вій,Клей для штучних вій
7493,Здоров'я та краса,Особистий догляд,Косметика,Косметичні інструменти,Інструменти для макіяжу,Аксесуари для штучних вій,Аплікатори для штучних вій
502997,Здоров'я та краса,Особистий догляд,Косметика,Косметичні інструменти,Інструменти для макіяжу,Аксесуари для штучних вій,Засіб для видалення штучних вій
2958,Здоров'я та краса,Особистий догляд,Косметика,Косметичні інструменти,Інструменти для догляду за шкірою
2511,Здоров'я та краса,Особистий догляд,Косметика,Косметичні інструменти,Інструменти для догляду за шкірою,Камінь пемза
6260,Здоров'я та краса,Особистий догляд,Косметика,Косметичні інструменти,Інструменти для догляду за шкірою,Щітки та системи для очищення шкіри
6261,Здоров'я та краса,Особистий догляд,Косметика,Косметичні інструменти,Інструменти для догляду за шкірою,Екстрактори для догляду за шкірою
6760,Здоров'я та краса,Особистий догляд,Косметика,Косметичні інструменти,Інструменти для догляду за шкірою,Сауни для обличчя
7018,Здоров'я та краса,Особистий догляд,Косметика,Косметичні інструменти,Інструменти для догляду за шкірою,Ролики для догляду за шкірою
7190,Здоров'я та краса,Особистий догляд,Косметика,Косметичні інструменти,Інструменти для догляду за шкірою,Пилки для ніг
8132,Здоров'я та краса,Особистий догляд,Косметика,Косметичні інструменти,Інструменти для догляду за шкірою,Насадки-щітки для очищення шкіри
499926,Здоров'я та краса,Особистий догляд,Косметика,Косметичні інструменти,Інструменти для догляду за шкірою,Аплікатори для лосьйону та сонцезахисного крему
2975,Здоров'я та краса,Особистий догляд,Косметика,Косметичні інструменти,Інструменти для догляду за нігтями
2734,Здоров'я та краса,Особистий догляд,Косметика,Косметичні інструменти,Інструменти для догляду за нігтями,Пилочки та пилки для нігтів
2739,Здоров'я та краса,Особистий догляд,Косметика,Косметичні інструменти,Інструменти для догляду за нігтями,Штовхачі для кутикули
2828,Здоров'я та краса,Особистий догляд,Косметика,Косметичні інструменти,Інструменти для догляду за нігтями,Нігтівниці
3037,Здоров'я та краса,Особистий догляд,Косметика,Косметичні інструменти,Інструменти для догляду за нігтями,Ножиці для кутикули
5880,Здоров'я та краса,Особистий догляд,Косметика,Косметичні інструменти,Інструменти для догляду за нігтями,Сушарки для нігтів
6300,Здоров'я та краса,Особистий догляд,Косметика,Косметичні інструменти,Інструменти для догляду за нігтями,Набори інструментів для манікюру
6341,Здоров'я та краса,Особистий догляд,Косметика,Косметичні інструменти,Інструменти для догляду за нігтями,Бафи для нігтів
7490,Здоров'я та краса,Особистий догляд,Косметика,Косметичні інструменти,Інструменти для догляду за нігтями,Манікюрні фрезери
7494,Здоров'я та краса,Особистий догляд,Косметика,Косметичні інструменти,Інструменти для догляду за нігтями,Розпорки для манікюру та педикюру
499698,Здоров'я та краса,Особистий догляд,Косметика,Косметичні інструменти,Інструменти для догляду за нігтями,Аксесуари для манікюрних фрезерів
6069,Здоров'я та краса,Особистий догляд,Косметика,Набори косметики
6331,Здоров'я та краса,Особистий догляд,Косметика,Засоби для чищення косметичних інструментів
484,Здоров'я та краса,Особистий догляд,Дезодорант та антиперспірант
543598,Здоров'я та краса,Особистий догляд,Дезодорант та антиперспірант,Дезодорант
543599,Здоров'я та краса,Особистий догляд,Дезодорант та антиперспірант,Антиперспіранти
485,Здоров'я та краса,Особистий догляд,Жіночі гігієнічні засоби
2387,Здоров'я та краса,Особистий догляд,Жіночі гігієнічні засоби,Жіночі прокладки та захисники
2564,Здоров'я та краса,Особистий догляд,Жіночі гігієнічні засоби,Тампони
5821,Здоров'я та краса,Особистий догляд,Жіночі гігієнічні засоби,Жіночі душі та креми
6862,Здоров'я та краса,Особистий догляд,Жіночі гігієнічні засоби,Жіночий дезодорант
8122,Здоров'я та краса,Особистий догляд,Жіночі гігієнічні засоби,Менструальні чашки
486,Здоров'я та краса,Особистий догляд,Догляд за волоссям
1901,Здоров'я та краса,Особистий догляд,Догляд за волоссям,Засоби для укладання волосся
2441,Здоров'я та краса,Особистий догляд,Догляд за волоссям,Шампунь та кондиціонер
543615,Здоров'я та краса,Особистий догляд,Догляд за волоссям,Шампунь та кондиціонер,Шампунь
543616,Здоров'я та краса,Особистий догляд,Догляд за волоссям,Шампунь та кондиціонер,Кондиціонери для волосся
543617,Здоров'я та краса,Особистий догляд,Догляд за волоссям,Шампунь та кондиціонер,Набори шампуню та кондиціонера
2814,Здоров'я та краса,Особистий догляд,Догляд за волоссям,Фарба для волосся
3013,Здоров'я та краса,Особистий догляд,Догляд за волоссям,Ножиці для волосся
4766,Здоров'я та краса,Особистий догляд,Догляд за волоссям,Лікування випадання волосся
5977,Здоров'я та краса,Особистий догляд,Догляд за волоссям,Аксесуари для фарбування волосся
6018,Здоров'я та краса,Особистий догляд,Догляд за волоссям,Аксесуари для інструментів для укладання волосся
4475,Здоров'я та краса,Особистий догляд,Догляд за волоссям,Аксесуари для інструментів для укладання волосся,Аксесуари для фенів для волосся
4569,Здоров'я та краса,Особистий догляд,Догляд за волоссям,Аксесуари для інструментів для укладання волосся,Аксесуари для праски для волосся
5317,Здоров'я та краса,Особистий догляд,Догляд за волоссям,Аксесуари для інструментів для укладання волосся,Заколки та шпильки для завивки волосся
6019,Здоров'я та краса,Особистий догляд,Догляд за волоссям,Інструменти для укладання волосся
487,Здоров'я та краса,Особистий догляд,Догляд за волоссям,Інструменти для укладання волосся,Гребінці та щітки
488,Здоров'я та краса,Особистий догляд,Догляд за волоссям,Інструменти для укладання волосся,Бігуді для волосся
489,Здоров'я та краса,Особистий догляд,Догляд за волоссям,Інструменти для укладання волосся,Плойки для завивки волосся
490,Здоров'я та краса,Особистий догляд,Догляд за волоссям,Інструменти для укладання волосся,Фени для волосся
3407,Здоров'я та краса,Особистий догляд,Догляд за волоссям,Інструменти для укладання волосся,Випрямлювачі волосся
499992,Здоров'я та краса,Особистий догляд,Догляд за волоссям,Інструменти для укладання волосся,Набори інструментів для укладання волосся
6052,Здоров'я та краса,Особистий догляд,Догляд за волоссям,Засоби для хімічної завивки та випрямлення волосся
6053,Здоров'я та краса,Особистий догляд,Догляд за волоссям,Засоби для видалення фарби з волосся
6099,Здоров'я та краса,Особистий догляд,Догляд за волоссям,Маскувальні засоби від випадання волосся
6429,Здоров'я та краса,Особистий догляд,Догляд за волоссям,Парові пристрої та термошапки для волосся
8452,Здоров'я та краса,Особистий догляд,Догляд за волоссям,Набори для догляду за волоссям
493,Здоров'я та краса,Особистий догляд,Догляд за спиною
7404,Здоров'я та краса,Особистий догляд,Догляд за спиною,Подушки для підтримки спини та попереку
506,Здоров'я та краса,Особистий догляд,Догляд за вухами
2596,Здоров'я та краса,Особистий догляд,Догляд за вухами,Беруши
5706,Здоров'я та краса,Особистий догляд,Догляд за вухами,Вушні свічки
6559,Здоров'я та краса,Особистий догляд,Догляд за вухами,Вушні краплі
6560,Здоров'я та краса,Особистий догляд,Догляд за вухами,Сушарки для вух
6561,Здоров'я та краса,Особистий догляд,Догляд за вухами,Вушні шприци
6562,Здоров'я та краса,Особистий догляд,Догляд за вухами,Набори для видалення вушної сірки
7542,Здоров'я та краса,Особистий догляд,Догляд за вухами,Диспенсери для берушів
500024,Здоров'я та краса,Особистий догляд,Догляд за вухами,Шматочки та ложечки для вух
515,Здоров'я та краса,Особистий догляд,Догляд за ногами
2801,Здоров'я та краса,Особистий догляд,Догляд за ногами,Устілки та вкладиші
2992,Здоров'я та краса,Особистий догляд,Догляд за ногами,Засоби для догляду за кістками на нозі
3022,Здоров'я та краса,Особистий догляд,Догляд за ногами,Засоби для догляду за мозолями та натоптюшами
3049,Здоров'я та краса,Особистий догляд,Догляд за ногами,Засоби від запаху ніг
7495,Здоров'я та краса,Особистий догляд,Догляд за ногами,Розпорки для пальців ніг
526,Здоров'я та краса,Особистий догляд,Догляд за порожниною рота
527,Здоров'я та краса,Особистий догляд,Догляд за порожниною рота,Зубні щітки
1360,Здоров'я та краса,Особистий догляд,Догляд за порожниною рота,Зубна паста
2527,Здоров'я та краса,Особистий догляд,Догляд за порожниною рота,Зубні протези
2620,Здоров'я та краса,Особистий догляд,Догляд за порожниною рота,Зубна нитка
2769,Здоров'я та краса,Особистий догляд,Догляд за порожниною рота,Стимулятори ясен
3019,Здоров'я та краса,Особистий догляд,Догляд за порожниною рота,Засоби для відбілювання зубів
3040,Здоров'я та краса,Особистий догляд,Догляд за порожниною рота,Засоби для полоскання рота
4316,Здоров'я та краса,Особистий догляд,Догляд за порожниною рота,Зубочистки
4775,Здоров'я та краса,Особистий догляд,Догляд за порожниною рота,Аксесуари для зубних щіток
4776,Здоров'я та краса,Особистий догляд,Догляд за порожниною рота,Аксесуари для зубних щіток,Запасні насадки для зубних щіток
4942,Здоров'я та краса,Особистий догляд,Догляд за порожниною рота,Аксесуари для зубних щіток,Санітайзери для зубних щіток
6920,Здоров'я та краса,Особистий догляд,Догляд за порожниною рота,Аксесуари для зубних щіток,Кришки для зубних щіток
5154,Здоров'я та краса,Особистий догляд,Догляд за порожниною рота,Віджимачі та дозатори для зубної пасти
5155,Здоров'я та краса,Особистий догляд,Догляд за порожниною рота,Адгезиви для протезів
5295,Здоров'я та краса,Особистий догляд,Догляд за порожниною рота,Стоматологічні водяні джети
5823,Здоров'я та краса,Особистий догляд,Догляд за порожниною рота,Зубні капи
5824,Здоров'я та краса,Особистий догляд,Догляд за порожниною рота,Засоби для чищення протезів
6189,Здоров'я та краса,Особистий догляд,Догляд за порожниною рота,Спрей для свіжості подиху
6441,Здоров'я та краса,Особистий догляд,Догляд за порожниною рота,Шкребки для язика
6455,Здоров'я та краса,Особистий догляд,Догляд за порожниною рота,Запасні насадки для стоматологічного водяного джету
6715,Здоров'я та краса,Особистий догляд,Догляд за порожниною рота,Електричні зубні нитки
8543,Здоров'я та краса,Особистий догляд,Догляд за порожниною рота,Набори для ремонту протезів
505367,Здоров'я та краса,Особистий догляд,Догляд за порожниною рота,Кейси для ортодонтичних пристроїв
528,Здоров'я та краса,Особистий догляд,Гоління та догляд
529,Здоров'я та краса,Особистий догляд,Гоління та догляд,Лосьйон після гоління
531,Здоров'я та краса,Особистий догляд,Гоління та догляд,Аксесуари для електробритв
532,Здоров'я та краса,Особистий догляд,Гоління та догляд,Електричні бритви
533,Здоров'я та краса,Особистий догляд,Гоління та догляд,Машинки та тримери для волосся
534,Здоров'я та краса,Особистий догляд,Гоління та догляд,Бритви та бритвені леза
2508,Здоров'я та краса,Особистий догляд,Гоління та догляд,Гемостатичні олівці
2681,Здоров'я та краса,Особистий догляд,Гоління та догляд,Щітки для гоління
2971,Здоров'я та краса,Особистий догляд,Гоління та догляд,Крем для гоління
4507,Здоров'я та краса,Особистий догляд,Гоління та догляд,Видалення волосся
4508,Здоров'я та краса,Особистий догляд,Гоління та догляд,Видалення волосся,Депілятори
4509,Здоров'я та краса,Особистий догляд,Гоління та догляд,Видалення волосся,Прилади для електролізу
4510,Здоров'я та краса,Особистий догляд,Гоління та догляд,Видалення волосся,Епілятори
4511,Здоров'я та краса,Особистий догляд,Гоління та догляд,Видалення волосся,Набори та приладдя для воскування
7199,Здоров'я та краса,Особистий догляд,Гоління та догляд,Видалення волосся,Лазерні та IPL пристрої для видалення волосся
8136,Здоров'я та краса,Особистий догляд,Гоління та догляд,Видалення волосся,Прилади для розігріву воску для видалення волосся
5111,Здоров'я та краса,Особистий догляд,Гоління та догляд,Набори для гоління
6842,Здоров'я та краса,Особистий догляд,Гоління та догляд,Аксесуари для машинок та тримерів для волосся
8214,Здоров'я та краса,Особистий догляд,Гоління та догляд,Засоби для відбілювання волосся на тілі та обличчі
8531,Здоров'я та краса,Особистий догляд,Гоління та догляд,Чашки та миски для гоління
777,Здоров'я та краса,Особистий догляд,Особисті змазки
1380,Здоров'я та краса,Особистий догляд,Догляд за зором
524,Здоров'я та краса,Особистий догляд,Догляд за зором,Окуляри
2521,Здоров'я та краса,Особистий догляд,Догляд за зором,Аксесуари для окулярів
5507,Здоров'я та краса,Особистий догляд,Догляд за зором,Аксесуари для окулярів,Футляри та тримачі для окулярів
8204,Здоров'я та краса,Особистий догляд,Догляд за зором,Аксесуари для окулярів,Ремінці та ланцюжки для окулярів
352853,Здоров'я та краса,Особистий догляд,Догляд за зором,Аксесуари для окулярів,Розчини для чищення лінз окулярів
543538,Здоров'я та краса,Особистий догляд,Догляд за зором,Аксесуари для окулярів,Запасні частини для окулярів
2733,Здоров'я та краса,Особистий догляд,Догляд за зором,Окулярні лінзи
2922,Здоров'я та краса,Особистий догляд,Догляд за зором,Очні краплі та змазки
2923,Здоров'я та краса,Особистий догляд,Догляд за зором,Контактні лінзи
3011,Здоров'я та краса,Особистий догляд,Догляд за зором,Догляд за контактними лінзами
6509,Здоров'я та краса,Особистий догляд,Догляд за зором,Догляд за контактними лінзами,Розчин для контактних лінз
6510,Здоров'я та краса,Особистий догляд,Догляд за зором,Догляд за контактними лінзами,Контейнери для контактних лінз
7363,Здоров'я та краса,Особистий догляд,Догляд за зором,Догляд за контактними лінзами,Набори для догляду за контактними лінзами
6977,Здоров'я та краса,Особистий догляд,Догляд за зором,Лінзи для сонцезахисних окулярів
2656,Здоров'я та краса,Особистий догляд,Пінцети
2934,Здоров'я та краса,Особистий догляд,Ватні палички
4076,Здоров'я та краса,Особистий догляд,Засоби для сну
4056,Здоров'я та краса,Особистий догляд,Засоби для сну,Машини для білого шуму
4211,Здоров'я та краса,Особистий догляд,Засоби для сну,Подорожні подушки
4313,Здоров'я та краса,Особистий догляд,Засоби для сну,Маски для очей
6017,Здоров'я та краса,Особистий догляд,Засоби для сну,Засоби від хропу та апної сну
4929,Здоров'я та краса,Особистий догляд,Ватні кульки
5663,Здоров'я та краса,Особистий догляд,Масаж та релаксація
471,Здоров'я та краса,Особистий догляд,Масаж та релаксація,Масажери
543595,Здоров'я та краса,Особистий догляд,Масаж та релаксація,Масажери,Масажні подушки
543596,Здоров'я та краса,Особистий догляд,Масаж та релаксація,Масажери,Електричні масажери
543597,Здоров'я та краса,Особистий догляд,Масаж та релаксація,Масажери,Ручні інструменти для масажу
1442,Здоров'я та краса,Особистий догляд,Масаж та релаксація,Масажні крісла
2074,Здоров'я та краса,Особистий догляд,Масаж та релаксація,Масажні столи
5664,Здоров'я та краса,Особистий догляд,Масаж та релаксація,Масажна олія
8135,Здоров'я та краса,Особистий догляд,Масаж та релаксація,Масажні камені
8530,Здоров'я та краса,Особистий догляд,Масаж та релаксація,Підігрівачі для масажних каменів
233420,Здоров'я та краса,Особистий догляд,Масаж та релаксація,Подушечки для очей
500060,Здоров'я та краса,Особистий догляд,Масаж та релаксація,Скребки для спини
6921,Здоров'я та краса,Особистий догляд,Намети для спрей-засмаги
7134,Здоров'я та краса,Особистий догляд,Набори та приладдя для клізм
5573,Здоров'я та краса,Чищення та догляд за ювелірними виробами
5124,Здоров'я та краса,Чищення та догляд за ювелірними виробами,Набори для ремонту годинників
5974,Здоров'я та краса,Чищення та догляд за ювелірними виробами,Стійки для ювелірних виробів
499919,Здоров'я та краса,Чищення та догляд за ювелірними виробами,Розчини та полірувальні засоби для чищення ювелірних виробів
500082,Здоров'я та краса,Чищення та догляд за ювелірними виробами,Інструменти для чищення ювелірних виробів
500083,Здоров'я та краса,Чищення та догляд за ювелірними виробами,Парові очисники для ювелірних виробів
536,Дім та сад
359,Дім та сад,Безпека бізнесу та дому
363,Дім та сад,Безпека бізнесу та дому,Охоронні ліхтарі
364,Дім та сад,Безпека бізнесу та дому,Охоронні монітори та реєстратори
365,Дім та сад,Безпека бізнесу та дому,Датчики охоронних систем
2161,Дім та сад,Безпека бізнесу та дому,Датчики руху
3819,Дім та сад,Безпека бізнесу та дому,Охоронні сейфи
3873,Дім та сад,Безпека бізнесу та дому,Домашні системи сигналізації
5491,Дім та сад,Безпека бізнесу та дому,Макети відеокамер спостереження
499865,Дім та сад,Безпека бізнесу та дому,Аксесуари для сейфів
500025,Дім та сад,Безпека бізнесу та дому,Дзеркала для безпеки та охорони
574,Дім та сад,Аксесуари для ванної кімнати
575,Дім та сад,Аксесуари для ванної кімнати,Полички для ванни
577,Дім та сад,Аксесуари для ванної кімнати,Килими та коврики для ванної
578,Дім та сад,Аксесуари для ванної кімнати,Кільця для душових штор
579,Дім та сад,Аксесуари для ванної кімнати,Держачі для серветок для обличчя
580,Дім та сад,Аксесуари для ванної кімнати,Душові штори
582,Дім та сад,Аксесуари для ванної кімнати,Мильниці та тримачі для мила
583,Дім та сад,Аксесуари для ванної кімнати,Туалетні щітки та їх утримувачі
584,Дім та сад,Аксесуари для ванної кімнати,Утримувачі для туалетного паперу
585,Дім та сад,Аксесуари для ванної кімнати,Тримачі для зубних щіток
586,Дім та сад,Аксесуари для ванної кімнати,Полички та підставки для рушників
1962,Дім та сад,Аксесуари для ванної кімнати,Душові штанги
2034,Дім та сад,Аксесуари для ванної кімнати,Гачки для халатів
2418,Дім та сад,Аксесуари для ванної кімнати,Аптечки
4366,Дім та сад,Аксесуари для ванної кімнати,Подушки для ванної
4971,Дім та сад,Аксесуари для ванної кімнати,Диспенсери для мила та лосьйону
5141,Дім та сад,Аксесуари для ванної кімнати,Сушарки для рук
6858,Дім та сад,Аксесуари для ванної кімнати,Набори аксесуарів для ванної кімнати
7093,Дім та сад,Аксесуари для ванної кімнати,Кріплення для аксесуарів ванної кімнати
7509,Дім та сад,Аксесуари для ванної кімнати,Запасні головки для туалетних щіток
8016,Дім та сад,Аксесуари для ванної кімнати,Аксесуари для сушарок для рук
8114,Дім та сад,Аксесуари для ванної кімнати,Безпечні поручні
594,Дім та сад,Освітлення
1436,Дім та сад,Освітлення,Освітлення для надзвичайних ситуацій
1546,Дім та сад,Освітлення,Прожектори та точкові ліхтарі
2370,Дім та сад,Освітлення,Світло для картин
2425,Дім та сад,Освітлення,Лампочки
2690,Дім та сад,Освітлення,Лампочки,Флуоресцентні трубки
2944,Дім та сад,Освітлення,Лампочки,Розжарювальні лампи
2947,Дім та сад,Освітлення,Лампочки,Компактні люмінесцентні лампи
3329,Дім та сад,Освітлення,Лампочки,LED лампочки
2608,Дім та сад,Освітлення,Світлові мотузки та стрічки
3006,Дім та сад,Освітлення,Світильники
2249,Дім та сад,Освітлення,Світильники,Люстри
2524,Дім та сад,Освітлення,Світильники,Світильники для стелі
2809,Дім та сад,Освітлення,Світильники,Світлові прилади для шаф
6073,Дім та сад,Освітлення,Світильники,Настінні світильники
4636,Дім та сад,Освітлення,Лампи
6274,Дім та сад,Освітлення,Рейкове освітлення
4932,Дім та сад,Освітлення,Рейкове освітлення,Світильники для рейкового освітлення
6272,Дім та сад,Освітлення,Рейкове освітлення,Аксесуари для рейкового освітлення
6273,Дім та сад,Освітлення,Рейкове освітлення,Рейки для рейкового освітлення
7399,Дім та сад,Освітлення,Тікі-ліхтарі та нафтові лампи
7400,Дім та сад,Освітлення,Освітлення ландшафтних доріжок
7401,Дім та сад,Освітлення,Закопані світлові прилади
500003,Дім та сад,Освітлення,Плаваючі та занурювані ліхтарики
505826,Дім та сад,Освітлення,Нічники та атмосферне освітлення
600,Дім та сад,Аксесуари для куріння
4082,Дім та сад,Аксесуари для куріння,Попільнички
6878,Дім та сад,Аксесуари для куріння,Гумідори
6879,Дім та сад,Аксесуари для куріння,Ножі та проколювачі для сигар
6880,Дім та сад,Аксесуари для куріння,Аксесуари для гумідорів
6881,Дім та сад,Аксесуари для куріння,Футляри для сигарет
6882,Дім та сад,Аксесуари для куріння,Футляри для сигар
500007,Дім та сад,Аксесуари для куріння,Мундштуки для сигарет
604,Дім та сад,Побутові прилади
609,Дім та сад,Побутові прилади,Відкривачі для гаражних дверей
616,Дім та сад,Побутові прилади,Парові пилососи та мийки для підлоги
543600,Дім та сад,Побутові прилади,Парові пилососи та мийки для підлоги,Парові очищувачі для килимів
543601,Дім та сад,Побутові прилади,Парові пилососи та мийки для підлоги,Шампуні для килимів
543602,Дім та сад,Побутові прилади,Парові пилососи та мийки для підлоги,Машини для миття підлоги
543603,Дім та сад,Побутові прилади,Парові пилососи та мийки для підлоги,Парові швабри
619,Дім та сад,Побутові прилади,Пилососи
621,Дім та сад,Побутові прилади,Водонагрівачі
1626,Дім та сад,Побутові прилади,Пристрої для контролю клімату
605,Дім та сад,Побутові прилади,Пристрої для контролю клімату,Кондиціонери повітря
606,Дім та сад,Побутові прилади,Пристрої для контролю клімату,Очищувачі повітря
607,Дім та сад,Побутові прилади,Пристрої для контролю клімату,Зневоднювачі
608,Дім та сад,Побутові прилади,Пристрої для контролю клімату,Вентилятори
1700,Дім та сад,Побутові прилади,Пристрої для контролю клімату,Вентилятори,Вентилятори для стелі
2535,Дім та сад,Побутові прилади,Пристрої для контролю клімату,Вентилятори,Настільні та підставкові вентилятори
4485,Дім та сад,Побутові прилади,Пристрої для контролю клімату,Вентилятори,Вентилятори для вентиляції
7527,Дім та сад,Побутові прилади,Пристрої для контролю клімату,Вентилятори,Ручні вентилятори та розпилювачі з живленням від електромережі
8090,Дім та сад,Побутові прилади,Пристрої для контролю клімату,Вентилятори,Настінні вентилятори
611,Дім та сад,Побутові прилади,Пристрої для контролю клімату,Обігрівачі приміщень
613,Дім та сад,Побутові прилади,Пристрої для контролю клімату,Зволожувачі
2060,Дім та сад,Побутові прилади,Пристрої для контролю клімату,Опалювальні радіатори
2649,Дім та сад,Побутові прилади,Пристрої для контролю клімату,Обігрівачі для відкритих терас
3082,Дім та сад,Побутові прилади,Пристрої для контролю клімату,Печі та котли
6709,Дім та сад,Побутові прилади,Пристрої для контролю клімату,Вуличні системи туманоутворення
6727,Дім та сад,Побутові прилади,Пристрої для контролю клімату,Випаровувачі-охолоджувачі
7328,Дім та сад,Побутові прилади,Пристрої для контролю клімату,Обігрівачі для вентиляційних каналів
2706,Дім та сад,Побутові прилади,Пральні прилади
2549,Дім та сад,Побутові прилади,Пральні прилади,Пральні машини
2612,Дім та сад,Побутові прилади,Пральні прилади,Сушарки
2849,Дім та сад,Побутові прилади,Пральні прилади,Комбіновані пральні машини
5138,Дім та сад,Побутові прилади,Пральні прилади,Парові праски для одягу
5139,Дім та сад,Побутові прилади,Пральні прилади,Праски та системи прасування
5140,Дім та сад,Побутові прилади,Пральні прилади,Парові преси
4483,Дім та сад,Побутові прилади,Сушарки для футонів
5294,Дім та сад,Побутові прилади,Машини для полірування підлоги
6741,Дім та сад,Побутові прилади,Клавіатури та пульти для гаражних дверей
7121,Дім та сад,Побутові прилади,Пароочисники для шпалер
235920,Дім та сад,Побутові прилади,Сушарки для підлоги та килимів
500081,Дім та сад,Побутові прилади,Ультразвукові очищувачі
630,Дім та сад,Побутові товари
623,Дім та сад,Побутові товари,Прилади та засоби для побутового прибирання
2250,Дім та сад,Побутові товари,Прилади та засоби для побутового прибирання,Пилоочисники
2610,Дім та сад,Побутові товари,Прилади та засоби для побутового прибирання,Скребки
2713,Дім та сад,Побутові товари,Прилади та засоби для побутового прибирання,Швабри
2796,Дім та сад,Побутові товари,Прилади та засоби для побутового прибирання,Губки та шкребки для миття
2857,Дім та сад,Побутові товари,Прилади та засоби для побутового прибирання,Мітли
4515,Дім та сад,Побутові товари,Прилади та засоби для побутового прибирання,Смітники
4670,Дім та сад,Побутові товари,Прилади та засоби для побутового прибирання,Щітки-скребки
4671,Дім та сад,Побутові товари,Прилади та засоби для побутового прибирання,Ручки для мітел та швабр
4677,Дім та сад,Побутові товари,Прилади та засоби для побутового прибирання,Щітки для чищення килимів
4973,Дім та сад,Побутові товари,Прилади та засоби для побутового прибирання,Побутові засоби для прибирання
4974,Дім та сад,Побутові товари,Прилади та засоби для побутового прибирання,Побутові засоби для прибирання,Прилади для чищення килимів
4975,Дім та сад,Побутові товари,Прилади та засоби для побутового прибирання,Побутові засоби для прибирання,Миючі засоби та мило для посуду
4976,Дім та сад,Побутові товари,Прилади та засоби для побутового прибирання,Побутові засоби для прибирання,Засоби для чищення скла та поверхонь
543649,Дім та сад,Побутові товари,Прилади та засоби для побутового прибирання,Побутові засоби для прибирання,Засоби для чищення скла та поверхонь,Засоби для чищення скла
543650,Дім та сад,Побутові товари,Прилади та засоби для побутового прибирання,Побутові засоби для прибирання,Засоби для чищення скла та поверхонь,Засоби для чищення різних поверхонь
4977,Дім та сад,Побутові товари,Прилади та засоби для побутового прибирання,Побутові засоби для прибирання,Засоби для чищення підлоги
4978,Дім та сад,Побутові товари,Прилади та засоби для побутового прибирання,Побутові засоби для прибирання,Засоби для чищення духовок та грилів
4979,Дім та сад,Побутові товари,Прилади та засоби для побутового прибирання,Побутові засоби для прибирання,Засоби від запаху та плям від домашніх тварин
4980,Дім та сад,Побутові товари,Прилади та засоби для побутового прибирання,Побутові засоби для прибирання,Засоби для чищення туалетних чаш
4981,Дім та сад,Побутові товари,Прилади та засоби для побутового прибирання,Побутові засоби для прибирання,Засоби для чищення ванн та плитки
5825,Дім та сад,Побутові товари,Прилади та засоби для побутового прибирання,Побутові засоби для прибирання,Засоби для чищення та полірування меблів
6474,Дім та сад,Побутові товари,Прилади та засоби для побутового прибирання,Побутові засоби для прибирання,Побутові дезінфекційні засоби
7330,Дім та сад,Побутові товари,Прилади та засоби для побутового прибирання,Побутові засоби для прибирання,Універсальні засоби для прибирання
7426,Дім та сад,Побутові товари,Прилади та засоби для побутового прибирання,Побутові засоби для прибирання,Засоби для чищення та полірування нержавіючої сталі
7462,Дім та сад,Побутові товари,Прилади та засоби для побутового прибирання,Побутові засоби для прибирання,Засоби для чищення пральних машин
7510,Дім та сад,Побутові товари,Прилади та засоби для побутового прибирання,Побутові засоби для прибирання,Засоби для чищення посудомийних машин
7552,Дім та сад,Побутові товари,Прилади та засоби для побутового прибирання,Побутові засоби для прибирання,Засоби для полоскання
8043,Дім та сад,Побутові товари,Прилади та засоби для побутового прибирання,Побутові засоби для прибирання,Засоби для чищення тканини та оббивки
500065,Дім та сад,Побутові товари,Прилади та засоби для побутового прибирання,Побутові засоби для прибирання,Засоби для видалення накипу та вапна
5113,Дім та сад,Побутові товари,Прилади та засоби для побутового прибирання,Рукавички для прибирання
6263,Дім та сад,Побутові товари,Прилади та засоби для побутового прибирання,Запасні частини для пилососів
6264,Дім та сад,Побутові товари,Прилади та засоби для побутового прибирання,Насадки та запасні частини для швабри
6419,Дім та сад,Побутові товари,Прилади та засоби для побутового прибирання,Засоби для захисту тканини та оббивки
6437,Дім та сад,Побутові товари,Прилади та засоби для побутового прибирання,Відра
8071,Дім та сад,Побутові товари,Прилади та засоби для побутового прибирання,Рушники для майстерні та універсальні тканини для прибирання
499767,Дім та сад,Побутові товари,Прилади та засоби для побутового прибирання,Головки та запасні частини для щіток-скребків
499892,Дім та сад,Побутові товари,Прилади та засоби для побутового прибирання,Насадки для мітел
627,Дім та сад,Побутові товари,Приладдя для прання
633,Дім та сад,Побутові товари,Приладдя для прання,Дошки для прасування
634,Дім та сад,Побутові товари,Приладдя для прання,Кошики для білизни
2677,Дім та сад,Побутові товари,Приладдя для прання,Сушарки та вішалки
2754,Дім та сад,Побутові товари,Приладдя для прання,Пральний порошок
2794,Дім та сад,Побутові товари,Приладдя для прання,Засоби для зм'якшення тканини та аркуші для сушки
3080,Дім та сад,Побутові товари,Приладдя для прання,Ролики для видалення ворсу
4656,Дім та сад,Побутові товари,Приладдя для прання,Підкладки та чохли для дошки для прасування
4657,Дім та сад,Побутові товари,Приладдя для прання,Засоби для видалення плям з тканини
4982,Дім та сад,Побутові товари,Приладдя для прання,Відбілювачи
5084,Дім та сад,Побутові товари,Приладдя для прання,Кулі для прання
5085,Дім та сад,Побутові товари,Приладдя для прання,Мішки та рамки для прання
5704,Дім та сад,Побутові товари,Приладдя для прання,Прищепки для білизни
5705,Дім та сад,Побутові товари,Приладдя для прання,Машинки для видалення катишків
6240,Дім та сад,Побутові товари,Приладдя для прання,Освіжувачі для тканини
6387,Дім та сад,Побутові товари,Приладдя для прання,Крохмаль для тканини
7320,Дім та сад,Побутові товари,Приладдя для прання,Набори для хімчистки
7457,Дім та сад,Побутові товари,Приладдя для прання,Захисні накладки для одягу
7502,Дім та сад,Побутові товари,Приладдя для прання,Засоби проти зморшок та антистатичні спреї
499931,Дім та сад,Побутові товари,Приладдя для прання,Запасні частини для дошки для прасування
499937,Дім та сад,Побутові товари,Приладдя для прання,Підставки для праски
628,Дім та сад,Побутові товари,Засоби та інструменти для догляду за взуттям
1659,Дім та сад,Побутові товари,Засоби та інструменти для догляду за взуттям,Полірувальні засоби та воски для взуття
1874,Дім та сад,Побутові товари,Засоби та інструменти для догляду за взуттям,Щітки для взуття
2301,Дім та сад,Побутові товари,Засоби та інструменти для догляду за взуттям,Сумки для взуття
2371,Дім та сад,Побутові товари,Засоби та інструменти для догляду за взуттям,Сушарки для взуття
2431,Дім та сад,Побутові товари,Засоби та інструменти для догляду за взуттям,Блоки та формувачі для взуття
5600,Дім та сад,Побутові товари,Засоби та інструменти для догляду за взуттям,Витяжки для чобіт
5601,Дім та сад,Побутові товари,Засоби та інструменти для догляду за взуттям,Штифти для взуття та допоміжні засоби для одягання
5604,Дім та сад,Побутові товари,Засоби та інструменти для догляду за взуттям,Засоби для догляду за взуттям та барвники
8031,Дім та сад,Побутові товари,Засоби та інструменти для догляду за взуттям,Шкребки для взуття
8032,Дім та сад,Побутові товари,Засоби та інструменти для догляду за взуттям,Полірувальники для взуття
8033,Дім та сад,Побутові товари,Засоби та інструменти для догляду за взуттям,Набори для догляду за взуттям
636,Дім та сад,Побутові товари,Зберігання та організація
2446,Дім та сад,Побутові товари,Зберігання та організація,Гачки та стелажі для зберігання
5494,Дім та сад,Побутові товари,Зберігання та організація,Гачки та стелажі для зберігання,Підставки та стійки для парасольок
5707,Дім та сад,Побутові товари,Зберігання та організація,Гачки та стелажі для зберігання,Універсальні гачки
499930,Дім та сад,Побутові товари,Зберігання та організація,Гачки та стелажі для зберігання,Гачки та стійки для дошки для прасування
3561,Дім та сад,Побутові товари,Зберігання та організація,Побутові сумки для зберігання
4360,Дім та сад,Побутові товари,Зберігання та організація,Зберігання фотографій
40,Дім та сад,Побутові товари,Зберігання та організація,Зберігання фотографій,Фотоальбоми
4237,Дім та сад,Побутові товари,Зберігання та організація,Зберігання фотографій,Коробки для зберігання фотографій
5128,Дім та сад,Побутові товари,Зберігання та організація,Шухляди для їдального прибору
5558,Дім та сад,Побутові товари,Зберігання та організація,Зберігання одягу та гардеробу
631,Дім та сад,Побутові товари,Зберігання та організація,Зберігання одягу та гардеробу,Вішалки
3722,Дім та сад,Побутові товари,Зберігання та організація,Зберігання одягу та гардеробу,Стійки для зарядки
5559,Дім та сад,Побутові товари,Зберігання та організація,Зберігання одягу та гардеробу,Стелажі та органайзери для взуття
5714,Дім та сад,Побутові товари,Зберігання та організація,Зберігання одягу та гардеробу,Органайзери для гардеробу та вішалки для одягу
5716,Дім та сад,Побутові товари,Зберігання та організація,Зберігання одягу та гардеробу,Вішалки-секретарі
7514,Дім та сад,Побутові товари,Зберігання та організація,Зберігання одягу та гардеробу,Шкатулки для капелюхів
5631,Дім та сад,Побутові товари,Зберігання та організація,Побутові контейнери для зберігання
6986,Дім та сад,Побутові товари,Зберігання та організація,Побутові кошики для зберігання
7255,Дім та сад,Побутові товари,Зберігання та організація,Побутові шухляди для зберігання
8058,Дім та сад,Побутові товари,Зберігання та організація,Вставки-органайзери для побутових шухляд
728,Дім та сад,Побутові товари,Засоби від шкідників
2631,Дім та сад,Побутові товари,Засоби від шкідників,Пастки від шкідників
2865,Дім та сад,Побутові товари,Засоби від шкідників,Репеленти
512,Дім та сад,Побутові товари,Засоби від шкідників,Репеленти,Побутові засоби від комах
7137,Дім та сад,Побутові товари,Засоби від шкідників,Репеленти,Засоби відлякування тварин та домашніх тварин
2869,Дім та сад,Побутові товари,Засоби від шкідників,Пестициди
4220,Дім та сад,Побутові товари,Засоби від шкідників,Мухобійки
2374,Дім та сад,Побутові товари,Мішки для сміття
2530,Дім та сад,Побутові товари,Побутові паперові вироби
624,Дім та сад,Побутові товари,Побутові паперові вироби,Серветки для обличчя
629,Дім та сад,Побутові товари,Побутові паперові вироби,Туалетний папір
2742,Дім та сад,Побутові товари,Побутові паперові вироби,Паперові рушники
3846,Дім та сад,Побутові товари,Побутові паперові вироби,Паперові серветки
3307,Дім та сад,Побутові товари,Підкладки для килимів
3355,Дім та сад,Побутові товари,Побутові термометри
4516,Дім та сад,Побутові товари,Зберігання відходів
637,Дім та сад,Побутові товари,Зберігання відходів,Смітники та кошики для сміття
4517,Дім та сад,Побутові товари,Зберігання відходів,Контейнери для сортування відходів
5143,Дім та сад,Побутові товари,Зберігання відходів,Контейнери для небезпечних відходів
500039,Дім та сад,Побутові товари,Зберігання відходів,Контейнери для сміття
5056,Дім та сад,Побутові товари,Аксесуари для пресів для сміття
6757,Дім та сад,Побутові товари,Аксесуари для зберігання відходів
4717,Дім та сад,Побутові товари,Аксесуари для зберігання відходів,Кришки для контейнерів з відходами
6726,Дім та сад,Побутові товари,Аксесуари для зберігання відходів,Огородження для контейнерів з відходами
6758,Дім та сад,Побутові товари,Аксесуари для зберігання відходів,Колеса для контейнерів з відходами
6765,Дім та сад,Побутові товари,Аксесуари для зберігання відходів,Візки для контейнерів з відходами
500115,Дім та сад,Побутові товари,Аксесуари для зберігання відходів,Етикетки та знаки для контейнерів з відходами
7214,Дім та сад,Побутові товари,Захисники для підлоги від меблів
7351,Дім та сад,Побутові товари,Вкладиші для шухляд та полиць
7406,Дім та сад,Побутові товари,Поглиначі вологи
8522,Дім та сад,Побутові товари,Килимики для гаражного підлоги
499674,Дім та сад,Побутові товари,Плівка та килимки для захисту підлоги
499885,Дім та сад,Побутові товари,Сходинки сходів
638,Дім та сад,Кухня та їдальня
649,Дім та сад,Кухня та їдальня,Барне приладдя
650,Дім та сад,Кухня та їдальня,Барне приладдя,Декантери
651,Дім та сад,Кухня та їдальня,Барне приладдя,Шейкери та інструменти для коктейлів
3427,Дім та сад,Кухня та їдальня,Барне приладдя,Шейкери та інструменти для коктейлів,Відкривачки для пляшок
4222,Дім та сад,Кухня та їдальня,Барне приладдя,Шейкери та інструменти для коктейлів,Льодяні шпажки для бару
6956,Дім та сад,Кухня та їдальня,Барне приладдя,Шейкери та інструменти для коктейлів,Шейкери для коктейлів
503757,Дім та сад,Кухня та їдальня,Барне приладдя,Шейкери та інструменти для коктейлів,Мадлери
505327,Дім та сад,Кухня та їдальня,Барне приладдя,Шейкери та інструменти для коктейлів,Сита для коктейлів
1817,Дім та сад,Кухня та їдальня,Барне приладдя,Диспенсери та крани для пива
2363,Дім та сад,Кухня та їдальня,Барне приладдя,Підставки для склянок
2976,Дім та сад,Кухня та їдальня,Барне приладдя,Коркові штопори
4562,Дім та сад,Кухня та їдальня,Барне приладдя,Затискачі та зберігачі для пляшок
4563,Дім та сад,Кухня та їдальня,Барне приладдя,Аератори для вина
6957,Дім та сад,Кухня та їдальня,Барне приладдя,Набори інструментів для коктейлів та барного приладдя
7008,Дім та сад,Кухня та їдальня,Барне приладдя,Прикраси для винних келихів
7075,Дім та сад,Кухня та їдальня,Барне приладдя,Фонтани для абсенту
7139,Дім та сад,Кухня та їдальня,Барне приладдя,Ножі для фольги
7238,Дім та сад,Кухня та їдальня,Барне приладдя,Підставки для кухольних подставок
7569,Дім та сад,Кухня та їдальня,Барне приладдя,Кубики та палички для охолодження напоїв
8493,Дім та сад,Кухня та їдальня,Барне приладдя,Тримачі для пляшок вина
499990,Дім та сад,Кухня та їдальня,Барне приладдя,Кришки для пляшок
505806,Дім та сад,Кухня та їдальня,Барне приладдя,Ванни та охолоджувачі для напоїв
668,Дім та сад,Кухня та їдальня,Кухонні інструменти та приладдя
639,Дім та сад,Кухня та їдальня,Кухонні інструменти та приладдя,Фартухи
653,Дім та сад,Кухня та їдальня,Кухонні інструменти та приладдя,Друшляки та сита
665,Дім та сад,Кухня та їдальня,Кухонні інструменти та приладдя,Кухонні ножі
666,Дім та сад,Кухня та їдальня,Кухонні інструменти та приладдя,Дошки для різання
670,Дім та сад,Кухня та їдальня,Кухонні інструменти та приладдя,Рукавички для духовки та тримачі для каструль
733,Дім та сад,Кухня та їдальня,Кухонні інструменти та приладдя,Відкривачки для банок
741,Дім та сад,Кухня та їдальня,Кухонні інструменти та приладдя,Електричні ножі
2948,Дім та сад,Кухня та їдальня,Кухонні інструменти та приладдя,Кухонні органайзери
2344,Дім та сад,Кухня та їдальня,Кухонні інструменти та приладдя,Кухонні органайзери,Органайзери для спецій
3061,Дім та сад,Кухня та їдальня,Кухонні інструменти та приладдя,Кухонні органайзери,Тримачі та диспенсери для паперових рушників
3072,Дім та сад,Кухня та їдальня,Кухонні інструменти та приладдя,Кухонні органайзери,Підставки та диспенсери для серветок
3177,Дім та сад,Кухня та їдальня,Кухонні інструменти та приладдя,Кухонні органайзери,Органайзери для кухонного столу та бару
3479,Дім та сад,Кухня та їдальня,Кухонні інструменти та приладдя,Кухонні органайзери,Тримачі для посуду для напоїв
3831,Дім та сад,Кухня та їдальня,Кухонні інструменти та приладдя,Кухонні органайзери,Підноси для столових приборів та посуду
3845,Дім та сад,Кухня та їдальня,Кухонні інструменти та приладдя,Кухонні органайзери,Стелажі для горщиків
4322,Дім та сад,Кухня та їдальня,Кухонні інструменти та приладдя,Кухонні органайзери,Підставки та дозатори для зубочисток
5059,Дім та сад,Кухня та їдальня,Кухонні інструменти та приладдя,Кухонні органайзери,Тримачі та диспенсери для соломинок
5157,Дім та сад,Кухня та їдальня,Кухонні інструменти та приладдя,Кухонні органайзери,Блоки та тримачі для ножів
6415,Дім та сад,Кухня та їдальня,Кухонні інструменти та приладдя,Кухонні органайзери,Цукерниці
6480,Дім та сад,Кухня та їдальня,Кухонні інструменти та приладдя,Кухонні органайзери,Органайзери для банок
6487,Дім та сад,Кухня та їдальня,Кухонні інструменти та приладдя,Кухонні органайзери,Органайзери для кухонних шаф
8012,Дім та сад,Кухня та їдальня,Кухонні інструменти та приладдя,Кухонні органайзери,Стійки та тримачі для кухонних приладдів
3091,Дім та сад,Кухня та їдальня,Кухонні інструменти та приладдя,Кулінарні термометри
3156,Дім та сад,Кухня та їдальня,Кухонні інструменти та приладдя,Терки та щітки для продуктів
3175,Дім та сад,Кухня та їдальня,Кухонні інструменти та приладдя,Лопатки
3202,Дім та сад,Кухня та їдальня,Кухонні інструменти та приладдя,Лопатки,Ложки для морозива
3258,Дім та сад,Кухня та їдальня,Кухонні інструменти та приладдя,Лопатки,Ложки для дині
3708,Дім та сад,Кухня та їдальня,Кухонні інструменти та приладдя,Лопатки,Лопатки для льоду
502966,Дім та сад,Кухня та їдальня,Кухонні інструменти та приладдя,Лопатки,Лопатки для попкорну та картоплі фрі
3196,Дім та сад,Кухня та їдальня,Кухонні інструменти та приладдя,Шпателі
3206,Дім та сад,Кухня та їдальня,Кухонні інструменти та приладдя,Кухонні різаки
3248,Дім та сад,Кухня та їдальня,Кухонні інструменти та приладдя,М'ясорубки
3256,Дім та сад,Кухня та їдальня,Кухонні інструменти та приладдя,Кухонні шкребки
3086,Дім та сад,Кухня та їдальня,Кухонні інструменти та приладдя,Кухонні шкребки,Шкребки для миски
3419,Дім та сад,Кухня та їдальня,Кухонні інструменти та приладдя,Кухонні шкребки,Скребки для верстака
3633,Дім та сад,Кухня та їдальня,Кухонні інструменти та приладдя,Кухонні шкребки,Шкребки для грилю
3268,Дім та сад,Кухня та їдальня,Кухонні інструменти та приладдя,Сушарки та піддони для посуду
3294,Дім та сад,Кухня та їдальня,Кухонні інструменти та приладдя,Товкачі
3347,Дім та сад,Кухня та їдальня,Кухонні інструменти та приладдя,Шприци для заправки
3381,Дім та сад,Кухня та їдальня,Кухонні інструменти та приладдя,Галети
3586,Дім та сад,Кухня та їдальня,Кухонні інструменти та приладдя,Галети,Щипці для раків та крабів
3685,Дім та сад,Кухня та їдальня,Кухонні інструменти та приладдя,Галети,Горіхоколи
4214,Дім та сад,Кухня та їдальня,Кухонні інструменти та приладдя,Галети,Горіхоколи,Декоративні горіхоколи
3385,Дім та сад,Кухня та їдальня,Кухонні інструменти та приладдя,Преси для часнику
3421,Дім та сад,Кухня та їдальня,Кухонні інструменти та приладдя,Різаки для піци
3430,Дім та сад,Кухня та їдальня,Кухонні інструменти та приладдя,Кулінарні пензлики для заправки
3467,Дім та сад,Кухня та їдальня,Кухонні інструменти та приладдя,Валики для тіста
3475,Дім та сад,Кухня та їдальня,Кухонні інструменти та приладдя,Мірні чашки та ложки
3521,Дім та сад,Кухня та їдальня,Кухонні інструменти та приладдя,Очищувачі та видалювачі серцевини для продуктів
3597,Дім та сад,Кухня та їдальня,Кухонні інструменти та приладдя,Віники для збивання
3620,Дім та сад,Кухня та їдальня,Кухонні інструменти та приладдя,Черпаки
3713,Дім та сад,Кухня та їдальня,Кухонні інструменти та приладдя,Таймери для приготування їжі
3723,Дім та сад,Кухня та їдальня,Кухонні інструменти та приладдя,Дозатори для продуктів
3768,Дім та сад,Кухня та їдальня,Кухонні інструменти та приладдя,Лопатки для випічки
3835,Дім та сад,Кухня та їдальня,Кухонні інструменти та приладдя,Решітки для охолодження
3850,Дім та сад,Кухня та їдальня,Кухонні інструменти та приладдя,Формочки для печива
3914,Дім та сад,Кухня та їдальня,Кухонні інструменти та приладдя,Сушарки для салату
3999,Дім та сад,Кухня та їдальня,Кухонні інструменти та приладдя,Ступки та пестлі
4005,Дім та сад,Кухня та їдальня,Кухонні інструменти та приладдя,Щипці
4247,Дім та сад,Кухня та їдальня,Кухонні інструменти та приладдя,Дробарі для банок
4332,Дім та сад,Кухня та їдальня,Кухонні інструменти та приладдя,Блендери для тіста
4334,Дім та сад,Кухня та їдальня,Кухонні інструменти та приладдя,Підставки для ложок
4530,Дім та сад,Кухня та їдальня,Кухонні інструменти та приладдя,Миски для змішування
4559,Дім та сад,Кухня та їдальня,Кухонні інструменти та приладдя,Чайні ситечка
4630,Дім та сад,Кухня та їдальня,Кухонні інструменти та приладдя,Матеріали для декорування тортів
4705,Дім та сад,Кухня та їдальня,Кухонні інструменти та приладдя,Аксесуари для валика для тіста
4706,Дім та сад,Кухня та їдальня,Кухонні інструменти та приладдя,Аксесуари для валика для тіста,Чохли та накладки для валика для тіста
4707,Дім та сад,Кухня та їдальня,Кухонні інструменти та приладдя,Аксесуари для валика для тіста,Кільця для валика для тіста
4708,Дім та сад,Кухня та їдальня,Кухонні інструменти та приладдя,Серветки для випічки
4746,Дім та сад,Кухня та їдальня,Кухонні інструменти та приладдя,Форми для льоду
4762,Дім та сад,Кухня та їдальня,Кухонні інструменти та приладдя,Млинки для спецій
4765,Дім та сад,Кухня та їдальня,Кухонні інструменти та приладдя,Набори кухонних приладдів
4771,Дім та сад,Кухня та їдальня,Кухонні інструменти та приладдя,Мішки для запікання
4777,Дім та сад,Кухня та їдальня,Кухонні інструменти та приладдя,Дозатори для приправ
4788,Дім та сад,Кухня та їдальня,Кухонні інструменти та приладдя,Аксесуари для млинків для спецій
5078,Дім та сад,Кухня та їдальня,Кухонні інструменти та приладдя,Виделки для нарізання м'яса
5080,Дім та сад,Кухня та їдальня,Кухонні інструменти та приладдя,Килимки та решітки для раковини
5109,Дім та сад,Кухня та їдальня,Кухонні інструменти та приладдя,Преси для картоплі
5251,Дім та сад,Кухня та їдальня,Кухонні інструменти та приладдя,Кухонні ножиці
5370,Дім та сад,Кухня та їдальня,Кухонні інструменти та приладдя,Сита для борошна
5928,Дім та сад,Кухня та їдальня,Кухонні інструменти та приладдя,Кулінарні горілки
6342,Дім та сад,Кухня та їдальня,Кухонні інструменти та приладдя,Преси для печива
6388,Дім та сад,Кухня та їдальня,Кухонні інструменти та приладдя,Ложки з отворами
6408,Дім та сад,Кухня та їдальня,Кухонні інструменти та приладдя,Лопатки для тортів
6411,Дім та сад,Кухня та їдальня,Кухонні інструменти та приладдя,Аксесуари для електричних ножів
6412,Дім та сад,Кухня та їдальня,Кухонні інструменти та приладдя,Аксесуари для електричних ножів,Запасні леза для електричних ножів
6497,Дім та сад,Кухня та їдальня,Кухонні інструменти та приладдя,Міксери та шейкери для заправки до салату
6522,Дім та сад,Кухня та їдальня,Кухонні інструменти та приладдя,Ножі для канавок
6526,Дім та сад,Кухня та їдальня,Кухонні інструменти та приладдя,Дозатори для олії та оцету
6554,Дім та сад,Кухня та їдальня,Кухонні інструменти та приладдя,Палички та шампури для їжі
6723,Дім та сад,Кухня та їдальня,Кухонні інструменти та приладдя,Ролики для тіста
6746,Дім та сад,Кухня та їдальня,Кухонні інструменти та приладдя,Органайзери для раковини
6749,Дім та сад,Кухня та їдальня,Кухонні інструменти та приладдя,Форми та штампи для пасти
6787,Дім та сад,Кухня та їдальня,Кухонні інструменти та приладдя,Форми для желатину
6974,Дім та сад,Кухня та їдальня,Кухонні інструменти та приладдя,Дозатори для цукру
7149,Дім та сад,Кухня та їдальня,Кухонні інструменти та приладдя,Диспенсери для напоїв
7247,Дім та сад,Кухня та їдальня,Кухонні інструменти та приладдя,Килимки для суші
7329,Дім та сад,Кухня та їдальня,Кухонні інструменти та приладдя,Пакети для варіння на пару
7331,Дім та сад,Кухня та їдальня,Кухонні інструменти та приладдя,Аксесуари для кулінарних термометрів
7365,Дім та сад,Кухня та їдальня,Кухонні інструменти та приладдя,Аксесуари для різака для піци
7485,Дім та сад,Кухня та їдальня,Кухонні інструменти та приладдя,Преси для сушеної м'ясної закуски
8006,Дім та сад,Кухня та їдальня,Кухонні інструменти та приладдя,Кухонні форми
503005,Дім та сад,Кухня та їдальня,Кухонні інструменти та приладдя,Лійки
505316,Дім та сад,Кухня та їдальня,Кухонні інструменти та приладдя,Трафарети для їжі та напоїв
672,Дім та сад,Кухня та їдальня,Посуд
652,Дім та сад,Кухня та їдальня,Посуд,Кавники та чайники
673,Дім та сад,Кухня та їдальня,Посуд,Посуд для вечері
3498,Дім та сад,Кухня та їдальня,Посуд,Посуд для вечері,Миски
3553,Дім та сад,Кухня та їдальня,Посуд,Посуд для вечері,Тарілки
5537,Дім та сад,Кухня та їдальня,Посуд,Посуд для вечері,Набори посуду для вечері
674,Дім та сад,Кухня та їдальня,Посуд,Посуд для напоїв
2169,Дім та сад,Кухня та їдальня,Посуд,Посуд для напоїв,Кружки
2694,Дім та сад,Кухня та їдальня,Посуд,Посуд для напоїв,Стопки
2712,Дім та сад,Кухня та їдальня,Посуд,Посуд для напоїв,Винні келихи
2951,Дім та сад,Кухня та їдальня,Посуд,Посуд для напоїв,Тамблери
6049,Дім та сад,Кухня та їдальня,Посуд,Посуд для напоїв,Кавові та чайні чашки
6051,Дім та сад,Кухня та їдальня,Посуд,Посуд для напоїв,Блюдця для кави та чаю
6958,Дім та сад,Кухня та їдальня,Посуд,Посуд для напоїв,Набори посуду для напоїв
7568,Дім та сад,Кухня та їдальня,Посуд,Посуд для напоїв,Пивні склянки
675,Дім та сад,Кухня та їдальня,Посуд,Їдальний прибір
3699,Дім та сад,Кухня та їдальня,Посуд,Їдальний прибір,Палички для їжі
3844,Дім та сад,Кухня та їдальня,Посуд,Їдальний прибір,Столові ножі
3939,Дім та сад,Кухня та їдальня,Посуд,Їдальний прибір,Ложки
4015,Дім та сад,Кухня та їдальня,Посуд,Їдальний прибір,Виделки
5647,Дім та сад,Кухня та їдальня,Посуд,Їдальний прибір,Набори їдального прибору
6439,Дім та сад,Кухня та їдальня,Посуд,Їдальний прибір,Аксесуари для паличок для їжі
676,Дім та сад,Кухня та їдальня,Посуд,Солонки та перечниці
677,Дім та сад,Кухня та їдальня,Посуд,Підставки під гаряче
4026,Дім та сад,Кухня та їдальня,Посуд,Посуд для подачі страв
3330,Дім та сад,Кухня та їдальня,Посуд,Посуд для подачі страв,Кувшини та графіни для подачі
3373,Дім та сад,Кухня та їдальня,Посуд,Посуд для подачі страв,Цукерниці та молочники
3703,Дім та сад,Кухня та їдальня,Посуд,Посуд для подачі страв,Соусники
3802,Дім та сад,Кухня та їдальня,Посуд,Посуд для подачі страв,Підноси для подачі страв
3941,Дім та сад,Кухня та їдальня,Посуд,Посуд для подачі страв,Супниці
4009,Дім та сад,Кухня та їдальня,Посуд,Посуд для подачі страв,Сервірувальні підноси
4372,Дім та сад,Кухня та їдальня,Посуд,Посуд для подачі страв,Підставки для тортів
4735,Дім та сад,Кухня та їдальня,Посуд,Посуд для подачі страв,Чаші для пуншу
5135,Дім та сад,Кухня та їдальня,Посуд,Посуд для подачі страв,Підкладки для тортів
6086,Дім та сад,Кухня та їдальня,Посуд,Посуд для подачі страв,Масляниці
7550,Дім та сад,Кухня та їдальня,Посуд,Посуд для подачі страв,Підставки для яєць
6425,Дім та сад,Кухня та їдальня,Посуд,Аксесуари для посуду для подачі страв
6426,Дім та сад,Кухня та їдальня,Посуд,Аксесуари для посуду для подачі страв,Підставки для супниць
6427,Дім та сад,Кухня та їдальня,Посуд,Аксесуари для посуду для подачі страв,Кришки для супниць
6434,Дім та сад,Кухня та їдальня,Посуд,Аксесуари для посуду для подачі страв,Підставки для пуншу
6740,Дім та сад,Кухня та їдальня,Посуд,Набори для кави та чаю
8046,Дім та сад,Кухня та їдальня,Посуд,Зажими та ваги для скатертини
730,Дім та сад,Кухня та їдальня,Кухонна техніка
610,Дім та сад,Кухня та їдальня,Кухонна техніка,Утилізатори відходів
679,Дім та сад,Кухня та їдальня,Кухонна техніка,Варочні поверхні
680,Дім та сад,Кухня та їдальня,Кухонна техніка,Посудомийні машини
681,Дім та сад,Кухня та їдальня,Кухонна техніка,Морозильники
683,Дім та сад,Кухня та їдальня,Кухонна техніка,Духовки
684,Дім та сад,Кухня та їдальня,Кухонна техніка,Витяжки
685,Дім та сад,Кухня та їдальня,Кухонна техніка,Плити
686,Дім та сад,Кухня та їдальня,Кухонна техніка,Холодильники
687,Дім та сад,Кухня та їдальня,Кухонна техніка,Коптильні для їжі
688,Дім та сад,Кухня та їдальня,Кухонна техніка,Преси для сміття
732,Дім та сад,Кухня та їдальня,Кухонна техніка,Хлібопічки
736,Дім та сад,Кухня та їдальня,Кухонна техніка,Кавоварки та еспресо-машини
1388,Дім та сад,Кухня та їдальня,Кухонна техніка,Кавоварки та еспресо-машини,Кавоварки з крапельним фільтром
1557,Дім та сад,Кухня та їдальня,Кухонна техніка,Кавоварки та еспресо-машини,Френч-преси
1647,Дім та сад,Кухня та їдальня,Кухонна техніка,Кавоварки та еспресо-машини,Електричні та кавоварки для еспрессо
2247,Дім та сад,Кухня та їдальня,Кухонна техніка,Кавоварки та еспресо-машини,Перколятори
2422,Дім та сад,Кухня та їдальня,Кухонна техніка,Кавоварки та еспресо-машини,Кавоварки для еспресо
5286,Дім та сад,Кухня та їдальня,Кухонна техніка,Кавоварки та еспресо-машини,Вакуумні кавоварки
738,Дім та сад,Кухня та їдальня,Кухонна техніка,Фритюрниці
743,Дім та сад,Кухня та їдальня,Кухонна техніка,Сушарки для продуктів
744,Дім та сад,Кухня та їдальня,Кухонна техніка,М'ясорубки та млини для продуктів
747,Дім та сад,Кухня та їдальня,Кухонна техніка,Електричні плитки
748,Дім та сад,Кухня та їдальня,Кухонна техніка,Машинки для морозива
749,Дім та сад,Кухня та їдальня,Кухонна техніка,Дробарки та бритви для льоду
750,Дім та сад,Кухня та їдальня,Кухонна техніка,Соковижималки
751,Дім та сад,Кухня та їдальня,Кухонна техніка,Електричні чайники
752,Дім та сад,Кухня та їдальня,Кухонна техніка,Точила для ножів
753,Дім та сад,Кухня та їдальня,Кухонна техніка,Мікрохвильові печі
755,Дім та сад,Кухня та їдальня,Кухонна техніка,Машинки для пасти
756,Дім та сад,Кухня та їдальня,Кухонна техніка,Машинки для попкорну
763,Дім та сад,Кухня та їдальня,Кухонна техніка,Вакуумні запайщики
765,Дім та сад,Кухня та їдальня,Кухонна техніка,Водяні фільтри
766,Дім та сад,Кухня та їдальня,Кухонна техніка,Прилади для виготовлення йогурту
1015,Дім та сад,Кухня та їдальня,Кухонна техніка,Переносні кухонні плити
2985,Дім та сад,Кухня та їдальня,Кухонна техніка,Вуличні грилі
3181,Дім та сад,Кухня та їдальня,Кухонна техніка,Різачі для делікатесів
3293,Дім та сад,Кухня та їдальня,Кухонна техніка,Водяні кулери
3319,Дім та сад,Кухня та їдальня,Кухонна техніка,Машинки для виготовлення цукрової вати
3526,Дім та сад,Кухня та їдальня,Кухонна техніка,Пінітелі та парові кавоварки для молока
4161,Дім та сад,Кухня та їдальня,Кухонна техніка,Машинки для льоду
4421,Дім та сад,Кухня та їдальня,Кухонна техніка,Електричні сковорідки та воки
4482,Дім та сад,Кухня та їдальня,Кухонна техніка,Прилади для приготування тістечок моті
4495,Дім та сад,Кухня та їдальня,Кухонна техніка,Ростерні духовки та вертелі
4528,Дім та сад,Кухня та їдальня,Кухонна техніка,Чайники
4532,Дім та сад,Кухня та їдальня,Кухонна техніка,Кухонні плити та пароварки
737,Дім та сад,Кухня та їдальня,Кухонна техніка,Кухонні плити та пароварки,Повільноварки
739,Дім та сад,Кухня та їдальня,Кухонна техніка,Кухонні плити та пароварки,Пристрої для варіння яєць
757,Дім та сад,Кухня та їдальня,Кухонна техніка,Кухонні плити та пароварки,Рисоварки
760,Дім та сад,Кухня та їдальня,Кухонна техніка,Кухонні плити та пароварки,Пароварки
6279,Дім та сад,Кухня та їдальня,Кухонна техніка,Кухонні плити та пароварки,Водяні печі
6523,Дім та сад,Кухня та їдальня,Кухонна техніка,Кухонні плити та пароварки,Термічні кухонні прилади
4539,Дім та сад,Кухня та їдальня,Кухонна техніка,Винні холодильники
4720,Дім та сад,Кухня та їдальня,Кухонна техніка,Горщики для фондю та набори
5057,Дім та сад,Кухня та їдальня,Кухонна техніка,Прилади для виготовлення соєвого молока
5090,Дім та сад,Кухня та їдальня,Кухонна техніка,Машини для темперування шоколаду
5103,Дім та сад,Кухня та їдальня,Кухонна техніка,Прилади для підігріву їжі
4292,Дім та сад,Кухня та їдальня,Кухонна техніка,Прилади для підігріву їжі,Парові столи
5349,Дім та сад,Кухня та їдальня,Кухонна техніка,Прилади для підігріву їжі,Теплові лампи для продуктів
6548,Дім та сад,Кухня та їдальня,Кухонна техніка,Прилади для підігріву їжі,Блюда для подачі гарячих страв
504633,Дім та сад,Кухня та їдальня,Кухонна техніка,Прилади для підігріву їжі,Контейнери для рису
5156,Дім та сад,Кухня та їдальня,Кухонна техніка,Прилади для приготування заморожених напоїв
5287,Дім та сад,Кухня та їдальня,Кухонна техніка,Підігрівачі для напоїв
5289,Дім та сад,Кухня та їдальня,Кухонна техніка,Тостери та грилі
759,Дім та сад,Кухня та їдальня,Кухонна техніка,Тостери та грилі,Тостери для сендвічів
761,Дім та сад,Кухня та їдальня,Кухонна техніка,Тостери та грилі,Прилади для приготування їжі: міні-духовки та тостери
762,Дім та сад,Кухня та їдальня,Кухонна техніка,Тостери та грилі,Тостери
764,Дім та сад,Кухня та їдальня,Кухонна техніка,Тостери та грилі,Вафельниці
5291,Дім та сад,Кухня та їдальня,Кухонна техніка,Тостери та грилі,Пристрої для виготовлення піццелле
5292,Дім та сад,Кухня та їдальня,Кухонна техніка,Тостери та грилі,Машинки для виготовлення тортильї та лавашу
5318,Дім та сад,Кухня та їдальня,Кухонна техніка,Тостери та грилі,Прилади для випічки мафінів та кексів
6278,Дім та сад,Кухня та їдальня,Кухонна техніка,Тостери та грилі,Пристрої для виготовлення піци та печі
6516,Дім та сад,Кухня та їдальня,Кухонна техніка,Тостери та грилі,Машинки для виробництва прецелів
6819,Дім та сад,Кухня та їдальня,Кухонна техніка,Тостери та грилі,Машинки для виготовлення пончиків
5577,Дім та сад,Кухня та їдальня,Кухонна техніка,Прилади для приготування газованої води
6524,Дім та сад,Кухня та їдальня,Кухонна техніка,Газові скалети
6543,Дім та сад,Кухня та їдальня,Кухонна техніка,Прилади для приготування гарячих напоїв
7165,Дім та сад,Кухня та їдальня,Кухонна техніка,Електричні сковороди та грилі
505666,Дім та сад,Кухня та їдальня,Кухонна техніка,Кухонні міксери та блендери
2626,Дім та сад,Кухня та їдальня,Зберігання їжі
667,Дім та сад,Кухня та їдальня,Зберігання їжі,Контейнери для зберігання їжі
2644,Дім та сад,Кухня та їдальня,Зберігання їжі,Банки для печива
3110,Дім та сад,Кухня та їдальня,Зберігання їжі,Пакувальна плівка для їжі
1496,Дім та сад,Кухня та їдальня,Зберігання їжі,Пакувальна плівка для їжі,Фольга
3750,Дім та сад,Кухня та їдальня,Зберігання їжі,Пакувальна плівка для їжі,Пластикова плівка
3956,Дім та сад,Кухня та їдальня,Зберігання їжі,Пакувальна плівка для їжі,Папір для воскування
5642,Дім та сад,Кухня та їдальня,Зберігання їжі,Пакувальна плівка для їжі,Папір для випічки
3337,Дім та сад,Кухня та їдальня,Зберігання їжі,Хлібниці та пакети для хліба
3591,Дім та сад,Кухня та їдальня,Зберігання їжі,Пакети для зберігання їжі
5134,Дім та сад,Кухня та їдальня,Зберігання їжі,Банки для меду
6481,Дім та сад,Кухня та їдальня,Зберігання їжі,Кришки для їжі
6534,Дім та сад,Кухня та їдальня,Зберігання їжі,Відра для цукерок
2901,Дім та сад,Кухня та їдальня,Аксесуари для кухонної техніки
1334,Дім та сад,Кухня та їдальня,Аксесуари для кухонної техніки,Аксесуари для мікрохвильових печей
2540,Дім та сад,Кухня та їдальня,Аксесуари для кухонної техніки,Аксесуари для машинки для пасти
3443,Дім та сад,Кухня та їдальня,Аксесуари для кухонної техніки,Запчастини та аксесуари для посудомийних машин
3489,Дім та сад,Кухня та їдальня,Аксесуари для кухонної техніки,Аксесуари для хлібопічок
3523,Дім та сад,Кухня та їдальня,Аксесуари для кухонної техніки,Аксесуари для вакуумних запайщиків
3124,Дім та сад,Кухня та їдальня,Аксесуари для кухонної техніки,Аксесуари для вакуумних запайщиків,Пакети для вакуумних запайщиків
3684,Дім та сад,Кухня та їдальня,Аксесуари для кухонної техніки,Аксесуари для вуличного грилю
3382,Дім та сад,Кухня та їдальня,Аксесуари для кухонної техніки,Аксесуари для вуличного грилю,Решітки та накладки для вуличного грилю
3855,Дім та сад,Кухня та їдальня,Аксесуари для кухонної техніки,Аксесуари для вуличного грилю,Чохли для вуличного грилю
4560,Дім та сад,Кухня та їдальня,Аксесуари для кухонної техніки,Аксесуари для вуличного грилю,Вертела та кошики для вуличного грилю
5670,Дім та сад,Кухня та їдальня,Аксесуари для кухонної техніки,Аксесуари для вуличного грилю,Візки для вуличного грилю
5671,Дім та сад,Кухня та їдальня,Аксесуари для кухонної техніки,Аксесуари для вуличного грилю,Чіпси та гранули для куріння
5672,Дім та сад,Кухня та їдальня,Аксесуари для кухонної техніки,Аксесуари для вуличного грилю,Дошки для вуличного грилю
5694,Дім та сад,Кухня та їдальня,Аксесуари для кухонної техніки,Аксесуари для вуличного грилю,Брикети з деревного вугілля
7540,Дім та сад,Кухня та їдальня,Аксесуари для кухонної техніки,Аксесуари для вуличного грилю,Димарі для деревного вугілля
505667,Дім та сад,Кухня та їдальня,Аксесуари для кухонної техніки,Аксесуари для вуличного грилю,Запасні частини для вуличного грилю
3848,Дім та сад,Кухня та їдальня,Аксесуари для кухонної техніки,Аксесуари для холодильників
3954,Дім та сад,Кухня та їдальня,Аксесуари для кухонної техніки,Аксесуари для фритюрниці
3988,Дім та сад,Кухня та їдальня,Аксесуари для кухонної техніки,Аксесуари для кавоварок та еспресо-машин
734,Дім та сад,Кухня та їдальня,Аксесуари для кухонної техніки,Аксесуари для кавоварок та еспресо-машин,Кавомолки
3239,Дім та сад,Кухня та їдальня,Аксесуари для кухонної техніки,Аксесуари для кавоварок та еспресо-машин,Кавові графіни
3450,Дім та сад,Кухня та їдальня,Аксесуари для кухонної техніки,Аксесуари для кавоварок та еспресо-машин,Фільтри для кави
3838,Дім та сад,Кухня та їдальня,Аксесуари для кухонної техніки,Аксесуари для кавоварок та еспресо-машин,Портафільтри
4500,Дім та сад,Кухня та їдальня,Аксесуари для кухонної техніки,Аксесуари для кавоварок та еспресо-машин,Кошики для кавових фільтрів
4786,Дім та сад,Кухня та їдальня,Аксесуари для кухонної техніки,Аксесуари для кавоварок та еспресо-машин,Аксесуари для кавомолок
5065,Дім та сад,Кухня та їдальня,Аксесуари для кухонної техніки,Аксесуари для кавоварок та еспресо-машин,Водяні фільтри для кавоварок
5066,Дім та сад,Кухня та їдальня,Аксесуари для кухонної техніки,Аксесуари для кавоварок та еспресо-машин,Кувшини для пінки
6888,Дім та сад,Кухня та їдальня,Аксесуари для кухонної техніки,Аксесуари для кавоварок та еспресо-машин,Підігрівачі для кавових графінів
503736,Дім та сад,Кухня та їдальня,Аксесуари для кухонної техніки,Аксесуари для кавоварок та еспресо-машин,Запчастини для кавоварок та еспресо-машин
4519,Дім та сад,Кухня та їдальня,Аксесуари для кухонної техніки,Аксесуари для соковижималок
4653,Дім та сад,Кухня та їдальня,Аксесуари для кухонної техніки,Аксесуари для сушарок для їжі
4654,Дім та сад,Кухня та їдальня,Аксесуари для кухонної техніки,Аксесуари для сушарок для їжі,Тарілки для сушарок для їжі
4655,Дім та сад,Кухня та їдальня,Аксесуари для кухонної техніки,Аксесуари для сушарок для їжі,Листи для сушарок для їжі
4674,Дім та сад,Кухня та їдальня,Аксесуари для кухонної техніки,Аксесуари для машинки для морозива
4675,Дім та сад,Кухня та їдальня,Аксесуари для кухонної техніки,Аксесуари для машинки для морозива,Миски-морозильники для машинки для морозива
4763,Дім та сад,Кухня та їдальня,Аксесуари для кухонної техніки,Аксесуари для м'ясорубок
5042,Дім та сад,Кухня та їдальня,Аксесуари для кухонної техніки,Аксесуари для дробарок та бритв для льоду
5075,Дім та сад,Кухня та їдальня,Аксесуари для кухонної техніки,Аксесуари для машинки для попкорну
5076,Дім та сад,Кухня та їдальня,Аксесуари для кухонної техніки,Аксесуари для машинки для виготовлення цукрової вати
5570,Дім та сад,Кухня та їдальня,Аксесуари для кухонної техніки,Аксесуари для приладу для виготовлення йогурту
6747,Дім та сад,Кухня та їдальня,Аксесуари для кухонної техніки,Аксесуари для утилізації сміття
6944,Дім та сад,Кухня та їдальня,Аксесуари для кухонної техніки,Аксесуари для наборів фондю
6945,Дім та сад,Кухня та їдальня,Аксесуари для кухонної техніки,Аксесуари для наборів фондю,Виделки для фондю
6946,Дім та сад,Кухня та їдальня,Аксесуари для кухонної техніки,Аксесуари для наборів фондю,Підставки для горщиків фондю
503725,Дім та сад,Кухня та їдальня,Аксесуари для кухонної техніки,Аксесуари для наборів фондю,Гелеве паливо для приготування їжі
7006,Дім та сад,Кухня та їдальня,Аксесуари для кухонної техніки,Аксесуари для переносної кухонної плити
7118,Дім та сад,Кухня та їдальня,Аксесуари для кухонної техніки,Аксесуари для водяних кулерів
7119,Дім та сад,Кухня та їдальня,Аксесуари для кухонної техніки,Аксесуари для водяних кулерів,Пляшки для водяного кулера
7187,Дім та сад,Кухня та їдальня,Аксесуари для кухонної техніки,Аксесуари для машинки для льоду
7355,Дім та сад,Кухня та їдальня,Аксесуари для кухонної техніки,Аксесуари для електричних сковорідок та воків
7444,Дім та сад,Кухня та їдальня,Аксесуари для кухонної техніки,Аксесуари для тостерів
7570,Дім та сад,Кухня та їдальня,Аксесуари для кухонної техніки,Аксесуари для морозильників
8051,Дім та сад,Кухня та їдальня,Аксесуари для кухонної техніки,Аксесуари для парових столів
8052,Дім та сад,Кухня та їдальня,Аксесуари для кухонної техніки,Аксесуари для парових столів,Кришки для гастроємкостей парових столів
8053,Дім та сад,Кухня та їдальня,Аксесуари для кухонної техніки,Аксесуари для парових столів,Гастроємкості для парових столів
8087,Дім та сад,Кухня та їдальня,Аксесуари для кухонної техніки,Аксесуари для витяжок
8106,Дім та сад,Кухня та їдальня,Аксесуари для кухонної техніки,Аксесуари для винних холодильників
499996,Дім та сад,Кухня та їдальня,Аксесуари для кухонної техніки,Аксесуари для вафельниць
500004,Дім та сад,Кухня та їдальня,Аксесуари для кухонної техніки,"Аксесуари для плит, духовок та діапазонів"
500066,Дім та сад,Кухня та їдальня,Аксесуари для кухонної техніки,Аксесуари для електричних чайників
502989,Дім та сад,Кухня та їдальня,Аксесуари для кухонної техніки,Аксесуари для приладу для приготування газованої води
505765,Дім та сад,Кухня та їдальня,Аксесуари для кухонної техніки,Аксесуари для кухонних міксерів та блендерів
2920,Дім та сад,Кухня та їдальня,Транспортувальні засоби для їжі та напоїв
669,Дім та сад,Кухня та їдальня,Транспортувальні засоби для їжі та напоїв,Ланч-бокси та термосумки
671,Дім та сад,Кухня та їдальня,Транспортувальні засоби для їжі та напоїв,Пікнічні кошики
1017,Дім та сад,Кухня та їдальня,Транспортувальні засоби для їжі та напоїв,Охолоджувачі
1444,Дім та сад,Кухня та їдальня,Транспортувальні засоби для їжі та напоїв,Фляжки
2507,Дім та сад,Кухня та їдальня,Транспортувальні засоби для їжі та напоїв,Термосумки
3435,Дім та сад,Кухня та їдальня,Транспортувальні засоби для їжі та напоїв,Фляги
3800,Дім та сад,Кухня та їдальня,Транспортувальні засоби для їжі та напоїв,Термоси
3809,Дім та сад,Кухня та їдальня,Транспортувальні засоби для їжі та напоїв,Пляшки для води
4520,Дім та сад,Кухня та їдальня,Транспортувальні засоби для їжі та напоїв,Термоковзни для напоїв
4521,Дім та сад,Кухня та їдальня,Транспортувальні засоби для їжі та напоїв,Термоковзни для напоїв,Чохли для банок та пляшок
4522,Дім та сад,Кухня та їдальня,Транспортувальні засоби для їжі та напоїв,Термоковзни для напоїв,Терморукави для чашок
4722,Дім та сад,Кухня та їдальня,Транспортувальні засоби для їжі та напоїв,Термоси для напоїв
5060,Дім та сад,Кухня та їдальня,Транспортувальні засоби для їжі та напоїв,Замінні кришки для напоїв
6449,Дім та сад,Кухня та їдальня,Транспортувальні засоби для їжі та напоїв,Сумки-транспортувальники для вина
6070,Дім та сад,Кухня та їдальня,Посуд для приготування та випічки
640,Дім та сад,Кухня та їдальня,Посуд для приготування та випічки,Вироби для випічки
641,Дім та сад,Кухня та їдальня,Посуд для приготування та випічки,Вироби для випічки,Протвені та листи для печива
642,Дім та сад,Кухня та їдальня,Посуд для приготування та випічки,Вироби для випічки,Форми для випічки хліба
643,Дім та сад,Кухня та їдальня,Посуд для приготування та випічки,Вироби для випічки,Форми для випічки тортів
644,Дім та сад,Кухня та їдальня,Посуд для приготування та випічки,Вироби для випічки,Форми для мафінів та випічки
645,Дім та сад,Кухня та їдальня,Посуд для приготування та випічки,Вироби для випічки,Форми для пирогів та кіш
646,Дім та сад,Кухня та їдальня,Посуд для приготування та випічки,Вироби для випічки,Камені для піци
647,Дім та сад,Кухня та їдальня,Посуд для приготування та випічки,Вироби для випічки,Рамекіни та форми для суфле
648,Дім та сад,Кухня та їдальня,Посуд для приготування та випічки,Вироби для випічки,Жаровні сковорідки
2843,Дім та сад,Кухня та їдальня,Посуд для приготування та випічки,Вироби для випічки,Пательні для піци
4764,Дім та сад,Кухня та їдальня,Посуд для приготування та випічки,Вироби для випічки,Набори для випічки
6756,Дім та сад,Кухня та їдальня,Посуд для приготування та випічки,Вироби для випічки,Пательні для запікання
654,Дім та сад,Кухня та їдальня,Посуд для приготування та випічки,Посуд для приготування їжі
655,Дім та сад,Кухня та їдальня,Посуд для приготування та випічки,Посуд для приготування їжі,Гусятниці
656,Дім та сад,Кухня та їдальня,Посуд для приготування та випічки,Посуд для приготування їжі,Парові каструлі
657,Дім та сад,Кухня та їдальня,Посуд для приготування та випічки,Посуд для приготування їжі,Голландські печі
658,Дім та сад,Кухня та їдальня,Посуд для приготування та випічки,Посуд для приготування їжі,Сковороди-гриль та плити для смаження
659,Дім та сад,Кухня та їдальня,Посуд для приготування та випічки,Посуд для приготування їжі,Чайники для плити
660,Дім та сад,Кухня та їдальня,Посуд для приготування та випічки,Посуд для приготування їжі,Скороварки та пристрої для консервування
661,Дім та сад,Кухня та їдальня,Посуд для приготування та випічки,Посуд для приготування їжі,Каструлі
662,Дім та сад,Кухня та їдальня,Посуд для приготування та випічки,Посуд для приготування їжі,Сковороди та пательні
663,Дім та сад,Кухня та їдальня,Посуд для приготування та випічки,Посуд для приготування їжі,Каструлі для варіння бульйону
664,Дім та сад,Кухня та їдальня,Посуд для приготування та випічки,Посуд для приготування їжі,Воки
4423,Дім та сад,Кухня та їдальня,Посуд для приготування та випічки,Посуд для приготування їжі,Пательні для соте
4459,Дім та сад,Кухня та їдальня,Посуд для приготування та випічки,Посуд для приготування їжі,Пательні для паельї
4721,Дім та сад,Кухня та їдальня,Посуд для приготування та випічки,Посуд для приготування їжі,Набори посуду
5110,Дім та сад,Кухня та їдальня,Посуд для приготування та випічки,Посуд для приготування їжі,Преси для грилю
5340,Дім та сад,Кухня та їдальня,Посуд для приготування та випічки,Посуд для приготування їжі,Таджини та глиняні горщики для приготування їжі
6518,Дім та сад,Кухня та їдальня,Посуд для приготування та випічки,Посуд для приготування їжі,Глеки для бродіння та квашення
6838,Дім та сад,Кухня та їдальня,Посуд для приготування та випічки,Посуд для приготування їжі,Сковороди для млинців та блінів
4424,Дім та сад,Кухня та їдальня,Посуд для приготування та випічки,Аксесуари для посуду
4427,Дім та сад,Кухня та їдальня,Посуд для приготування та випічки,Аксесуари для посуду,Аксесуари для вока
4662,Дім та сад,Кухня та їдальня,Посуд для приготування та випічки,Аксесуари для посуду,Аксесуари для вока,Кільця для вока
4663,Дім та сад,Кухня та їдальня,Посуд для приготування та випічки,Аксесуари для посуду,Аксесуари для вока,Щітки для вока
4501,Дім та сад,Кухня та їдальня,Посуд для приготування та випічки,Аксесуари для посуду,Аксесуари для скороварок та консервування
4529,Дім та сад,Кухня та їдальня,Посуд для приготування та випічки,Аксесуари для посуду,Кошики для пароварки
4660,Дім та сад,Кухня та їдальня,Посуд для приготування та випічки,Аксесуари для посуду,Кришки для каструль та сковорідок
4661,Дім та сад,Кухня та їдальня,Посуд для приготування та випічки,Аксесуари для посуду,Ручки для каструль та сковорідок
4502,Дім та сад,Кухня та їдальня,Посуд для приготування та випічки,Аксесуари для випічки
4503,Дім та сад,Кухня та їдальня,Посуд для приготування та випічки,Аксесуари для випічки,Килимки та підкладки для випічки
4726,Дім та сад,Кухня та їдальня,Посуд для приготування та випічки,Аксесуари для випічки,Стійки для жаровних сковорідок
7131,Дім та сад,Кухня та їдальня,Посуд для приготування та випічки,Аксесуари для випічки,Ваги для випічки
6071,Дім та сад,Кухня та їдальня,Посуд для приготування та випічки,Набори посуду для приготування та випічки
6478,Дім та сад,Кухня та їдальня,Аксесуари для зберігання їжі
5837,Дім та сад,Кухня та їдальня,Аксесуари для зберігання їжі,Крутки для зв'язування та кліпси для пакетів
6479,Дім та сад,Кухня та їдальня,Аксесуари для зберігання їжі,Абсорбери кисню
8039,Дім та сад,Кухня та їдальня,Аксесуари для зберігання їжі,Диспенсери для пакувальної плівки
499924,Дім та сад,Кухня та їдальня,Аксесуари для зберігання їжі,Етикетки для їжі та напоїв
8161,Дім та сад,Кухня та їдальня,Збірні кухні та міні-кухні
689,Дім та сад,Газон та сад
2918,Дім та сад,Газон та сад,Вуличне життя
717,Дім та сад,Газон та сад,Вуличне життя,Гамаки
718,Дім та сад,Газон та сад,Вуличне життя,Гойдалки на веранді
719,Дім та сад,Газон та сад,Вуличне життя,Садові парасолі та сонцезахисні відбивачі
2613,Дім та сад,Газон та сад,Вуличне життя,Вуличні споруди
700,Дім та сад,Газон та сад,Вуличне життя,Вуличні споруди,Садові мостики
703,Дім та сад,Газон та сад,Вуличне життя,Вуличні споруди,"Садові арки, шпалери, альтанки та перголи"
716,Дім та сад,Газон та сад,Вуличне життя,Вуличні споруди,Навіси та альтанки
720,Дім та сад,Газон та сад,Вуличне життя,Вуличні споруди,"Сарай, гаражі та навіси"
6105,Дім та сад,Газон та сад,Вуличне життя,Вуличні споруди,Аксесуари для навісів та альтанок
6106,Дім та сад,Газон та сад,Вуличне життя,Вуличні споруди,Аксесуари для навісів та альтанок,Каркаси для навісів та альтанок
6107,Дім та сад,Газон та сад,Вуличне життя,Вуличні споруди,Аксесуари для навісів та альтанок,Набори для облаштування навісів та альтанок
6108,Дім та сад,Газон та сад,Вуличне життя,Вуличні споруди,Аксесуари для навісів та альтанок,Верхи для навісів та альтанок
7423,Дім та сад,Газон та сад,Вуличне життя,Вуличні споруди,Аксесуари для навісів та альтанок,Стовпи для навісів
7424,Дім та сад,Газон та сад,Вуличне життя,Вуличні споруди,Аксесуари для навісів та альтанок,Вантаж-баласт для навісів
5910,Дім та сад,Газон та сад,Вуличне життя,Пледи для вулиці
5911,Дім та сад,Газон та сад,Вуличне життя,Пледи для вулиці,Пляжні мати
5912,Дім та сад,Газон та сад,Вуличне життя,Пледи для вулиці,Підкладки для пончо
5913,Дім та сад,Газон та сад,Вуличне життя,Пледи для вулиці,Пледи для пікніка
6737,Дім та сад,Газон та сад,Вуличне життя,Деталі та аксесуари для гамаків
6751,Дім та сад,Газон та сад,Вуличне життя,Аксесуари для садових парасоль і сонцезахисних відбивачів
5493,Дім та сад,Газон та сад,Вуличне життя,Аксесуари для садових парасоль і сонцезахисних відбивачів,Основи для садових парасоль
7107,Дім та сад,Газон та сад,Вуличне життя,Аксесуари для садових парасоль і сонцезахисних відбивачів,Чохли для садових парасоль
7108,Дім та сад,Газон та сад,Вуличне життя,Аксесуари для садових парасоль і сонцезахисних відбивачів,Тканина для садових парасоль і сонцезахисних відбивачів
8020,Дім та сад,Газон та сад,Вуличне життя,Аксесуари для садових парасоль і сонцезахисних відбивачів,Освітлення для садових парасоль
499948,Дім та сад,Газон та сад,Вуличне життя,Аксесуари для садових парасоль і сонцезахисних відбивачів,Набори для облаштування садових парасоль
499907,Дім та сад,Газон та сад,Вуличне життя,Тенти
499908,Дім та сад,Газон та сад,Вуличне життя,Аксесуари для тентів
499955,Дім та сад,Газон та сад,Вуличне життя,Аксесуари для гойдалок на веранді
2962,Дім та сад,Газон та сад,Садівництво
113,Дім та сад,Газон та сад,Садівництво,Добрива
691,Дім та сад,Газон та сад,Садівництво,Контроль за хворобами
693,Дім та сад,Газон та сад,Садівництво,Теплиці
721,Дім та сад,Газон та сад,Садівництво,Горщики та вазони
1794,Дім та сад,Газон та сад,Садівництво,Піски та ґрунти
543677,Дім та сад,Газон та сад,Садівництво,Піски та ґрунти,Пісок
543678,Дім та сад,Газон та сад,Садівництво,Піски та ґрунти,Ґрунт
2988,Дім та сад,Газон та сад,Садівництво,Мульча
3103,Дім та сад,Газон та сад,Садівництво,Гербіциди
3173,Дім та сад,Газон та сад,Садівництво,Садовий інструмент
1967,Дім та сад,Газон та сад,Садівництво,Садовий інструмент,Розпилювачі для газону та саду
2147,Дім та сад,Газон та сад,Садівництво,Садовий інструмент,Лопати та саперки
3071,Дім та сад,Газон та сад,Садівництво,Садовий інструмент,Садові вила
3388,Дім та сад,Газон та сад,Садівництво,Садовий інструмент,Граблі
3616,Дім та сад,Газон та сад,Садівництво,Садовий інструмент,Тачки
3644,Дім та сад,Газон та сад,Садівництво,Садовий інструмент,Садові лопатки
3828,Дім та сад,Газон та сад,Садівництво,Садовий інструмент,Розкидачі
3841,Дім та сад,Газон та сад,Садівництво,Садовий інструмент,Обрізувальні ножиці
4000,Дім та сад,Газон та сад,Садівництво,Садовий інструмент,Інструменти для обробки ґрунту
6967,Дім та сад,Газон та сад,Садівництво,Садовий інструмент,Обрізувальні пили
7537,Дім та сад,Газон та сад,Садівництво,Садовий інструмент,Інструменти для посадки цибулин
499922,Дім та сад,Газон та сад,Садівництво,Садовий інструмент,Газонні валики
505292,Дім та сад,Газон та сад,Садівництво,Садовий інструмент,Садові серпи та мачете
4085,Дім та сад,Газон та сад,Садівництво,Компостування
690,Дім та сад,Газон та сад,Садівництво,Компостування,Компост
6436,Дім та сад,Газон та сад,Садівництво,Компостування,Компостери
6840,Дім та сад,Газон та сад,Садівництво,Компостування,Аератори для компосту
5632,Дім та сад,Газон та сад,Садівництво,Аксесуари для садівництва
5633,Дім та сад,Газон та сад,Садівництво,Аксесуари для садівництва,Сумки для садівництва
7184,Дім та сад,Газон та сад,Садівництво,Аксесуари для садівництва,Садові столи для розсади
503756,Дім та сад,Газон та сад,Садівництво,Аксесуари для садівництва,"Садові скутери, сидіння та колінники"
6381,Дім та сад,Газон та сад,Садівництво,Тканина для ландшафтного дизайну
6413,Дім та сад,Газон та сад,Садівництво,Аксесуари для тканини для ландшафтного дизайну
6421,Дім та сад,Газон та сад,Садівництво,Аксесуари для тканини для ландшафтного дизайну,Стрічка для тканини для ландшафтного дизайну
6422,Дім та сад,Газон та сад,Садівництво,Аксесуари для тканини для ландшафтного дизайну,Скоби та шпильки для тканини для ландшафтного дизайну
6428,Дім та сад,Газон та сад,Садівництво,Підставки для рослин
6834,Дім та сад,Газон та сад,Садівництво,Бочки для дощової води
499894,Дім та сад,Газон та сад,Садівництво,Підтримки та клітки для рослин
499962,Дім та сад,Газон та сад,Садівництво,Підкладки для горщиків та вазонів
500033,Дім та сад,Газон та сад,Садівництво,Піддони та тарілки для садових горщиків
505326,Дім та сад,Газон та сад,Садівництво,Аксесуари для садового інструменту
4972,Дім та сад,Газон та сад,Садівництво,Аксесуари для садового інструменту,Деталі для тачок
505321,Дім та сад,Газон та сад,Садівництво,Аксесуари для садового інструменту,Робочі частини садового інструменту
505322,Дім та сад,Газон та сад,Садівництво,Аксесуари для садового інструменту,Ручки для садового інструменту
3568,Дім та сад,Газон та сад,Зрошення та ірригація
2313,Дім та сад,Газон та сад,Зрошення та ірригація,Садові шланги
3780,Дім та сад,Газон та сад,Зрошення та ірригація,Аксесуари для спринклерів
1302,Дім та сад,Газон та сад,Зрошення та ірригація,Аксесуари для спринклерів,Керування спринклерами
3491,Дім та сад,Газон та сад,Зрошення та ірригація,Аксесуари для спринклерів,Клапани для спринклерів
4201,Дім та сад,Газон та сад,Зрошення та ірригація,Розпилювачі для садових шлангів
4718,Дім та сад,Газон та сад,Зрошення та ірригація,Фітинги та клапани для садових шлангів
6318,Дім та сад,Газон та сад,Зрошення та ірригація,Лейки
7561,Дім та сад,Газон та сад,Зрошення та ірригація,Спринклери та головки спринклерів
230912,Дім та сад,Газон та сад,Зрошення та ірригація,Кулі та шипи для зрошення
505814,Дім та сад,Газон та сад,Зрошення та ірригація,Аксесуари для лейки
3798,Дім та сад,Газон та сад,Вуличне енергетичне обладнання
694,Дім та сад,Газон та сад,Вуличне енергетичне обладнання,Газонокосарки
3311,Дім та сад,Газон та сад,Вуличне енергетичне обладнання,Газонокосарки,Трактори для газону
3730,Дім та сад,Газон та сад,Вуличне енергетичне обладнання,Газонокосарки,Газонокосарки з ручним керуванням
6258,Дім та сад,Газон та сад,Вуличне енергетичне обладнання,Газонокосарки,Травокосарки з тягачем
6788,Дім та сад,Газон та сад,Вуличне енергетичне обладнання,Газонокосарки,Роботизовані газонокосарки
1223,Дім та сад,Газон та сад,Вуличне енергетичне обладнання,Тримери для бур'яну
1226,Дім та сад,Газон та сад,Вуличне енергетичне обладнання,Високотискові мийки
1541,Дім та сад,Газон та сад,Вуличне енергетичне обладнання,Снігові пухирі
2204,Дім та сад,Газон та сад,Вуличне енергетичне обладнання,Мотокультиватори та культиватори
2218,Дім та сад,Газон та сад,Вуличне енергетичне обладнання,Газонні Тримери
3120,Дім та сад,Газон та сад,Вуличне енергетичне обладнання,Триммери для живоплоту
3340,Дім та сад,Газон та сад,Вуличне енергетичне обладнання,Дмухавки для листя
3610,Дім та сад,Газон та сад,Вуличне енергетичне обладнання,Бензопили
5866,Дім та сад,Газон та сад,Вуличне енергетичне обладнання,Трактори
6789,Дім та сад,Газон та сад,Вуличне енергетичне обладнання,Газонні пилососи
7245,Дім та сад,Газон та сад,Вуличне енергетичне обладнання,Набори вуличного енергетичного обладнання
7332,Дім та сад,Газон та сад,Вуличне енергетичне обладнання,Базові одиниці вуличного енергетичного обладнання
500016,Дім та сад,Газон та сад,Вуличне енергетичне обладнання,Підмітально-прибиральні машини
500034,Дім та сад,Газон та сад,Вуличне енергетичне обладнання,Аератори та детатчери для газону
4564,Дім та сад,Газон та сад,Аксесуари для обладнання зовнішнього використання
4565,Дім та сад,Газон та сад,Аксесуари для обладнання зовнішнього використання,Аксесуари для бензопил
4646,Дім та сад,Газон та сад,Аксесуари для обладнання зовнішнього використання,Аксесуари для бензопил,Ланцюги для бензопил
4647,Дім та сад,Газон та сад,Аксесуари для обладнання зовнішнього використання,Аксесуари для бензопил,Пильні шини для бензопил
4566,Дім та сад,Газон та сад,Аксесуари для обладнання зовнішнього використання,Аксесуари для газонокосарок
4641,Дім та сад,Газон та сад,Аксесуари для обладнання зовнішнього використання,Аксесуари для газонокосарок,Леза для газонокосарок
4642,Дім та сад,Газон та сад,Аксесуари для обладнання зовнішнього використання,Аксесуари для газонокосарок,Чохли для газонокосарок
4643,Дім та сад,Газон та сад,Аксесуари для обладнання зовнішнього використання,Аксесуари для газонокосарок,Ремені для газонокосарок
4644,Дім та сад,Газон та сад,Аксесуари для обладнання зовнішнього використання,Аксесуари для газонокосарок,Ролики та вільні колеса для газонокосарок
4645,Дім та сад,Газон та сад,Аксесуари для обладнання зовнішнього використання,Аксесуари для газонокосарок,Сумки для газонокосарок
6094,Дім та сад,Газон та сад,Аксесуари для обладнання зовнішнього використання,Аксесуари для газонокосарок,Колеса для газонокосарок
6095,Дім та сад,Газон та сад,Аксесуари для обладнання зовнішнього використання,Аксесуари для газонокосарок,Шини для газонокосарок
6541,Дім та сад,Газон та сад,Аксесуари для обладнання зовнішнього використання,Аксесуари для газонокосарок,Газонні граблі
6542,Дім та сад,Газон та сад,Аксесуари для обладнання зовнішнього використання,Аксесуари для газонокосарок,Насадки для косарки-тримера
499872,Дім та сад,Газон та сад,Аксесуари для обладнання зовнішнього використання,Аксесуари для газонокосарок,Камери для шин газонокосарок
499921,Дім та сад,Газон та сад,Аксесуари для обладнання зовнішнього використання,Аксесуари для газонокосарок,Набори для створення смуг на газоні
499923,Дім та сад,Газон та сад,Аксесуари для обладнання зовнішнього використання,Аксесуари для газонокосарок,Комплекти для мульчування газонокосарками
499960,Дім та сад,Газон та сад,Аксесуари для обладнання зовнішнього використання,Аксесуари для газонокосарок,Заглушки та пластини для мульчування газонокосарками
4567,Дім та сад,Газон та сад,Аксесуари для обладнання зовнішнього використання,Аксесуари для снігових пухирів
5867,Дім та сад,Газон та сад,Аксесуари для обладнання зовнішнього використання,Запчастини та аксесуари для тракторів
499880,Дім та сад,Газон та сад,Аксесуари для обладнання зовнішнього використання,Запчастини та аксесуари для тракторів,Шини для тракторів
499881,Дім та сад,Газон та сад,Аксесуари для обладнання зовнішнього використання,Запчастини та аксесуари для тракторів,Колеса для тракторів
6328,Дім та сад,Газон та сад,Аксесуари для обладнання зовнішнього використання,Аксесуари для високотискових мийок
7168,Дім та сад,Газон та сад,Аксесуари для обладнання зовнішнього використання,Аксесуари для дмухавок для листя
7171,Дім та сад,Газон та сад,Аксесуари для обладнання зовнішнього використання,Аксесуари для дмухавок для листя,Труби для дмухавок для листя
7169,Дім та сад,Газон та сад,Аксесуари для обладнання зовнішнього використання,Аксесуари для тримерів
7170,Дім та сад,Газон та сад,Аксесуари для обладнання зовнішнього використання,Аксесуари для тримерів,Леза та шпулі для тримерів
8034,Дім та сад,Газон та сад,Аксесуари для обладнання зовнішнього використання,Аксесуари для тримерів,Кришки шпулі для тримерів
7265,Дім та сад,Газон та сад,Аксесуари для обладнання зовнішнього використання,Аксесуари для триммера для живоплоту
7333,Дім та сад,Газон та сад,Аксесуари для обладнання зовнішнього використання,Батареї для вуличного енергетичного обладнання
7563,Дім та сад,Газон та сад,Аксесуари для обладнання зовнішнього використання,Аксесуари для газонних тримерів
8485,Дім та сад,Газон та сад,Аксесуари для обладнання зовнішнього використання,Багатофункціональні насадки для садової техніки
7334,Дім та сад,Газон та сад,Аксесуари для обладнання зовнішнього використання,Багатофункціональні насадки для садової техніки,Насадки для триммера для живоплоту
7335,Дім та сад,Газон та сад,Аксесуари для обладнання зовнішнього використання,Багатофункціональні насадки для садової техніки,Насадки для тримерів
7564,Дім та сад,Газон та сад,Аксесуари для обладнання зовнішнього використання,Багатофункціональні насадки для садової техніки,Насадки для газонних тримерів
8487,Дім та сад,Газон та сад,Аксесуари для обладнання зовнішнього використання,Багатофункціональні насадки для садової техніки,Насадки для очищення поверхні та видалення листя.
8488,Дім та сад,Газон та сад,Аксесуари для обладнання зовнішнього використання,Багатофункціональні насадки для садової техніки,Насадки для мотоблока та культиватора
8489,Дім та сад,Газон та сад,Аксесуари для обладнання зовнішнього використання,Багатофункціональні насадки для садової техніки,Насадки-пилки для шеста
5362,Дім та сад,Газон та сад,Видалення снігу
5363,Дім та сад,Газон та сад,Видалення снігу,Снігові лопати
5364,Дім та сад,Газон та сад,Видалення снігу,Скребки для льоду та снігові щітки
696,Дім та сад,Декор
9,Дім та сад,Декор,Художні твори
11,Дім та сад,Декор,Художні твори,Скульптури та статуї
500044,Дім та сад,Декор,Художні твори,"Плакати, принти та візуальні твори мистецтва"
500045,Дім та сад,Декор,Художні твори,Декоративні гобелени
572,Дім та сад,Декор,Адресні знаки
573,Дім та сад,Декор,Кошики
587,Дім та сад,Декор,Книжкові упори
592,Дім та сад,Декор,Домашні аромати
588,Дім та сад,Декор,Домашні аромати,Свічки
3686,Дім та сад,Декор,Домашні аромати,Ладан
3898,Дім та сад,Декор,Домашні аромати,Освіжувачі повітря
4740,Дім та сад,Декор,Домашні аромати,Потпурі
5847,Дім та сад,Декор,Домашні аромати,Ароматичні олії
6767,Дім та сад,Декор,Домашні аромати,Воскові тарти
595,Дім та сад,Декор,Дзеркала
596,Дім та сад,Декор,Сезонні та святкові декорації
3144,Дім та сад,Декор,Сезонні та святкові декорації,Святкові прикраси
5359,Дім та сад,Декор,Сезонні та святкові декорації,Адвент-календарі
5504,Дім та сад,Декор,Сезонні та святкові декорації,Підкладки для ялинки
5930,Дім та сад,Декор,Сезонні та святкові декорації,Японські традиційні ляльки
5990,Дім та сад,Декор,Сезонні та святкові декорації,Гачки для святкових чоботів
5991,Дім та сад,Декор,Сезонні та святкові декорації,Святкові чоботи
6531,Дім та сад,Декор,Сезонні та святкові декорації,Набори для різдвяного вертепу
6532,Дім та сад,Декор,Сезонні та святкові декорації,Стенди та вітрини для святкових прикрас
6603,Дім та сад,Декор,Сезонні та святкові декорації,Підставки для ялинки
499804,Дім та сад,Декор,Сезонні та святкові декорації,Гачки для святкових прикрас
499805,Дім та сад,Декор,Сезонні та святкові декорації,Набори для прикрашання пасхальних яєць
505809,Дім та сад,Декор,Сезонні та святкові декорації,Сезонні набори та аксесуари для декорування села
597,Дім та сад,Декор,Фоторамки
598,Дім та сад,Декор,Килими
599,Дім та сад,Декор,Чохли для меблів
602,Дім та сад,Декор,Вази
603,Дім та сад,Декор,Оформлення вікон
2621,Дім та сад,Декор,Оформлення вікон,Ламбрекени та карнизи для вікон
2882,Дім та сад,Декор,Оформлення вікон,Штори та занавіски
2885,Дім та сад,Декор,Оформлення вікон,Жалюзі та ролети для вікон
4375,Дім та сад,Декор,Оформлення вікон,Москітні сітки для вікон
5989,Дім та сад,Декор,Оформлення вікон,Віконні плівки
6492,Дім та сад,Декор,Оформлення вікон,Вітражні панелі
697,Дім та сад,Декор,Купіль для птахів
701,Дім та сад,Декор,Прапори та вітроміри
702,Дім та сад,Декор,Фонтани та ставки
2763,Дім та сад,Декор,Фонтани та ставки,Ставки
2921,Дім та сад,Декор,Фонтани та ставки,Аксесуари для фонтанів та ставків
6763,Дім та сад,Декор,Фонтани та ставки,Фонтани та водоспади
704,Дім та сад,Декор,Декоративні та стежкові камені для саду
706,Дім та сад,Декор,Поштові скриньки
708,Дім та сад,Декор,Декоративні плакетки
709,Дім та сад,Декор,Дощові ланцюги
710,Дім та сад,Декор,Дощеміри
711,Дім та сад,Декор,Сонячні годинники
712,Дім та сад,Декор,Погодники та декор для дахів
714,Дім та сад,Декор,Вітрові дзвіночки
2334,Дім та сад,Декор,Шпалери
2675,Дім та сад,Декор,Дверні килимики
2839,Дім та сад,Декор,Вітряки та обертові іграшки
3221,Дім та сад,Декор,Наклейки для декору дому
3262,Дім та сад,Декор,Глобуси
3473,Дім та сад,Декор,Музичні шкатулки
3890,Дім та сад,Декор,Годинники
3696,Дім та сад,Декор,Годинники,Напівпідлогові та підлогові годинники
3840,Дім та сад,Декор,Годинники,Настінні годинники
4546,Дім та сад,Декор,Годинники,Будильники
6912,Дім та сад,Декор,Годинники,Настільні та поличні годинники
4233,Дім та сад,Декор,Сундуки
4295,Дім та сад,Декор,Копілки та грошові банки
4453,Дім та сад,Декор,Подушки для стільців та диванів
4454,Дім та сад,Декор,Декоративні подушки
4456,Дім та сад,Декор,Подушки для спинки
4770,Дім та сад,Декор,Безпламенні свічки
5521,Дім та сад,Декор,Аксесуари для годівниць для птахів та дикої природи
5609,Дім та сад,Декор,Фігурки
5708,Дім та сад,Декор,Вішалки для пальт та капелюхів
5875,Дім та сад,Декор,Декоративні тарілки
5876,Дім та сад,Декор,Магніти на холодильник
5885,Дім та сад,Декор,Оригінальні знаки
5922,Дім та сад,Декор,Шкатулки для медалей
6254,Дім та сад,Декор,Аксесуари для оформлення вікон
6255,Дім та сад,Декор,Аксесуари для оформлення вікон,Затримувачі та китиці для штор
6256,Дім та сад,Декор,Аксесуари для оформлення вікон,Кільця для штор та занавісок
6257,Дім та сад,Декор,Аксесуари для оформлення вікон,Карнизи для штор та занавісок
8042,Дім та сад,Декор,Аксесуари для оформлення вікон,Запасні частини для оформлення вікон
6265,Дім та сад,Декор,Штучна флора
6266,Дім та сад,Декор,Штучна їжа
6267,Дім та сад,Декор,Вінки та гірлянди
6317,Дім та сад,Декор,Декоративні пляшки
6324,Дім та сад,Декор,Кільця для серветок
6333,Дім та сад,Декор,Аксесуари для поштових скринь
6334,Дім та сад,Декор,Аксесуари для поштових скринь,Стовпи для поштових скринь
7052,Дім та сад,Декор,Аксесуари для поштових скринь,Огорожі для поштових скринь
7176,Дім та сад,Декор,Аксесуари для поштових скринь,Прапорці для поштових скринь
7177,Дім та сад,Декор,Аксесуари для поштових скринь,Чохли для поштових скринь
7339,Дім та сад,Декор,Аксесуари для поштових скринь,Замінні дверцята для поштових скринь
6424,Дім та сад,Декор,Наповнювачі для ваз та декор для столу
6456,Дім та сад,Декор,Декоративні підноси
6457,Дім та сад,Декор,Декоративні миски
6530,Дім та сад,Декор,Віконні магніти
6535,Дім та сад,Декор,Снігові кулі
6547,Дім та сад,Декор,Декор для газону та садові скульптури
6927,Дім та сад,Декор,Подушки для пуфів
6935,Дім та сад,Декор,Екосфери
6936,Дім та сад,Декор,Сушені квіти
6993,Дім та сад,Декор,Годівниці для птахів та дикої природи
698,Дім та сад,Декор,Годівниці для птахів та дикої природи,Годівниці для птахів
6994,Дім та сад,Декор,Годівниці для птахів та дикої природи,Годівниці для білок
6995,Дім та сад,Декор,Годівниці для птахів та дикої природи,Годівниці для метеликів
7113,Дім та сад,Декор,Декоративні банки
7172,Дім та сад,Декор,Ловці снів
7173,Дім та сад,Декор,Сонячні ловці
7206,Дім та сад,Декор,Декоративні дзвоники
7380,Дім та сад,Декор,Вирізки з картону
7382,Дім та сад,Декор,Номери та букви для будинків
7419,Дім та сад,Декор,Аксесуари для прапорів та вітромірів
7420,Дім та сад,Декор,Аксесуари для прапорів та вітромірів,Світло для прапорів та вітромірів
7421,Дім та сад,Декор,Аксесуари для прапорів та вітромірів,Палиці для прапорів та вітромірів
503010,Дім та сад,Декор,Аксесуари для прапорів та вітромірів,Кріплення та набори для прапорів та вітромірів
7422,Дім та сад,Декор,Фініалі
7436,Дім та сад,Декор,Поштові слоти
230911,Дім та сад,Декор,Аксесуари для будиночків для птахів та дикої природи
499693,Дім та сад,Декор,Діаграми росту
500078,Дім та сад,Декор,Будиночки для птахів та дикої природи
699,Дім та сад,Декор,Будиночки для птахів та дикої природи,Будиночки для птахів
500079,Дім та сад,Декор,Будиночки для птахів та дикої природи,Будинки для летючих мишей
500080,Дім та сад,Декор,Будиночки для птахів та дикої природи,Будинки для метеликів
500121,Дім та сад,Декор,Аксесуари для домашніх ароматів
2784,Дім та сад,Декор,Аксесуари для домашніх ароматів,Підсвічники
4741,Дім та сад,Декор,Аксесуари для домашніх ароматів,Підставки для ладану
6336,Дім та сад,Декор,Аксесуари для домашніх ароматів,Підігрівачі для свічок та масла
500122,Дім та сад,Декор,Аксесуари для домашніх ароматів,Заглушки для свічок
503000,Дім та сад,Декор,Піскові годинники
505827,Дім та сад,Декор,Деталі для годинників
729,Дім та сад,Басейни та спа
2810,Дім та сад,Басейни та спа,Басейни
2832,Дім та сад,Басейни та спа,Аксесуари для басейнів та спа
2672,Дім та сад,Басейни та спа,Аксесуари для басейнів та спа,Іграшки для басейну
2755,Дім та сад,Басейни та спа,Аксесуари для басейнів та спа,Сачки для басейну
2860,Дім та сад,Басейни та спа,Аксесуари для басейнів та спа,Надувні матраци та шезлонги для басейну
2939,Дім та сад,Басейни та спа,Аксесуари для басейнів та спа,Трампліни для стрибків у воду
2981,Дім та сад,Басейни та спа,Аксесуари для басейнів та спа,Фільтри для басейнів та спа
2994,Дім та сад,Басейни та спа,Аксесуари для басейнів та спа,Накриття для басейнів та підлогові покриття
2997,Дім та сад,Басейни та спа,Аксесуари для басейнів та спа,Прибиральні машини та пилососи для басейну
3017,Дім та сад,Басейни та спа,Аксесуари для басейнів та спа,Засоби та хімікати для очищення басейну
5546,Дім та сад,Басейни та спа,Аксесуари для басейнів та спа,Водні гірки для басейну
5654,Дім та сад,Басейни та спа,Аксесуари для басейнів та спа,Нагрівачі для басейну
6766,Дім та сад,Басейни та спа,Аксесуари для басейнів та спа,"Драбини, сходинки та пандуси для басейну"
6771,Дім та сад,Басейни та спа,Аксесуари для басейнів та спа,Шланги для очищення басейну
6996,Дім та сад,Басейни та спа,Аксесуари для басейнів та спа,Щітки та віники для басейну
7496,Дім та сад,Басейни та спа,Аксесуари для басейнів та спа,Комплекти для терас біля басейну
500042,Дім та сад,Басейни та спа,Аксесуари для басейнів та спа,Генератори хлору для басейнів та спа
500050,Дім та сад,Басейни та спа,Аксесуари для басейнів та спа,Аксесуари для накриття басейну
503751,Дім та сад,Басейни та спа,Аксесуари для басейнів та спа,Підкладки для басейнів
505815,Дім та сад,Басейни та спа,Аксесуари для басейнів та спа,Комплекти для обслуговування басейнів та спа
2982,Дім та сад,Басейни та спа,Спа
3992,Дім та сад,Басейни та спа,Сауни
543687,Дім та сад,Басейни та спа,Аксесуари для сауни
543631,Дім та сад,Басейни та спа,Аксесуари для сауни,Комплекти для сауни
543632,Дім та сад,Басейни та спа,Аксесуари для сауни,Печі для сауни
543633,Дім та сад,Басейни та спа,Аксесуари для сауни,Відра та черпаки для сауни
985,Дім та сад,Рослини
984,Дім та сад,Рослини,Квіти
1684,Дім та сад,Рослини,Дерева
2802,Дім та сад,Рослини,Насіння
543561,Дім та сад,Рослини,Насіння,Цибулини рослин та квітів
543562,Дім та сад,Рослини,Насіння,Насіння та стрічка з насінням
5590,Дім та сад,Рослини,Водні рослини
6762,Дім та сад,Рослини,Кімнатні та вуличні рослини
543558,Дім та сад,Рослини,Кімнатні та вуличні рослини,Кімнатні рослини в горщиках
543559,Дім та сад,Рослини,Кімнатні та вуличні рослини,Кущі та чагарники
543560,Дім та сад,Рослини,Кімнатні та вуличні рослини,Ландшафтний дизайн та садові рослини
505285,Дім та сад,Рослини,Набори для вирощування рослин та трав
1679,Дім та сад,"Безпека від повеней, пожеж та газу"
1306,Дім та сад,"Безпека від повеней, пожеж та газу",Детектори води та повені
1434,Дім та сад,"Безпека від повеней, пожеж та газу",Вогнегасники
1639,Дім та сад,"Безпека від повеней, пожеж та газу",Сховища для вогнегасників та пожежного обладнання
1871,Дім та сад,"Безпека від повеней, пожеж та газу",Пожежні сигналізації
1934,Дім та сад,"Безпека від повеней, пожеж та газу",Пожежні спринклери
7226,Дім та сад,"Безпека від повеней, пожеж та газу",Панелі управління пожежними сигналізаціями
7227,Дім та сад,"Безпека від повеней, пожеж та газу",Детектори тепла
499673,Дім та сад,"Безпека від повеней, пожеж та газу",Детектори диму та вуглецю оксиду
1471,Дім та сад,"Безпека від повеней, пожеж та газу",Детектори диму та вуглецю оксиду,Детектори диму
2164,Дім та сад,"Безпека від повеней, пожеж та газу",Детектори диму та вуглецю оксиду,Детектори вуглецевого оксиду
2639,Дім та сад,Дров'яні печі
2862,Дім та сад,Аксесуари для камінів та дров'яних пічок
625,Дім та сад,Аксесуари для камінів та дров'яних пічок,Дрова та паливо
695,Дім та сад,Аксесуари для камінів та дров'яних пічок,Стелажі та носії для дров
1530,Дім та сад,Аксесуари для камінів та дров'яних пічок,Інструменти для камінів
2044,Дім та сад,Аксесуари для камінів та дров'яних пічок,Міхи
2365,Дім та сад,Аксесуари для камінів та дров'яних пічок,Екрани для камінів
4918,Дім та сад,Аксесуари для камінів та дров'яних пічок,Вентилятори та дувки для дров'яних печей
6563,Дім та сад,Аксесуари для камінів та дров'яних пічок,Решітки для камінів та дров'яних пічок
7029,Дім та сад,Аксесуари для камінів та дров'яних пічок,Аксесуари для стелажів та носіїв для дров
7091,Дім та сад,Аксесуари для камінів та дров'яних пічок,Підкладки для каміна
7109,Дім та сад,Аксесуари для камінів та дров'яних пічок,Відбивачі для камінів
7523,Дім та сад,Аксесуари для камінів та дров'яних пічок,Камінні кочерги
2956,Дім та сад,Аксесуари для освітлення
3185,Дім та сад,Аксесуари для освітлення,Абажури
3522,Дім та сад,Аксесуари для освітлення,Таймери для освітлення
7338,Дім та сад,Аксесуари для освітлення,Основи для ліхтарних стовпів
7447,Дім та сад,Аксесуари для освітлення,Кріплення для ліхтарних стовпів
505312,Дім та сад,Аксесуари для освітлення,Паливо для нафтових ламп
3348,Дім та сад,Аксесуари для побутової техніки
618,Дім та сад,Аксесуари для побутової техніки,Аксесуари для пилососів
2367,Дім та сад,Аксесуари для побутової техніки,Аксесуари для кондиціонерів
3573,Дім та сад,Аксесуари для побутової техніки,Аксесуари для кондиціонерів,Фільтри для кондиціонерів
5826,Дім та сад,Аксесуари для побутової техніки,Аксесуари для кондиціонерів,Чохли для кондиціонерів
2751,Дім та сад,Аксесуари для побутової техніки,Аксесуари для водонагрівачів
1709,Дім та сад,Аксесуари для побутової техніки,Аксесуари для водонагрівачів,Вентиляційні системи для водонагрівачів
1744,Дім та сад,Аксесуари для побутової техніки,Аксесуари для водонагрівачів,Елементи водонагрівачів
1835,Дім та сад,Аксесуари для побутової техніки,Аксесуари для водонагрівачів,Піддони для водонагрівачів
2175,Дім та сад,Аксесуари для побутової техніки,Аксесуари для водонагрівачів,Баки для гарячої води
2221,Дім та сад,Аксесуари для побутової техніки,Аксесуари для водонагрівачів,Стакани для водонагрівачів
2310,Дім та сад,Аксесуари для побутової техніки,Аксесуари для водонагрівачів,Анодні прутки
500063,Дім та сад,Аксесуари для побутової техніки,Аксесуари для водонагрівачів,Баки розширення для водонагрівачів
3410,Дім та сад,Аксесуари для побутової техніки,Аксесуари для очищувачів повітря
3667,Дім та сад,Аксесуари для побутової техніки,Аксесуари для очищувачів повітря,Фільтри для очищувачів повітря
3456,Дім та сад,Аксесуари для побутової техніки,Аксесуари для пральних машин
5158,Дім та сад,Аксесуари для побутової техніки,Аксесуари для пральних машин,Аксесуари для парових прасок для одягу
5159,Дім та сад,Аксесуари для побутової техніки,Аксесуари для пральних машин,Аксесуари для праски
5160,Дім та сад,Аксесуари для побутової техніки,Аксесуари для пральних машин,Аксесуари для парових пресів
500085,Дім та сад,Аксесуари для побутової техніки,Аксесуари для пральних машин,Аксесуари для пральних та сушильних машин
3862,Дім та сад,Аксесуари для побутової техніки,Аксесуари для зволожувачів
3402,Дім та сад,Аксесуари для побутової техніки,Аксесуари для зволожувачів,Фільтри для зволожувачів
4548,Дім та сад,Аксесуари для побутової техніки,Аксесуари для парових пилососів та мийок для підлоги
4650,Дім та сад,Аксесуари для побутової техніки,Аксесуари для обігрівачів відкритих терас
4651,Дім та сад,Аксесуари для побутової техніки,Аксесуари для обігрівачів відкритих терас,Чохли для обігрівачів відкритих терас
4667,Дім та сад,Аксесуари для побутової техніки,Аксесуари для зневоднювачів
5089,Дім та сад,Аксесуари для побутової техніки,Аксесуари для вентиляторів
6773,Дім та сад,Аксесуари для побутової техніки,Аксесуари для печей та котлів
7110,Дім та сад,Аксесуари для побутової техніки,Аксесуари для опалювальних радіаторів
7111,Дім та сад,Аксесуари для побутової техніки,Аксесуари для опалювальних радіаторів,Рефлектори для опалювальних радіаторів
4171,Дім та сад,Постільна білизна та текстиль
569,Дім та сад,Постільна білизна та текстиль,Постільна білизна
1599,Дім та сад,Постільна білизна та текстиль,Постільна білизна,Килимки для відпочинку
1985,Дім та сад,Постільна білизна та текстиль,Постільна білизна,Ковдри
2314,Дім та сад,Постільна білизна та текстиль,Постільна білизна,Простирадла
2541,Дім та сад,Постільна білизна та текстиль,Постільна білизна,Покривала для дюймовочок
2700,Дім та сад,Постільна білизна та текстиль,Постільна білизна,Подушки
2927,Дім та сад,Постільна білизна та текстиль,Постільна білизна,Наволочки та покривала
2974,Дім та сад,Постільна білизна та текстиль,Постільна білизна,Спідниці для ліжка
4452,Дім та сад,Постільна білизна та текстиль,Постільна білизна,Захисні чохли для матраців
2991,Дім та сад,Постільна білизна та текстиль,Постільна білизна,Захисні чохли для матраців,Матрацні підкладки
4420,Дім та сад,Постільна білизна та текстиль,Постільна білизна,Захисні чохли для матраців,Наматрацники
505287,Дім та сад,Постільна білизна та текстиль,Постільна білизна,Покривала та ковдри
505803,Дім та сад,Постільна білизна та текстиль,Постільна білизна,Балдахіни для ліжка
601,Дім та сад,Постільна білизна та текстиль,Столові скатертини
2547,Дім та сад,Постільна білизна та текстиль,Столові скатертини,Підкладки для столового прибору
4143,Дім та сад,Постільна білизна та текстиль,Столові скатертини,Скатертини
4203,Дім та сад,Постільна білизна та текстиль,Столові скатертини,Тканинні серветки
4343,Дім та сад,Постільна білизна та текстиль,Столові скатертини,Ажурні серветки (дойли)
6322,Дім та сад,Постільна білизна та текстиль,Столові скатертини,Скатертини-фартухи для столу
6325,Дім та сад,Постільна білизна та текстиль,Столові скатертини,Декоративні бігунці для столу
4077,Дім та сад,Постільна білизна та текстиль,Рушники
576,Дім та сад,Постільна білизна та текстиль,Рушники,Рушники та ганчірки для ванної
4126,Дім та сад,Постільна білизна та текстиль,Рушники,Пляжні рушники
4257,Дім та сад,Постільна білизна та текстиль,Рушники,Кухонні рушники
505832,Дім та сад,Постільна білизна та текстиль,Комплекти кухонного текстилю
4358,Дім та сад,Парасольки та дощові парасольки
5835,Дім та сад,Підготовка до надзвичайних ситуацій
4490,Дім та сад,Підготовка до надзвичайних ситуацій,Сигналізації землетрусу
4491,Дім та сад,Підготовка до надзвичайних ситуацій,Анкери для меблів
5836,Дім та сад,Підготовка до надзвичайних ситуацій,Набори їжі для надзвичайних ситуацій
6897,Дім та сад,Підготовка до надзвичайних ситуацій,Термоковдри для надзвичайних ситуацій
7058,Дім та сад,Підготовка до надзвичайних ситуацій,Інструменти та набори для надзвичайних ситуацій
6173,Дім та сад,Чохли та футляри для парасольок
6792,Дім та сад,Каміни
537,Дитячі та товари для малюків
540,Дитячі та товари для малюків,Безпека немовлят
541,Дитячі та товари для малюків,Безпека немовлят,Радіоняні
542,Дитячі та товари для малюків,Безпека немовлят,Ворота для дітей та домашніх тварин
543,Дитячі та товари для малюків,Безпека немовлят,Замки та захисні пристрої для безпеки немовлят
544,Дитячі та товари для малюків,Безпека немовлят,Безпекові бортики для немовлят
5049,Дитячі та товари для малюків,Безпека немовлят,Предмети безпеки для немовлят: ремені та повідки
6869,Дитячі та товари для малюків,Безпека немовлят,Аксесуари для дитячих та домашніх тварин
548,Дитячі та товари для малюків,Товари для підгузків
550,Дитячі та товари для малюків,Товари для підгузків,Відра для підгузків
551,Дитячі та товари для малюків,Товари для підгузків,Підгузки
553,Дитячі та товари для малюків,Товари для підгузків,Дитячі вологі серветки
2949,Дитячі та товари для малюків,Товари для підгузків,Засоби від опрелості
5628,Дитячі та товари для малюків,Товари для підгузків,Пеленальні килимки та лотки
6883,Дитячі та товари для малюків,Товари для підгузків,Органайзери для підгузків
6949,Дитячі та товари для малюків,Товари для підгузків,Підкладки для підгузків
6971,Дитячі та товари для малюків,Товари для підгузків,Водонепроникні сумки для підгузків
7001,Дитячі та товари для малюків,Товари для підгузків,Аксесуари для відра для підгузків
7014,Дитячі та товари для малюків,Товари для підгузків,Набори для підгузків
7200,Дитячі та товари для малюків,Товари для підгузків,Диспенсери та обігрівачі для дитячих вологих серветок
502999,Дитячі та товари для малюків,Товари для підгузків,Чохли для пеленальних килимків та лотків
561,Дитячі та товари для малюків,Годування та догляд
562,Дитячі та товари для малюків,Годування та догляд,Їжа для дітей та малюків
563,Дитячі та товари для малюків,Годування та догляд,Їжа для дітей та малюків,Дитяче молочко (формула)
5718,Дитячі та товари для малюків,Годування та догляд,Їжа для дітей та малюків,Дитячі напої
5719,Дитячі та товари для малюків,Годування та догляд,Їжа для дітей та малюків,Дитяче харчування
5720,Дитячі та товари для малюків,Годування та догляд,Їжа для дітей та малюків,Прикорм для немовлят
5721,Дитячі та товари для малюків,Годування та догляд,Їжа для дітей та малюків,Дитячі каші
8436,Дитячі та товари для малюків,Годування та догляд,Їжа для дітей та малюків,Напої та коктейлі для харчування малюків
564,Дитячі та товари для малюків,Годування та догляд,Дитячі пляшечки
565,Дитячі та товари для малюків,Годування та догляд,Молоковідсмоктувачі
2125,Дитячі та товари для малюків,Годування та догляд,Нагрудники
4768,Дитячі та товари для малюків,Годування та догляд,Таймери для догляду за немовлятами
5296,Дитячі та товари для малюків,Годування та догляд,Підігрівачі та стерилізатори для пляшок
5298,Дитячі та товари для малюків,Годування та догляд,Подушки для годування
5629,Дитячі та товари для малюків,Годування та догляд,Отримувачі
5630,Дитячі та товари для малюків,Годування та догляд,Соски та вкладиші для дитячих пляшечок
543636,Дитячі та товари для малюків,Годування та догляд,Соски та вкладиші для дитячих пляшечок,Соски для дитячих пляшечок
543637,Дитячі та товари для малюків,Годування та догляд,Соски та вкладиші для дитячих пляшечок,Вкладиші для дитячих пляшечок
5843,Дитячі та товари для малюків,Годування та догляд,Покривала для годування
6950,Дитячі та товари для малюків,Годування та догляд,Пляшечки-непроливайки
7234,Дитячі та товари для малюків,Годування та догляд,Контейнери для зберігання материнського молока
8075,Дитячі та товари для малюків,Годування та догляд,Наволочки для подушок для годування
503762,Дитячі та товари для малюків,Годування та догляд,Прокладки та захисні щитки для годування
505366,Дитячі та товари для малюків,Годування та догляд,Аксесуари для молоковідсмоктувачів
2764,Дитячі та товари для малюків,Транспорт для немовлят
538,Дитячі та товари для малюків,Транспорт для немовлят,Дитячі рюкзаки-кенгуру
547,Дитячі та товари для малюків,Транспорт для немовлят,Автокрісла для дітей та малюків
568,Дитячі та товари для малюків,Транспорт для немовлят,Дитячі візки
2847,Дитячі та товари для малюків,Іграшки та обладнання для активності немовлят
539,Дитячі та товари для малюків,Іграшки та обладнання для активності немовлят,Дитячі ігрові майданчики
555,Дитячі та товари для малюків,Іграшки та обладнання для активності немовлят,Дитячі гойдалки та стрибунці
560,Дитячі та товари для малюків,Іграшки та обладнання для активності немовлят,Гойдалки та стрибунці для немовлят
1241,Дитячі та товари для малюків,Іграшки та обладнання для активності немовлят,Ходунки та розважальні пристрої для дітей
1242,Дитячі та товари для малюків,Іграшки та обладнання для активності немовлят,Мобільні іграшки для немовлят
1243,Дитячі та товари для малюків,Іграшки та обладнання для активності немовлят,Ігрові килимки та спортивні комплекси
543612,Дитячі та товари для малюків,Іграшки та обладнання для активності немовлят,Ігрові килимки та спортивні комплекси,Ігрові килимки
543613,Дитячі та товари для малюків,Іграшки та обладнання для активності немовлят,Ігрові килимки та спортивні комплекси,Ігрові спортивні комплекси
1244,Дитячі та товари для малюків,Іграшки та обладнання для активності немовлят,Погремушки
3459,Дитячі та товари для малюків,Іграшки та обладнання для активності немовлят,Іграшки на підтягування та відтягування
3661,Дитячі та товари для малюків,Іграшки та обладнання для активності немовлят,Іграшки-алфавіти
3860,Дитячі та товари для малюків,Іграшки та обладнання для активності немовлят,Іграшки для сортування та складання
7191,Дитячі та товари для малюків,Іграшки та обладнання для активності немовлят,Аксесуари для мобільних іграшок для немовлят
7198,Дитячі та товари для малюків,Іграшки та обладнання для активності немовлят,Іграшки для активності немовлят
7360,Дитячі та товари для малюків,Іграшки та обладнання для активності немовлят,Пустушки для немовлят
4386,Дитячі та товари для малюків,Аксесуари для транспорту для немовлят
4387,Дитячі та товари для малюків,Аксесуари для транспорту для немовлят,Аксесуари для дитячих візків
4486,Дитячі та товари для малюків,Аксесуари для транспорту для немовлят,Аксесуари для автокрісел для дітей та малюків
4916,Дитячі та товари для малюків,Аксесуари для транспорту для немовлят,Аксесуари для дитячих рюкзаків-кенгуру
5845,Дитячі та товари для малюків,Аксесуари для транспорту для немовлят,Чохли для кошика для покупок та високого стільця
8537,Дитячі та товари для малюків,Аксесуари для транспорту для немовлят,Підкладки та мішки для дитячого транспорту
4678,Дитячі та товари для малюків,Купання немовлят
4679,Дитячі та товари для малюків,Купання немовлят,Ваночки та сидіння для купання немовлят
7082,Дитячі та товари для малюків,Купання немовлят,Душові козирьки
5252,Дитячі та товари для малюків,Здоров'я немовлят
566,Дитячі та товари для малюків,Здоров'я немовлят,Соски та гризунки
5253,Дитячі та товари для малюків,Здоров'я немовлят,Назальні аспіратори
6290,Дитячі та товари для малюків,Здоров'я немовлят,Набори для догляду та здоров'я немовлят
7016,Дитячі та товари для малюків,Здоров'я немовлят,Затискачі та тримачі для сосок
7309,Дитячі та товари для малюків,Здоров'я немовлят,Серветки для сосок
5859,Дитячі та товари для малюків,Набори подарунків для немовлят
6899,Дитячі та товари для малюків,Пелюшки та приймальні покривала
543664,Дитячі та товари для малюків,Пелюшки та приймальні покривала,Приймальні пледи
543665,Дитячі та товари для малюків,Пелюшки та приймальні покривала,Пелюшки
6952,Дитячі та товари для малюків,Навчання до горщика
552,Дитячі та товари для малюків,Навчання до горщика,Накладки на унітаз для дітей
6953,Дитячі та товари для малюків,Навчання до горщика,Набори для навчання до горщика
632,Фурнітура
115,Фурнітура,Будівельні матеріали
119,Фурнітура,Будівельні матеріали,Двері
4468,Фурнітура,Будівельні матеріали,Двері,Гаражні двері
4634,Фурнітура,Будівельні матеріали,Двері,Двері для дому
120,Фурнітура,Будівельні матеріали,Скло
122,Фурнітура,Будівельні матеріали,Ізоляція
123,Фурнітура,Будівельні матеріали,Матеріали для покрівлі
121,Фурнітура,Будівельні матеріали,Матеріали для покрівлі,Водостоки
2008,Фурнітура,Будівельні матеріали,Матеріали для покрівлі,Елементи гідроізоляції даху
4544,Фурнітура,Будівельні матеріали,Матеріали для покрівлі,Аксесуари для водостоків
8270,Фурнітура,Будівельні матеріали,Матеріали для покрівлі,Черепиця та плитки для покрівлі
124,Фурнітура,Будівельні матеріали,Вікна
125,Фурнітура,Будівельні матеріали,Дерев'яна планка та листовий матеріал
2030,Фурнітура,Будівельні матеріали,Люки
2729,Фурнітура,Будівельні матеріали,Стільниці
2826,Фурнітура,Будівельні матеріали,Підлога та килими
6343,Фурнітура,Будівельні матеріали,Дверна фурнітура
1356,Фурнітура,Будівельні матеріали,Дверна фурнітура,Дверні ручки та гачки
2665,Фурнітура,Будівельні матеріали,Дверна фурнітура,Дверні упори
2795,Фурнітура,Будівельні матеріали,Дверна фурнітура,Дверні стукачі
2972,Фурнітура,Будівельні матеріали,Дверна фурнітура,Дверні дзвінки та дзвоники
6446,Фурнітура,Будівельні матеріали,Дверна фурнітура,Дверні доводчики
6458,Фурнітура,Будівельні матеріали,Дверна фурнітура,Засувки для дверей
99338,Фурнітура,Будівельні матеріали,Дверна фурнітура,Накладки на ключові отвори
499970,Фурнітура,Будівельні матеріали,Дверна фурнітура,Дверні накладки для штовхання
503727,Фурнітура,Будівельні матеріали,Дверна фурнітура,Дверні коробки
6943,Фурнітура,Будівельні матеріали,Віконні жалюзі
7004,Фурнітура,Будівельні матеріали,Сходи
7053,Фурнітура,Будівельні матеріали,Стінові панелі
7112,Фурнітура,Будівельні матеріали,Ліпний декор
7136,Фурнітура,Будівельні матеріали,Плитка для стін та стелі
7439,Фурнітура,Будівельні матеріали,Звукоізоляційні панелі та піна
499772,Фурнітура,Будівельні матеріали,Віконна фурнітура
499773,Фурнітура,Будівельні матеріали,Віконна фурнітура,Ручки віконних механізмів
503728,Фурнітура,Будівельні матеріали,Віконна фурнітура,Віконні рами
499949,Фурнітура,Будівельні матеріали,Поручні та системи огорожі
503775,Фурнітура,Будівельні матеріали,Сайдинг
503776,Фурнітура,Будівельні матеріали,Гіпсокартон
503777,Фурнітура,Будівельні матеріали,Арматура та сітка для армування
505300,Фурнітура,Будівельні матеріали,Матеріали для герметизації та утеплення
127,Фурнітура,Електроенергія та електротехнічне обладнання
1218,Фурнітура,Електроенергія та електротехнічне обладнання,Генератори
1869,Фурнітура,Електроенергія та електротехнічне обладнання,Розетки та гнізда живлення
2006,Фурнітура,Електроенергія та електротехнічне обладнання,Електромонтажні коробки та кронштейни
2028,Фурнітура,Електроенергія та електротехнічне обладнання,Телефонні та даних роз'єми
2274,Фурнітура,Електроенергія та електротехнічне обладнання,Коннектори та гайки для дроту
2345,Фурнітура,Електроенергія та електротехнічне обладнання,Електропроводка та кабелі
2377,Фурнітура,Електроенергія та електротехнічне обладнання,Рамки та кришки для розеток та вимикачів
2413,Фурнітура,Електроенергія та електротехнічне обладнання,Набори для автоматизації дому
4709,Фурнітура,Електроенергія та електротехнічне обладнання,Аксесуари для генераторів
4714,Фурнітура,Електроенергія та електротехнічне обладнання,Сонячні панелі
4715,Фурнітура,Електроенергія та електротехнічне обладнання,Комплекти для використання сонячної енергії
4789,Фурнітура,Електроенергія та електротехнічне обладнання,Подовжувачі
5142,Фурнітура,Електроенергія та електротехнічне обладнання,Інвертори живлення
5533,Фурнітура,Електроенергія та електротехнічне обладнання,Перетворювачі живлення
5627,Фурнітура,Електроенергія та електротехнічне обладнання,Кришки для електричних вилок
6375,Фурнітура,Електроенергія та електротехнічне обладнання,Аксесуари для подовжувачів
6459,Фурнітура,Електроенергія та електротехнічне обладнання,Електровимикачі
1935,Фурнітура,Електроенергія та електротехнічне обладнання,Електровимикачі,Вимикачі світла
499932,Фурнітура,Електроенергія та електротехнічне обладнання,Електровимикачі,Спеціалізовані електричні вимикачі та реле
6807,Фурнітура,Електроенергія та електротехнічне обладнання,Панелі автоматичних вимикачів
6833,Фурнітура,Електроенергія та електротехнічне обладнання,Керування та датчики для розеток
7183,Фурнітура,Електроенергія та електротехнічне обладнання,Баласты та стартери
7275,Фурнітура,Електроенергія та електротехнічне обладнання,Електродвигуни
499768,Фурнітура,Електроенергія та електротехнічне обладнання,Труби та корпуси
3797,Фурнітура,Електроенергія та електротехнічне обладнання,Труби та корпуси,Термоусадочні трубки
499770,Фурнітура,Електроенергія та електротехнічне обладнання,Труби та корпуси,Електротехнічні труби
499893,Фурнітура,Електроенергія та електротехнічне обладнання,Вугільні щітки
499966,Фурнітура,Електроенергія та електротехнічне обладнання,Входи живлення
500049,Фурнітура,Електроенергія та електротехнічне обладнання,"Анкери, ротори та статори"
503729,Фурнітура,Електроенергія та електротехнічне обладнання,Дротяні клеми та з'єднувачі
505318,Фурнітура,Електроенергія та електротехнічне обладнання,Трансформатори та регулятори напруги
128,Фурнітура,Огорожі та бар'єри
1352,Фурнітура,Огорожі та бар'єри,Стовпчики огорожі
1788,Фурнітура,Огорожі та бар'єри,Ворота
1919,Фурнітура,Огорожі та бар'єри,Стовпи та перила огорожі
499958,Фурнітура,Огорожі та бар'єри,Бар'єри для безпеки та контролю натовпу
502973,Фурнітура,Огорожі та бар'єри,Панелі огорожі
502983,Фурнітура,Огорожі та бар'єри,Аксесуари для огорожі та воріт
502984,Фурнітура,Огорожі та бар'єри,Решітка
502986,Фурнітура,Огорожі та бар'єри,Садові бордюри та обмежувачі
133,Фурнітура,Сантехніка
1673,Фурнітура,Сантехніка,Сантехнічні прилади
1636,Фурнітура,Сантехніка,Сантехнічні прилади,Ванни
1687,Фурнітура,Сантехніка,Сантехнічні прилади,Раковини
2757,Фурнітура,Сантехніка,Сантехнічні прилади,Раковини,Кухонні та господарські мийки
2886,Фурнітура,Сантехніка,Сантехнічні прилади,Раковини,Умивальники для ванної кімнати
2032,Фурнітура,Сантехніка,Сантехнічні прилади,Крани
2062,Фурнітура,Сантехніка,Сантехнічні прилади,Унітази та біде
1746,Фурнітура,Сантехніка,Сантехнічні прилади,Унітази та біде,Пісуари
1921,Фурнітура,Сантехніка,Сантехнічні прилади,Унітази та біде,Унітази
2376,Фурнітура,Сантехніка,Сантехнічні прилади,Унітази та біде,Біде
7244,Фурнітура,Сантехніка,Сантехнічні прилади,Душові кабіни та набори
499999,Фурнітура,Сантехніка,Сантехнічні прилади,Комплекти для ванної кімнати
1723,Фурнітура,Сантехніка,Постачання для колодязів
1810,Фурнітура,Сантехніка,Сантехнічні фітинги та підтримки
1694,Фурнітура,Сантехніка,Сантехнічні фітинги та підтримки,Сантехнічні фланці
2068,Фурнітура,Сантехніка,Сантехнічні фітинги та підтримки,Сопла
2359,Фурнітура,Сантехніка,Сантехнічні фітинги та підтримки,З'єднувачі для труб
2466,Фурнітура,Сантехніка,Сантехнічні фітинги та підтримки,Сантехнічні вентилі
2611,Фурнітура,Сантехніка,Сантехнічні фітинги та підтримки,Регулятори для сантехніки
2634,Фурнітура,Сантехніка,Сантехнічні фітинги та підтримки,Зажими для сантехнічних труб
2710,Фурнітура,Сантехніка,Сантехнічні фітинги та підтримки,Адаптери та втулки для труб
2909,Фурнітура,Сантехніка,Сантехнічні фітинги та підтримки,Кришки та заглушки для труб
6732,Фурнітура,Сантехніка,Сантехнічні фітинги та підтримки,Прокладки та ущільнювачі
499697,Фурнітура,Сантехніка,Сантехнічні фітинги та підтримки,Вбудовані носії та монтажні рамки
2203,Фурнітура,Сантехніка,Набори для ремонту сантехніки
2216,Фурнітура,Сантехніка,Сантехнічні труби
2243,Фурнітура,Сантехніка,Рівнеміри для води
2273,Фурнітура,Сантехніка,Розподіл та фільтрація води
1390,Фурнітура,Сантехніка,Розподіл та фільтрація води,Дистилятори води
1952,Фурнітура,Сантехніка,Розподіл та фільтрація води,Знежоржавлювачі води
2055,Фурнітура,Сантехніка,Розподіл та фільтрація води,Водні фільтри в лінії
2171,Фурнітура,Сантехніка,Розподіл та фільтрація води,Аксесуари для фільтрації води
2063,Фурнітура,Сантехніка,Розподіл та фільтрація води,Аксесуари для фільтрації води,Картриджі для водяних фільтрів
2406,Фурнітура,Сантехніка,Розподіл та фільтрація води,Аксесуари для фільтрації води,Корпуси для водяних фільтрів
2343,Фурнітура,Сантехніка,Розподіл та фільтрація води,Диспенсери для води
1354,Фурнітура,Сантехніка,Розподіл та фільтрація води,Диспенсери для води,Водяні охолоджувачі
1821,Фурнітура,Сантехніка,Розподіл та фільтрація води,Диспенсери для води,Питні фонтани
5646,Фурнітура,Сантехніка,Розподіл та фільтрація води,Сіль для знежоржавлювачів води
2570,Фурнітура,Сантехніка,Сантехнічні шланги та трубопроводи
6832,Фурнітура,Сантехніка,Таймери для води
504635,Фурнітура,Сантехніка,Арматура та деталі для сантехнічних приладів
1458,Фурнітура,Сантехніка,Арматура та деталі для сантехнічних приладів,Пластини для кріплення
1489,Фурнітура,Сантехніка,Арматура та деталі для сантехнічних приладів,Аксесуари для кранів
8115,Фурнітура,Сантехніка,Арматура та деталі для сантехнічних приладів,Аксесуари для кранів,Аератори для кранів
8116,Фурнітура,Сантехніка,Арматура та деталі для сантехнічних приладів,Аксесуари для кранів,Ручки та регулятори кранів
1963,Фурнітура,Сантехніка,Арматура та деталі для сантехнічних приладів,Аксесуари для раковини
2410,Фурнітура,Сантехніка,Арматура та деталі для сантехнічних приладів,Аксесуари для раковини,Ніжки для раковини
2206,Фурнітура,Сантехніка,Арматура та деталі для сантехнічних приладів,Деталі для душу
581,Фурнітура,Сантехніка,Арматура та деталі для сантехнічних приладів,Деталі для душу,Душові насадки
1779,Фурнітура,Сантехніка,Арматура та деталі для сантехнічних приладів,Деталі для душу,Двері та огорожі для душу
2088,Фурнітура,Сантехніка,Арматура та деталі для сантехнічних приладів,Деталі для душу,Душові стовпи
4728,Фурнітура,Сантехніка,Арматура та деталі для сантехнічних приладів,Деталі для душу,Піддони для душу
5048,Фурнітура,Сантехніка,Арматура та деталі для сантехнічних приладів,Деталі для душу,Фільтри для душової води
7130,Фурнітура,Сантехніка,Арматура та деталі для сантехнічних приладів,Деталі для душу,Душові стінки та обрамлення
8277,Фурнітура,Сантехніка,Арматура та деталі для сантехнічних приладів,Деталі для душу,Електричні та потужні душі
8320,Фурнітура,Сантехніка,Арматура та деталі для сантехнічних приладів,Деталі для душу,Гідромасажні дюзи для ванни та душу
504638,Фурнітура,Сантехніка,Арматура та деталі для сантехнічних приладів,Деталі для душу,Руки душу та з'єднувачі
2691,Фурнітура,Сантехніка,Арматура та деталі для сантехнічних приладів,Аксесуари для туалету та біде
1425,Фурнітура,Сантехніка,Арматура та деталі для сантехнічних приладів,Аксесуари для туалету та біде,Плаваючі кран-бойки та клапани
1865,Фурнітура,Сантехніка,Арматура та деталі для сантехнічних приладів,Аксесуари для туалету та біде,Сидіння для туалету та біде
2478,Фурнітура,Сантехніка,Арматура та деталі для сантехнічних приладів,Аксесуари для туалету та біде,Декор для унітазів
2817,Фурнітура,Сантехніка,Арматура та деталі для сантехнічних приладів,Аксесуари для туалету та біде,Ручки бачка туалету
5665,Фурнітура,Сантехніка,Арматура та деталі для сантехнічних приладів,Аксесуари для туалету та біде,Бачки для унітазів
5666,Фурнітура,Сантехніка,Арматура та деталі для сантехнічних приладів,Аксесуари для туалету та біде,Накладки на бачок туалету
7358,Фурнітура,Сантехніка,Арматура та деталі для сантехнічних приладів,Аксесуари для туалету та біде,Накладки на сидіння туалету
7446,Фурнітура,Сантехніка,Арматура та деталі для сантехнічних приладів,Аксесуари для туалету та біде,Накладки на кришки сидіння туалету
504634,Фурнітура,Сантехніка,Арматура та деталі для сантехнічних приладів,Аксесуари для туалету та біде,Крани та душі для біде
2996,Фурнітура,Сантехніка,Арматура та деталі для сантехнічних приладів,Аксесуари для ванни
2463,Фурнітура,Сантехніка,Арматура та деталі для сантехнічних приладів,Аксесуари для ванни,Насадки для ванни
5508,Фурнітура,Сантехніка,Арматура та деталі для сантехнічних приладів,Аксесуари для ванни,Облицювання для ванни
505368,Фурнітура,Сантехніка,Арматура та деталі для сантехнічних приладів,Аксесуари для ванни,Основи та ніжки для ванни
504636,Фурнітура,Сантехніка,Арматура та деталі для сантехнічних приладів,Дренажі
504637,Фурнітура,Сантехніка,Арматура та деталі для сантехнічних приладів,Компоненти дренажу
1319,Фурнітура,Сантехніка,Арматура та деталі для сантехнічних приладів,Компоненти дренажу,Сифони для сантехніки
1407,Фурнітура,Сантехніка,Арматура та деталі для сантехнічних приладів,Компоненти дренажу,Дренажні прутки
1514,Фурнітура,Сантехніка,Арматура та деталі для сантехнічних приладів,Компоненти дренажу,Рамки дренажу
1932,Фурнітура,Сантехніка,Арматура та деталі для сантехнічних приладів,Компоненти дренажу,Засоби для відкриття дренажу
2170,Фурнітура,Сантехніка,Арматура та деталі для сантехнічних приладів,Компоненти дренажу,Сантехнічні відходи
2257,Фурнітура,Сантехніка,Арматура та деталі для сантехнічних приладів,Компоненти дренажу,Вкладиші для дренажу
2851,Фурнітура,Сантехніка,Арматура та деталі для сантехнічних приладів,Компоненти дренажу,Кришки та сита для дренажу
1167,Фурнітура,Інструменти
126,Фурнітура,Інструменти,Візки та ручні візки
130,Фурнітура,Інструменти,Сходи та риштування
635,Фурнітура,Інструменти,Сходи та риштування,Складні сходи
1809,Фурнітура,Інструменти,Сходи та риштування,Робочі платформи
1866,Фурнітура,Інструменти,Сходи та риштування,Риштування
2416,Фурнітура,Інструменти,Сходи та риштування,Тележки зі сходами
6928,Фурнітура,Інструменти,Сходи та риштування,Драбини
338,Фурнітура,Інструменти,Ліхтарики та налобні ліхтари
2454,Фурнітура,Інструменти,Ліхтарики та налобні ліхтари,Чоловіки
543689,Фурнітура,Інструменти,Ліхтарики та налобні ліхтари,Ліхтарики
1169,Фурнітура,Інструменти,Ковадла
1171,Фурнітура,Інструменти,Сокири
1174,Фурнітура,Інструменти,Різці та долота для різьблення
1179,Фурнітура,Інструменти,Ломи
1180,Фурнітура,Інструменти,Ножі
1181,Фурнітура,Інструменти,Ножі,Болтові ножиці
1182,Фурнітура,Інструменти,Ножі,Різаки для скла
1454,Фурнітура,Інструменти,Ножі,Ручні ножиці та ніблери для металу
1824,Фурнітура,Інструменти,Ножі,Ножиці для арматури
2080,Фурнітура,Інструменти,Ножі,Різаки для труб
2411,Фурнітура,Інструменти,Ножі,Універсальні ножі
2726,Фурнітура,Інструменти,Ножі,Різаки для плитки та шиферу
7562,Фурнітура,Інструменти,Ножі,Кусачки
1184,Фурнітура,Інструменти,Різці та матриці
1185,Фурнітура,Інструменти,Рукоятки
1186,Фурнітура,Інструменти,Молотки
2208,Фурнітура,Інструменти,Молотки,Ручні молотки
505364,Фурнітура,Інструменти,Молотки,Електромолоти
1187,Фурнітура,Інструменти,Літаки
1188,Фурнітура,Інструменти,Полірувальні машини
1193,Фурнітура,Інструменти,Інструменти для каменю
1450,Фурнітура,Інструменти,Інструменти для каменю,Шпатель для швів у камені
1555,Фурнітура,Інструменти,Інструменти для каменю,Будівельні лінії
1668,Фурнітура,Інструменти,Інструменти для каменю,Інструменти для роботи з цеглою
1799,Фурнітура,Інструменти,Інструменти для каменю,Кромкодержатели та фрези для каменю
2181,Фурнітура,Інструменти,Інструменти для каменю,Мулярні лопатки
2305,Фурнітура,Інструменти,Інструменти для каменю,Бетономішалки
2337,Фурнітура,Інструменти,Інструменти для каменю,Поплавки
4132,Фурнітура,Інструменти,Інструменти для каменю,Затиральні машини
7484,Фурнітура,Інструменти,Інструменти для каменю,Губки для шпаклівки
1194,Фурнітура,Інструменти,Витягувачі цвяхів
1195,Фурнітура,Інструменти,Викрутки для гайок
1196,Фурнітура,Інструменти,Інструменти для підбирання
1201,Фурнітура,Інструменти,Тримачі для пили
1202,Фурнітура,Інструменти,Шпателі та скребки
1203,Фурнітура,Інструменти,Викрутки
1206,Фурнітура,Інструменти,Степлери та цвяхоколи
1215,Фурнітура,Інструменти,Інструменти для герметизації
1217,Фурнітура,Інструменти,Дрелі
1216,Фурнітура,Інструменти,Дрелі,Свердловочні преси
1367,Фурнітура,Інструменти,Дрелі,Бури
1465,Фурнітура,Інструменти,Дрелі,Станки для свердління отворів
1994,Фурнітура,Інструменти,Дрелі,Пневматичні бури
2629,Фурнітура,Інструменти,Дрелі,Ручні електробури
1219,Фурнітура,Інструменти,Шліфувальні машини
1220,Фурнітура,Інструменти,Теплові пістолети
1221,Фурнітура,Інструменти,Ударні гайковерти та водії
1225,Фурнітура,Інструменти,Полірувальні машини та бафери
1235,Фурнітура,Інструменти,Пили
3224,Фурнітура,Інструменти,Пили,Ручні циркулярні пили
3494,Фурнітура,Інструменти,Пили,Сабельні пили
3516,Фурнітура,Інструменти,Пили,Відрізні пили
3517,Фурнітура,Інструменти,Пили,Торцові пили
3582,Фурнітура,Інструменти,Пили,Стрічкові пили
3594,Фурнітура,Інструменти,Пили,Ручні пили
3706,Фурнітура,Інструменти,Пили,Столові пили
3725,Фурнітура,Інструменти,Пили,Лобзики
4633,Фурнітура,Інструменти,Пили,Лобзикові верстати
7077,Фурнітура,Інструменти,Пили,Пилки для каменю та плитки
499985,Фурнітура,Інструменти,Пили,Панельні пили
1236,Фурнітура,Інструменти,Паяльники
1238,Фурнітура,Інструменти,Зварювальні пістолети та плазмові різаки
1305,Фурнітура,Інструменти,Вимірювальні інструменти та датчики
1191,Фурнітура,Інструменти,Вимірювальні інструменти та датчики,Рівні
4081,Фурнітура,Інструменти,Вимірювальні інструменти та датчики,Рівні,Водяні рівні
4294,Фурнітура,Інструменти,Вимірювальні інструменти та датчики,Рівні,Оптичні рівні
4931,Фурнітура,Інструменти,Вимірювальні інструменти та датчики,Рівні,Лазерні рівні
1198,Фурнітура,Інструменти,Вимірювальні інструменти та датчики,Транспортири
1205,Фурнітура,Інструменти,Вимірювальні інструменти та датчики,Квадрати
1207,Фурнітура,Інструменти,Вимірювальні інструменти та датчики,Детектори прихованої проводки та металу
1374,Фурнітура,Інструменти,Вимірювальні інструменти та датчики,Метеостанції та прогнозувачі погоди
1413,Фурнітура,Інструменти,Вимірювальні інструменти та датчики,Прямі краї
1459,Фурнітура,Інструменти,Вимірювальні інструменти та датчики,Вимірювальні колеса
1533,Фурнітура,Інструменти,Вимірювальні інструменти та датчики,Вудилища для круїзного риболовлі
1539,Фурнітура,Інструменти,Вимірювальні інструменти та датчики,Локатори арматури
1640,Фурнітура,Інструменти,Вимірювальні інструменти та датчики,Розхідоміри та контролери потоку
1698,Фурнітура,Інструменти,Вимірювальні інструменти та датчики,Ваги
1732,Фурнітура,Інструменти,Вимірювальні інструменти та датчики,Манометри
1785,Фурнітура,Інструменти,Вимірювальні інструменти та датчики,Датчики та виявники
1850,Фурнітура,Інструменти,Вимірювальні інструменти та датчики,Розподілювачі
1991,Фурнітура,Інструменти,Вимірювальні інструменти та датчики,Газові детектори
2021,Фурнітура,Інструменти,Вимірювальні інструменти та датчики,Лінійки
2093,Фурнітура,Інструменти,Вимірювальні інструменти та датчики,Термопари та термопіли
2192,Фурнітура,Інструменти,Вимірювальні інструменти та датчики,Штангенциркулі
2330,Фурнітура,Інструменти,Вимірювальні інструменти та датчики,Направляючі для ножів
2481,Фурнітура,Інструменти,Вимірювальні інструменти та датчики,Рулетки
3602,Фурнітура,Інструменти,Вимірювальні інструменти та датчики,Барометри
4022,Фурнітура,Інструменти,Вимірювальні інструменти та датчики,Альтиметри
4074,Фурнітура,Інструменти,Вимірювальні інструменти та датчики,pH-метри
4340,Фурнітура,Інструменти,Вимірювальні інструменти та датчики,Теодоліти
4506,Фурнітура,Інструменти,Вимірювальні інструменти та датчики,Інфрачервоні термометри
4754,Фурнітура,Інструменти,Вимірювальні інструменти та датчики,Гігрометри
4755,Фурнітура,Інструменти,Вимірювальні інструменти та датчики,Вологоміри
4756,Фурнітура,Інструменти,Вимірювальні інструменти та датчики,Сейсмометр
4757,Фурнітура,Інструменти,Вимірювальні інструменти та датчики,Звукоміри
4758,Фурнітура,Інструменти,Вимірювальні інструменти та датчики,Метри UV світла
4759,Фурнітура,Інструменти,Вимірювальні інструменти та датчики,Віброметри
5371,Фурнітура,Інструменти,Вимірювальні інструменти та датчики,Дозиметри
5487,Фурнітура,Інструменти,Вимірювальні інструменти та датчики,Дальноміри
5515,Фурнітура,Інструменти,Вимірювальні інструменти та датчики,Прилади для вимірювання якості повітря
6799,Фурнітура,Інструменти,Вимірювальні інструменти та датчики,Термовізійні камери
7394,Фурнітура,Інструменти,Вимірювальні інструменти та датчики,Перетворювачі
500058,Фурнітура,Інструменти,Вимірювальні інструменти та датчики,Анемометри
503737,Фурнітура,Інструменти,Вимірювальні інструменти та датчики,Інструменти для тестування електрики
1391,Фурнітура,Інструменти,Знежалювачі
1439,Фурнітура,Інструменти,Ключі для інструментів
1469,Фурнітура,Інструменти,Ручні інструменти для дроту та кабелю
1563,Фурнітура,Інструменти,Вантузи
1584,Фурнітура,Інструменти,Різьбонарізні машини
1603,Фурнітура,Інструменти,Змінювачі лампочок
1632,Фурнітура,Інструменти,Гайкові ключі
1644,Фурнітура,Інструменти,Точила
1663,Фурнітура,Інструменти,Токарні верстати
1667,Фурнітура,Інструменти,Згиначі для труб та прутів
1787,Фурнітура,Інструменти,Регулювачі кранів
1819,Фурнітура,Інструменти,Розширювачі
1832,Фурнітура,Інструменти,Інструменти для маркування
1841,Фурнітура,Інструменти,Інструменти для фрезерування
1862,Фурнітура,Інструменти,Щітки для труб
1923,Фурнітура,Інструменти,Формувальники
1958,Фурнітура,Інструменти,Плоскогубці
2015,Фурнітура,Інструменти,Компресори
2053,Фурнітура,Інструменти,Чистильники для труб та трубок
2077,Фурнітура,Інструменти,Інструменти для фарбування
1300,Фурнітура,Інструменти,Інструменти для фарбування,Пензлі для фарбування
1699,Фурнітура,Інструменти,Інструменти для фарбування,Губки для фарбування
1774,Фурнітура,Інструменти,Інструменти для фарбування,Валики для фарбування
2465,Фурнітура,Інструменти,Інструменти для фарбування,Розпилювачі для фарби
2486,Фурнітура,Інструменти,Інструменти для фарбування,Аерографи
6556,Фурнітура,Інструменти,Інструменти для фарбування,Краєвики для фарбування
6557,Фурнітура,Інструменти,Інструменти для фарбування,Палітри для фарби
499888,Фурнітура,Інструменти,Інструменти для фарбування,Машинки для змішування фарби
505325,Фурнітура,Інструменти,Інструменти для фарбування,Сита для фарби
2198,Фурнітура,Інструменти,Ножі для інструментів
2456,Фурнітура,Інструменти,Промислові вібратори
2792,Фурнітура,Інструменти,Щітки для чищення димарів
2835,Фурнітура,Інструменти,Затискачі та тиски для інструментів
3501,Фурнітура,Інструменти,Бурі для свердління отворів
3745,Фурнітура,Інструменти,Шліфувальні інструменти
3932,Фурнітура,Інструменти,Мотики та кайли
4325,Фурнітура,Інструменти,Компактори
4419,Фурнітура,Інструменти,Блоки для шліфування
4672,Фурнітура,Інструменти,Мітла для бетону
4919,Фурнітура,Інструменти,Набори інструментів
4716,Фурнітура,Інструменти,Набори інструментів,Набори електроінструментів
6965,Фурнітура,Інструменти,Набори інструментів,Набори ручного інструменту
5077,Фурнітура,Інструменти,Фрезерні верстати
5587,Фурнітура,Інструменти,Багатофункціональний електроінструмент
5592,Фурнітура,Інструменти,Робочі ліхтарі
5828,Фурнітура,Інструменти,Дренажі для масляних фільтрів
5873,Фурнітура,Інструменти,Магнітні щітки
5927,Фурнітура,Інструменти,Ручні ліхтарі для роботи
6461,Фурнітура,Інструменти,Лінійка-прокладка для електриків
6868,Фурнітура,Інструменти,Рубанки
6938,Фурнітура,Інструменти,Абразивні обприскувачі
7030,Фурнітура,Інструменти,Розщеплювачі дров
7064,Фурнітура,Інструменти,Інструменти для заклепування
7065,Фурнітура,Інструменти,Інструменти для заклепування,Заклепочники
7066,Фурнітура,Інструменти,Інструменти для заклепування,Плоскогубці для заклепок
7271,Фурнітура,Інструменти,Столярні струги
7416,Фурнітура,Інструменти,Дзеркала для інспекції
7556,Фурнітура,Інструменти,Пушки для смазки
499887,Фурнітура,Інструменти,Ручні електроміксери
503774,Фурнітура,Інструменти,Запальнички та сірники
505315,Фурнітура,Інструменти,Пробивачі та шила
1910,Фурнітура,Резервуари для зберігання
1974,Фурнітура,Замки та ключі
1870,Фурнітура,Замки та ключі,Системи входу за допомогою карток-ключів
6488,Фурнітура,Замки та ключі,Сировинні ключі
8067,Фурнітура,Замки та ключі,Клавішні ковпачки
503730,Фурнітура,Замки та ключі,Замки та защіпки
2878,Фурнітура,Аксесуари для фурнітури
1318,Фурнітура,Аксесуари для фурнітури,Котушки
1771,Фурнітура,Аксесуари для фурнітури,Петлі
1816,Фурнітура,Аксесуари для фурнітури,Фільтри та екрани
1979,Фурнітура,Аксесуари для фурнітури,Покривальні тканини
3974,Фурнітура,Аксесуари для фурнітури,Зберігання та організація інструментів
2485,Фурнітура,Аксесуари для фурнітури,Зберігання та організація інструментів,Ремені для інструментів та обладнання
3280,Фурнітура,Аксесуари для фурнітури,Зберігання та організація інструментів,Шафи та скрині для інструментів
3919,Фурнітура,Аксесуари для фурнітури,Зберігання та організація інструментів,Робочі верстаки
3980,Фурнітура,Аксесуари для фурнітури,Зберігання та організація інструментів,Ящики для інструментів
4031,Фурнітура,Аксесуари для фурнітури,Зберігання та організація інструментів,Піхви для інструментів
4199,Фурнітура,Аксесуари для фурнітури,Зберігання та організація інструментів,Складські пристрої для садових шлангів
6876,Фурнітура,Аксесуари для фурнітури,Зберігання та організація інструментів,Сумки для інструментів
500103,Фурнітура,Аксесуари для фурнітури,Зберігання та організація інструментів,Вкладиші та вставки для органайзерів інструментів
4696,Фурнітура,Аксесуари для фурнітури,Фурнітура для шаф
4697,Фурнітура,Аксесуари для фурнітури,Фурнітура для шаф,Задні панелі шаф
4698,Фурнітура,Аксесуари для фурнітури,Фурнітура для шаф,Замки для шаф
4699,Фурнітура,Аксесуари для фурнітури,Фурнітура для шаф,Двері для шаф
4700,Фурнітура,Аксесуари для фурнітури,Фурнітура для шаф,Ручки та важілі для шаф
232167,Фурнітура,Аксесуари для фурнітури,Фурнітура для шаф,Накладки на ключові отвори для меблів та шаф
4988,Фурнітура,Аксесуари для фурнітури,Брезент
6769,Фурнітура,Аксесуари для фурнітури,Пневматичні шланги
6770,Фурнітура,Аксесуари для фурнітури,Шланги для смазування
6841,Фурнітура,Аксесуари для фурнітури,Газові шланги
7086,Фурнітура,Аксесуари для фурнітури,Форми для бетону
7092,Фурнітура,Аксесуари для фурнітури,Кронштейни та армувальні скоби
7270,Фурнітура,Аксесуари для фурнітури,Штифти та стрижні для шкантів
7557,Фурнітура,Аксесуари для фурнітури,Сигнальні та попереджувальні стрічки
8112,Фурнітура,Аксесуари для фурнітури,Земляні штири
8113,Фурнітура,Аксесуари для фурнітури,Основи для стовпів
8470,Фурнітура,Аксесуари для фурнітури,Направляючі для шухляд
499933,Фурнітура,Аксесуари для фурнітури,Пружини
499981,Фурнітура,Аксесуари для фурнітури,Коліщатка
500030,Фурнітура,Аксесуари для фурнітури,Ковдри та покривала для переїзду та звукоізоляції
500054,Фурнітура,Аксесуари для фурнітури,Кріплення для фурнітури
1508,Фурнітура,Аксесуари для фурнітури,Кріплення для фурнітури,Дюбелі для гіпсокартону
1739,Фурнітура,Аксесуари для фурнітури,Кріплення для фурнітури,Гайки та болти
2195,Фурнітура,Аксесуари для фурнітури,Кріплення для фурнітури,Шайби
2230,Фурнітура,Аксесуари для фурнітури,Кріплення для фурнітури,Пости для гвинтів
2251,Фурнітура,Аксесуари для фурнітури,Кріплення для фурнітури,Гвинти
2408,Фурнітура,Аксесуари для фурнітури,Кріплення для фурнітури,Цвяхи
7062,Фурнітура,Аксесуари для фурнітури,Кріплення для фурнітури,Заклепки
500055,Фурнітура,Аксесуари для фурнітури,Кріплення для фурнітури,Різьбові стрижні
502977,Фурнітура,Аксесуари для фурнітури,"Ланцюги, дріт та мотузки"
1492,Фурнітура,Аксесуари для фурнітури,"Ланцюги, дріт та мотузки",Ланцюги
3053,Фурнітура,Аксесуари для фурнітури,"Ланцюги, дріт та мотузки",Мотузки та троси
4469,Фурнітура,Аксесуари для фурнітури,"Ланцюги, дріт та мотузки",Ланцюги з ручкою
5119,Фурнітура,Аксесуари для фурнітури,"Ланцюги, дріт та мотузки",Шпагат
6297,Фурнітура,Аксесуари для фурнітури,"Ланцюги, дріт та мотузки",Стяжні ремені
6298,Фурнітура,Аксесуари для фурнітури,"Ланцюги, дріт та мотузки",Еластичні мотузки
6904,Фурнітура,Аксесуари для фурнітури,"Ланцюги, дріт та мотузки",Універсальний дріт
503731,Фурнітура,Аксесуари для фурнітури,Форми для лиття металу
503773,Фурнітура,Аксесуари для фурнітури,"Гачки, пряжки та замки"
502978,Фурнітура,Аксесуари для фурнітури,"Гачки, пряжки та замки",Стяжки для ременів
502992,Фурнітура,Аксесуари для фурнітури,"Гачки, пряжки та замки",Універсальні пряжки
503764,Фурнітура,Аксесуари для фурнітури,"Гачки, пряжки та замки",З'єднувачі та ланки для ланцюгів
503770,Фурнітура,Аксесуари для фурнітури,"Гачки, пряжки та замки","Гачки, затискачі та канатні затискачі для підйому"
505320,Фурнітура,Аксесуари для фурнітури,Стінові домкрати та опори
3650,Фурнітура,Аксесуари для інструментів
2174,Фурнітура,Аксесуари для інструментів,Леза інструментів
2202,Фурнітура,Аксесуари для інструментів,Леза інструментів,Полотна для пили
505831,Фурнітура,Аксесуари для інструментів,Леза інструментів,Леза для ножів та скребків
2380,Фурнітура,Аксесуари для інструментів,Промислові степлерні скоби
2447,Фурнітура,Аксесуари для інструментів,Аксесуари для ліхтариків
3281,Фурнітура,Аксесуари для інструментів,Аксесуари для паяльника
3609,Фурнітура,Аксесуари для інструментів,Аксесуари для паяльника,Насадки для паяльника
3629,Фурнітура,Аксесуари для інструментів,Аксесуари для паяльника,Стійки для паяльника
3470,Фурнітура,Аксесуари для інструментів,Аксесуари для коригувального білизни
3210,Фурнітура,Аксесуари для інструментів,Аксесуари для коригувального білизни,Фрези для формування
3744,Фурнітура,Аксесуари для інструментів,Аксесуари для роутерів
3300,Фурнітура,Аксесуари для інструментів,Аксесуари для роутерів,Столи для роутерів
3673,Фурнітура,Аксесуари для інструментів,Аксесуари для роутерів,Фрези для роутерів
3944,Фурнітура,Аксесуари для інструментів,Аксесуари для дрелей та викруток
1540,Фурнітура,Аксесуари для інструментів,Аксесуари для дрелей та викруток,Бури та біти для дрелей та викруток
6378,Фурнітура,Аксесуари для інструментів,Аксесуари для дрелей та викруток,Заточувачі для бурів
6806,Фурнітура,Аксесуари для інструментів,Аксесуари для дрелей та викруток,Ножовки для отворів
7140,Фурнітура,Аксесуари для інструментів,Аксесуари для дрелей та викруток,Продовжувачі для бурів
8275,Фурнітура,Аксесуари для інструментів,Аксесуари для дрелей та викруток,Станини та направляючі для дрелей
8276,Фурнітура,Аксесуари для інструментів,Аксесуари для дрелей та викруток,Патрони для дрелей
4487,Фурнітура,Аксесуари для інструментів,Аксесуари для шліфування
3240,Фурнітура,Аксесуари для інструментів,Аксесуари для шліфування,Шліфпапір та шліфувальні губки
4658,Фурнітура,Аксесуари для інструментів,Стенди для інструментів
4659,Фурнітура,Аксесуари для інструментів,Стенди для інструментів,Станини для пили
5526,Фурнітура,Аксесуари для інструментів,Аксесуари для вимірювальних інструментів та датчиків
5556,Фурнітура,Аксесуари для інструментів,Аксесуари для вимірювальних інструментів та датчиків,Аксесуари для газових детекторів
5557,Фурнітура,Аксесуари для інструментів,Аксесуари для вимірювальних інструментів та датчиків,Аксесуари для інструментів для тестування електрики
7415,Фурнітура,Аксесуари для інструментів,Аксесуари для вимірювальних інструментів та датчиків,Аксесуари для мультиметрів
503007,Фурнітура,Аксесуари для інструментів,Аксесуари для вимірювальних інструментів та датчиків,Аксесуари для ваг
5571,Фурнітура,Аксесуари для інструментів,Торцеві головки
6292,Фурнітура,Аксесуари для інструментів,Зарядні пристрої для електроінструментів
6295,Фурнітура,Аксесуари для інструментів,Акумулятори для електроінструментів
6471,Фурнітура,Аксесуари для інструментів,Аксесуари для водіїв
6549,Фурнітура,Аксесуари для інструментів,Аксесуари для пили
6501,Фурнітура,Аксесуари для інструментів,Аксесуари для пили,Аксесуари для столової пили
6503,Фурнітура,Аксесуари для інструментів,Аксесуари для пили,Аксесуари для торцових пил
7345,Фурнітура,Аксесуари для інструментів,Аксесуари для пили,Аксесуари для ручних циркулярних пил
7346,Фурнітура,Аксесуари для інструментів,Аксесуари для пили,Аксесуари для лобзика
7515,Фурнітура,Аксесуари для інструментів,Аксесуари для пили,Аксесуари для стрічкових пил
6907,Фурнітура,Аксесуари для інструментів,Шаблони
6939,Фурнітура,Аксесуари для інструментів,Аксесуари для абразивного обприскувача
6940,Фурнітура,Аксесуари для інструментів,Аксесуари для абразивного обприскувача,Шафи для абразивної очистки
7019,Фурнітура,Аксесуари для інструментів,Аксесуари для інструментів для фарбування
6887,Фурнітура,Аксесуари для інструментів,Аксесуари для інструментів для фарбування,Аксесуари для аерографів
7020,Фурнітура,Аксесуари для інструментів,Аксесуари для інструментів для фарбування,Аксесуари для валиків для фарбування
328062,Фурнітура,Аксесуари для інструментів,Аксесуари для інструментів для фарбування,Засоби для чищення пензлів
7056,Фурнітура,Аксесуари для інструментів,Аксесуари для молотків
7055,Фурнітура,Аксесуари для інструментів,Аксесуари для молотків,Ручки для молотків
7057,Фурнітура,Аксесуари для інструментів,Аксесуари для молотків,Головки молотків
7087,Фурнітура,Аксесуари для інструментів,Аксесуари для молотків,Аксесуари для повітряних молотків
7326,Фурнітура,Аксесуари для інструментів,Аксесуари для сокир
7369,Фурнітура,Аксесуари для інструментів,Аксесуари для сокир,Головки сокир
7370,Фурнітура,Аксесуари для інструментів,Аксесуари для сокир,Рукоятки для сокир
7472,Фурнітура,Аксесуари для інструментів,Магнітні та демагнітні пристрої
8117,Фурнітура,Аксесуари для інструментів,Аксесуари для ножів
8118,Фурнітура,Аксесуари для інструментів,Аксесуари для ножів,Матриці для ніблерів
8258,Фурнітура,Аксесуари для інструментів,Безпекові троси для інструментів
499859,Фурнітура,Аксесуари для інструментів,Аксесуари для шліфувальних машин
499860,Фурнітура,Аксесуари для інструментів,Аксесуари для шліфувальних машин,Шліфувальні круги та точила
499886,Фурнітура,Аксесуари для інструментів,Лопатки для змішування
499947,Фурнітура,Аксесуари для інструментів,Аксесуари для зварювання
505323,Фурнітура,Аксесуари для інструментів,Аксесуари для мотики та кайлів
505324,Фурнітура,Аксесуари для інструментів,Аксесуари для мотики та кайлів,Рукоятки для мотики та кайлів
505810,Фурнітура,Аксесуари для інструментів,Клини для ручок інструментів
505812,Фурнітура,Аксесуари для інструментів,Клинові інструменти
499873,Фурнітура,"Опалення, вентиляція та кондиціонування"
1519,Фурнітура,"Опалення, вентиляція та кондиціонування","Керування системами опалення, вентиляції та кондиціонування"
1897,Фурнітура,"Опалення, вентиляція та кондиціонування","Керування системами опалення, вентиляції та кондиціонування",Термостати
2238,Фурнітура,"Опалення, вентиляція та кондиціонування","Керування системами опалення, вентиляції та кондиціонування",Панелі керування
500043,Фурнітура,"Опалення, вентиляція та кондиціонування","Керування системами опалення, вентиляції та кондиціонування",Гігростати
2766,Фурнітура,"Опалення, вентиляція та кондиціонування",Вентиляційні отвори та димарі
499874,Фурнітура,"Опалення, вентиляція та кондиціонування",Вентиляційні канали
500090,Фурнітура,"Опалення, вентиляція та кондиціонування",Сушарки для повітря та фільтрів
499982,Фурнітура,Малі двигуни
500096,Фурнітура,Насоси для фурнітури
500097,Фурнітура,Насоси для фурнітури,"Насоси для спринклерних,бустерних та зрошувальних систем"
500098,Фурнітура,Насоси для фурнітури,"Насоси для басейну, фонтану та ставка"
500099,Фурнітура,Насоси для фурнітури,Насоси для домашніх приладів
500100,Фурнітура,Насоси для фурнітури,Насоси та системи для колодязів
500101,Фурнітура,Насоси для фурнітури,Універсальні насоси
500102,Фурнітура,Насоси для фурнітури,"Насоси для стічних вод, каналізації та дренажу"
502975,Фурнітура,Паливні контейнери та баки
503739,Фурнітура,Будівельні витратні матеріали
1753,Фурнітура,Будівельні витратні матеріали,Смазки
1995,Фурнітура,Будівельні витратні матеріали,Припій і флюс
2212,Фурнітура,Будівельні витратні матеріали,Стрічка для фурнітури
2277,Фурнітура,Будівельні витратні матеріали,Хімікати
1479,Фурнітура,Будівельні витратні матеріали,Хімікати,Засоби для чищення димарів
1735,Фурнітура,Будівельні витратні матеріали,Хімікати,Нейтралізатори кислоти
1749,Фурнітура,Будівельні витратні матеріали,Хімікати,Засоби для чистки дренажу
6191,Фурнітура,Будівельні витратні матеріали,Хімікати,Обігрівачі
6795,Фурнітура,Будівельні витратні матеріали,Хімікати,Аміак
7470,Фурнітура,Будівельні витратні матеріали,Хімікати,Обробка септичних баків та вигрібних ям
7503,Фурнітура,Будівельні витратні матеріали,Хімікати,Засоби для чистки терас та огорож
7504,Фурнітура,Будівельні витратні матеріали,Хімікати,Засоби для чищення бетону та кладки
500088,Фурнітура,Будівельні витратні матеріали,Хімікати,Рідина для запальничок
505319,Фурнітура,Будівельні витратні матеріали,Хімікати,Електричні спреї для заморожування
503740,Фурнітура,Будівельні витратні матеріали,Матеріали для живопису
1361,Фурнітура,Будівельні витратні матеріали,Матеріали для живопису,Фарби
1648,Фурнітура,Будівельні витратні матеріали,Матеріали для живопису,Плями
2058,Фурнітура,Будівельні витратні матеріали,Матеріали для живопису,Грунтовки
2474,Фурнітура,Будівельні витратні матеріали,Матеріали для живопису,Біндери для фарб
503738,Фурнітура,Будівельні витратні матеріали,Матеріали для живопису,Лаки та фінішні покриття
503741,Фурнітура,Будівельні витратні матеріали,"Розчинники, відновники та розріджувачі"
503742,Фурнітура,Будівельні витратні матеріали,Клей та адгезиви для фурнітури
503743,Фурнітура,Будівельні витратні матеріали,Витратні матеріали для каменю
2282,Фурнітура,Будівельні витратні матеріали,Витратні матеріали для каменю,"Цемент, розчин та бетонні суміші"
3031,Фурнітура,Будівельні витратні матеріали,Витратні матеріали для каменю,Цегла та бетонні блоки
499876,Фурнітура,Будівельні витратні матеріали,Витратні матеріали для каменю,Шпаклівка
503744,Фурнітура,Будівельні витратні матеріали,Захисні покриття та герметики
505305,Фурнітура,Будівельні витратні матеріали,Грунтовка для сантехніки
505802,Фурнітура,Будівельні витратні матеріали,Шпаклівка та гіпс для ремонту стін
543575,Фурнітура,Паливо
543576,Фурнітура,Паливо,Керосин
543578,Фурнітура,Паливо,Керосин,Фарбований керосин
543579,Фурнітура,Паливо,Керосин,Прозорий керосин
543577,Фурнітура,Паливо,Пропан
543703,Фурнітура,Паливо,Паливна олія для опалення дому
772,Для дорослих
773,Для дорослих,Еротика
774,Для дорослих,Еротика,Еротичний одяг
776,Для дорослих,Еротика,Еротичні DVD та відео
778,Для дорослих,Еротика,Секс-іграшки
779,Для дорослих,Еротика,Еротичні книги
4060,Для дорослих,Еротика,Еротичні журнали
5055,Для дорослих,Еротика,Еротичні продукти та їстівні товари
6040,Для дорослих,Еротика,Еротичні ігри
6536,Для дорослих,Еротика,Набори для танців на пілоні
780,Для дорослих,Зброя
726,Для дорослих,Зброя,Газові балончики та перцевий спрей
727,Для дорослих,Зброя,Електрошокери та тазери
782,Для дорослих,Зброя,Вогнепальна зброя
2214,Для дорослих,Зброя,Догляд за зброєю та аксесуари
781,Для дорослих,Зброя,Догляд за зброєю та аксесуари,Боєприпаси
1783,Для дорослих,Зброя,Догляд за зброєю та аксесуари,Піхви для зброї
1806,Для дорослих,Зброя,Догляд за зброєю та аксесуари,Рукоятки зброї
1822,Для дорослих,Зброя,Догляд за зброєю та аксесуари,Направляючі для зброї
5067,Для дорослих,Зброя,Догляд за зброєю та аксесуари,Ліхтарики для зброї
499853,Для дорослих,Зброя,Догляд за зброєю та аксесуари,Ремені для зброї
500048,Для дорослих,Зброя,Догляд за зброєю та аксесуари,Кейси та сумки для зброї
503021,Для дорослих,Зброя,Догляд за зброєю та аксесуари,Чищення зброї
499854,Для дорослих,Зброя,Догляд за зброєю та аксесуари,Чищення зброї,Розчинники для чищення зброї
499855,Для дорослих,Зброя,Догляд за зброєю та аксесуари,Чищення зброї,Ганчірки та тампони для чищення зброї
499856,Для дорослих,Зброя,Догляд за зброєю та аксесуари,Чищення зброї,Патчі для чищення зброї
503026,Для дорослих,Зброя,Догляд за зброєю та аксесуари,Прилади та обладнання для перезарядки
499857,Для дорослих,Зброя,Догляд за зброєю та аксесуари,Прилади та обладнання для перезарядки,Преси для перезаряджання боєприпасів
505762,Для дорослих,Зброя,Догляд за зброєю та аксесуари,Кейси та тримачі для боєприпасів
3092,Для дорослих,Зброя,Нунчаки
3437,Для дорослих,Зброя,Кнути
3666,Для дорослих,Зброя,Мечі
3694,Для дорослих,Зброя,Метальні зірки
3833,Для дорослих,Зброя,Кастети
3924,Для дорослих,Зброя,Посохи та паличкова зброя
6109,Для дорослих,Зброя,Бойові ножі
7175,Для дорослих,Зброя,Списи
7567,Для дорослих,Зброя,Булави та дубинки
783,Медіа
784,Медіа,Книги
543541,Медіа,Книги,Аудіокниги
543542,Медіа,Книги,Електронні книги
543543,Медіа,Книги,Друковані книги
839,Медіа,DVD та відео
543527,Медіа,DVD та відео,DVD з фільмами та телепрограмами
543528,Медіа,DVD та відео,Відеокасети VHS з фільмами та телепрограмами
543529,Медіа,DVD та відео,Цифрові завантаження фільмів та телепрограм
855,Медіа,Музичні та звукові записи
543522,Медіа,Музичні та звукові записи,Музичні CD
543523,Медіа,Музичні та звукові записи,Платівки та LP
543524,Медіа,Музичні та звукові записи,Музичні касети
543525,Медіа,Музичні та звукові записи,Аудіозаписи розмовного жанру та полеві записи
543526,Медіа,Музичні та звукові записи,Завантаження цифрової музики
886,Медіа,Журнали та газети
543539,Медіа,Журнали та газети,Журнали
543540,Медіа,Журнали та газети,Газети
887,Медіа,Ноти
5037,Медіа,Інструкції до товарів
5038,Медіа,Інструкції до товарів,Інструкції до електроніки
5039,Медіа,Інструкції до товарів,Інструкції до побутових приладів
5040,Медіа,Інструкції до товарів,Інструкції до кухонної техніки
5041,Медіа,Інструкції до товарів,Сервісні інструкції для автомобілів
5860,Медіа,Інструкції до товарів,Інструкції до моделей та іграшок
5861,Медіа,Інструкції до товарів,Інструкції до обладнання для фітнесу та тренувань
7516,Медіа,Інструкції до товарів,Посібники з експлуатації електроінструментів та обладнання
499821,Медіа,Інструкції до товарів,Інструкції до камер та оптики
499866,Медіа,Інструкції до товарів,Інструкції до канцелярських товарів
499995,Медіа,Плани столярних та деревообробних проектів
888,Транспортні засоби та запчастини
5613,Транспортні засоби та запчастини,Запчастини та аксесуари для автомобілів
899,Транспортні засоби та запчастини,Запчастини та аксесуари для автомобілів,Деталі автомобіля
908,Транспортні засоби та запчастини,Запчастини та аксесуари для автомобілів,Деталі автомобіля,Вихлопні системи автомобілів
2534,Транспортні засоби та запчастини,Запчастини та аксесуари для автомобілів,Деталі автомобіля,Деталі та аксесуари для автомобільних вікон
2550,Транспортні засоби та запчастини,Запчастини та аксесуари для автомобілів,Деталі автомобіля,Циркуляція моторної оливи в автомобілі
2641,Транспортні засоби та запчастини,Запчастини та аксесуари для автомобілів,Деталі автомобіля,Деталі трансмісії та трансмісійного механізму автомобіля
2642,Транспортні засоби та запчастини,Запчастини та аксесуари для автомобілів,Деталі автомобіля,Дзеркала автомобіля
2727,Транспортні засоби та запчастини,Запчастини та аксесуари для автомобілів,Деталі автомобіля,Паливні системи автомобілів
2805,Транспортні засоби та запчастини,Запчастини та аксесуари для автомобілів,Деталі автомобіля,Клімат-контроль автомобіля
2820,Транспортні засоби та запчастини,Запчастини та аксесуари для автомобілів,Деталі автомобіля,Деталі двигуна автомобіля
2935,Транспортні засоби та запчастини,Запчастини та аксесуари для автомобілів,Деталі автомобіля,Деталі підвіски автомобіля
2977,Транспортні засоби та запчастини,Запчастини та аксесуари для автомобілів,Деталі автомобіля,Гальмівна система автомобіля
3020,Транспортні засоби та запчастини,Запчастини та аксесуари для автомобілів,Деталі автомобіля,Системи коліс автомобіля
911,Транспортні засоби та запчастини,Запчастини та аксесуари для автомобілів,Деталі автомобіля,Системи коліс автомобіля,Шини для транспортних засобів
6091,Транспортні засоби та запчастини,Запчастини та аксесуари для автомобілів,Деталі автомобіля,Системи коліс автомобіля,Шини для транспортних засобів,Мотоциклетні шини
6093,Транспортні засоби та запчастини,Запчастини та аксесуари для автомобілів,Деталі автомобіля,Системи коліс автомобіля,Шини для транспортних засобів,Автомобільні шини
7252,Транспортні засоби та запчастини,Запчастини та аксесуари для автомобілів,Деталі автомобіля,Системи коліс автомобіля,Шини для транспортних засобів,Шини для бездоріжжевих та повнопривідних транспортних засобів
2556,Транспортні засоби та запчастини,Запчастини та аксесуари для автомобілів,Деталі автомобіля,Системи коліс автомобіля,Деталі коліс автомобіля
2932,Транспортні засоби та запчастини,Запчастини та аксесуари для автомобілів,Деталі автомобіля,Системи коліс автомобіля,Диски та колеса автомобіля
6088,Транспортні засоби та запчастини,Запчастини та аксесуари для автомобілів,Деталі автомобіля,Системи коліс автомобіля,Диски та колеса автомобіля,Ободи та колеса для мотоциклів
6090,Транспортні засоби та запчастини,Запчастини та аксесуари для автомобілів,Деталі автомобіля,Системи коліс автомобіля,Диски та колеса автомобіля,Автомобільні диски та колеса
7253,Транспортні засоби та запчастини,Запчастини та аксесуари для автомобілів,Деталі автомобіля,Системи коліс автомобіля,Диски та колеса автомобіля,Диски та колеса для бездоріжжевих та повнопривідних транспортних засобів
2989,Транспортні засоби та запчастини,Запчастини та аксесуари для автомобілів,Деталі автомобіля,Системи коліс автомобіля,Аксесуари для автомобільних шин
3318,Транспортні засоби та запчастини,Запчастини та аксесуари для автомобілів,Деталі автомобіля,Освітлення автомобіля
8137,Транспортні засоби та запчастини,Запчастини та аксесуари для автомобілів,Деталі автомобіля,Двигуни автомобілів
8227,Транспортні засоби та запчастини,Запчастини та аксесуари для автомобілів,Деталі автомобіля,Рама та кузовні деталі автомобіля
8228,Транспортні засоби та запчастини,Запчастини та аксесуари для автомобілів,Деталі автомобіля,Буксирування автомобілів
8231,Транспортні засоби та запчастини,Запчастини та аксесуари для автомобілів,Деталі автомобіля,Електричні та енергетичні системи автомобіля
8232,Транспортні засоби та запчастини,Запчастини та аксесуари для автомобілів,Деталі автомобіля,Автомобільний килим та оббивка
8233,Транспортні засоби та запчастини,Запчастини та аксесуари для автомобілів,Деталі автомобіля,Внутрішнє обладнання автомобіля
8234,Транспортні засоби та запчастини,Запчастини та аксесуари для автомобілів,Деталі автомобіля,Датчики та прилади автомобіля
8235,Транспортні засоби та запчастини,Запчастини та аксесуари для автомобілів,Деталі автомобіля,Керування автомобілем
8238,Транспортні засоби та запчастини,Запчастини та аксесуари для автомобілів,Деталі автомобіля,Сидіння автомобіля
913,Транспортні засоби та запчастини,Запчастини та аксесуари для автомобілів,"Обслуговування, догляд та декор автомобілів"
2495,Транспортні засоби та запчастини,Запчастини та аксесуари для автомобілів,"Обслуговування, догляд та декор автомобілів",Декор для автомобілів
2248,Транспортні засоби та запчастини,Запчастини та аксесуари для автомобілів,"Обслуговування, догляд та декор автомобілів",Декор для автомобілів,Автомобільні номерні знаки
2582,Транспортні засоби та запчастини,Запчастини та аксесуари для автомобілів,"Обслуговування, догляд та декор автомобілів",Декор для автомобілів,Аксесуари для автомобільної приладової панелі
2588,Транспортні засоби та запчастини,Запчастини та аксесуари для автомобілів,"Обслуговування, догляд та декор автомобілів",Декор для автомобілів,Кульки на автомобільну антену
2652,Транспортні засоби та запчастини,Запчастини та аксесуари для автомобілів,"Обслуговування, догляд та декор автомобілів",Декор для автомобілів,Прапори для відображення на автомобілях
2667,Транспортні засоби та запчастини,Запчастини та аксесуари для автомобілів,"Обслуговування, догляд та декор автомобілів",Декор для автомобілів,Наклейки на бампер
2722,Транспортні засоби та запчастини,Запчастини та аксесуари для автомобілів,"Обслуговування, догляд та декор автомобілів",Декор для автомобілів,Декали для автомобілів
2789,Транспортні засоби та запчастини,Запчастини та аксесуари для автомобілів,"Обслуговування, догляд та декор автомобілів",Декор для автомобілів,Освіжувачі повітря для автомобілів
5994,Транспортні засоби та запчастини,Запчастини та аксесуари для автомобілів,"Обслуговування, догляд та декор автомобілів",Декор для автомобілів,Рамки для автомобільних номерних знаків
5995,Транспортні засоби та запчастини,Запчастини та аксесуари для автомобілів,"Обслуговування, догляд та декор автомобілів",Декор для автомобілів,Емблеми автомобілів та прикраси капоту
7022,Транспортні засоби та запчастини,Запчастини та аксесуари для автомобілів,"Обслуговування, догляд та декор автомобілів",Декор для автомобілів,Кришки для автомобільних номерних знаків
7532,Транспортні засоби та запчастини,Запчастини та аксесуари для автомобілів,"Обслуговування, догляд та декор автомобілів",Декор для автомобілів,Автомобільні магніти
8142,Транспортні засоби та запчастини,Запчастини та аксесуари для автомобілів,"Обслуговування, догляд та декор автомобілів",Декор для автомобілів,Ручки перемикача передач автомобіля
8145,Транспортні засоби та запчастини,Запчастини та аксесуари для автомобілів,"Обслуговування, догляд та декор автомобілів",Декор для автомобілів,Кришки автомобільних важелів
8202,Транспортні засоби та запчастини,Запчастини та аксесуари для автомобілів,"Обслуговування, догляд та декор автомобілів",Декор для автомобілів,Плівка для оклейки транспортних засобів
8298,Транспортні засоби та запчастини,Запчастини та аксесуари для автомобілів,"Обслуговування, догляд та декор автомобілів",Декор для автомобілів,Кріплення та тримачі для автомобільних номерних знаків
8463,Транспортні засоби та запчастини,Запчастини та аксесуари для автомобілів,"Обслуговування, догляд та декор автомобілів",Декор для автомобілів,Манжети перемикача передач автомобіля
8464,Транспортні засоби та запчастини,Запчастини та аксесуари для автомобілів,"Обслуговування, догляд та декор автомобілів",Декор для автомобілів,Чохли для керма автомобіля
8469,Транспортні засоби та запчастини,Запчастини та аксесуари для автомобілів,"Обслуговування, догляд та декор автомобілів",Декор для автомобілів,Набори аксесуарів для декору автомобілів
8478,Транспортні засоби та запчастини,Запчастини та аксесуари для автомобілів,"Обслуговування, догляд та декор автомобілів",Декор для автомобілів,Прикраси на дзеркало заднього виду автомобіля
2788,Транспортні засоби та запчастини,Запчастини та аксесуари для автомобілів,"Обслуговування, догляд та декор автомобілів",Автомобільні рідини
2513,Транспортні засоби та запчастини,Запчастини та аксесуари для автомобілів,"Обслуговування, догляд та декор автомобілів",Автомобільні рідини,Рідина для гідропідсилювача керма автомобіля
2517,Транспортні засоби та запчастини,Запчастини та аксесуари для автомобілів,"Обслуговування, догляд та декор автомобілів",Автомобільні рідини,Додатки до системи охолодження автомобілів
2635,Транспортні засоби та запчастини,Запчастини та аксесуари для автомобілів,"Обслуговування, догляд та декор автомобілів",Автомобільні рідини,Антифриз для автомобілів
2688,Транспортні засоби та запчастини,Запчастини та аксесуари для автомобілів,"Обслуговування, догляд та декор автомобілів",Автомобільні рідини,Трансмісійна рідина для автомобіля
2719,Транспортні засоби та запчастини,Запчастини та аксесуари для автомобілів,"Обслуговування, догляд та декор автомобілів",Автомобільні рідини,Засоби для очищення паливної системи автомобілів
2735,Транспортні засоби та запчастини,Запчастини та аксесуари для автомобілів,"Обслуговування, догляд та декор автомобілів",Автомобільні рідини,Автомобільні смазки
2770,Транспортні засоби та запчастини,Запчастини та аксесуари для автомобілів,"Обслуговування, догляд та декор автомобілів",Автомобільні рідини,Додатки для підвищення продуктивності автомобіля
2881,Транспортні засоби та запчастини,Запчастини та аксесуари для автомобілів,"Обслуговування, догляд та декор автомобілів",Автомобільні рідини,Засоби для видалення жиру з двигунів автомобілів
2916,Транспортні засоби та запчастини,Запчастини та аксесуари для автомобілів,"Обслуговування, догляд та декор автомобілів",Автомобільні рідини,Гідравлічна рідина для зчеплення автомобілів
2943,Транспортні засоби та запчастини,Запчастини та аксесуари для автомобілів,"Обслуговування, догляд та декор автомобілів",Автомобільні рідини,Рідина для скломийки транспортних засобів
3044,Транспортні засоби та запчастини,Запчастини та аксесуари для автомобілів,"Обслуговування, догляд та декор автомобілів",Автомобільні рідини,Моторна олива для автомобілів
3051,Транспортні засоби та запчастини,Запчастини та аксесуари для автомобілів,"Обслуговування, догляд та декор автомобілів",Автомобільні рідини,Гальмівна рідина для автомобілів
2895,Транспортні засоби та запчастини,Запчастини та аксесуари для автомобілів,"Обслуговування, догляд та декор автомобілів",Чищення автомобілів
2590,Транспортні засоби та запчастини,Запчастини та аксесуари для автомобілів,"Обслуговування, догляд та декор автомобілів",Чищення автомобілів,Засоби для мийки автомобілів
2643,Транспортні засоби та запчастини,Запчастини та аксесуари для автомобілів,"Обслуговування, догляд та декор автомобілів",Чищення автомобілів,"Воски, полірувальні засоби та захисні засоби для автомобіля"
2704,Транспортні засоби та запчастини,Запчастини та аксесуари для автомобілів,"Обслуговування, догляд та декор автомобілів",Чищення автомобілів,Засоби для чищення автомобільних килимків та оббивки
2846,Транспортні засоби та запчастини,Запчастини та аксесуари для автомобілів,"Обслуговування, догляд та декор автомобілів",Чищення автомобілів,Засоби для чищення скла автомобілів
2894,Транспортні засоби та запчастини,Запчастини та аксесуари для автомобілів,"Обслуговування, догляд та декор автомобілів",Чищення автомобілів,Щітки для мийки автомобілів
499766,Транспортні засоби та запчастини,Запчастини та аксесуари для автомобілів,"Обслуговування, догляд та декор автомобілів",Чищення автомобілів,Набори для очищення паливної системи автомобілів
3436,Транспортні засоби та запчастини,Запчастини та аксесуари для автомобілів,"Обслуговування, догляд та декор автомобілів",Автомобільні чохли
2494,Транспортні засоби та запчастини,Запчастини та аксесуари для автомобілів,"Обслуговування, догляд та декор автомобілів",Автомобільні чохли,Жорсткі верхи автомобілів
7031,Транспортні засоби та запчастини,Запчастини та аксесуари для автомобілів,"Обслуговування, догляд та декор автомобілів",Автомобільні чохли,М'які верхи для автомобілів
8306,Транспортні засоби та запчастини,Запчастини та аксесуари для автомобілів,"Обслуговування, догляд та декор автомобілів",Автомобільні чохли,Накриття для гольф-візків
8308,Транспортні засоби та запчастини,Запчастини та аксесуари для автомобілів,"Обслуговування, догляд та декор автомобілів",Автомобільні чохли,Кришки тонно
8309,Транспортні засоби та запчастини,Запчастини та аксесуари для автомобілів,"Обслуговування, догляд та декор автомобілів",Автомобільні чохли,Чохли для зберігання автомобіля
8310,Транспортні засоби та запчастини,Запчастини та аксесуари для автомобілів,"Обслуговування, догляд та декор автомобілів",Автомобільні чохли,Чохли для зберігання автомобіля,Автомобільні чохли для зберігання
8311,Транспортні засоби та запчастини,Запчастини та аксесуари для автомобілів,"Обслуговування, догляд та декор автомобілів",Автомобільні чохли,Чохли для зберігання автомобіля,Чохли для зберігання автодомів
8312,Транспортні засоби та запчастини,Запчастини та аксесуари для автомобілів,"Обслуговування, догляд та декор автомобілів",Автомобільні чохли,Чохли для зберігання автомобіля,Чохли для зберігання водного транспорту
8313,Транспортні засоби та запчастини,Запчастини та аксесуари для автомобілів,"Обслуговування, догляд та декор автомобілів",Автомобільні чохли,Чохли для зберігання автомобіля,Чохли для зберігання мотоциклів
8314,Транспортні засоби та запчастини,Запчастини та аксесуари для автомобілів,"Обслуговування, догляд та декор автомобілів",Автомобільні чохли,Чохли для зберігання автомобіля,Чохли для зберігання гольф-візків
8316,Транспортні засоби та запчастини,Запчастини та аксесуари для автомобілів,"Обслуговування, догляд та декор автомобілів",Автомобільні чохли,Накриття для автомобільних вітрових скель
3812,Транспортні засоби та запчастини,Запчастини та аксесуари для автомобілів,"Обслуговування, догляд та декор автомобілів",Автомобільна фарба
8144,Транспортні засоби та запчастини,Запчастини та аксесуари для автомобілів,"Обслуговування, догляд та декор автомобілів",Автомобільна фарба,Фарба для тормозних супортів автомобіля
8450,Транспортні засоби та запчастини,Запчастини та аксесуари для автомобілів,"Обслуговування, догляд та декор автомобілів",Автомобільна фарба,Автомобільна лакофарбова продукція
8236,Транспортні засоби та запчастини,Запчастини та аксесуари для автомобілів,"Обслуговування, догляд та декор автомобілів",Інструменти для ремонту та спеціальні інструменти для автомобілів
2647,Транспортні засоби та запчастини,Запчастини та аксесуари для автомобілів,"Обслуговування, догляд та декор автомобілів",Інструменти для ремонту та спеціальні інструменти для автомобілів,Набори для ремонту автомобільних склопакетів
3326,Транспортні засоби та запчастини,Запчастини та аксесуари для автомобілів,"Обслуговування, догляд та декор автомобілів",Інструменти для ремонту та спеціальні інструменти для автомобілів,Автомобільні проводи для розряду
5068,Транспортні засоби та запчастини,Запчастини та аксесуари для автомобілів,"Обслуговування, догляд та декор автомобілів",Інструменти для ремонту та спеціальні інструменти для автомобілів,Пристрої для аварійного запуску автомобілів
6482,Транспортні засоби та запчастини,Запчастини та аксесуари для автомобілів,"Обслуговування, догляд та декор автомобілів",Інструменти для ремонту та спеціальні інструменти для автомобілів,Сканери для діагностики автомобілів
7414,Транспортні засоби та запчастини,Запчастини та аксесуари для автомобілів,"Обслуговування, догляд та декор автомобілів",Інструменти для ремонту та спеціальні інструменти для автомобілів,Зарядні пристрої для автомобільних батарей
8259,Транспортні засоби та запчастини,Запчастини та аксесуари для автомобілів,"Обслуговування, догляд та декор автомобілів",Інструменти для ремонту та спеціальні інструменти для автомобілів,Інструменти для вирівнювання та демонтажу зчеплення автомобіля
8260,Транспортні засоби та запчастини,Запчастини та аксесуари для автомобілів,"Обслуговування, догляд та декор автомобілів",Інструменти для ремонту та спеціальні інструменти для автомобілів,Набори для обслуговування гальм автомобіля
8261,Транспортні засоби та запчастини,Запчастини та аксесуари для автомобілів,"Обслуговування, догляд та декор автомобілів",Інструменти для ремонту та спеціальні інструменти для автомобілів,Інструменти для ремонту та заміни шин автомобіля
499774,Транспортні засоби та запчастини,Запчастини та аксесуари для автомобілів,"Обслуговування, догляд та декор автомобілів",Інструменти для ремонту та спеціальні інструменти для автомобілів,Шпатлівка для автомобільного кузова
499929,Транспортні засоби та запчастини,Запчастини та аксесуари для автомобілів,"Обслуговування, догляд та декор автомобілів",Інструменти для ремонту та спеціальні інструменти для автомобілів,Тестери автомобільних батарей
8534,Транспортні засоби та запчастини,Запчастини та аксесуари для автомобілів,"Обслуговування, догляд та декор автомобілів",Переносні каністри для палива
3391,Транспортні засоби та запчастини,Запчастини та аксесуари для автомобілів,Деталі та аксесуари для водного транспорту
1122,Транспортні засоби та запчастини,Запчастини та аксесуари для автомобілів,Деталі та аксесуари для водного транспорту,Догляд за водним транспортом
3866,Транспортні засоби та запчастини,Запчастини та аксесуари для автомобілів,Деталі та аксесуари для водного транспорту,Догляд за водним транспортом,Засоби для чищення водного транспорту
3955,Транспортні засоби та запчастини,Запчастини та аксесуари для автомобілів,Деталі та аксесуари для водного транспорту,Догляд за водним транспортом,Полірувальні засоби для водного транспорту
1125,Транспортні засоби та запчастини,Запчастини та аксесуари для автомобілів,Деталі та аксесуари для водного транспорту,Двигуни та мотори для водного транспорту
1132,Транспортні засоби та запчастини,Запчастини та аксесуари для автомобілів,Деталі та аксесуари для водного транспорту,Деталі для яхт
3315,Транспортні засоби та запчастини,Запчастини та аксесуари для автомобілів,Деталі та аксесуари для водного транспорту,Швартування та якорювання
3189,Транспортні засоби та запчастини,Запчастини та аксесуари для автомобілів,Деталі та аксесуари для водного транспорту,Швартування та якорювання,Якорі
3362,Транспортні засоби та запчастини,Запчастини та аксесуари для автомобілів,Деталі та аксесуари для водного транспорту,Швартування та якорювання,Якірні троси та канати
3452,Транспортні засоби та запчастини,Запчастини та аксесуари для автомобілів,Деталі та аксесуари для водного транспорту,Швартування та якорювання,Якірні ланцюги
3480,Транспортні засоби та запчастини,Запчастини та аксесуари для автомобілів,Деталі та аксесуари для водного транспорту,Швартування та якорювання,Якірні лебідки
3572,Транспортні засоби та запчастини,Запчастини та аксесуари для автомобілів,Деталі та аксесуари для водного транспорту,Швартування та якорювання,Швартові утки
3655,Транспортні засоби та запчастини,Запчастини та аксесуари для автомобілів,Деталі та аксесуари для водного транспорту,Швартування та якорювання,Гаки для човнів
3718,Транспортні засоби та запчастини,Запчастини та аксесуари для автомобілів,Деталі та аксесуари для водного транспорту,Швартування та якорювання,Сходи для човнів
3899,Транспортні засоби та запчастини,Запчастини та аксесуари для автомобілів,Деталі та аксесуари для водного транспорту,Швартування та якорювання,Сходинки для причалу
3400,Транспортні засоби та запчастини,Запчастини та аксесуари для автомобілів,Деталі та аксесуари для водного транспорту,Паливні системи для водного транспорту
3415,Транспортні засоби та запчастини,Запчастини та аксесуари для автомобілів,Деталі та аксесуари для водного транспорту,Паливні системи для водного транспорту,Паливні лінії та їх частини для водного транспорту
3648,Транспортні засоби та запчастини,Запчастини та аксесуари для автомобілів,Деталі та аксесуари для водного транспорту,Паливні системи для водного транспорту,Паливні баки та їх частини для водного транспорту
3892,Транспортні засоби та запчастини,Запчастини та аксесуари для автомобілів,Деталі та аксесуари для водного транспорту,Паливні системи для водного транспорту,Паливні насоси та їх частини для водного транспорту
3968,Транспортні засоби та запчастини,Запчастини та аксесуари для автомобілів,Деталі та аксесуари для водного транспорту,Паливні системи для водного транспорту,Паливні лічильники для водного транспорту
3606,Транспортні засоби та запчастини,Запчастини та аксесуари для автомобілів,Деталі та аксесуари для водного транспорту,Частини двигунів для водного транспорту
3097,Транспортні засоби та запчастини,Запчастини та аксесуари для автомобілів,Деталі та аксесуари для водного транспорту,Частини двигунів для водного транспорту,Імпелери для водного транспорту
3143,Транспортні засоби та запчастини,Запчастини та аксесуари для автомобілів,Деталі та аксесуари для водного транспорту,Частини двигунів для водного транспорту,Генератори для водного транспорту
3277,Транспортні засоби та запчастини,Запчастини та аксесуари для автомобілів,Деталі та аксесуари для водного транспорту,Частини двигунів для водного транспорту,Поршні та деталі для водного транспорту
3321,Транспортні засоби та запчастини,Запчастини та аксесуари для автомобілів,Деталі та аксесуари для водного транспорту,Частини двигунів для водного транспорту,Керування двигунами водного транспорту
3463,Транспортні засоби та запчастини,Запчастини та аксесуари для автомобілів,Деталі та аксесуари для водного транспорту,Частини двигунів для водного транспорту,Карбюратори та їх частини для водного транспорту
3507,Транспортні засоби та запчастини,Запчастини та аксесуари для автомобілів,Деталі та аксесуари для водного транспорту,Частини двигунів для водного транспорту,Замки для моторів водного транспорту
3566,Транспортні засоби та запчастини,Запчастини та аксесуари для автомобілів,Деталі та аксесуари для водного транспорту,Частини двигунів для водного транспорту,Кріплення для моторів водного транспорту
3743,Транспортні засоби та запчастини,Запчастини та аксесуари для автомобілів,Деталі та аксесуари для водного транспорту,Частини двигунів для водного транспорту,Частини системи запалювання для водного транспорту
3806,Транспортні засоби та запчастини,Запчастини та аксесуари для автомобілів,Деталі та аксесуари для водного транспорту,Частини двигунів для водного транспорту,Пропелери для водного транспорту
3619,Транспортні засоби та запчастини,Запчастини та аксесуари для автомобілів,Деталі та аксесуари для водного транспорту,Вихлопні системи для водного транспорту
3232,Транспортні засоби та запчастини,Запчастини та аксесуари для автомобілів,Деталі та аксесуари для водного транспорту,Вихлопні системи для водного транспорту,Колектори для водного транспорту
3309,Транспортні засоби та запчастини,Запчастини та аксесуари для автомобілів,Деталі та аксесуари для водного транспорту,Вихлопні системи для водного транспорту,Глушники та деталі для водного транспорту
3995,Транспортні засоби та запчастини,Запчастини та аксесуари для автомобілів,Деталі та аксесуари для водного транспорту,Рульові деталі для водного транспорту
3308,Транспортні засоби та запчастини,Запчастини та аксесуари для автомобілів,Деталі та аксесуари для водного транспорту,Рульові деталі для водного транспорту,Рульові троси для водного транспорту
3663,Транспортні засоби та запчастини,Запчастини та аксесуари для автомобілів,Деталі та аксесуари для водного транспорту,Рульові деталі для водного транспорту,Рульові колеса для водного транспорту
6293,Транспортні засоби та запчастини,Запчастини та аксесуари для автомобілів,Деталі та аксесуари для водного транспорту,Освітлення для водного транспорту
3977,Транспортні засоби та запчастини,Запчастини та аксесуари для автомобілів,Запчастини та аксесуари для літальних апаратів
8237,Транспортні засоби та запчастини,Запчастини та аксесуари для автомобілів,Зберігання та вантажі для автомобіля
2290,Транспортні засоби та запчастини,Запчастини та аксесуари для автомобілів,Зберігання та вантажі для автомобіля,Органайзери для автомобіля
3472,Транспортні засоби та запчастини,Запчастини та аксесуари для автомобілів,Зберігання та вантажі для автомобіля,Автомобільні багажники
2836,Транспортні засоби та запчастини,Запчастини та аксесуари для автомобілів,Зберігання та вантажі для автомобіля,Автомобільні багажники,Велобагажники для автомобілів
4240,Транспортні засоби та запчастини,Запчастини та аксесуари для автомобілів,Зберігання та вантажі для автомобіля,Автомобільні багажники,Багажники для вантажів для автомобілів
6041,Транспортні засоби та запчастини,Запчастини та аксесуари для автомобілів,Зберігання та вантажі для автомобіля,Автомобільні багажники,Базові системи багажників для автомобілів
6042,Транспортні засоби та запчастини,Запчастини та аксесуари для автомобілів,Зберігання та вантажі для автомобіля,Автомобільні багажники,Автомобільні кріплення для дошок водного спорту
6043,Транспортні засоби та запчастини,Запчастини та аксесуари для автомобілів,Зберігання та вантажі для автомобіля,Автомобільні багажники,Автомобільні кріплення для лиж та сноубордів
6044,Транспортні засоби та запчастини,Запчастини та аксесуари для автомобілів,Зберігання та вантажі для автомобіля,Автомобільні багажники,Багажники для мотоциклів та скутерів
6046,Транспортні засоби та запчастини,Запчастини та аксесуари для автомобілів,Зберігання та вантажі для автомобіля,Автомобільні багажники,Автомобільні стійки для вудилищ
6047,Транспортні засоби та запчастини,Запчастини та аксесуари для автомобілів,Зберігання та вантажі для автомобіля,Автомобільні багажники,Багажники для човнів для автомобілів
7115,Транспортні засоби та запчастини,Запчастини та аксесуари для автомобілів,Зберігання та вантажі для автомобіля,Автомобільні багажники,Автомобільні стійки для зброї
4027,Транспортні засоби та запчастини,Запчастини та аксесуари для автомобілів,Зберігання та вантажі для автомобіля,Автомобільні причепи
1133,Транспортні засоби та запчастини,Запчастини та аксесуари для автомобілів,Зберігання та вантажі для автомобіля,Автомобільні причепи,Трейлери для човнів
4037,Транспортні засоби та запчастини,Запчастини та аксесуари для автомобілів,Зберігання та вантажі для автомобіля,Автомобільні причепи,Причепи для транспортування коней та худоби
4044,Транспортні засоби та запчастини,Запчастини та аксесуари для автомобілів,Зберігання та вантажі для автомобіля,Автомобільні причепи,Причепи для вантажів та універсальні причепи
4243,Транспортні засоби та запчастини,Запчастини та аксесуари для автомобілів,Зберігання та вантажі для автомобіля,Автомобільні причепи,Подорожні трейлери
5512,Транспортні засоби та запчастини,Запчастини та аксесуари для автомобілів,Зберігання та вантажі для автомобіля,Сумки та кофри для мотоциклів
6454,Транспортні засоби та запчастини,Запчастини та аксесуари для автомобілів,Зберігання та вантажі для автомобіля,Аксесуари для автомобільних багажників
7122,Транспортні засоби та запчастини,Запчастини та аксесуари для автомобілів,Зберігання та вантажі для автомобіля,Аксесуари для автомобільних багажників,Аксесуари для автомобільних велобагажників
8086,Транспортні засоби та запчастини,Запчастини та аксесуари для автомобілів,Зберігання та вантажі для автомобіля,Аксесуари для автомобільних багажників,Аксесуари для автомобільних кріплень для лиж та сноубордів
6744,Транспортні засоби та запчастини,Запчастини та аксесуари для автомобілів,Зберігання та вантажі для автомобіля,Вантажні сітки для автомобіля
8147,Транспортні засоби та запчастини,Запчастини та аксесуари для автомобілів,Зберігання та вантажі для автомобіля,Пандуси для завантаження автомобілів
8378,Транспортні засоби та запчастини,Запчастини та аксесуари для автомобілів,Зберігання та вантажі для автомобіля,Коробки та органайзери для вантажного відсіку вантажівки
8475,Транспортні засоби та запчастини,Запчастини та аксесуари для автомобілів,Зберігання та вантажі для автомобіля,Вішалки та гачки для підголівників автомобілів
8301,Транспортні засоби та запчастини,Запчастини та аксесуари для автомобілів,Безпека та захист автомобілів
2768,Транспортні засоби та запчастини,Запчастини та аксесуари для автомобілів,Безпека та захист автомобілів,Автомобільні сигналізації та замки
1802,Транспортні засоби та запчастини,Запчастини та аксесуари для автомобілів,Безпека та захист автомобілів,Автомобільні сигналізації та замки,Системи автомобільних сигналізацій
2699,Транспортні засоби та запчастини,Запчастини та аксесуари для автомобілів,Безпека та захист автомобілів,Автомобільні сигналізації та замки,Безключові системи дистанційного управління автомобілем
2750,Транспортні засоби та запчастини,Запчастини та аксесуари для автомобілів,Безпека та захист автомобілів,Автомобільні сигналізації та замки,Замки для керма автомобіля
3024,Транспортні засоби та запчастини,Запчастини та аксесуари для автомобілів,Безпека та захист автомобілів,Автомобільні сигналізації та замки,Іммобілайзери автомобілів
6083,Транспортні засоби та запчастини,Запчастини та аксесуари для автомобілів,Безпека та захист автомобілів,Автомобільні сигналізації та замки,Сигналізації та замки для мотоциклів
6084,Транспортні засоби та запчастини,Запчастини та аксесуари для автомобілів,Безпека та захист автомобілів,Автомобільні сигналізації та замки,Аксесуари для автомобільних сигналізацій
8302,Транспортні засоби та запчастини,Запчастини та аксесуари для автомобілів,Безпека та захист автомобілів,Автомобільні сигналізації та замки,Замки дверей автомобілів та запчастини
8303,Транспортні засоби та запчастини,Запчастини та аксесуари для автомобілів,Безпека та захист автомобілів,Автомобільні сигналізації та замки,Замки дверей автомобілів та запчастини,Замки та системи блокування дверей автомобілів
8304,Транспортні засоби та запчастини,Запчастини та аксесуари для автомобілів,Безпека та захист автомобілів,Автомобільні сигналізації та замки,Замки дверей автомобілів та запчастини,Ручки замків дверей автомобілів
8305,Транспортні засоби та запчастини,Запчастини та аксесуари для автомобілів,Безпека та захист автомобілів,Автомобільні сигналізації та замки,Замки дверей автомобілів та запчастини,Актуатори замків дверей автомобілів
235921,Транспортні засоби та запчастини,Запчастини та аксесуари для автомобілів,Безпека та захист автомобілів,Автомобільні сигналізації та замки,Замки автомобільних важелів
500077,Транспортні засоби та запчастини,Запчастини та аксесуари для автомобілів,Безпека та захист автомобілів,Автомобільні сигналізації та замки,Замки для коліс транспортних засобів
2879,Транспортні засоби та запчастини,Запчастини та аксесуари для автомобілів,Безпека та захист автомобілів,Обладнання для безпеки автомобілів
6966,Транспортні засоби та запчастини,Запчастини та аксесуари для автомобілів,Безпека та захист автомобілів,Обладнання для безпеки автомобілів,Сигнальні прапорці для автомобіля
8445,Транспортні засоби та запчастини,Запчастини та аксесуари для автомобілів,Безпека та захист автомобілів,Обладнання для безпеки автомобілів,Дорожні сигнальні ракети
8446,Транспортні засоби та запчастини,Запчастини та аксесуари для автомобілів,Безпека та захист автомобілів,Обладнання для безпеки автомобілів,Безпекові рами та бруси автомобіля
8447,Транспортні засоби та запчастини,Запчастини та аксесуари для автомобілів,Безпека та захист автомобілів,Обладнання для безпеки автомобілів,Сітки на вікна автомобілів
8448,Транспортні засоби та запчастини,Запчастини та аксесуари для автомобілів,Безпека та захист автомобілів,Обладнання для безпеки автомобілів,Деталі подушок безпеки автомобіля
8449,Транспортні засоби та запчастини,Запчастини та аксесуари для автомобілів,Безпека та захист автомобілів,Обладнання для безпеки автомобілів,Автомобільні ремені безпеки
8476,Транспортні засоби та запчастини,Запчастини та аксесуари для автомобілів,Безпека та захист автомобілів,Обладнання для безпеки автомобілів,Ремені безпеки для автомобілів
8477,Транспортні засоби та запчастини,Запчастини та аксесуари для автомобілів,Безпека та захист автомобілів,Обладнання для безпеки автомобілів,Пряжки безпеки автомобільних ременів
8506,Транспортні засоби та запчастини,Запчастини та аксесуари для автомобілів,Безпека та захист автомобілів,Обладнання для безпеки автомобілів,Упори для коліс автомобіля
326120,Транспортні засоби та запчастини,Запчастини та аксесуари для автомобілів,Безпека та захист автомобілів,Обладнання для безпеки автомобілів,Чохли для автомобільних ременів безпеки
5547,Транспортні засоби та запчастини,Запчастини та аксесуари для автомобілів,Безпека та захист автомобілів,Захисне спорядження для мотоциклістів
2110,Транспортні засоби та запчастини,Запчастини та аксесуари для автомобілів,Безпека та захист автомобілів,Захисне спорядження для мотоциклістів,Мотоциклетні шоломи
5106,Транспортні засоби та запчастини,Запчастини та аксесуари для автомобілів,Безпека та захист автомобілів,Захисне спорядження для мотоциклістів,Окуляри для мотоциклістів
5908,Транспортні засоби та запчастини,Запчастини та аксесуари для автомобілів,Безпека та захист автомобілів,Захисне спорядження для мотоциклістів,Рукавички для мотоциклістів
5959,Транспортні засоби та запчастини,Запчастини та аксесуари для автомобілів,Безпека та захист автомобілів,Захисне спорядження для мотоциклістів,Захисники грудей та спини для мотоциклістів
5960,Транспортні засоби та запчастини,Запчастини та аксесуари для автомобілів,Безпека та захист автомобілів,Захисне спорядження для мотоциклістів,Мотоциклетні пояси для захисту нирок
5961,Транспортні засоби та запчастини,Запчастини та аксесуари для автомобілів,Безпека та захист автомобілів,Захисне спорядження для мотоциклістів,Мотоциклетні ортопедичні ошийники
5962,Транспортні засоби та запчастини,Запчастини та аксесуари для автомобілів,Безпека та захист автомобілів,Захисне спорядження для мотоциклістів,Мотоциклетні наколінники та захисти для гомілок
5963,Транспортні засоби та запчастини,Запчастини та аксесуари для автомобілів,Безпека та захист автомобілів,Захисне спорядження для мотоциклістів,Захисники для ліктів та зап'ясток для мотоциклістів
6493,Транспортні засоби та запчастини,Запчастини та аксесуари для автомобілів,Безпека та захист автомобілів,Захисне спорядження для мотоциклістів,Деталі та аксесуари для мотоциклетних шоломів
8507,Транспортні засоби та запчастини,Запчастини та аксесуари для автомобілів,Безпека та захист автомобілів,Захисне спорядження для мотоциклістів,Захисники для рук мотоциклістів
362737,Транспортні засоби та запчастини,Запчастини та аксесуари для автомобілів,Безпека та захист автомобілів,Захисне спорядження для бездоріжжевих та повнопривідних транспортних засобів
362738,Транспортні засоби та запчастини,Запчастини та аксесуари для автомобілів,Безпека та захист автомобілів,Захисне спорядження для бездоріжжевих та повнопривідних транспортних засобів,Захисні накладки для керма квадроциклів та баггі
8526,Транспортні засоби та запчастини,Запчастини та аксесуари для автомобілів,Електроніка для автомобіля
891,Транспортні засоби та запчастини,Запчастини та аксесуари для автомобілів,Електроніка для автомобіля,Автомобільні підсилювачі
894,Транспортні засоби та запчастини,Запчастини та аксесуари для автомобілів,Електроніка для автомобіля,Автомобільні еквалайзери та кросовери
895,Транспортні засоби та запчастини,Запчастини та аксесуари для автомобілів,Електроніка для автомобіля,Динаміки автомобіля
2833,Транспортні засоби та запчастини,Запчастини та аксесуари для автомобілів,Електроніка для автомобіля,Автомобільні сабвуфери
5438,Транспортні засоби та запчастини,Запчастини та аксесуари для автомобілів,Електроніка для автомобіля,Автомобільні касетні програвачі
5525,Транспортні засоби та запчастини,Запчастини та аксесуари для автомобілів,Електроніка для автомобіля,Адаптери касет для автомобіля
5572,Транспортні засоби та запчастини,Запчастини та аксесуари для автомобілів,Електроніка для автомобіля,Автомобільні гучномовці
6968,Транспортні засоби та запчастини,Запчастини та аксесуари для автомобілів,Електроніка для автомобіля,Камери паркування автомобіля
8483,Транспортні засоби та запчастини,Запчастини та аксесуари для автомобілів,Електроніка для автомобіля,Кріплення для відеомоніторів автомобіля
505766,Транспортні засоби та запчастини,Запчастини та аксесуари для автомобілів,Електроніка для автомобіля,Автомобільні аудіо/відео програвачі та вбудовані системи
5614,Транспортні засоби та запчастини,Транспортні засоби
1267,Транспортні засоби та запчастини,Транспортні засоби,Автомобілі
916,Транспортні засоби та запчастини,Транспортні засоби,Автомобілі,"Автомобілі, вантажівки та мікроавтобуси"
919,Транспортні засоби та запчастини,Транспортні засоби,Автомобілі,Мотоцикли та скутери
920,Транспортні засоби та запчастини,Транспортні засоби,Автомобілі,Автодоми
3549,Транспортні засоби та запчастини,Транспортні засоби,Автомобілі,Снігоходи
3931,Транспортні засоби та запчастини,Транспортні засоби,Автомобілі,Гольф-візки
503031,Транспортні засоби та запчастини,Транспортні засоби,Автомобілі,Бездоріжжеві та повнопривідні транспортні засоби
2528,Транспортні засоби та запчастини,Транспортні засоби,Автомобілі,Бездоріжжеві та повнопривідні транспортні засоби,Го-карти та дюнні багі
3018,Транспортні засоби та запчастини,Транспортні засоби,Автомобілі,Бездоріжжеві та повнопривідні транспортні засоби,Квадроцикли та баггі
3395,Транспортні засоби та запчастини,Транспортні засоби,Літальні апарати
3540,Транспортні засоби та запчастини,Транспортні засоби,Водний транспорт
1130,Транспортні засоби та запчастини,Транспортні засоби,Водний транспорт,Гідроцикли
3087,Транспортні засоби та запчастини,Транспортні засоби,Водний транспорт,Вітрильники
3095,Транспортні засоби та запчастини,Транспортні засоби,Водний транспорт,Моторні човни
5644,Транспортні засоби та запчастини,Транспортні засоби,Водний транспорт,Яхти
922,Офісні товари
923,Офісні товари,Систематизація та організація
925,Офісні товари,Систематизація та організація,Коробки для документів
926,Офісні товари,Систематизація та організація,Кейси та органайзери для CD/DVD
927,Офісні товари,Систематизація та організація,"Календарі, органайзери та планувальники"
928,Офісні товари,Систематизація та організація,Касові ящики
930,Офісні товари,Систематизація та організація,Папки для документів
939,Офісні товари,Систематизація та організація,Органайзери для столу
3062,Офісні товари,Систематизація та організація,Пенали для ручок і олівців
4312,Офісні товари,Систематизація та організація,Матеріали для переплету
4086,Офісні товари,Систематизація та організація,Матеріали для переплету,Аксесуари для папок
2139,Офісні товари,Систематизація та організація,Матеріали для переплету,Аксесуари для папок,Захисні покривала для аркушів
4183,Офісні товари,Систематизація та організація,Матеріали для переплету,Аксесуари для папок,Розділювачі індексів
4212,Офісні товари,Систематизація та організація,Матеріали для переплету,Аксесуари для папок,Кільця для папок
4182,Офісні товари,Систематизація та організація,Матеріали для переплету,Обкладинки та спайки для переплету
4303,Офісні товари,Систематизація та організація,Матеріали для переплету,Папки-реєстратори
7080,Офісні товари,Систематизація та організація,Матеріали для переплету,Машини для переплету
5070,Офісні товари,Систематизація та організація,Органайзери для вітальних карток
5531,Офісні товари,Систематизація та організація,Картотеки
5997,Офісні товари,Систематизація та організація,Адресні книжки
6171,Офісні товари,Систематизація та організація,Підставки для візиток
6177,Офісні товари,Систематизація та організація,Обкладинки для карток
6190,Офісні товари,Систематизація та організація,Книги для візиток
6779,Офісні товари,Систематизація та організація,Картотеки для рецептів
6884,Офісні товари,Систематизація та організація,Папки та обкладинки для звітів
543662,Офісні товари,Систематизація та організація,Папки та обкладинки для звітів,Обкладинки для звітів
543663,Офісні товари,Систематизація та організація,Папки та обкладинки для звітів,Папки-конверти
6885,Офісні товари,Систематизація та організація,Портфелі та папки-органайзери
543640,Офісні товари,Систематизація та організація,Портфелі та папки-органайзери,Портфелі
543641,Офісні товари,Систематизація та організація,Портфелі та папки-органайзери,Папки-портфоліо
6962,Офісні товари,Систематизація та організація,Поштові сортувальники
932,Офісні товари,Загальні офісні приладдя
934,Офісні товари,Загальні офісні приладдя,Офісна стрічка
936,Офісні товари,Загальні офісні приладдя,Кліпси та затискачі для паперу
543675,Офісні товари,Загальні офісні приладдя,Кліпси та затискачі для паперу,Кліпси для паперу
543676,Офісні товари,Загальні офісні приладдя,Кліпси та затискачі для паперу,Кліпси для папок
938,Офісні товари,Загальні офісні приладдя,Гумки для стирання
944,Офісні товари,Загальні офісні приладдя,Гумові стрічки
948,Офісні товари,Загальні офісні приладдя,Степлерні скоби
949,Офісні товари,Загальні офісні приладдя,Цвяхи та кнопки
956,Офісні товари,Загальні офісні приладдя,Паперові вироби
957,Офісні товари,Загальні офісні приладдя,Паперові вироби,Візитки
958,Офісні товари,Загальні офісні приладдя,Паперові вироби,Конверти
959,Офісні товари,Загальні офісні приладдя,Паперові вироби,Індексні картки
961,Офісні товари,Загальні офісні приладдя,Паперові вироби,Зошити та блокноти
962,Офісні товари,Загальні офісні приладдя,Паперові вироби,Папір для принтера та копірки
1513,Офісні товари,Загальні офісні приладдя,Паперові вироби,Обкладинковий папір
2658,Офісні товари,Загальні офісні приладдя,Паперові вироби,Папір для папок
2689,Офісні товари,Загальні офісні приладдя,Паперові вироби,Липкі записки
3457,Офісні товари,Загальні офісні приладдя,Паперові вироби,Канцелярські товари
3871,Офісні товари,Загальні офісні приладдя,Паперові вироби,Поштові листівки
5264,Офісні товари,Загальні офісні приладдя,Паперові вироби,Пусті ID-картки
5918,Офісні товари,Загальні офісні приладдя,Паперові вироби,Бізнес-форми та квитанції
5919,Офісні товари,Загальні офісні приладдя,Паперові вироби,Папір для касових апаратів та додавальних машин
6930,Офісні товари,Загальні офісні приладдя,Паперові вироби,Чеки
960,Офісні товари,Загальні офісні приладдя,Етикетки та бирки
4117,Офісні товари,Загальні офісні приладдя,Етикетки та бирки,Теги для відправки
4137,Офісні товари,Загальні офісні приладдя,Етикетки та бирки,Кліпси для етикеток
4154,Офісні товари,Загальні офісні приладдя,Етикетки та бирки,Вкладки для папок
4200,Офісні товари,Загальні офісні приладдя,Етикетки та бирки,Етикетки для відправки
4377,Офісні товари,Загальні офісні приладдя,Етикетки та бирки,Адресні етикетки
5502,Офісні товари,Загальні офісні приладдя,Етикетки та бирки,Стрічки для етикеток та запасні рулони
2591,Офісні товари,Загальні офісні приладдя,"Коригувальні рідини, ручки та стрічки"
543618,Офісні товари,Загальні офісні приладдя,"Коригувальні рідини, ручки та стрічки",Коригувальні рідини
543619,Офісні товари,Загальні офісні приладдя,"Коригувальні рідини, ручки та стрічки",Коригувальні стрічки
543620,Офісні товари,Загальні офісні приладдя,"Коригувальні рідини, ручки та стрічки",Коригувальні ручки
6319,Офісні товари,Загальні офісні приладдя,Латунні кріплення
8015,Офісні товари,Загальні офісні приладдя,"Ламінувальна плівка, кишені та аркуші"
505805,Офісні товари,Загальні офісні приладдя,Монтажна липка маса
950,Офісні товари,Офісне обладнання
333,Офісні товари,Офісне обладнання,Калькулятори
543517,Офісні товари,Офісне обладнання,Калькулятори,Графічні калькулятори
543518,Офісні товари,Офісне обладнання,Калькулятори,Базові калькулятори
543519,Офісні товари,Офісне обладнання,Калькулятори,Фінансові калькулятори
543520,Офісні товари,Офісне обладнання,Калькулятори,Наукові калькулятори
543521,Офісні товари,Офісне обладнання,Калькулятори,Будівельні калькулятори
337,Офісні товари,Офісне обладнання,Електронні словники та перекладачі
952,Офісні товари,Офісне обладнання,Машинки для створення етикеток
953,Офісні товари,Офісне обладнання,Офісні шредери
954,Офісні товари,Офісне обладнання,Системи для транскрибації та диктування
955,Офісні товари,Офісне обладнання,Друкарські машинки
1625,Офісні товари,Офісне обладнання,Ламінатори
1708,Офісні товари,Офісне обладнання,Поштові метри
6404,Офісні товари,Офісне обладнання,Часові та контрольно-пропускні годинники
499864,Офісні товари,Офісне обладнання,Аксесуари для калькуляторів
964,Офісні товари,Приладдя для презентацій
963,Офісні товари,Приладдя для презентацій,Прозорі плівки
965,Офісні товари,Приладдя для презентацій,Дошки для мелу
966,Офісні товари,Приладдя для презентацій,Демонстраційні дошки
1627,Офісні товари,Приладдя для презентацій,Демонстраційні дошки,Монтажні дошки
2263,Офісні товари,Приладдя для презентацій,Демонстраційні дошки,Плити з пінопласту
2401,Офісні товари,Приладдя для презентацій,Демонстраційні дошки,Дошки оголошень
2674,Офісні товари,Приладдя для презентацій,Демонстраційні дошки,Плакатні дошки
7525,Офісні товари,Приладдя для презентацій,Демонстраційні дошки,Аксесуари для дошки оголошень
7526,Офісні товари,Приладдя для презентацій,Демонстраційні дошки,Аксесуари для дошки оголошень,Обрамлення для дошки оголошень
543688,Офісні товари,Приладдя для презентацій,Демонстраційні дошки,Аксесуари для дошки оголошень,Набори обрамлень для дошки оголошень
967,Офісні товари,Приладдя для презентацій,Папір для мольбертів
968,Офісні товари,Приладдя для презентацій,Мольберти
969,Офісні товари,Приладдя для презентацій,Лазерні вказівники
970,Офісні товари,Приладдя для презентацій,Кафедри
971,Офісні товари,Приладдя для презентацій,Дошки для письма з можливістю стирання
4465,Офісні товари,Приладдя для презентацій,Бездротові презентери
4492,Офісні товари,Приладдя для презентацій,Камери для документів
2014,Офісні товари,Обробка паперу
1803,Офісні товари,Обробка паперу,Преспап'є
1836,Офісні товари,Обробка паперу,Вібратори для паперу
2207,Офісні товари,Обробка паперу,Машини для складання паперу
6178,Офісні товари,Обробка паперу,Підкладки для олівців
6467,Офісні товари,Обробка паперу,Діроколи
6486,Офісні товари,Обробка паперу,Накладки на пальці
2435,Офісні товари,Таблички з іменами
2636,Офісні товари,Товари для відправки
973,Офісні товари,Товари для відправки,Коробки для переїзду та відправлення
974,Офісні товари,Товари для відправки,Матеріали для пакування
975,Офісні товари,Товари для відправки,Скотч для пакування
2986,Офісні товари,Офісні прилади
935,Офісні товари,Офісні прилади,Кліпборди
941,Офісні товари,Офісні прилади,Лупи
943,Офісні товари,Офісні прилади,Точилки для олівців
947,Офісні товари,Офісні прилади,Степлери
977,Офісні товари,Офісні прилади,Письмові та креслярські прилади
978,Офісні товари,Офісні прилади,Письмові та креслярські прилади,Мел
979,Офісні товари,Офісні прилади,Письмові та креслярські прилади,Воскові крейди
980,Офісні товари,Офісні прилади,Письмові та креслярські прилади,Маркери та маркери для письма (текстовидільники)
543608,Офісні товари,Офісні прилади,Письмові та креслярські прилади,Маркери та маркери для письма (текстовидільники),Маркери для письма
543609,Офісні товари,Офісні прилади,Письмові та креслярські прилади,Маркери та маркери для письма (текстовидільники),Текстові маркери
2623,Офісні товари,Офісні прилади,Письмові та креслярські прилади,Художнє вугілля
4752,Офісні товари,Офісні прилади,Письмові та креслярські прилади,Пастель
6065,Офісні товари,Офісні прилади,Письмові та креслярські прилади,Ручки та олівці
982,Офісні товари,Офісні прилади,Письмові та креслярські прилади,Ручки та олівці,Ручки
6066,Офісні товари,Офісні прилади,Письмові та креслярські прилади,Ручки та олівці,Набори ручок і олівців
6068,Офісні товари,Офісні прилади,Письмові та креслярські прилади,Ручки та олівці,Олівці
981,Офісні товари,Офісні прилади,Письмові та креслярські прилади,Ручки та олівці,Олівці,Письмові олівці
543660,Офісні товари,Офісні прилади,Письмові та креслярські прилади,Ручки та олівці,Олівці,Письмові олівці,Механічні олівці
543661,Офісні товари,Офісні прилади,Письмові та креслярські прилади,Ручки та олівці,Олівці,Письмові олівці,Дерев'яні олівці
3026,Офісні товари,Офісні прилади,Письмові та креслярські прилади,Ручки та олівці,Олівці,Художні олівці
6067,Офісні товари,Офісні прилади,Письмові та креслярські прилади,Багатофункціональні письмові прилади
2883,Офісні товари,Офісні прилади,Дзвінки для виклику
4341,Офісні товари,Офісні прилади,Офісні штампи
4470,Офісні товари,Офісні прилади,Аксесуари для письмових та креслярських приладів
4471,Офісні товари,Офісні прилади,Аксесуари для письмових та креслярських приладів,Чорнило та заправки для ручок
4472,Офісні товари,Офісні прилади,Аксесуари для письмових та креслярських приладів,Грифель та заправки для олівців
7117,Офісні товари,Офісні прилади,Аксесуари для письмових та креслярських приладів,Заправки для маркерів та текстовидільників
543666,Офісні товари,Офісні прилади,Аксесуари для письмових та креслярських приладів,Заправки для маркерів та текстовидільників,Змінні картриджі для маркерів для письма
543667,Офісні товари,Офісні прилади,Аксесуари для письмових та креслярських приладів,Заправки для маркерів та текстовидільників,Змінні картриджі для текстових маркерів
4499,Офісні товари,Офісні прилади,Видалювачі степлерних скоб
503746,Офісні товари,Офісні прилади,Диспенсери для стрічки
505830,Офісні товари,Офісні прилади,Відкривачки для листів
5829,Офісні товари,Імпульсні запаювачі
6174,Офісні товари,Аксесуари для книг
93,Офісні товари,Аксесуари для книг,Закладки для книг
4941,Офісні товари,Аксесуари для книг,Світлодіодні лампи для книг
6175,Офісні товари,Аксесуари для книг,Підставки та упори для книг
6176,Офісні товари,Аксесуари для книг,Обкладинки для книг
6373,Офісні товари,Офісні візки
1996,Офісні товари,Офісні візки,AV візки
6179,Офісні товари,Офісні візки,Універсальні візки
6180,Офісні товари,Офісні візки,Тележки для документів
6181,Офісні товари,Офісні візки,Поштові візки
6182,Офісні товари,Офісні візки,Книжкові візки
6519,Офісні товари,Килимики для офісу та стільців
6462,Офісні товари,Килимики для офісу та стільців,Килими проти втоми
6520,Офісні товари,Килимики для офісу та стільців,Офісні килими
6521,Офісні товари,Килимики для офісу та стільців,Килимики для стільців
8078,Офісні товари,Підкладки та блютери для столу
8499,Офісні товари,Підноси для роботи на колінах
988,Спортивні товари
990,Спортивні товари,Фітнес та тренування
993,Спортивні товари,Фітнес та тренування,Фітболи
999,Спортивні товари,Фітнес та тренування,Йога та пілатес
3640,Спортивні товари,Фітнес та тренування,Йога та пілатес,Килимики для йоги та пілатесу
3810,Спортивні товари,Фітнес та тренування,Йога та пілатес,Машини для пілатесу
5107,Спортивні товари,Фітнес та тренування,Йога та пілатес,Сумки та ремені для килимка для йоги
6743,Спортивні товари,Фітнес та тренування,Йога та пілатес,Рушники для йоги та пілатесу
6750,Спортивні товари,Фітнес та тренування,Йога та пілатес,Блоки для йоги та пілатесу
3938,Спортивні товари,Фітнес та тренування,Медболи
4669,Спортивні товари,Фітнес та тренування,Килими для спортивного обладнання
5319,Спортивні товари,Фітнес та тренування,Ролики з пінопласту
5693,Спортивні товари,Фітнес та тренування,Секундоміри
5869,Спортивні товари,Фітнес та тренування,Еспандери
6103,Спортивні товари,Фітнес та тренування,Одяг з вагами
6337,Спортивні товари,Фітнес та тренування,Аксесуари для роликів з пінопласту
6338,Спортивні товари,Фітнес та тренування,Аксесуари для роликів з пінопласту,Сумки для зберігання роликів з пінопласту
6867,Спортивні товари,Фітнес та тренування,Тренажери для рук
7174,Спортивні товари,Фітнес та тренування,М'ячі для розвитку реакції
8062,Спортивні товари,Фітнес та тренування,Парашути для тренування швидкості та витривалості
8066,Спортивні товари,Фітнес та тренування,Тренажери з вібраційним навантаженням
8215,Спортивні товари,Фітнес та тренування,Турніки та бруси для віджимань
8471,Спортивні товари,Фітнес та тренування,Спортивні клини
237166,Спортивні товари,Фітнес та тренування,Степи для аеробіки
355576,Спортивні товари,Фітнес та тренування,Інверсійні столи та системи
499792,Спортивні товари,Фітнес та тренування,Кардіо
2614,Спортивні товари,Фітнес та тренування,Кардіо,Скакалки
4589,Спортивні товари,Фітнес та тренування,Кардіо,Кардіотренажери
992,Спортивні товари,Фітнес та тренування,Кардіо,Кардіотренажери,Еліптичні тренажери
994,Спортивні товари,Фітнес та тренування,Кардіо,Кардіотренажери,Тренажерні велосипеди
995,Спортивні товари,Фітнес та тренування,Кардіо,Кардіотренажери,Веслувальні тренажери
996,Спортивні товари,Фітнес та тренування,Кардіо,Кардіотренажери,Сходолази та степери
543610,Спортивні товари,Фітнес та тренування,Кардіо,Кардіотренажери,Сходолази та степери,Сходолази
543611,Спортивні товари,Фітнес та тренування,Кардіо,Кардіотренажери,Сходолази та степери,Степери для сходів
997,Спортивні товари,Фітнес та тренування,Кардіо,Кардіотренажери,Бігові доріжки
4598,Спортивні товари,Фітнес та тренування,Кардіо,Аксесуари для кардіотренажерів
499699,Спортивні товари,Фітнес та тренування,Кардіо,Аксесуари для кардіотренажерів,Аксесуари для бігових доріжок
499700,Спортивні товари,Фітнес та тренування,Кардіо,Аксесуари для кардіотренажерів,Аксесуари для тренажерів-степерів та сходолазів
499701,Спортивні товари,Фітнес та тренування,Кардіо,Аксесуари для кардіотренажерів,Аксесуари для тренажерів-веслувальників
499702,Спортивні товари,Фітнес та тренування,Кардіо,Аксесуари для кардіотренажерів,Аксесуари для тренажерного велосипеда
499703,Спортивні товари,Фітнес та тренування,Кардіо,Аксесуари для кардіотренажерів,Аксесуари для еліптичних тренажерів
499793,Спортивні товари,Фітнес та тренування,Підйом ваги
3164,Спортивні товари,Фітнес та тренування,Підйом ваги,Вільні ваги
3217,Спортивні товари,Фітнес та тренування,Підйом ваги,Аксесуари для тренажерів та лавок для підйому ваги
3542,Спортивні товари,Фітнес та тренування,Підйом ваги,Тренажери та стійки для підйому ваги
3654,Спортивні товари,Фітнес та тренування,Підйом ваги,Ремені для підйому ваги
3858,Спортивні товари,Фітнес та тренування,Підйом ваги,Рукавички та опори для рук для підйому ваги
6452,Спортивні товари,Фітнес та тренування,Підйом ваги,Аксесуари для вільних ваг
3271,Спортивні товари,Фітнес та тренування,Підйом ваги,Аксесуари для вільних ваг,Грифи для ваг
8083,Спортивні товари,Фітнес та тренування,Підйом ваги,Аксесуари для вільних ваг,Стійки для зберігання вільних ваг
499794,Спортивні товари,Фітнес та тренування,Підйом ваги,Аксесуари для вільних ваг,Замки для грифів
499795,Спортивні товари,Фітнес та тренування,Тренажерні лавки
499796,Спортивні товари,Фітнес та тренування,Тренажери для тренування рівноваги
499797,Спортивні товари,Фітнес та тренування,Тренажери для пресу (абс-ролики)
499798,Спортивні товари,Фітнес та тренування,Тренажери з підвісами
499912,Спортивні товари,Фітнес та тренування,Силові тренажери
499978,Спортивні товари,Фітнес та тренування,Набори тренажерів та спортивного обладнання
505302,Спортивні товари,Фітнес та тренування,Світлові прилади та рефлектори для спортивної безпеки
1001,Спортивні товари,Ігри для приміщень
1002,Спортивні товари,Ігри для приміщень,Аерохокей
3245,Спортивні товари,Ігри для приміщень,Аерохокей,Столи для аерохокею
3548,Спортивні товари,Ігри для приміщень,Аерохокей,Деталі столів для аерохокею
505330,Спортивні товари,Ігри для приміщень,Аерохокей,Обладнання для аерохокею
1003,Спортивні товари,Ігри для приміщень,Більярд
3059,Спортивні товари,Ігри для приміщень,Більярд,Стойки для більярдних куль
3135,Спортивні товари,Ігри для приміщень,Більярд,Більярдні кулі
3139,Спортивні товари,Ігри для приміщень,Більярд,Більярдні столи
3183,Спортивні товари,Ігри для приміщень,Більярд,Деталі та аксесуари для більярдного столу
3547,Спортивні товари,Ігри для приміщень,Більярд,Деталі та аксесуари для більярдного столу,Сукно для більярдного столу
3574,Спортивні товари,Ігри для приміщень,Більярд,Деталі та аксесуари для більярдного столу,Більярдні лузи
3754,Спортивні товари,Ігри для приміщень,Більярд,Деталі та аксесуари для більярдного столу,Щітки для більярдного столу
8065,Спортивні товари,Ігри для приміщень,Більярд,Деталі та аксесуари для більярдного столу,Покривала для більярдного столу
3222,Спортивні товари,Ігри для приміщень,Більярд,Аксесуари для більярдних кийків
3720,Спортивні товари,Ігри для приміщень,Більярд,Аксесуари для більярдних кийків,Стойки для більярдних кийків
499993,Спортивні товари,Ігри для приміщень,Більярд,Аксесуари для більярдних кийків,Футляри для більярдних кийків
499994,Спортивні товари,Ігри для приміщень,Більярд,Аксесуари для більярдних кийків,Крейда для більярдних кийків
3469,Спортивні товари,Ігри для приміщень,Більярд,Світильники для більярдного столу
3755,Спортивні товари,Ігри для приміщень,Більярд,Більярдні рукавички
3910,Спортивні товари,Ігри для приміщень,Більярд,Більярдні кийки та мостики
1004,Спортивні товари,Ігри для приміщень,Боулінг
3219,Спортивні товари,Ігри для приміщень,Боулінг,Кулі для боулінгу
3260,Спортивні товари,Ігри для приміщень,Боулінг,Опори для зап'ястя для боулінгу
3535,Спортивні товари,Ігри для приміщень,Боулінг,Рукавички для боулінгу
3669,Спортивні товари,Ігри для приміщень,Боулінг,Кеглі для боулінгу
3698,Спортивні товари,Ігри для приміщень,Боулінг,Сумки для куль боулінгу
1005,Спортивні товари,Ігри для приміщень,Метальні дротики
3327,Спортивні товари,Ігри для приміщень,Метальні дротики,Деталі для дартсу
3109,Спортивні товари,Ігри для приміщень,Метальні дротики,Деталі для дартсу,Вісі для дартсу
3250,Спортивні товари,Ігри для приміщень,Метальні дротики,Деталі для дартсу,Наконечники для дартсу
3766,Спортивні товари,Ігри для приміщень,Метальні дротики,Деталі для дартсу,Політки для дартсу
3559,Спортивні товари,Ігри для приміщень,Метальні дротики,Мішені для дартсу
3839,Спортивні товари,Ігри для приміщень,Метальні дротики,Дартс
3957,Спортивні товари,Ігри для приміщень,Метальні дротики,Захисні дошки для гри в дартс
1007,Спортивні товари,Ігри для приміщень,Настільний футбол
3524,Спортивні товари,Ігри для приміщень,Настільний футбол,Деталі та аксесуари для столу настільного футболу
3641,Спортивні товари,Ігри для приміщень,Настільний футбол,М'ячі для настільного футболу
3847,Спортивні товари,Ігри для приміщень,Настільний футбол,Столи для настільного футболу
1008,Спортивні товари,Ігри для приміщень,Настільний теніс
3132,Спортивні товари,Ігри для приміщень,Настільний теніс,Аксесуари для роботів для настільного тенісу
3345,Спортивні товари,Ігри для приміщень,Настільний теніс,Столи для настільного тенісу
3375,Спортивні товари,Ігри для приміщень,Настільний теніс,Ракетки та набори для настільного тенісу
3546,Спортивні товари,Ігри для приміщень,Настільний теніс,Роботи для настільного тенісу
3788,Спортивні товари,Ігри для приміщень,Настільний теніс,Сітки та стовпчики для настільного тенісу
3900,Спортивні товари,Ігри для приміщень,Настільний теніс,Аксесуари для ракеток для настільного тенісу
3964,Спортивні товари,Ігри для приміщень,Настільний теніс,М'ячі для настільного тенісу
1009,Спортивні товари,Ігри для приміщень,Столовий шафлборд
3148,Спортивні товари,Ігри для приміщень,Столовий шафлборд,Столи для шафлборду
3996,Спортивні товари,Ігри для приміщень,Столовий шафлборд,Порошок для столового шафлборду
4021,Спортивні товари,Ігри для приміщень,Столовий шафлборд,Бітки для столового шафлборду
7010,Спортивні товари,Ігри для приміщень,Багатофункціональні ігрові столи
1011,Спортивні товари,Вуличний відпочинок
1013,Спортивні товари,Вуличний відпочинок,Кемпінг та Похід
1014,Спортивні товари,Вуличний відпочинок,Кемпінг та Похід,Меблі для кемпінгу
3089,Спортивні товари,Вуличний відпочинок,Кемпінг та Похід,Меблі для кемпінгу,Дитячі ліжечка
3695,Спортивні товари,Вуличний відпочинок,Кемпінг та Похід,Меблі для кемпінгу,Повітряні матраци
4451,Спортивні товари,Вуличний відпочинок,Кемпінг та Похід,Меблі для кемпінгу,Аксесуари для повітряних матраців та спальних підкладок
1016,Спортивні товари,Вуличний відпочинок,Кемпінг та Похід,Посуд для кемпінгу та столові прибори
1019,Спортивні товари,Вуличний відпочинок,Кемпінг та Похід,Світло та ліхтарі для кемпінгу
1020,Спортивні товари,Вуличний відпочинок,Кемпінг та Похід,Спальні мішки
1021,Спортивні товари,Вуличний відпочинок,Кемпінг та Похід,Спальні килимики
1022,Спортивні товари,Вуличний відпочинок,Кемпінг та Похід,Намети
1023,Спортивні товари,Вуличний відпочинок,Кемпінг та Похід,Портативні фільтри та очищувачі для води
3508,Спортивні товари,Вуличний відпочинок,Кемпінг та Похід,Хімічні грілки для рук
3538,Спортивні товари,Вуличний відпочинок,Кемпінг та Похід,Москітні сітки та захисні екрани від комах
3738,Спортивні товари,Вуличний відпочинок,Кемпінг та Похід,Трекінгові палиці
3937,Спортивні товари,Вуличний відпочинок,Кемпінг та Похід,Інструменти для кемпінгу
3495,Спортивні товари,Вуличний відпочинок,Кемпінг та Похід,Інструменти для кемпінгу,Мисливські та виживальні ножі
4095,Спортивні товари,Вуличний відпочинок,Кемпінг та Похід,Інструменти для кемпінгу,Багатофункціональні інструменти та ножі
4785,Спортивні товари,Вуличний відпочинок,Кемпінг та Похід,Навігаційні компаси
5636,Спортивні товари,Вуличний відпочинок,Кемпінг та Похід,Мішки для компресії
5655,Спортивні товари,Вуличний відпочинок,Кемпінг та Похід,Аксесуари для наметів
5656,Спортивні товари,Вуличний відпочинок,Кемпінг та Похід,Аксесуари для наметів,Підкладки для наметів
5657,Спортивні товари,Вуличний відпочинок,Кемпінг та Похід,Аксесуари для наметів,Вестибюлі для наметів
5658,Спортивні товари,Вуличний відпочинок,Кемпінг та Похід,Аксесуари для наметів,Стовпчики та коли для наметів
499680,Спортивні товари,Вуличний відпочинок,Кемпінг та Похід,Аксесуари для наметів,Внутрішні намети
5881,Спортивні товари,Вуличний відпочинок,Кемпінг та Похід,Підкладки для спальних мішків
7154,Спортивні товари,Вуличний відпочинок,Кемпінг та Похід,Аксесуари для трекінгових палиць
8079,Спортивні товари,Вуличний відпочинок,Кемпінг та Похід,Вітрозахисні екрани
502993,Спортивні товари,Вуличний відпочинок,Кемпінг та Похід,Переносні туалети та душі
502994,Спортивні товари,Вуличний відпочинок,Кемпінг та Похід,Переносні туалети та душі,Переносні душі та кабіни для приватності
503009,Спортивні товари,Вуличний відпочинок,Кемпінг та Похід,Переносні туалети та душі,Переносні туалети та пристрої для сечовипускання
1025,Спортивні товари,Вуличний відпочинок,Велоспорт
1026,Спортивні товари,Вуличний відпочинок,Велоспорт,Велосипеди
1030,Спортивні товари,Вуличний відпочинок,Велоспорт,Моноколеса
3070,Спортивні товари,Вуличний відпочинок,Велоспорт,Аксесуари для моноколес
3214,Спортивні товари,Вуличний відпочинок,Велоспорт,Аксесуари для велосипедів
1027,Спортивні товари,Вуличний відпочинок,Велоспорт,Аксесуари для велосипедів,Велосипедні замки
1028,Спортивні товари,Вуличний відпочинок,Велоспорт,Аксесуари для велосипедів,Передні та задні багажники для велосипедів
3243,Спортивні товари,Вуличний відпочинок,Велоспорт,Аксесуари для велосипедів,Велосипедні комп'ютери
3341,Спортивні товари,Вуличний відпочинок,Велоспорт,Аксесуари для велосипедів,Велосипедні кошики
3368,Спортивні товари,Вуличний відпочинок,Велоспорт,Аксесуари для велосипедів,Велосипедні дзеркала
3428,Спортивні товари,Вуличний відпочинок,Велоспорт,Аксесуари для велосипедів,Стійки та місця для зберігання велосипедів
3558,Спортивні товари,Вуличний відпочинок,Велоспорт,Аксесуари для велосипедів,Сумки та чохли для транспортування велосипедів
3631,Спортивні товари,Вуличний відпочинок,Велоспорт,Аксесуари для велосипедів,Велосипедні допоміжні колеса
3719,Спортивні товари,Вуличний відпочинок,Велоспорт,Аксесуари для велосипедів,Велосипедні крила
3778,Спортивні товари,Вуличний відпочинок,Велоспорт,Аксесуари для велосипедів,Велосипедні сумки та багажники
3811,Спортивні товари,Вуличний відпочинок,Велоспорт,Аксесуари для велосипедів,Велосипедні причепи
3827,Спортивні товари,Вуличний відпочинок,Велоспорт,Аксесуари для велосипедів,Насоси для велосипедів
3868,Спортивні товари,Вуличний відпочинок,Велоспорт,Аксесуари для велосипедів,Велосипедні тренажери
3879,Спортивні товари,Вуличний відпочинок,Велоспорт,Аксесуари для велосипедів,Велосипедні дзвоники та гудки
4145,Спортивні товари,Вуличний відпочинок,Велоспорт,Аксесуари для велосипедів,Велосипедні тримачі для пляшок
5540,Спортивні товари,Вуличний відпочинок,Велоспорт,Аксесуари для велосипедів,Аксесуари для велосипедних комп'ютерів
5842,Спортивні товари,Вуличний відпочинок,Велоспорт,Аксесуари для велосипедів,Дитячі велосипедні сидіння
6048,Спортивні товари,Вуличний відпочинок,Велоспорт,Аксесуари для велосипедів,Велосипедні кріплення для дошок водного спорту
6442,Спортивні товари,Вуличний відпочинок,Велоспорт,Аксесуари для велосипедів,Велосипедні чохли
6445,Спортивні товари,Вуличний відпочинок,Велоспорт,Аксесуари для велосипедів,Накладки та чохли для велосипедних сідл
6506,Спортивні товари,Вуличний відпочинок,Велоспорт,Аксесуари для велосипедів,Насоси для амортизаторів велосипедів
7223,Спортивні товари,Вуличний відпочинок,Велоспорт,Аксесуари для велосипедів,Велосипедні петлі та затискачі для пальців
7448,Спортивні товари,Вуличний відпочинок,Велоспорт,Аксесуари для велосипедів,Бусини для велосипедних спиць
499694,Спортивні товари,Вуличний відпочинок,Велоспорт,Аксесуари для велосипедів,Матеріали та набори для ремонту велосипедних шин
500067,Спортивні товари,Вуличний відпочинок,Велоспорт,Аксесуари для велосипедів,Аксесуари для дитячих велосипедних сидінь
500092,Спортивні товари,Вуличний відпочинок,Велоспорт,Аксесуари для велосипедів,Гумки та декор для керма велосипеда
500109,Спортивні товари,Вуличний відпочинок,Велоспорт,Аксесуари для велосипедів,Комплекти для переобладнання велосипедів в електричні
505668,Спортивні товари,Вуличний відпочинок,Велоспорт,Аксесуари для велосипедів,Велосипедні інструменти
3531,Спортивні товари,Вуличний відпочинок,Велоспорт,Трьохколісні велосипеди
3618,Спортивні товари,Вуличний відпочинок,Велоспорт,Деталі для велосипедів
3216,Спортивні товари,Вуличний відпочинок,Велоспорт,Деталі для велосипедів,Велосипедні колеса
3292,Спортивні товари,Вуличний відпочинок,Велоспорт,Деталі для велосипедів,Велосипедні сідла
3639,Спортивні товари,Вуличний відпочинок,Велоспорт,Деталі для велосипедів,Рами для велосипедів
3740,Спортивні товари,Вуличний відпочинок,Велоспорт,Деталі для велосипедів,Деталі гальм велосипедів
4574,Спортивні товари,Вуличний відпочинок,Велоспорт,Деталі для велосипедів,Деталі гальм велосипедів,Гальмівні етрьови велосипедів
4575,Спортивні товари,Вуличний відпочинок,Велоспорт,Деталі для велосипедів,Деталі гальм велосипедів,Ручки гальм велосипедів
4576,Спортивні товари,Вуличний відпочинок,Велоспорт,Деталі для велосипедів,Деталі гальм велосипедів,Гальмівні диски велосипедів
4577,Спортивні товари,Вуличний відпочинок,Велоспорт,Деталі для велосипедів,Деталі гальм велосипедів,Гальмівні системи велосипедів
4194,Спортивні товари,Вуличний відпочинок,Велоспорт,Деталі для велосипедів,Підсідельні штирі для велосипедів
4571,Спортивні товари,Вуличний відпочинок,Велоспорт,Деталі для велосипедів,Велосипедні шини
4572,Спортивні товари,Вуличний відпочинок,Велоспорт,Деталі для велосипедів,Велосипедні камери
4582,Спортивні товари,Вуличний відпочинок,Велоспорт,Деталі для велосипедів,Велосипедні керма
4583,Спортивні товари,Вуличний відпочинок,Велоспорт,Деталі для велосипедів,Виноси велосипедів
4585,Спортивні товари,Вуличний відпочинок,Велоспорт,Деталі для велосипедів,Деталі трансмісії велосипеда
4586,Спортивні товари,Вуличний відпочинок,Велоспорт,Деталі для велосипедів,Деталі трансмісії велосипеда,Велосипедні касети та вільні колеса
4587,Спортивні товари,Вуличний відпочинок,Велоспорт,Деталі для велосипедів,Деталі трансмісії велосипеда,Велосипедні ланцюги
4588,Спортивні товари,Вуличний відпочинок,Велоспорт,Деталі для велосипедів,Деталі трансмісії велосипеда,Велосипедні перемикачі передач (перекидки)
4590,Спортивні товари,Вуличний відпочинок,Велоспорт,Деталі для велосипедів,Деталі трансмісії велосипеда,Каретки велосипедів
4591,Спортивні товари,Вуличний відпочинок,Велоспорт,Деталі для велосипедів,Деталі трансмісії велосипеда,Велосипедні зірки
4592,Спортивні товари,Вуличний відпочинок,Велоспорт,Деталі для велосипедів,Деталі трансмісії велосипеда,Велосипедні шатуни
4593,Спортивні товари,Вуличний відпочинок,Велоспорт,Деталі для велосипедів,Деталі трансмісії велосипеда,Педалі для велосипедів
4594,Спортивні товари,Вуличний відпочинок,Велоспорт,Деталі для велосипедів,Деталі трансмісії велосипеда,Велосипедні перемикачі передач (манетки)
4595,Спортивні товари,Вуличний відпочинок,Велоспорт,Деталі для велосипедів,Зажими для велосипедних підсідельних штирів
4596,Спортивні товари,Вуличний відпочинок,Велоспорт,Деталі для велосипедів,Малі деталі для велосипедів
4597,Спортивні товари,Вуличний відпочинок,Велоспорт,Деталі для велосипедів,Деталі велосипедних коліс
4599,Спортивні товари,Вуличний відпочинок,Велоспорт,Деталі для велосипедів,Деталі велосипедних коліс,Велосипедні втулки
4600,Спортивні товари,Вуличний відпочинок,Велоспорт,Деталі для велосипедів,Деталі велосипедних коліс,Велосипедні спиці
4601,Спортивні товари,Вуличний відпочинок,Велоспорт,Деталі для велосипедів,Деталі велосипедних коліс,Спицеві гайки велосипедних коліс
4602,Спортивні товари,Вуличний відпочинок,Велоспорт,Деталі для велосипедів,Деталі велосипедних коліс,Ободи велосипедних коліс
7538,Спортивні товари,Вуличний відпочинок,Велоспорт,Деталі для велосипедів,Деталі велосипедних коліс,Велосипедні педалі
8528,Спортивні товари,Вуличний відпочинок,Велоспорт,Деталі для велосипедів,Деталі велосипедних коліс,Вісі та ексцентрики велосипедних коліс
499875,Спортивні товари,Вуличний відпочинок,Велоспорт,Деталі для велосипедів,Деталі велосипедних коліс,Ободні стрічки для велосипедів
500053,Спортивні товари,Вуличний відпочинок,Велоспорт,Деталі для велосипедів,Деталі велосипедних коліс,Деталі велосипедних втулок
4603,Спортивні товари,Вуличний відпочинок,Велоспорт,Деталі для велосипедів,Велосипедні вилки
6960,Спортивні товари,Вуличний відпочинок,Велоспорт,Деталі для велосипедів,Насадки на кермо велосипеда
7477,Спортивні товари,Вуличний відпочинок,Велоспорт,Деталі для велосипедів,Велосипедні рульові колонки
7478,Спортивні товари,Вуличний відпочинок,Велоспорт,Деталі для велосипедів,Деталі велосипедної рульової колонки
7479,Спортивні товари,Вуличний відпочинок,Велоспорт,Деталі для велосипедів,Деталі велосипедної рульової колонки,Проставки для велосипедної рульової колонки
7480,Спортивні товари,Вуличний відпочинок,Велоспорт,Деталі для велосипедів,Деталі велосипедної рульової колонки,Підшипники велосипедної рульової колонки
8239,Спортивні товари,Вуличний відпочинок,Велоспорт,Деталі для велосипедів,Велосипедні підніжки
499684,Спортивні товари,Вуличний відпочинок,Велоспорт,Деталі для велосипедів,Втулки для тросів велосипедів
499685,Спортивні товари,Вуличний відпочинок,Велоспорт,Деталі для велосипедів,Троси велосипедів
499868,Спортивні товари,Вуличний відпочинок,Велоспорт,Деталі для велосипедів,Велосипедні групсети
499869,Спортивні товари,Вуличний відпочинок,Велоспорт,Деталі для велосипедів,Ковпачки для вентилів велосипедних шин
499870,Спортивні товари,Вуличний відпочинок,Велоспорт,Деталі для велосипедів,Вентилі велосипедних шин
499871,Спортивні товари,Вуличний відпочинок,Велоспорт,Деталі для велосипедів,Адаптери для вентилів велосипедних шин
3634,Спортивні товари,Вуличний відпочинок,Велоспорт,Аксесуари для трьохколісних велосипедів
3982,Спортивні товари,Вуличний відпочинок,Велоспорт,Одяг та аксесуари для велоспорту
1029,Спортивні товари,Вуличний відпочинок,Велоспорт,Одяг та аксесуари для велоспорту,Велосипедні шоломи
3118,Спортивні товари,Вуличний відпочинок,Велоспорт,Одяг та аксесуари для велоспорту,Велосипедні шипи
3246,Спортивні товари,Вуличний відпочинок,Велоспорт,Одяг та аксесуари для велоспорту,Велосипедні рукавички
3272,Спортивні товари,Вуличний відпочинок,Велоспорт,Одяг та аксесуари для велоспорту,Чохли для велосипедного взуття
7474,Спортивні товари,Вуличний відпочинок,Велоспорт,Одяг та аксесуари для велоспорту,Аксесуари для велосипедних шипів
7453,Спортивні товари,Вуличний відпочинок,Велоспорт,Одяг та аксесуари для велоспорту,Аксесуари для велосипедних шипів,Чохли для велосипедних шипів
7475,Спортивні товари,Вуличний відпочинок,Велоспорт,Одяг та аксесуари для велоспорту,Аксесуари для велосипедних шипів,Прокладки та клинці для велосипедних шипів
7476,Спортивні товари,Вуличний відпочинок,Велоспорт,Одяг та аксесуари для велоспорту,Аксесуари для велосипедних шипів,Болти для велосипедних шипів
8061,Спортивні товари,Вуличний відпочинок,Велоспорт,Одяг та аксесуари для велоспорту,Захисні накладки для велосипедів
500028,Спортивні товари,Вуличний відпочинок,Велоспорт,Одяг та аксесуари для велоспорту,Деталі та аксесуари для велосипедного шолома
1031,Спортивні товари,Вуличний відпочинок,Кінний спорт
3257,Спортивні товари,Вуличний відпочинок,Кінний спорт,Догляд за конями
5025,Спортивні товари,Вуличний відпочинок,Кінний спорт,Догляд за конями,Вигрібання коней
6386,Спортивні товари,Вуличний відпочинок,Кінний спорт,Догляд за конями,Вигрібання коней,Машинки та тримери для стрижки коней
499818,Спортивні товари,Вуличний відпочинок,Кінний спорт,Догляд за конями,Вигрібання коней,"Гребені, щітки та рукавички для вигрібання коней"
5569,Спортивні товари,Вуличний відпочинок,Кінний спорт,Догляд за конями,Конячі чоботи та бинти
6898,Спортивні товари,Вуличний відпочинок,Кінний спорт,Догляд за конями,Конячі покривала та пледи
7459,Спортивні товари,Вуличний відпочинок,Кінний спорт,Догляд за конями,Вітаміни та добавки для коней
7481,Спортивні товари,Вуличний відпочинок,Кінний спорт,Догляд за конями,Ласощі для коней
7482,Спортивні товари,Вуличний відпочинок,Кінний спорт,Догляд за конями,Корм для коней
499817,Спортивні товари,Вуличний відпочинок,Кінний спорт,Догляд за конями,Маски від мух для коней
499819,Спортивні товари,Вуличний відпочинок,Кінний спорт,Догляд за конями,Протигельмінтні засоби для коней
5593,Спортивні товари,Вуличний відпочинок,Кінний спорт,Коняче сідло
1491,Спортивні товари,Вуличний відпочинок,Кінний спорт,Коняче сідло,Стяжки
1754,Спортивні товари,Вуличний відпочинок,Кінний спорт,Коняче сідло,Вожжі
2210,Спортивні товари,Вуличний відпочинок,Кінний спорт,Коняче сідло,Сідла
2756,Спортивні товари,Вуличний відпочинок,Кінний спорт,Коняче сідло,Конячі упряжки
3426,Спортивні товари,Вуличний відпочинок,Кінний спорт,Коняче сідло,Вуздечки
4018,Спортивні товари,Вуличний відпочинок,Кінний спорт,Коняче сідло,Вустя для вуздечок
8109,Спортивні товари,Вуличний відпочинок,Кінний спорт,Коняче сідло,Стремена
499709,Спортивні товари,Вуличний відпочинок,Кінний спорт,Коняче сідло,Поводири для коней
499710,Спортивні товари,Вуличний відпочинок,Кінний спорт,Коняче сідло,Конячі намордники
5594,Спортивні товари,Вуличний відпочинок,Кінний спорт,Одяг та аксесуари для верхової їзди
3084,Спортивні товари,Вуличний відпочинок,Кінний спорт,Одяг та аксесуари для верхової їзди,Рукавички для верхової їзди
3265,Спортивні товари,Вуличний відпочинок,Кінний спорт,Одяг та аксесуари для верхової їзди,Верхові батоги та хорти
3821,Спортивні товари,Вуличний відпочинок,Кінний спорт,Одяг та аксесуари для верхової їзди,Каски для верхової їзди
6914,Спортивні товари,Вуличний відпочинок,Кінний спорт,Одяг та аксесуари для верхової їзди,Верхові штани
7215,Спортивні товари,Вуличний відпочинок,Кінний спорт,Аксесуари для конячого сідла
8107,Спортивні товари,Вуличний відпочинок,Кінний спорт,Аксесуари для конячого сідла,Аксесуари для сідел
7216,Спортивні товари,Вуличний відпочинок,Кінний спорт,Аксесуари для конячого сідла,Аксесуари для сідел,Стійки для сідла
8108,Спортивні товари,Вуличний відпочинок,Кінний спорт,Аксесуари для конячого сідла,Аксесуари для сідел,Підкладки та покривала для сідла
326122,Спортивні товари,Вуличний відпочинок,Кінний спорт,Аксесуари для конячого сідла,Аксесуари для сідел,Сумки для сідла та багажники
499959,Спортивні товари,Вуличний відпочинок,Кінний спорт,Аксесуари для конячого сідла,Аксесуари для сідел,Чохли та кейси для сідла
499820,Спортивні товари,Вуличний відпочинок,Кінний спорт,Аксесуари для конячого сідла,Ящики для кінського спорядження
1043,Спортивні товари,Вуличний відпочинок,Гольф
1044,Спортивні товари,Вуличний відпочинок,Гольф,Гольф-сумки
1045,Спортивні товари,Вуличний відпочинок,Гольф,Гольф-м'ячі
1046,Спортивні товари,Вуличний відпочинок,Гольф,Гольф-клуби
3106,Спортивні товари,Вуличний відпочинок,Гольф,Гольф-ті
3578,Спортивні товари,Вуличний відпочинок,Гольф,Гольф-прапори
3642,Спортивні товари,Вуличний відпочинок,Гольф,Деталі та аксесуари для гольф-клубів
4043,Спортивні товари,Вуличний відпочинок,Гольф,Деталі та аксесуари для гольф-клубів,Чохли для головок гольф-клубів
4254,Спортивні товари,Вуличний відпочинок,Гольф,Деталі та аксесуари для гольф-клубів,Рукоятки для гольф-клубів
499780,Спортивні товари,Вуличний відпочинок,Гольф,Деталі та аксесуари для гольф-клубів,Втулки для гольф-клубів
3772,Спортивні товари,Вуличний відпочинок,Гольф,Тренувальні пристрої для гольфу
4466,Спортивні товари,Вуличний відпочинок,Гольф,Гольф-рукавички
4467,Спортивні товари,Вуличний відпочинок,Гольф,Гольф-рушники
4605,Спортивні товари,Вуличний відпочинок,Гольф,Аксесуари для гольф-сумок
4525,Спортивні товари,Вуличний відпочинок,Гольф,Аксесуари для гольф-сумок,Чохли та кейси для гольф-сумок
4537,Спортивні товари,Вуличний відпочинок,Гольф,Аксесуари для гольф-сумок,Візки для гольф-сумок
6864,Спортивні товари,Вуличний відпочинок,Гольф,Маркери для гольф-м'ячів
7314,Спортивні товари,Вуличний відпочинок,Гольф,Набори аксесуарів для гольфу
8044,Спортивні товари,Вуличний відпочинок,Гольф,Інструмент відновлення дерену
3276,Спортивні товари,Вуличний відпочинок,Скейтбординг
1059,Спортивні товари,Вуличний відпочинок,Скейтбординг,Скейтборди
3067,Спортивні товари,Вуличний відпочинок,Скейтбординг,Захисне спорядження для скейтбордингу
3488,Спортивні товари,Вуличний відпочинок,Скейтбординг,Захисне спорядження для скейтбордингу,Наколінники для скейтбордингу
7789,Спортивні товари,Вуличний відпочинок,Скейтбординг,Захисне спорядження для скейтбордингу,Рукавички для скейтбордингу
499776,Спортивні товари,Вуличний відпочинок,Скейтбординг,Захисне спорядження для скейтбордингу,Шоломи для ковзанів
3127,Спортивні товари,Вуличний відпочинок,Скейтбординг,Рейки для скейтбордінгу
3626,Спортивні товари,Вуличний відпочинок,Скейтбординг,Скейтборд-рампи
3670,Спортивні товари,Вуличний відпочинок,Скейтбординг,Деталі для скейтбордів
3192,Спортивні товари,Вуличний відпочинок,Скейтбординг,Деталі для скейтбордів,Підвіски для скейтбордів
3637,Спортивні товари,Вуличний відпочинок,Скейтбординг,Деталі для скейтбордів,Колеса для скейтбордів
3869,Спортивні товари,Вуличний відпочинок,Скейтбординг,Деталі для скейтбордів,Деки для скейтбордів
505817,Спортивні товари,Вуличний відпочинок,Скейтбординг,Деталі для скейтбордів,Малі деталі для скейтбордів
3334,Спортивні товари,Вуличний відпочинок,Риболовля
1037,Спортивні товари,Вуличний відпочинок,Риболовля,Рибальські вудки та поводки
1041,Спортивні товари,Вуличний відпочинок,Риболовля,Сумки та коробки для риболовного спорядження
3096,Спортивні товари,Вуличний відпочинок,Риболовля,Жива наживка
3614,Спортивні товари,Вуличний відпочинок,Риболовля,Рибальські сіті
4926,Спортивні товари,Вуличний відпочинок,Риболовля,Рибальські котушки
4927,Спортивні товари,Вуличний відпочинок,Риболовля,Вудки
5406,Спортивні товари,Вуличний відпочинок,Риболовля,Рибальські та мисливські чоботи-вейдерси
6495,Спортивні товари,Вуличний відпочинок,Риболовля,Контейнери для рибальської наживки та прикормки
7217,Спортивні товари,Вуличний відпочинок,Риболовля,Матеріали для в'язання мух
6440,Спортивні товари,Вуличний відпочинок,Риболовля,Матеріали для в'язання мух,Риболовна нитка
7125,Спортивні товари,Вуличний відпочинок,Риболовля,Матеріали для в'язання мух,Рибальські намистини
7221,Спортивні товари,Вуличний відпочинок,Риболовля,Риболовні сітки
7342,Спортивні товари,Вуличний відпочинок,Риболовля,Рибальські гафи
7343,Спортивні товари,Вуличний відпочинок,Риболовля,Риболовні списи
7344,Спортивні товари,Вуличний відпочинок,Риболовля,Інструменти для видалення рибальських гачків
8064,Спортивні товари,Вуличний відпочинок,Риболовля,Сигналізатори покльовки
8092,Спортивні товари,Вуличний відпочинок,Риболовля,Аксесуари для рибальських котушок
8094,Спортивні товари,Вуличний відпочинок,Риболовля,Аксесуари для рибальських котушок,Змащувальні матеріали для рибальських котушок
8208,Спортивні товари,Вуличний відпочинок,Риболовля,Аксесуари для рибальських котушок,Запасні шпулі для рибальських котушок
8273,Спортивні товари,Вуличний відпочинок,Риболовля,Аксесуари для рибальських котушок,Сумки та чохли для рибальських котушок
8093,Спортивні товари,Вуличний відпочинок,Риболовля,Аксесуари для вудки
8272,Спортивні товари,Вуличний відпочинок,Риболовля,Аксесуари для вудки,Сумки та чохли для вудок
499942,Спортивні товари,Вуличний відпочинок,Риболовля,Аксесуари для вудки,Тримачі та стійки для зберігання вудок
499823,Спортивні товари,Вуличний відпочинок,Риболовля,Риболовні снасті
3359,Спортивні товари,Вуличний відпочинок,Риболовля,Риболовні снасті,Рибальські гачки
3603,Спортивні товари,Вуличний відпочинок,Риболовля,Риболовні снасті,Рибальські наживки та приманки
3651,Спортивні товари,Вуличний відпочинок,Риболовля,Риболовні снасті,Грузила для риболовлі
3859,Спортивні товари,Вуличний відпочинок,Риболовля,Риболовні снасті,Рибальські поплавки
7222,Спортивні товари,Вуличний відпочинок,Риболовля,Риболовні снасті,Застібки та вертлюги для риболовлі
3789,Спортивні товари,Вуличний відпочинок,Дельтапланеризм та парашутний спорт
4023,Спортивні товари,Вуличний відпочинок,Дельтапланеризм та парашутний спорт,Парашути
4327,Спортивні товари,Вуличний відпочинок,Дельтапланеризм та парашутний спорт,Дельтаплани
5877,Спортивні товари,Вуличний відпочинок,Дельтапланеризм та парашутний спорт,Костюми для стрибків з парашутом
5635,Спортивні товари,Вуличний відпочинок,Системи зволоження
5879,Спортивні товари,Вуличний відпочинок,Самокати для їзди
5998,Спортивні товари,Вуличний відпочинок,Аксесуари для системи зволоження
7059,Спортивні товари,Вуличний відпочинок,Альпінізм
3201,Спортивні товари,Вуличний відпочинок,Альпінізм,Сумки для альпіністських мотузок
3211,Спортивні товари,Вуличний відпочинок,Альпінізм,Сумки для мелу в альпінізмі
3218,Спортивні товари,Вуличний відпочинок,Альпінізм,Страхувальні системи для альпінізму
3266,Спортивні товари,Вуличний відпочинок,Альпінізм,Засоби захисту для альпінізму
3322,Спортивні товари,Вуличний відпочинок,Альпінізм,Захисні матраци для альпінізму
3363,Спортивні товари,Вуличний відпочинок,Альпінізм,Блокувальні пристрої
3369,Спортивні товари,Вуличний відпочинок,Альпінізм,Альпіністські стропи
3454,Спортивні товари,Вуличний відпочинок,Альпінізм,Пристрої для підйому та спуску в альпінізмі
3518,Спортивні товари,Вуличний відпочинок,Альпінізм,Устаткування для внутрішнього альпінізму
3746,Спортивні товари,Вуличний відпочинок,Альпінізм,Карабіни
3825,Спортивні товари,Вуличний відпочинок,Альпінізм,Альпіністські мотузки
3849,Спортивні товари,Вуличний відпочинок,Альпінізм,Карабіни з експрес-слингом
7060,Спортивні товари,Вуличний відпочинок,Альпінізм,Інструменти для льодового альпінізму
7061,Спортивні товари,Вуличний відпочинок,Альпінізм,Льодові гвинти
499815,Спортивні товари,Вуличний відпочинок,Альпінізм,Одяг та аксесуари для альпінізму
3314,Спортивні товари,Вуличний відпочинок,Альпінізм,Одяг та аксесуари для альпінізму,Шоломи для альпінізму
5394,Спортивні товари,Вуличний відпочинок,Альпінізм,Одяг та аксесуари для альпінізму,Кішені
499816,Спортивні товари,Вуличний відпочинок,Альпінізм,Одяг та аксесуари для альпінізму,Рукавички для альпінізму
7375,Спортивні товари,Вуличний відпочинок,Катання на баггі з паперовим змієм
7376,Спортивні товари,Вуличний відпочинок,Катання на баггі з паперовим змієм,Баггі для паперових зміїв
7377,Спортивні товари,Вуличний відпочинок,Катання на баггі з паперовим змієм,Аксесуари для баггі для паперових зміїв
499761,Спортивні товари,Вуличний відпочинок,Інлайн ковзання та роликовий спорт
1058,Спортивні товари,Вуличний відпочинок,Інлайн ковзання та роликовий спорт,Інлайн ковзани
2837,Спортивні товари,Вуличний відпочинок,Інлайн ковзання та роликовий спорт,Роликові ковзани
499759,Спортивні товари,Вуличний відпочинок,Інлайн ковзання та роликовий спорт,Деталі для інлайн ковзанів
499760,Спортивні товари,Вуличний відпочинок,Інлайн ковзання та роликовий спорт,Запчастини для роликових ковзанів
499771,Спортивні товари,Вуличний відпочинок,Інлайн ковзання та роликовий спорт,Захисне спорядження для інлайн ковзання та роликового спорту
499775,Спортивні товари,Вуличний відпочинок,Інлайн ковзання та роликовий спорт,Захисне спорядження для інлайн ковзання та роликового спорту,Захисні накладки для роликового ковзання
500029,Спортивні товари,Вуличний відпочинок,Інлайн ковзання та роликовий спорт,Ролерські
499811,Спортивні товари,Вуличний відпочинок,Водний спорт та веслування
1120,Спортивні товари,Вуличний відпочинок,Водний спорт та веслування,Веслування та рафтинг
1124,Спортивні товари,Вуличний відпочинок,Водний спорт та веслування,Веслування та рафтинг,Каное
1127,Спортивні товари,Вуличний відпочинок,Водний спорт та веслування,Веслування та рафтинг,Каяки
1129,Спортивні товари,Вуличний відпочинок,Водний спорт та веслування,Веслування та рафтинг,Весла та гребці
3406,Спортивні товари,Вуличний відпочинок,Водний спорт та веслування,Веслування та рафтинг,Веслові човни
3476,Спортивні товари,Вуличний відпочинок,Водний спорт та веслування,Веслування та рафтинг,Байдарки для білого водного сплаву
6097,Спортивні товари,Вуличний відпочинок,Водний спорт та веслування,Веслування та рафтинг,Педальні човни
6312,Спортивні товари,Вуличний відпочинок,Водний спорт та веслування,Веслування та рафтинг,Аксесуари для каяків
6314,Спортивні товари,Вуличний відпочинок,Водний спорт та веслування,Веслування та рафтинг,Аксесуари для каное
7449,Спортивні товари,Вуличний відпочинок,Водний спорт та веслування,Веслування та рафтинг,Рукавички для веслування
499964,Спортивні товари,Вуличний відпочинок,Водний спорт та веслування,Веслування та рафтинг,Ремені для весел
1135,Спортивні товари,Вуличний відпочинок,Водний спорт та веслування,Дайвінг та снорклінг
1136,Спортивні товари,Вуличний відпочинок,Водний спорт та веслування,Дайвінг та снорклінг,Компенсатори плавучості
1137,Спортивні товари,Вуличний відпочинок,Водний спорт та веслування,Дайвінг та снорклінг,Дайвінгові комп'ютери
1139,Спортивні товари,Вуличний відпочинок,Водний спорт та веслування,Дайвінг та снорклінг,Ласти для дайвінгу та снорклінгу
1140,Спортивні товари,Вуличний відпочинок,Водний спорт та веслування,Дайвінг та снорклінг,Маски для дайвінгу та снорклінгу
1141,Спортивні товари,Вуличний відпочинок,Водний спорт та веслування,Дайвінг та снорклінг,Регулятори для дайвінгу
1142,Спортивні товари,Вуличний відпочинок,Водний спорт та веслування,Дайвінг та снорклінг,Трубки для підводного плавання
5312,Спортивні товари,Вуличний відпочинок,Водний спорт та веслування,Дайвінг та снорклінг,Ножі та ножиці для дайвінгу
6514,Спортивні товари,Вуличний відпочинок,Водний спорт та веслування,Дайвінг та снорклінг,Пояси для дайвінгу
499867,Спортивні товари,Вуличний відпочинок,Водний спорт та веслування,Дайвінг та снорклінг,Комплекти спорядження для дайвінгу та снорклінгу
1143,Спортивні товари,Вуличний відпочинок,Водний спорт та веслування,Серфінг
3320,Спортивні товари,Вуличний відпочинок,Водний спорт та веслування,Серфінг,Дошки для серфінгу
3525,Спортивні товари,Вуличний відпочинок,Водний спорт та веслування,Серфінг,Плавники для серфінгу
3579,Спортивні товари,Вуличний відпочинок,Водний спорт та веслування,Серфінг,Чохли та сумки для серфінгу
3649,Спортивні товари,Вуличний відпочинок,Водний спорт та веслування,Серфінг,Повідки для серфінгу
3762,Спортивні товари,Вуличний відпочинок,Водний спорт та веслування,Серфінг,Хвостові накладки для серфінгу
3801,Спортивні товари,Вуличний відпочинок,Водний спорт та веслування,Серфінг,Воск для серфінгу
6286,Спортивні товари,Вуличний відпочинок,Водний спорт та веслування,Серфінг,Скімборди
6287,Спортивні товари,Вуличний відпочинок,Водний спорт та веслування,Серфінг,Бодіборди
6288,Спортивні товари,Вуличний відпочинок,Водний спорт та веслування,Серфінг,Сапборди
7451,Спортивні товари,Вуличний відпочинок,Водний спорт та веслування,Серфінг,Рукавички для серфінгу
1144,Спортивні товари,Вуличний відпочинок,Водний спорт та веслування,Плавання
2966,Спортивні товари,Вуличний відпочинок,Водний спорт та веслування,Плавання,Плавальні дошки
3304,Спортивні товари,Вуличний відпочинок,Водний спорт та веслування,Плавання,Купальні рукавички
3360,Спортивні товари,Вуличний відпочинок,Водний спорт та веслування,Плавання,Купальні окуляри та маски
3595,Спортивні товари,Вуличний відпочинок,Водний спорт та веслування,Плавання,Поплавки та буї
3596,Спортивні товари,Вуличний відпочинок,Водний спорт та веслування,Плавання,Тренажери для плавання
3807,Спортивні товари,Вуличний відпочинок,Водний спорт та веслування,Плавання,Купальні шапочки
6330,Спортивні товари,Вуличний відпочинок,Водний спорт та веслування,Плавання,Аксесуари для купальних окулярів та масок
6473,Спортивні товари,Вуличний відпочинок,Водний спорт та веслування,Плавання,Ручні весла
6511,Спортивні товари,Вуличний відпочинок,Водний спорт та веслування,Плавання,Ласти для плавання
2512,Спортивні товари,Вуличний відпочинок,Водний спорт та веслування,Плавання,Ласти для плавання,Тренувальні ласті
6512,Спортивні товари,Вуличний відпочинок,Водний спорт та веслування,Плавання,Ласти для плавання,Моно-плавники
6513,Спортивні товари,Вуличний відпочинок,Водний спорт та веслування,Плавання,Пояси для плавання
6515,Спортивні товари,Вуличний відпочинок,Водний спорт та веслування,Плавання,Затискачі для носа для плавання
6550,Спортивні товари,Вуличний відпочинок,Водний спорт та веслування,Плавання,Купальні ваги
7104,Спортивні товари,Вуличний відпочинок,Водний спорт та веслування,Плавання,Плавальні допоміжні засоби для дітей
1148,Спортивні товари,Вуличний відпочинок,Водний спорт та веслування,Віндсерфінг
3413,Спортивні товари,Вуличний відпочинок,Водний спорт та веслування,Віндсерфінг,Вітрила для віндсерфінгу
3624,Спортивні товари,Вуличний відпочинок,Водний спорт та веслування,Віндсерфінг,Деталі до дошок для віндсерфінгу
3285,Спортивні товари,Вуличний відпочинок,Водний спорт та веслування,Віндсерфінг,Деталі до дошок для віндсерфінгу,Мачти для віндсерфінгу
3908,Спортивні товари,Вуличний відпочинок,Водний спорт та веслування,Віндсерфінг,Деталі до дошок для віндсерфінгу,Плавники для віндсерфінгу
3894,Спортивні товари,Вуличний відпочинок,Водний спорт та веслування,Віндсерфінг,Дошки для віндсерфінгу
3195,Спортивні товари,Вуличний відпочинок,Водний спорт та веслування,Буксирні водні види спорту
1146,Спортивні товари,Вуличний відпочинок,Водний спорт та веслування,Буксирні водні види спорту,Катання на водних лижах
3289,Спортивні товари,Вуличний відпочинок,Водний спорт та веслування,Буксирні водні види спорту,Катання на водних лижах,Гідрокрила для сидіння
3350,Спортивні товари,Вуличний відпочинок,Водний спорт та веслування,Буксирні водні види спорту,Катання на водних лижах,Водні лижі
6296,Спортивні товари,Вуличний відпочинок,Водний спорт та веслування,Буксирні водні види спорту,Катання на водних лижах,Чохли та сумки для водних лиж
6302,Спортивні товари,Вуличний відпочинок,Водний спорт та веслування,Буксирні водні види спорту,Катання на водних лижах,Кріплення для водних лиж
3282,Спортивні товари,Вуличний відпочинок,Водний спорт та веслування,Буксирні водні види спорту,Вейкбординг
3353,Спортивні товари,Вуличний відпочинок,Водний спорт та веслування,Буксирні водні види спорту,Вейкбординг,Вейкборди
505291,Спортивні товари,Вуличний відпочинок,Водний спорт та веслування,Буксирні водні види спорту,Вейкбординг,Деталі для вейкбордів
505317,Спортивні товари,Вуличний відпочинок,Водний спорт та веслування,Буксирні водні види спорту,Вейкбординг,Кріплення для кайтбордів та вейкбордів
3370,Спортивні товари,Вуличний відпочинок,Водний спорт та веслування,Буксирні водні види спорту,Кнібординг
3101,Спортивні товари,Вуличний відпочинок,Водний спорт та веслування,Буксирні водні види спорту,Кнібординг,Кніборди
3636,Спортивні товари,Вуличний відпочинок,Водний спорт та веслування,Буксирні водні види спорту,Троси для водних видів спорту
6301,Спортивні товари,Вуличний відпочинок,Водний спорт та веслування,Буксирні водні види спорту,Буксирувані плоти та труби
7452,Спортивні товари,Вуличний відпочинок,Водний спорт та веслування,Буксирні водні види спорту,Рукавички для водних видів спорту з буксиром
5579,Спортивні товари,Вуличний відпочинок,Водний спорт та веслування,Кайтсерфінг
5580,Спортивні товари,Вуличний відпочинок,Водний спорт та веслування,Кайтсерфінг,Кайтборди
5581,Спортивні товари,Вуличний відпочинок,Водний спорт та веслування,Кайтсерфінг,Деталі для кайтбордів
5582,Спортивні товари,Вуличний відпочинок,Водний спорт та веслування,Кайтсерфінг,Кайти для кайтсерфінгу
5583,Спортивні товари,Вуличний відпочинок,Водний спорт та веслування,Кайтсерфінг,Трапеції для кайтсерфінгу та віндсерфінгу
5584,Спортивні товари,Вуличний відпочинок,Водний спорт та веслування,Кайтсерфінг,Чохли для кайтбордів
7178,Спортивні товари,Вуличний відпочинок,Водний спорт та веслування,Стелажі для зберігання водного транспорту
8172,Спортивні товари,Вуличний відпочинок,Водний спорт та веслування,Стелажі для зберігання водного транспорту,Стелажі для зберігання човнів
8173,Спортивні товари,Вуличний відпочинок,Водний спорт та веслування,Стелажі для зберігання водного транспорту,Стелажі для зберігання дошок для водних видів спорту
499813,Спортивні товари,Вуличний відпочинок,Водний спорт та веслування,Одяг для водного спорту та веслування
1128,Спортивні товари,Вуличний відпочинок,Водний спорт та веслування,Одяг для водного спорту та веслування,Рятувальні жилети
1138,Спортивні товари,Вуличний відпочинок,Водний спорт та веслування,Одяг для водного спорту та веслування,Сухі костюми
1147,Спортивні товари,Вуличний відпочинок,Водний спорт та веслування,Одяг для водного спорту та веслування,Гідрокостюми
3376,Спортивні товари,Вуличний відпочинок,Водний спорт та веслування,Одяг для водного спорту та веслування,Рашгарди та плавальні сорочки
6496,Спортивні товари,Вуличний відпочинок,Водний спорт та веслування,Одяг для водного спорту та веслування,Аксесуари для рятувальних жилетів
499687,Спортивні товари,Вуличний відпочинок,Водний спорт та веслування,Одяг для водного спорту та веслування,Шоломи для водних видів спорту
499814,Спортивні товари,Вуличний відпочинок,Водний спорт та веслування,Одяг для водного спорту та веслування,Частини гідрокостюма
5399,Спортивні товари,Вуличний відпочинок,Водний спорт та веслування,Одяг для водного спорту та веслування,Частини гідрокостюма,"Капюшони, рукавички та чоботи для гідрокостюма"
5400,Спортивні товари,Вуличний відпочинок,Водний спорт та веслування,Одяг для водного спорту та веслування,Частини гідрокостюма,Нижня частина гідрокостюма
5401,Спортивні товари,Вуличний відпочинок,Водний спорт та веслування,Одяг для водного спорту та веслування,Частини гідрокостюма,Верхня частина гідрокостюма
499824,Спортивні товари,Вуличний відпочинок,Мисливство та стрілянина
1033,Спортивні товари,Вуличний відпочинок,Мисливство та стрілянина,Стрільба з лука
3291,Спортивні товари,Вуличний відпочинок,Мисливство та стрілянина,Стрільба з лука,Деталі та аксесуари для стріл
499830,Спортивні товари,Вуличний відпочинок,Мисливство та стрілянина,Стрільба з лука,Деталі та аксесуари для стріл,Оперення та полювальні наконечники
499831,Спортивні товари,Вуличний відпочинок,Мисливство та стрілянина,Стрільба з лука,Деталі та аксесуари для стріл,Оперення стріл
499832,Спортивні товари,Вуличний відпочинок,Мисливство та стрілянина,Стрільба з лука,Деталі та аксесуари для стріл,Защіпки стріл
3533,Спортивні товари,Вуличний відпочинок,Мисливство та стрілянина,Стрільба з лука,Стріли для луку та арбалету
3757,Спортивні товари,Вуличний відпочинок,Мисливство та стрілянина,Стрільба з лука,Колчани
3773,Спортивні товари,Вуличний відпочинок,Мисливство та стрілянина,Стрільба з лука,Захисні нарукавники для стрільби з лука
3883,Спортивні товари,Вуличний відпочинок,Мисливство та стрілянина,Стрільба з лука,Мішені для стрільби з лука
499825,Спортивні товари,Вуличний відпочинок,Мисливство та стрілянина,Стрільба з лука,Луки та арбалети
3332,Спортивні товари,Вуличний відпочинок,Мисливство та стрілянина,Стрільба з лука,Луки та арбалети,Блочні луки
3505,Спортивні товари,Вуличний відпочинок,Мисливство та стрілянина,Стрільба з лука,Луки та арбалети,Арбалети
3715,Спортивні товари,Вуличний відпочинок,Мисливство та стрілянина,Стрільба з лука,Луки та арбалети,Блокові та довгі луки
499826,Спортивні товари,Вуличний відпочинок,Мисливство та стрілянина,Стрільба з лука,Аксесуари для лука та арбалета
499833,Спортивні товари,Вуличний відпочинок,Мисливство та стрілянина,Стрільба з лука,Рукавички та випускачі для стрільби з лука
3125,Спортивні товари,Вуличний відпочинок,Мисливство та стрілянина,Стрільба по глиняним голубам
3305,Спортивні товари,Вуличний відпочинок,Мисливство та стрілянина,Стрільба по глиняним голубам,Машинки для запуску глиняних голубів
3528,Спортивні товари,Вуличний відпочинок,Мисливство та стрілянина,Стрільба по глиняним голубам,Глиняні голуби
3136,Спортивні товари,Вуличний відпочинок,Мисливство та стрілянина,Мисливство
1034,Спортивні товари,Вуличний відпочинок,Мисливство та стрілянина,Мисливство,Мисливські засідки та екрани
3674,Спортивні товари,Вуличний відпочинок,Мисливство та стрілянина,Мисливство,Пастки для тварин
3748,Спортивні товари,Вуличний відпочинок,Мисливство та стрілянина,Мисливство,Підставки для дерев
5917,Спортивні товари,Вуличний відпочинок,Мисливство та стрілянина,Мисливство,Спорядження для мисливських собак
6992,Спортивні товари,Вуличний відпочинок,Мисливство та стрілянина,Мисливство,Кормушки для дикої звірини
7373,Спортивні товари,Вуличний відпочинок,Мисливство та стрілянина,Мисливство,Пристрої для покращення слуху
8011,Спортивні товари,Вуличний відпочинок,Мисливство та стрілянина,Мисливство,Приваблювачі дикої фауни
3583,Спортивні товари,Вуличний відпочинок,Мисливство та стрілянина,Мисливство,Приваблювачі дикої фауни,Мисливські манекени та приманки
3756,Спортивні товари,Вуличний відпочинок,Мисливство та стрілянина,Мисливство,Приваблювачі дикої фауни,Мисливські сигнали та птахівництво
8080,Спортивні товари,Вуличний відпочинок,Мисливство та стрілянина,Мисливство,Приваблювачі дикої фауни,Покривні аромати та привабливі запахи
8081,Спортивні товари,Вуличний відпочинок,Мисливство та стрілянина,Мисливство,Приваблювачі дикої фауни,"Приманка, корм та мінерали для дикої фауни"
7460,Спортивні товари,Вуличний відпочинок,Мисливство та стрілянина,Захисне спорядження для мисливства та стрілянини
7461,Спортивні товари,Вуличний відпочинок,Мисливство та стрілянина,Захисне спорядження для мисливства та стрілянини,Мисливські та стрілецькі рукавички
7518,Спортивні товари,Вуличний відпочинок,Мисливство та стрілянина,Захисне спорядження для мисливства та стрілянини,Мисливські та стрілецькі куртки
499834,Спортивні товари,Вуличний відпочинок,Мисливство та стрілянина,Пейнтбол та ейрсофт
1049,Спортивні товари,Вуличний відпочинок,Мисливство та стрілянина,Пейнтбол та ейрсофт,Пейнтбол
3187,Спортивні товари,Вуличний відпочинок,Мисливство та стрілянина,Пейнтбол та ейрсофт,Пейнтбол,Запчастини та аксесуари для пейнтбольної рушниці
3152,Спортивні товари,Вуличний відпочинок,Мисливство та стрілянина,Пейнтбол та ейрсофт,Пейнтбол,Запчастини та аксесуари для пейнтбольної рушниці,Подавачі для пейнтболу
3244,Спортивні товари,Вуличний відпочинок,Мисливство та стрілянина,Пейнтбол та ейрсофт,Пейнтбол,Запчастини та аксесуари для пейнтбольної рушниці,Пневматичні балони для пейнтболу
3690,Спортивні товари,Вуличний відпочинок,Мисливство та стрілянина,Пейнтбол та ейрсофт,Пейнтбол,Запчастини та аксесуари для пейнтбольної рушниці,Стволи для пейнтбольної рушниці
8514,Спортивні товари,Вуличний відпочинок,Мисливство та стрілянина,Пейнтбол та ейрсофт,Пейнтбол,Запчастини та аксесуари для пейнтбольної рушниці,Передні рукоятки для пейнбольних рушниць
3234,Спортивні товари,Вуличний відпочинок,Мисливство та стрілянина,Пейнтбол та ейрсофт,Пейнтбол,Рушниці для пейнтболу
3408,Спортивні товари,Вуличний відпочинок,Мисливство та стрілянина,Пейнтбол та ейрсофт,Пейнтбол,Гранати для пейнтболу
3438,Спортивні товари,Вуличний відпочинок,Мисливство та стрілянина,Пейнтбол та ейрсофт,Пейнтбол,Кулі для пейнтболу
6748,Спортивні товари,Вуличний відпочинок,Мисливство та стрілянина,Пейнтбол та ейрсофт,Пейнтбол,Гранатомети для пейнтболу
6781,Спортивні товари,Вуличний відпочинок,Мисливство та стрілянина,Пейнтбол та ейрсофт,Пейнтбол,Пояси та рюкзаки для пейнтболу
2443,Спортивні товари,Вуличний відпочинок,Мисливство та стрілянина,Пейнтбол та ейрсофт,Ейрсофт
3093,Спортивні товари,Вуличний відпочинок,Мисливство та стрілянина,Пейнтбол та ейрсофт,Ейрсофт,Ейрсофт гармати
3116,Спортивні товари,Вуличний відпочинок,Мисливство та стрілянина,Пейнтбол та ейрсофт,Ейрсофт,Запчастини та аксесуари для ейрсофт гармат
8005,Спортивні товари,Вуличний відпочинок,Мисливство та стрілянина,Пейнтбол та ейрсофт,Ейрсофт,Запчастини та аксесуари для ейрсофт гармат,Батареї для ейрсофт гармат
3925,Спортивні товари,Вуличний відпочинок,Мисливство та стрілянина,Пейнтбол та ейрсофт,Ейрсофт,Ейрсофтні кульки
499835,Спортивні товари,Вуличний відпочинок,Мисливство та стрілянина,Пейнтбол та ейрсофт,Захисне спорядження для пейнтболу та страйкболу
499836,Спортивні товари,Вуличний відпочинок,Мисливство та стрілянина,Пейнтбол та ейрсофт,Захисне спорядження для пейнтболу та страйкболу,Рукавички для пейнтболу та ейрсофту
499837,Спортивні товари,Вуличний відпочинок,Мисливство та стрілянина,Пейнтбол та ейрсофт,Захисне спорядження для пейнтболу та страйкболу,Жилети для пейнтболу та страйкболу
499838,Спортивні товари,Вуличний відпочинок,Мисливство та стрілянина,Пейнтбол та ейрсофт,Захисне спорядження для пейнтболу та страйкболу,Окуляри та маски для пейнтболу та ейрсофту
499839,Спортивні товари,Вуличний відпочинок,Мисливство та стрілянина,Пейнтбол та ейрсофт,Захисне спорядження для пейнтболу та страйкболу,Наколінники та налікотники для пейнтболу та ейрсофту
499840,Спортивні товари,Вуличний відпочинок,Мисливство та стрілянина,Аксесуари для стрільби та полігону
3170,Спортивні товари,Вуличний відпочинок,Мисливство та стрілянина,Аксесуари для стрільби та полігону,Мішені для стрільби
499841,Спортивні товари,Вуличний відпочинок,Мисливство та стрілянина,Аксесуари для стрільби та полігону,Палиці та двоноги для стрільби
499842,Спортивні товари,Вуличний відпочинок,Мисливство та стрілянина,Аксесуари для стрільби та полігону,Підставки для стрільби
499844,Спортивні товари,Вуличний відпочинок,Зимові види спорту та активності
1166,Спортивні товари,Вуличний відпочинок,Зимові види спорту та активності,Прогулянка на снігоступах
3064,Спортивні товари,Вуличний відпочинок,Зимові види спорту та активності,Прогулянка на снігоступах,Снігоступи
3073,Спортивні товари,Вуличний відпочинок,Зимові види спорту та активності,Прогулянка на снігоступах,Кріплення для снігоступів
7539,Спортивні товари,Вуличний відпочинок,Зимові види спорту та активності,Санчата
499845,Спортивні товари,Вуличний відпочинок,Зимові види спорту та активності,Лижний спорт та сноубординг
1157,Спортивні товари,Вуличний відпочинок,Зимові види спорту та активності,Лижний спорт та сноубординг,Лижні палиці
1161,Спортивні товари,Вуличний відпочинок,Зимові види спорту та активності,Лижний спорт та сноубординг,Шоломи для лиж та сноубордів
1162,Спортивні товари,Вуличний відпочинок,Зимові види спорту та активності,Лижний спорт та сноубординг,Кріплення для сноуборда
1163,Спортивні товари,Вуличний відпочинок,Зимові види спорту та активності,Лижний спорт та сноубординг,Чоботи для сноуборду
1164,Спортивні товари,Вуличний відпочинок,Зимові види спорту та активності,Лижний спорт та сноубординг,Сноуборди
3550,Спортивні товари,Вуличний відпочинок,Зимові види спорту та активності,Лижний спорт та сноубординг,Лижні та сноубордні окуляри
5088,Спортивні товари,Вуличний відпочинок,Зимові види спорту та активності,Лижний спорт та сноубординг,Деталі кріплень для сноуборда
6062,Спортивні товари,Вуличний відпочинок,Зимові види спорту та активності,Лижний спорт та сноубординг,Лижні черевики
6063,Спортивні товари,Вуличний відпочинок,Зимові види спорту та активності,Лижний спорт та сноубординг,Кріплення для лиж
6064,Спортивні товари,Вуличний відпочинок,Зимові види спорту та активності,Лижний спорт та сноубординг,Лижі
1158,Спортивні товари,Вуличний відпочинок,Зимові види спорту та активності,Лижний спорт та сноубординг,Лижі,Гірські лижі
3331,Спортивні товари,Вуличний відпочинок,Зимові види спорту та активності,Лижний спорт та сноубординг,Лижі,Гірськолижні лижі
7224,Спортивні товари,Вуличний відпочинок,Зимові види спорту та активності,Лижний спорт та сноубординг,Сумки для лиж та сноубордів
7558,Спортивні товари,Вуличний відпочинок,Зимові види спорту та активності,Лижний спорт та сноубординг,Стійки для зберігання лиж та сноубордів
8074,Спортивні товари,Вуличний відпочинок,Зимові види спорту та активності,Лижний спорт та сноубординг,Віск для лиж та сноубордів
8203,Спортивні товари,Вуличний відпочинок,Зимові види спорту та активності,Лижний спорт та сноубординг,Аксесуари для лижних та сноубордних окулярів
5050,Спортивні товари,Вуличний відпочинок,Зимові види спорту та активності,Лижний спорт та сноубординг,Аксесуари для лижних та сноубордних окулярів,Лінзи для лижних та сноубордних окулярів
499681,Спортивні товари,Вуличний відпочинок,Зимові види спорту та активності,Лижний спорт та сноубординг,Поводки для лиж та сноубордів
505296,Спортивні товари,Вуличний відпочинок,Зимові види спорту та активності,Лижний спорт та сноубординг,Деталі кріплень для лиж
505772,Спортивні товари,Вуличний відпочинок,Зимові види спорту та активності,Лижний спорт та сноубординг,Інструменти для налаштування лиж та сноубордів
499951,Спортивні товари,Вуличний відпочинок,Зимові види спорту та активності,Лавинна безпека
499877,Спортивні товари,Вуличний відпочинок,Зимові види спорту та активності,Лавинна безпека,Повітряні подушки для лавинної безпеки
499952,Спортивні товари,Вуличний відпочинок,Зимові види спорту та активності,Лавинна безпека,Лавинні зонди
499846,Спортивні товари,Вуличний відпочинок,Вуличні ігри
1062,Спортивні товари,Вуличний відпочинок,Вуличні ігри,Бадмінтон
3107,Спортивні товари,Вуличний відпочинок,Вуличні ігри,Бадмінтон,Сітки для бадмінтону
3907,Спортивні товари,Вуличний відпочинок,Вуличні ігри,Бадмінтон,Воланчики
3950,Спортивні товари,Вуличний відпочинок,Вуличні ігри,Бадмінтон,Ракетки та набори для бадмінтону
3126,Спортивні товари,Вуличний відпочинок,Вуличні ігри,Тетербол (гра з м'ячем на тросі)
499882,Спортивні товари,Вуличний відпочинок,Вуличні ігри,Тетербол (гра з м'ячем на тросі),Стовпи для тетерболу
499883,Спортивні товари,Вуличний відпочинок,Вуличні ігри,Тетербол (гра з м'ячем на тросі),Набори для гри в тетербол
499884,Спортивні товари,Вуличний відпочинок,Вуличні ігри,Тетербол (гра з м'ячем на тросі),М'ячі для тезерболу
3390,Спортивні товари,Вуличний відпочинок,Вуличні ігри,Піклбол
499847,Спортивні товари,Вуличний відпочинок,Вуличні ігри,Піклбол,М'ячі для піклболу
499848,Спортивні товари,Вуличний відпочинок,Вуличні ігри,Піклбол,Ракетки для піклболу
3405,Спортивні товари,Вуличний відпочинок,Вуличні ігри,Ігри на газоні
3484,Спортивні товари,Вуличний відпочинок,Вуличні ігри,Диск-гольф
3227,Спортивні товари,Вуличний відпочинок,Вуличні ігри,Диск-гольф,Кошики для диск-гольфу
3993,Спортивні товари,Вуличний відпочинок,Вуличні ігри,Диск-гольф,Сумки для диск-гольфу
3787,Спортивні товари,Вуличний відпочинок,Вуличні ігри,Шафлборд для тераси
3190,Спортивні товари,Вуличний відпочинок,Вуличні ігри,Шафлборд для тераси,Шайби для шафлборду на терасі
3689,Спортивні товари,Вуличний відпочинок,Вуличні ігри,Шафлборд для тераси,Кії для шафлборду на терасі
7430,Спортивні товари,Вуличний відпочинок,Вуличні ігри,Набори для гри в падл-бол
499904,Спортивні товари,Вуличний відпочинок,Вуличні ігри,Теніс на платформі та з ракетками
499849,Спортивні товари,Вуличний відпочинок,Вуличні ігри,Теніс на платформі та з ракетками,М'ячі для тенісу на платформі
499850,Спортивні товари,Вуличний відпочинок,Вуличні ігри,Теніс на платформі та з ракетками,Ракетки для тенісу на платформі та з ракетками
499713,Спортивні товари,Атлетика
989,Спортивні товари,Атлетика,Танці
3269,Спортивні товари,Атлетика,Танці,Балетні стрижні
1000,Спортивні товари,Атлетика,Гімнастика
3123,Спортивні товари,Атлетика,Гімнастика,Гімнастичні стрибкові дошки
3182,Спортивні товари,Атлетика,Гімнастика,Гімнастичні коні
3774,Спортивні товари,Атлетика,Гімнастика,Гімнастичні кільця
3779,Спортивні товари,Атлетика,Гімнастика,Коні для стрибків через козла
3808,Спортивні товари,Атлетика,Гімнастика,Захисне спорядження для гімнастики
499781,Спортивні товари,Атлетика,Гімнастика,Захисне спорядження для гімнастики,Рукоятки для гімнастики
503763,Спортивні товари,Атлетика,Гімнастика,Гімнастичні стрижні та балансувальні бруси
1006,Спортивні товари,Атлетика,Огорожі
3261,Спортивні товари,Атлетика,Огорожі,Захисне спорядження для фехтування
3366,Спортивні товари,Атлетика,Огорожі,Захисне спорядження для фехтування,Рукавички та манжети для фехтування
3707,Спортивні товари,Атлетика,Огорожі,Захисне спорядження для фехтування,Маски для фехтування
499740,Спортивні товари,Атлетика,Огорожі,Захисне спорядження для фехтування,Куртки та ламе для фехтування
3622,Спортивні товари,Атлетика,Огорожі,Зброя для фехтування
1047,Спортивні товари,Атлетика,Командний гандбол
499785,Спортивні товари,Атлетика,Командний гандбол,М'ячі для гандболу
1060,Спортивні товари,Атлетика,Легка атлетика
3149,Спортивні товари,Атлетика,Легка атлетика,Бар'єри для бігу
3389,Спортивні товари,Атлетика,Легка атлетика,Метальні списи
3445,Спортивні товари,Атлетика,Легка атлетика,Перекладини для стрибків у висоту
3478,Спортивні товари,Атлетика,Легка атлетика,Диски
3770,Спортивні товари,Атлетика,Легка атлетика,Ядра для метання
3864,Спортивні товари,Атлетика,Легка атлетика,Сектори для стрибків у висоту
3878,Спортивні товари,Атлетика,Легка атлетика,Естафетні палички
3880,Спортивні товари,Атлетика,Легка атлетика,Метальні молоти
3987,Спортивні товари,Атлетика,Легка атлетика,Ями для стрибків з жердиною
3997,Спортивні товари,Атлетика,Легка атлетика,Стартові пістолети
4020,Спортивні товари,Атлетика,Легка атлетика,Шесті для стрибків з шестом
499786,Спортивні товари,Атлетика,Легка атлетика,Стартові блоки
1065,Спортивні товари,Атлетика,Теніс
3105,Спортивні товари,Атлетика,Теніс,Кошики та візки для тенісних м'ячів
3113,Спортивні товари,Атлетика,Теніс,Тенісні м'ячі
3565,Спортивні товари,Атлетика,Теніс,Контейнери для зберігання тенісних м'ячів
3658,Спортивні товари,Атлетика,Теніс,Аксесуари для тенісних ракеток
3295,Спортивні товари,Атлетика,Теніс,Аксесуари для тенісних ракеток,Очки для тенісних ракеток
3352,Спортивні товари,Атлетика,Теніс,Аксесуари для тенісних ракеток,Амортизатори вібрації для ракеток
3403,Спортивні товари,Атлетика,Теніс,Аксесуари для тенісних ракеток,Гумки та стрічки для ручки тенісної ракетки
3638,Спортивні товари,Атлетика,Теніс,Аксесуари для тенісних ракеток,Сумки для тенісних ракеток
3922,Спортивні товари,Атлетика,Теніс,Аксесуари для тенісних ракеток,Струни для тенісних ракеток
3906,Спортивні товари,Атлетика,Теніс,Тенісні ракетки
3961,Спортивні товари,Атлетика,Теніс,Тенісні сітки
3985,Спортивні товари,Атлетика,Теніс,Машини для подачі тенісних м'ячів
1068,Спортивні товари,Атлетика,Боротьба
3057,Спортивні товари,Атлетика,Боротьба,Захисне спорядження для боротьби
499790,Спортивні товари,Атлетика,Боротьба,Захисне спорядження для боротьби,Наколінники для боротьби
499791,Спортивні товари,Атлетика,Боротьба,Захисне спорядження для боротьби,Головний убір для боротьби
1070,Спортивні товари,Атлетика,Бейсбол та софтбол
1076,Спортивні товари,Атлетика,Бейсбол та софтбол,Рукавички та мітенки для бейсболу та софтболу
1077,Спортивні товари,Атлетика,Бейсбол та софтбол,Машини для кидків
1078,Спортивні товари,Атлетика,Бейсбол та софтбол,Захисне спорядження для бейсболу та софтболу
3668,Спортивні товари,Атлетика,Бейсбол та софтбол,Захисне спорядження для бейсболу та софтболу,Шоломи для удару в бейсболі та софтболі
499715,Спортивні товари,Атлетика,Бейсбол та софтбол,Захисне спорядження для бейсболу та софтболу,Захисні жилети для бейсболу та софтболу
499716,Спортивні товари,Атлетика,Бейсбол та софтбол,Захисне спорядження для бейсболу та софтболу,Комплекти обладнання для кетчерів
499717,Спортивні товари,Атлетика,Бейсбол та софтбол,Захисне спорядження для бейсболу та софтболу,Шоломи та маски для кетчерів
499718,Спортивні товари,Атлетика,Бейсбол та софтбол,Захисне спорядження для бейсболу та софтболу,Наколінники для бейсболу та софтболу
3544,Спортивні товари,Атлетика,Бейсбол та софтбол,Бази та плити для бейсболу та софтболу
3671,Спортивні товари,Атлетика,Бейсбол та софтбол,М'ячі для софтболу
3679,Спортивні товари,Атлетика,Бейсбол та софтбол,Бейсбольні бити для софтболу
3747,Спортивні товари,Атлетика,Бейсбол та софтбол,Рукавички для удару в бейсболі та софтболі
3783,Спортивні товари,Атлетика,Бейсбол та софтбол,Бейсбольні м'ячі
3790,Спортивні товари,Атлетика,Бейсбол та софтбол,Бейсбольні бити
234670,Спортивні товари,Атлетика,Бейсбол та софтбол,Горби для підкидання в бейсболі та софтболі
234671,Спортивні товари,Атлетика,Бейсбол та софтбол,Килимки для підкидання в бейсболі та софтболі
1081,Спортивні товари,Атлетика,Баскетбол
1082,Спортивні товари,Атлетика,Баскетбол,Баскетбольні кільця
1083,Спортивні товари,Атлетика,Баскетбол,Баскетбольні м'ячі
4676,Спортивні товари,Атлетика,Баскетбол,Деталі та аксесуари для баскетбольних кілець
3829,Спортивні товари,Атлетика,Баскетбол,Деталі та аксесуари для баскетбольних кілець,Баскетбольні сітки
4050,Спортивні товари,Атлетика,Баскетбол,Деталі та аксесуари для баскетбольних кілець,Стовпи для баскетбольних кілець
4089,Спортивні товари,Атлетика,Баскетбол,Деталі та аксесуари для баскетбольних кілець,Баскетбольні щити
4192,Спортивні товари,Атлетика,Баскетбол,Деталі та аксесуари для баскетбольних кілець,Обідки баскетбольних кілець
7251,Спортивні товари,Атлетика,Баскетбол,Деталі та аксесуари для баскетбольних кілець,Накладки на баскетбольні кільця
499751,Спортивні товари,Атлетика,Баскетбол,Тренувальні засоби для баскетболу
1087,Спортивні товари,Атлетика,Крикет
3815,Спортивні товари,Атлетика,Крикет,Крикетні бити
3870,Спортивні товари,Атлетика,Крикет,М'ячі для крикету
499734,Спортивні товари,Атлетика,Крикет,Штовхачі для крикету
499735,Спортивні товари,Атлетика,Крикет,Комплекти обладнання для крикету
499736,Спортивні товари,Атлетика,Крикет,Захисне спорядження для крикету
3339,Спортивні товари,Атлетика,Крикет,Захисне спорядження для крикету,Рукавички для крикету
3543,Спортивні товари,Атлетика,Крикет,Захисне спорядження для крикету,Шоломи для крикету
499739,Спортивні товари,Атлетика,Крикет,Захисне спорядження для крикету,Наголінники для крикету
499737,Спортивні товари,Атлетика,Крикет,Аксесуари для біт крикету
499738,Спортивні товари,Атлетика,Крикет,Аксесуари для біт крикету,Рукоятки для бейсбольних бит
1093,Спортивні товари,Атлетика,Американський футбол
1094,Спортивні товари,Атлетика,Американський футбол,М'ячі для американського футболу
1097,Спортивні товари,Атлетика,Американський футбол,Захисне спорядження для американського футболу
1098,Спортивні товари,Атлетика,Американський футбол,Захисне спорядження для американського футболу,Шоломи для американського футболу
3060,Спортивні товари,Атлетика,Американський футбол,Захисне спорядження для американського футболу,Аксесуари для шоломів американського футболу
3063,Спортивні товари,Атлетика,Американський футбол,Захисне спорядження для американського футболу,Аксесуари для шоломів американського футболу,Візори для шоломів американського футболу
3090,Спортивні товари,Атлетика,Американський футбол,Захисне спорядження для американського футболу,Аксесуари для шоломів американського футболу,Маски для обличчя для американського футболу
3247,Спортивні товари,Атлетика,Американський футбол,Захисне спорядження для американського футболу,Аксесуари для шоломів американського футболу,Ремінці для підборіддя для американського футболу
3343,Спортивні товари,Атлетика,Американський футбол,Захисне спорядження для американського футболу,Аксесуари для шоломів американського футболу,Накладки на шоломи для американського футболу
3497,Спортивні товари,Атлетика,Американський футбол,Захисне спорядження для американського футболу,Накладки на шию для американського футболу
3510,Спортивні товари,Атлетика,Американський футбол,Захисне спорядження для американського футболу,Пояси для американського футболу
3621,Спортивні товари,Атлетика,Американський футбол,Захисне спорядження для американського футболу,Накладки на плечі для американського футболу
499778,Спортивні товари,Атлетика,Американський футбол,Захисне спорядження для американського футболу,Сорочки та жилети для захисту ребер у американському футболі
3442,Спортивні товари,Атлетика,Американський футбол,Рукавички для американського футболу
3492,Спортивні товари,Атлетика,Американський футбол,Гол-пости для американського футболу
3656,Спортивні товари,Атлетика,Американський футбол,Ті і тримачі для ударів у американському футболі
3998,Спортивні товари,Атлетика,Американський футбол,Тренувальне обладнання для американського футболу
499779,Спортивні товари,Атлетика,Американський футбол,Тренувальне обладнання для американського футболу,Манекени та сани для американського футболу
1110,Спортивні товари,Атлетика,Регбі
3487,Спортивні товари,Атлетика,Регбі,Рукавички для регбі
3761,Спортивні товари,Атлетика,Регбі,М'ячі для регбі
3881,Спортивні товари,Атлетика,Регбі,Стовпи для регбі
3983,Спортивні товари,Атлетика,Регбі,Тренувальні пристрої для регбі
499782,Спортивні товари,Атлетика,Регбі,Захисне спорядження для регбі
3077,Спортивні товари,Атлетика,Регбі,Захисне спорядження для регбі,Головні убори для регбі
1111,Спортивні товари,Атлетика,Футбол
1112,Спортивні товари,Атлетика,Футбол,Футбольні м'ячі
1113,Спортивні товари,Атлетика,Футбол,Футбольні ворота
3141,Спортивні товари,Атлетика,Футбол,Футбольні рукавички
3973,Спортивні товари,Атлетика,Футбол,Кутові прапори для футболу
6055,Спортивні товари,Атлетика,Футбол,Аксесуари для футбольних воріт
499784,Спортивні товари,Атлетика,Футбол,Захисне спорядження для футболу
1114,Спортивні товари,Атлетика,Футбол,Захисне спорядження для футболу,Наколінники для футболу
1115,Спортивні товари,Атлетика,Волейбол
1116,Спортивні товари,Атлетика,Волейбол,Волейбольні м'ячі
1117,Спортивні товари,Атлетика,Волейбол,Сітки для волейболу
499787,Спортивні товари,Атлетика,Волейбол,Тренувальні пристрої для волейболу
499788,Спортивні товари,Атлетика,Волейбол,Захисне спорядження для волейболу
499789,Спортивні товари,Атлетика,Волейбол,Захисне спорядження для волейболу,Наколінники для волейболу
1145,Спортивні товари,Атлетика,Водне поло
3575,Спортивні товари,Атлетика,Водне поло,Шапочки для водного поло
3678,Спортивні товари,Атлетика,Водне поло,Ворота для водного поло
3794,Спортивні товари,Атлетика,Водне поло,М'ячі для водного поло
3354,Спортивні товари,Атлетика,Чирлідінг
3953,Спортивні товари,Атлетика,Чирлідінг,Помпони для чирлідінгу
6734,Спортивні товари,Атлетика,Обладнання для брумболу
6739,Спортивні товари,Атлетика,Тренування та суддівство
6729,Спортивні товари,Атлетика,Тренування та суддівство,Карти та прапорці для пенальті
6730,Спортивні товари,Атлетика,Тренування та суддівство,Спортивні та безпекові свистки
6731,Спортивні товари,Атлетика,Тренування та суддівство,Флажки лайнсмена
8505,Спортивні товари,Атлетика,Тренування та суддівство,Табло для підрахунку очок
499727,Спортивні товари,Атлетика,Тренування та суддівство,Суддівські гаманці
499729,Спортивні товари,Атлетика,Тренування та суддівство,Капітанські пов'язки
499730,Спортивні товари,Атлетика,Тренування та суддівство,Індикатори судді
499731,Спортивні товари,Атлетика,Тренування та суддівство,Лічильники кидків
499732,Спортивні товари,Атлетика,Тренування та суддівство,Монети та диски для підкидання
499733,Спортивні товари,Атлетика,Тренування та суддівство,Суддівські трибуни та стільці
505813,Спортивні товари,Атлетика,Тренування та суддівство,Межові маркери для поля та корту
7156,Спортивні товари,Атлетика,Раундерс (вид спорту)
7157,Спортивні товари,Атлетика,Раундерс (вид спорту),Рукавички для раундерсу
7158,Спортивні товари,Атлетика,Раундерс (вид спорту),Бити для раундерсу
499719,Спортивні товари,Атлетика,Бокс та бойові мистецтва
3411,Спортивні товари,Атлетика,Бокс та бойові мистецтва,Частини боксерського рингу
3652,Спортивні товари,Атлетика,Бокс та бойові мистецтва,Боксерські ринги
3717,Спортивні товари,Атлетика,Бокс та бойові мистецтва,Пояси для бойових мистецтв
4008,Спортивні товари,Атлетика,Бокс та бойові мистецтва,Захисне спорядження для боксу та бойових мистецтв
3235,Спортивні товари,Атлетика,Бокс та бойові мистецтва,Захисне спорядження для боксу та бойових мистецтв,Боксерські рукавички та мітени
499722,Спортивні товари,Атлетика,Бокс та бойові мистецтва,Захисне спорядження для боксу та бойових мистецтв,Захисні шоломи для боксу та бойових мистецтв
499723,Спортивні товари,Атлетика,Бокс та бойові мистецтва,Захисне спорядження для боксу та бойових мистецтв,Захисні елементи для тіла для боксу та бойових мистецтв
499724,Спортивні товари,Атлетика,Бокс та бойові мистецтва,Захисне спорядження для боксу та бойових мистецтв,Наколінники для MMA
499725,Спортивні товари,Атлетика,Бокс та бойові мистецтва,Захисне спорядження для боксу та бойових мистецтв,Накладки на руки для боксу та бойових мистецтв
499726,Спортивні товари,Атлетика,Бокс та бойові мистецтва,Захисне спорядження для боксу та бойових мистецтв,Бинти для рук для боксу та ММА
4282,Спортивні товари,Атлетика,Бокс та бойові мистецтва,Зброя для бойових мистецтв
499720,Спортивні товари,Атлетика,Бокс та бойові мистецтва,Тренувальне обладнання для боксу та бойових мистецтв
3297,Спортивні товари,Атлетика,Бокс та бойові мистецтва,Тренувальне обладнання для боксу та бойових мистецтв,Боксерські та тренувальні груші
7116,Спортивні товари,Атлетика,Бокс та бойові мистецтва,Тренувальне обладнання для боксу та бойових мистецтв,Манекени для тренувань з боротьби
7129,Спортивні товари,Атлетика,Бокс та бойові мистецтва,Тренувальне обладнання для боксу та бойових мистецтв,Аксесуари для боксерських та тренувальних груш
499721,Спортивні товари,Атлетика,Бокс та бойові мистецтва,Тренувальне обладнання для боксу та бойових мистецтв,Щити для ударів
499769,Спортивні товари,Атлетика,Бокс та бойові мистецтва,Тренувальне обладнання для боксу та бойових мистецтв,Лапи для ударів для боксу та ММА
499741,Спортивні товари,Атлетика,Польовий хокей та лакрос
1089,Спортивні товари,Атлетика,Польовий хокей та лакрос,М'ячі для польового хокею
1092,Спортивні товари,Атлетика,Польовий хокей та лакрос,Клюшки для польового хокею
3001,Спортивні товари,Атлетика,Польовий хокей та лакрос,Ворота для польового хокею
3204,Спортивні товари,Атлетика,Польовий хокей та лакрос,Тренувальні допоміжні засоби для лакросу
3336,Спортивні товари,Атлетика,Польовий хокей та лакрос,Деталі килимків для лакросу
3418,Спортивні товари,Атлетика,Польовий хокей та лакрос,Деталі килимків для лакросу,Головки килимків для лакросу
3423,Спортивні товари,Атлетика,Польовий хокей та лакрос,Деталі килимків для лакросу,Рукоятки килимків для лакросу
3785,Спортивні товари,Атлетика,Польовий хокей та лакрос,Деталі килимків для лакросу,Сітка та шнур для лакросу
3536,Спортивні товари,Атлетика,Польовий хокей та лакрос,М'ячі для лакросу
3817,Спортивні товари,Атлетика,Польовий хокей та лакрос,Килимки для лакросу
3970,Спортивні товари,Атлетика,Польовий хокей та лакрос,Ворота для лакросу
499742,Спортивні товари,Атлетика,Польовий хокей та лакрос,Набори обладнання для лакросу
499744,Спортивні товари,Атлетика,Польовий хокей та лакрос,Захисне спорядження для польового хокею та лакросу
499745,Спортивні товари,Атлетика,Польовий хокей та лакрос,Захисне спорядження для польового хокею та лакросу,Рукавички для польового хокею та лакросу
499746,Спортивні товари,Атлетика,Польовий хокей та лакрос,Захисне спорядження для польового хокею та лакросу,Шоломи для польового хокею та лакросу
499747,Спортивні товари,Атлетика,Польовий хокей та лакрос,Захисне спорядження для польового хокею та лакросу,Маски та окуляри для польового хокею та лакросу
502970,Спортивні товари,Атлетика,Польовий хокей та лакрос,Захисне спорядження для польового хокею та лакросу,Наколінники для польового хокею та лакросу
499799,Спортивні товари,Атлетика,Спортивне обладнання загального призначення
3877,Спортивні товари,Атлетика,Спортивне обладнання загального призначення,Спортивні мегафони
3971,Спортивні товари,Атлетика,Спортивне обладнання загального призначення,Спрей та крейда для поліпшення зчеплення
6344,Спортивні товари,Атлетика,Спортивне обладнання загального призначення,Сидіння та подушки для стадіону
7397,Спортивні товари,Атлетика,Спортивне обладнання загального призначення,Сумки та візки для перенесення м'ячів
7433,Спортивні товари,Атлетика,Спортивне обладнання загального призначення,Аксесуари для насосів для м'ячів
7435,Спортивні товари,Атлетика,Спортивне обладнання загального призначення,Аксесуари для насосів для м'ячів,Голки для насосів до м'ячів
7434,Спортивні товари,Атлетика,Спортивне обладнання загального призначення,Насоси для м'ячів
8077,Спортивні товари,Атлетика,Спортивне обладнання загального призначення,Тренувальні сітки та екрани
8222,Спортивні товари,Атлетика,Спортивне обладнання загального призначення,Маски для тренувань на висоті
8319,Спортивні товари,Атлетика,Спортивне обладнання загального призначення,Спортивні та тренувальні конуси
499800,Спортивні товари,Атлетика,Спортивне обладнання загального призначення,Атлетичні чаші (захисні)
499801,Спортивні товари,Атлетика,Спортивне обладнання загального призначення,Спортивні капи
499802,Спортивні товари,Атлетика,Спортивне обладнання загального призначення,Сходи та бар'єри для тренування швидкості та спритності
499803,Спортивні товари,Атлетика,Спортивне обладнання загального призначення,Спортивні мати
499903,Спортивні товари,Атлетика,Спортивне обладнання загального призначення,Стійки та візки для зберігання килимків для тренувань та спортзалу
499861,Спортивні товари,Атлетика,Обладнання для воліболу
499915,Спортивні товари,Атлетика,Фігурне катання та хокей
1057,Спортивні товари,Атлетика,Фігурне катання та хокей,Ковзани
1105,Спортивні товари,Атлетика,Фігурне катання та хокей,Захисне обладнання для хокею
3615,Спортивні товари,Атлетика,Фігурне катання та хокей,Захисне обладнання для хокею,Хокейні штани
6078,Спортивні товари,Атлетика,Фігурне катання та хокей,Захисне обладнання для хокею,Хокейні рукавички
6080,Спортивні товари,Атлетика,Фігурне катання та хокей,Захисне обладнання для хокею,Хокейні шоломи
499755,Спортивні товари,Атлетика,Фігурне катання та хокей,Захисне обладнання для хокею,Хокейні наколінники та наголінники
499756,Спортивні товари,Атлетика,Фігурне катання та хокей,Захисне обладнання для хокею,Хокейні наколінники
499757,Спортивні товари,Атлетика,Фігурне катання та хокей,Захисне обладнання для хокею,Хокейні накидки на плечі та захисники грудей
499890,Спортивні товари,Атлетика,Фігурне катання та хокей,Захисне обладнання для хокею,Комплекти обладнання для голкіпера у хокеї
499975,Спортивні товари,Атлетика,Фігурне катання та хокей,Захисне обладнання для хокею,Хокейні підтяжки та ремені
3791,Спортивні товари,Атлетика,Фігурне катання та хокей,Деталі та аксесуари для ковзанів
3241,Спортивні товари,Атлетика,Фігурне катання та хокей,Деталі та аксесуари для ковзанів,Затягувачі для шнурків ковзанів
3623,Спортивні товари,Атлетика,Фігурне катання та хокей,Деталі та аксесуари для ковзанів,Заточувачі для ковзанів
4019,Спортивні товари,Атлетика,Фігурне катання та хокей,Деталі та аксесуари для ковзанів,Захисні кришки для лез гірських ковзанів
6708,Спортивні товари,Атлетика,Фігурне катання та хокей,Деталі та аксесуари для ковзанів,Чоботи для фігурного катання
7000,Спортивні товари,Атлетика,Фігурне катання та хокей,Деталі та аксесуари для ковзанів,Леза для ковзанів
6074,Спортивні товари,Атлетика,Фігурне катання та хокей,Хокейні ворота
6076,Спортивні товари,Атлетика,Фігурне катання та хокей,Хокейні клюшки
6077,Спортивні товари,Атлетика,Фігурне катання та хокей,Хокейні м'ячі та шайби
6857,Спортивні товари,Атлетика,Фігурне катання та хокей,Хокейні санки
7011,Спортивні товари,Атлетика,Фігурне катання та хокей,Деталі хокейної клюшки
6852,Спортивні товари,Атлетика,Фігурне катання та хокей,Деталі хокейної клюшки,Леза хокейних клюшок
6942,Спортивні товари,Атлетика,Фігурне катання та хокей,Деталі хокейної клюшки,Рукоятки хокейних клюшок
7012,Спортивні товари,Атлетика,Фігурне катання та хокей,Догляд за хокейною клюшкою
503752,Спортивні товари,Атлетика,Ракетбол та сквош
3119,Спортивні товари,Атлетика,Ракетбол та сквош,Окуляри для ракетболу та сквошу
3714,Спортивні товари,Атлетика,Ракетбол та сквош,Ракетки для ракетболу
4002,Спортивні товари,Атлетика,Ракетбол та сквош,Ракетки для сквошу
499783,Спортивні товари,Атлетика,Ракетбол та сквош,Рукавички для ракетболу та сквошу
503753,Спортивні товари,Атлетика,Ракетбол та сквош,М'ячі для ракетболу та сквошу
1239,Іграшки та ігри
1249,Іграшки та ігри,Вуличне ігрове обладнання
1251,Іграшки та ігри,Вуличне ігрове обладнання,Дитячі будиночки для гри
1738,Іграшки та ігри,Вуличне ігрове обладнання,Батути
1863,Іграшки та ігри,Вуличне ігрове обладнання,Палиці-підпригувачі
2743,Іграшки та ігри,Вуличне ігрове обладнання,Пісочниці
2867,Іграшки та ігри,Вуличне ігрове обладнання,Слайди
3948,Іграшки та ігри,Вуличне ігрове обладнання,Щогли
5524,Іграшки та ігри,Вуличне ігрове обладнання,Аксесуари для батутів
6269,Іграшки та ігри,Вуличне ігрове обладнання,Аксесуари для гойдалок та ігрових комплектів
6270,Іграшки та ігри,Вуличне ігрове обладнання,Дитячі гойдалки
6271,Іграшки та ігри,Вуличне ігрове обладнання,Гойдалки та ігрові комплекти
6396,Іграшки та ігри,Вуличне ігрове обладнання,Надувні батути
6397,Іграшки та ігри,Вуличне ігрове обладнання,Дитячі намети та тунелі для гри
6450,Іграшки та ігри,Вуличне ігрове обладнання,Гойдалки
6464,Іграшки та ігри,Вуличне ігрове обладнання,Обладнання для водних ігор
3556,Іграшки та ігри,Вуличне ігрове обладнання,Обладнання для водних ігор,Водні столи
6465,Іграшки та ігри,Вуличне ігрове обладнання,Обладнання для водних ігор,Дитячі бризкалки для гри
500095,Іграшки та ігри,Вуличне ігрове обладнання,Обладнання для водних ігор,Аквапарки та гірки
7219,Іграшки та ігри,Вуличне ігрове обладнання,Аксесуари для надувних батутів
1253,Іграшки та ігри,Іграшки
1254,Іграшки та ігри,Іграшки,Конструктори
3163,Іграшки та ігри,Іграшки,Конструктори,Набори для гри в кульки (треки)
3172,Іграшки та ігри,Іграшки,Конструктори,Блоки з пінопласту
3287,Іграшки та ігри,Іграшки,Конструктори,Блоки з замками
3617,Іграшки та ігри,Іграшки,Конструктори,Дерев'яні блоки
3805,Іграшки та ігри,Іграшки,Конструктори,Іграшки-конструктори
1255,Іграшки та ігри,Іграшки,"Ляльки, ігрові набори та іграшкові фігурки"
1257,Іграшки та ігри,Іграшки,"Ляльки, ігрові набори та іграшкові фігурки",Ляльки
1258,Іграшки та ігри,Іграшки,"Ляльки, ігрові набори та іграшкові фігурки",Ляльки та маріонетки
1259,Іграшки та ігри,Іграшки,"Ляльки, ігрові набори та іграшкові фігурки",М'які іграшки
2497,Іграшки та ігри,Іграшки,"Ляльки, ігрові набори та іграшкові фігурки",Аксесуари для лялькових будиночків
2499,Іграшки та ігри,Іграшки,"Ляльки, ігрові набори та іграшкові фігурки",Лялькові будиночки
3166,Іграшки та ігри,Іграшки,"Ляльки, ігрові набори та іграшкові фігурки",Іграшкові набори для гри
3584,Іграшки та ігри,Іграшки,"Ляльки, ігрові набори та іграшкові фігурки",Аксесуари для ляльок та фігурок
6056,Іграшки та ігри,Іграшки,"Ляльки, ігрові набори та іграшкові фігурки",Аксесуари для ляльок та лялькового театру
6057,Іграшки та ігри,Іграшки,"Ляльки, ігрові набори та іграшкові фігурки",Лялькові театри
6058,Іграшки та ігри,Іграшки,"Ляльки, ігрові набори та іграшкові фігурки",Іграшкові фігурки
7114,Іграшки та ігри,Іграшки,"Ляльки, ігрові набори та іграшкові фігурки",Фігурки-боблхеди
8021,Іграшки та ігри,Іграшки,"Ляльки, ігрові набори та іграшкові фігурки",Паперові та магнітні ляльки
1261,Іграшки та ігри,Іграшки,Літаючі іграшки
3263,Іграшки та ігри,Іграшки,Літаючі іграшки,Іграшкові парашути
3378,Іграшки та ігри,Іграшки,Літаючі іграшки,Іграшкові планери
3460,Іграшки та ігри,Іграшки,Літаючі іграшки,Паперові змії
3966,Іграшки та ігри,Іграшки,Літаючі іграшки,Повітряно-водяні ракети
1262,Іграшки та ігри,Іграшки,Навчальні іграшки
3088,Іграшки та ігри,Іграшки,Навчальні іграшки,Ферми мурах
3500,Іграшки та ігри,Іграшки,Навчальні іграшки,Набори для наукових досліджень
3928,Іграшки та ігри,Іграшки,Навчальні іграшки,Набори для збирання комах
5529,Іграшки та ігри,Іграшки,Навчальні іграшки,Іграшки для читання
6466,Іграшки та ігри,Іграшки,Навчальні іграшки,Дитячі абакуси
499938,Іграшки та ігри,Іграшки,Навчальні іграшки,Іграшки та моделі для вивчення астрономії
500015,Іграшки та ігри,Іграшки,Навчальні іграшки,Навчальні картки
1264,Іграшки та ігри,Іграшки,Музичні іграшки
3252,Іграшки та ігри,Іграшки,Музичні іграшки,Іграшкові музичні інструменти
1266,Іграшки та ігри,Іграшки,Спортивні іграшки
3199,Іграшки та ігри,Іграшки,Спортивні іграшки,Фітнес-іграшки
3215,Іграшки та ігри,Іграшки,Спортивні іграшки,Фітнес-іграшки,Хула-хупи
3226,Іграшки та ігри,Іграшки,Спортивні іграшки,Гольф-іграшки
3371,Іграшки та ігри,Іграшки,Спортивні іграшки,Іграшки для американського футболу
3552,Іграшки та ігри,Іграшки,Спортивні іграшки,Баскетбольні іграшки
3665,Іграшки та ігри,Іграшки,Спортивні іграшки,Іграшки для боулінгу
3675,Іграшки та ігри,Іграшки,Спортивні іграшки,Бумеранги
3776,Іграшки та ігри,Іграшки,Спортивні іграшки,Бейсбольні іграшки
3909,Іграшки та ігри,Іграшки,Спортивні іграшки,М'ячі для футбагу
3943,Іграшки та ігри,Іграшки,Спортивні іграшки,Хокейні іграшки
4167,Іграшки та ігри,Іграшки,Спортивні іграшки,Літаючі диски
8529,Іграшки та ігри,Іграшки,Спортивні іграшки,Іграшки для риболовлі
499965,Іграшки та ігри,Іграшки,Спортивні іграшки,М'ячі для ігор на вулиці
500113,Іграшки та ігри,Іграшки,Спортивні іграшки,Грифи та набори грифів
505284,Іграшки та ігри,Іграшки,Спортивні іграшки,Іграшки для ракеткових видів спорту
1268,Іграшки та ігри,Іграшки,Пляжні та піщані іграшки
2505,Іграшки та ігри,Іграшки,Іграшкові транспортні засоби
3296,Іграшки та ігри,Іграшки,Іграшкові транспортні засоби,Іграшкові вантажівки та будівельна техніка
3444,Іграшки та ігри,Іграшки,Іграшкові транспортні засоби,Іграшкові літаки
3474,Іграшки та ігри,Іграшки,Іграшкові транспортні засоби,Набори іграшкових автомобілів та треків
3506,Іграшки та ігри,Іграшки,Іграшкові транспортні засоби,Іграшкові вертольоти
3551,Іграшки та ігри,Іграшки,Іграшкові транспортні засоби,Іграшкові машинки
3589,Іграшки та ігри,Іграшки,Іграшкові транспортні засоби,Іграшкові космічні кораблі
3590,Іграшки та ігри,Іграшки,Іграшкові транспортні засоби,Іграшкові мотоцикли
3792,Іграшки та ігри,Іграшки,Іграшкові транспортні засоби,Іграшкові човни
5152,Іграшки та ігри,Іграшки,Іграшкові транспортні засоби,Іграшкові поїзди та набори залізниць
2546,Іграшки та ігри,Іграшки,Іграшки на радіокеруванні
3532,Іграшки та ігри,Іграшки,Іграшки на радіокеруванні,Човни та водний транспорт з дистанційним керуванням
3554,Іграшки та ігри,Іграшки,Іграшки на радіокеруванні,Гелікоптери з дистанційним керуванням
3601,Іграшки та ігри,Іграшки,Іграшки на радіокеруванні,Автомобілі та вантажівки з дистанційним керуванням
3677,Іграшки та ігри,Іграшки,Іграшки на радіокеруванні,Літаки на радіокеруванні
5968,Іграшки та ігри,Іграшки,Іграшки на радіокеруванні,Мотоцикли на радіокеруванні
5969,Іграшки та ігри,Іграшки,Іграшки на радіокеруванні,Танки на радіокеруванні
6059,Іграшки та ігри,Іграшки,Іграшки на радіокеруванні,Роботи на радіокеруванні
7090,Іграшки та ігри,Іграшки,Іграшки на радіокеруванні,Дирижаблі та повітряні кулі з дистанційним керуванням
2778,Іграшки та ігри,Іграшки,Аксесуари для іграшок на радіокеруванні
2799,Іграшки та ігри,Іграшки,Іграшки для їзди
2724,Іграшки та ігри,Іграшки,Іграшки для їзди,Транспортні засоби для штовхання та їзди на педалях
2753,Іграшки та ігри,Іграшки,Іграшки для їзди,Електричні транспортні засоби
3441,Іграшки та ігри,Іграшки,Іграшки для їзди,Качалки та пружинні іграшки для їзди
6379,Іграшки та ігри,Іграшки,Іграшки для їзди,Візки
6407,Іграшки та ігри,Іграшки,Іграшки для їзди,Коники-гойдалки
2953,Іграшки та ігри,Іграшки,Механічні іграшки
3074,Іграшки та ігри,Іграшки,Іграшки для керівників
5872,Іграшки та ігри,Іграшки,Іграшки для керівників,Магнітні іграшки
3207,Іграшки та ігри,Іграшки,Ігрові басейни з м'ячами
3229,Іграшки та ігри,Іграшки,Рольові ігри
3129,Іграшки та ігри,Іграшки,Рольові ігри,Імітація професій та рольові ігри
3288,Іграшки та ігри,Іграшки,Рольові ігри,Іграшковий газон та сад
3298,Іграшки та ігри,Іграшки,Рольові ігри,Іграшкові кухні та продукти для гри
543622,Іграшки та ігри,Іграшки,Рольові ігри,Іграшкові кухні та продукти для гри,Іграшкові кухні
543623,Іграшки та ігри,Іграшки,Рольові ігри,Іграшкові кухні та продукти для гри,Іграшкові столові прибори
543624,Іграшки та ігри,Іграшки,Рольові ігри,Іграшкові кухні та продукти для гри,Ігрові продукти
543690,Іграшки та ігри,Іграшки,Рольові ігри,Іграшкові кухні та продукти для гри,Іграшкові кухонні прилади
3659,Іграшки та ігри,Іграшки,Рольові ігри,Іграшкова електроніка
3680,Іграшки та ігри,Іграшки,Рольові ігри,Ігрові гроші та банкінг
3751,Іграшки та ігри,Іграшки,Рольові ігри,Іграшковий інструмент
4004,Іграшки та ігри,Іграшки,Рольові ігри,Іграшкове прибирання
8295,Іграшки та ігри,Іграшки,Рольові ігри,Іграшковий магазин та продукти
3562,Іграшки та ігри,Іграшки,Візуальні іграшки
3301,Іграшки та ігри,Іграшки,Візуальні іграшки,Калейдоскопи
3782,Іграшки та ігри,Іграшки,Візуальні іграшки,Призми
3625,Іграшки та ігри,Іграшки,Роботизовані іграшки
3627,Іграшки та ігри,Іграшки,Іграшкова зброя та пристрої
3731,Іграшки та ігри,Іграшки,Іграшки для малювання та творчості
3079,Іграшки та ігри,Іграшки,Іграшки для малювання та творчості,Іграшкові малювальні планшети
505818,Іграшки та ігри,Іграшки,Іграшки для малювання та творчості,Ліпильна маса та пластилін
3911,Іграшки та ігри,Іграшки,Іграшки для ванної
4352,Іграшки та ігри,Іграшки,Іграшки для розвитку активності
3212,Іграшки та ігри,Іграшки,Іграшки для розвитку активності,Розчин для пузирів
3466,Іграшки та ігри,Іграшки,Іграшки для розвитку активності,Іграшки-підкрутки
3534,Іграшки та ігри,Іграшки,Іграшки для розвитку активності,Кульки
3733,Іграшки та ігри,Іграшки,Іграшки для розвитку активності,М'ячі-стрибунці
3874,Іграшки та ігри,Іграшки,Іграшки для розвитку активності,Іграшки для пускання пузирів
3929,Іграшки та ігри,Іграшки,Іграшки для розвитку активності,Йо-йо
4177,Іграшки та ігри,Іграшки,Іграшки для розвитку активності,Іграшки зі спіральними пружинами
4216,Іграшки та ігри,Іграшки,Іграшки для розвитку активності,Іграшкові домкрати
7148,Іграшки та ігри,Іграшки,Іграшки для розвитку активності,Запчастини та аксесуари для йо-йо
7425,Іграшки та ігри,Іграшки,Іграшки для розвитку активності,Іграшки для гри в падл-бол
7473,Іграшки та ігри,Іграшки,Іграшки для розвитку активності,Іграшки з стрічками та стрічками-стрічками
7519,Іграшки та ігри,Іграшки,Іграшки для розвитку активності,Ігри з м'ячем та чашкою
5970,Іграшки та ігри,Іграшки,Аксесуари для іграшкових транспортних засобів
5153,Іграшки та ігри,Іграшки,Аксесуари для іграшкових транспортних засобів,Аксесуари для іграшкового потяга
5971,Іграшки та ігри,Іграшки,Аксесуари для іграшкових транспортних засобів,Аксесуари для іграшкових автомобілів та треків
7202,Іграшки та ігри,Іграшки,Аксесуари для іграшок для їзди
7311,Іграшки та ігри,Іграшки,Аксесуари для ігрових басейнів з м'ячами
7312,Іграшки та ігри,Іграшки,Аксесуари для ігрових басейнів з м'ячами,М'ячі для ігрових басейнів
7366,Іграшки та ігри,Іграшки,Аксесуари для літаючих іграшок
7368,Іграшки та ігри,Іграшки,Аксесуари для літаючих іграшок,Аксесуари для паперових зміїв
7371,Іграшки та ігри,Іграшки,Аксесуари для літаючих іграшок,Аксесуари для паперових зміїв,Котушки та намотувачі для ліній паперових зміїв
8127,Іграшки та ігри,Іграшки,Аксесуари до спортивних іграшок
8129,Іграшки та ігри,Іграшки,Аксесуари до спортивних іграшок,Аксесуари для фітнес-іграшок
8128,Іграшки та ігри,Іграшки,Аксесуари до спортивних іграшок,Аксесуари для фітнес-іграшок,Аксесуари для хула-хупа
499712,Іграшки та ігри,Іграшки,Подарункові кошики з іграшками
500005,Іграшки та ігри,Іграшки,Аксесуари до іграшкової зброї та пристроїв
3793,Іграшки та ігри,Ігри
1246,Іграшки та ігри,Ігри,Настільні ігри
1247,Іграшки та ігри,Ігри,Карткові ігри
3749,Іграшки та ігри,Ігри,Набори для бінго
4554,Іграшки та ігри,Ігри,Переносні електронні ігри
5403,Іграшки та ігри,Ігри,Фішки та набори для покеру
6037,Іграшки та ігри,Ігри,Набори кубиків та ігри
6038,Іграшки та ігри,Ігри,Ігри з плитками
6054,Іграшки та ігри,Ігри,Ігри на спритність
6329,Іграшки та ігри,Ігри,Бойові вертелі
6794,Іграшки та ігри,Ігри,Аксесуари для бойових вертелів
6853,Іграшки та ігри,Ігри,Аксесуари для карткових ігор
7383,Іграшки та ігри,Ігри,Аксесуари для фішок покеру
7384,Іграшки та ігри,Ігри,Аксесуари для фішок покеру,Контейнери та піддони для фішок покеру
7411,Іграшки та ігри,Ігри,Набори для гри в блекджек і крепс
7412,Іграшки та ігри,Ігри,Колеса та набори для рулетки
8472,Іграшки та ігри,Ігри,Ігрові автомати
3867,Іграшки та ігри,Головоломки
2618,Іграшки та ігри,Головоломки,Пазли
4011,Іграшки та ігри,Головоломки,Механічні головоломки
6725,Іграшки та ігри,Головоломки,Дерев'яні та штифтові пазли
7081,Іграшки та ігри,Головоломки,Аксесуари для пазлів
4648,Іграшки та ігри,Ігрові таймери
2092,Програмне забезпечення
313,Програмне забезпечення,Комп'ютерні програми
315,Програмне забезпечення,Комп'ютерні програми,Компілятори та інструменти для програмування
317,Програмне забезпечення,Комп'ютерні програми,Навчальне програмне забезпечення
318,Програмне забезпечення,Комп'ютерні програми,Програмне забезпечення для кишенькових комп'ютерів та PDA
319,Програмне забезпечення,Комп'ютерні програми,Мультимедійне та дизайнерське програмне забезпечення
4949,Програмне забезпечення,Комп'ютерні програми,Мультимедійне та дизайнерське програмне забезпечення,Програмне забезпечення для домашнього видавництва
4950,Програмне забезпечення,Комп'ютерні програми,Мультимедійне та дизайнерське програмне забезпечення,Програмне забезпечення для редагування анімації
4951,Програмне забезпечення,Комп'ютерні програми,Мультимедійне та дизайнерське програмне забезпечення,Програмне забезпечення для графічного дизайну та ілюстрації
4952,Програмне забезпечення,Комп'ютерні програми,Мультимедійне та дизайнерське програмне забезпечення,Програмне забезпечення для редагування звуку
4953,Програмне забезпечення,Комп'ютерні програми,Мультимедійне та дизайнерське програмне забезпечення,Програмне забезпечення для монтажу відео
4954,Програмне забезпечення,Комп'ютерні програми,Мультимедійне та дизайнерське програмне забезпечення,Програмне забезпечення для веб-дизайну
5096,Програмне забезпечення,Комп'ютерні програми,Мультимедійне та дизайнерське програмне забезпечення,Програмне забезпечення для композиції музики
6027,Програмне забезпечення,Комп'ютерні програми,Мультимедійне та дизайнерське програмне забезпечення,Програмне забезпечення для 3D моделювання
6028,Програмне забезпечення,Комп'ютерні програми,Мультимедійне та дизайнерське програмне забезпечення,Програмне забезпечення для перегляду медіа
6029,Програмне забезпечення,Комп'ютерні програми,Мультимедійне та дизайнерське програмне забезпечення,Програмне забезпечення для дизайну дому та інтер'єру
321,Програмне забезпечення,Комп'ютерні програми,Операційні системи
3283,Програмне забезпечення,Комп'ютерні програми,Дані та програмне забезпечення для GPS-карт
5127,Програмне забезпечення,Комп'ютерні програми,Словники та програми для перекладу
5299,Програмне забезпечення,Комп'ютерні програми,Антивірусне та безпекове програмне забезпечення
5300,Програмне забезпечення,Комп'ютерні програми,Програмне забезпечення для бізнесу та продуктивності
5301,Програмне забезпечення,Комп'ютерні програми,Програмне забезпечення для утиліт та обслуговування комп'ютера
5302,Програмне забезпечення,Комп'ютерні програми,Мережеве програмне забезпечення
5303,Програмне забезпечення,Комп'ютерні програми,Офісні програми
5304,Програмне забезпечення,Комп'ютерні програми,"Програмне забезпечення для фінансів, податків та бухгалтерії"
7225,Програмне забезпечення,Комп'ютерні програми,Диски відновлення
1279,Програмне забезпечення,Програмне забезпечення для відеоігор
5032,Програмне забезпечення,Цифрові товари та валюта
2065,Програмне забезпечення,Цифрові товари та валюта,Стокові фотографії та відеоматеріали
5034,Програмне забезпечення,Цифрові товари та валюта,Комп'ютерні іконки
5035,Програмне забезпечення,Цифрові товари та валюта,Шпалери для робочого столу
5036,Програмне забезпечення,Цифрові товари та валюта,Шрифти
5935,Програмне забезпечення,Цифрові товари та валюта,Віртуальна валюта
8022,Програмне забезпечення,Цифрові товари та валюта,Шаблони документів
500046,Програмне забезпечення,Цифрові товари та валюта,Цифрове мистецтво
5181,Багаж та сумки
100,Багаж та сумки,Рюкзаки
101,Багаж та сумки,Делові сумки
103,Багаж та сумки,Сумки-дюффели
104,Багаж та сумки,Сумки-бананки
105,Багаж та сумки,Сумки для одягу
106,Багаж та сумки,Сумки-месенджери
107,Багаж та сумки,Валізи
108,Багаж та сумки,Косметички та сумки для туалетних приналежностей
110,Багаж та сумки,Аксесуари для багажу
5620,Багаж та сумки,Аксесуари для багажу,Органайзери для пакування
5650,Багаж та сумки,Аксесуари для багажу,Подорожні кишені
5651,Багаж та сумки,Аксесуари для багажу,Бирки для багажу
5652,Багаж та сумки,Аксесуари для багажу,Ремені для багажу
6919,Багаж та сумки,Аксесуари для багажу,Пляшки та контейнери для подорожей
7521,Багаж та сумки,Аксесуари для багажу,Чохли для багажу
499691,Багаж та сумки,Аксесуари для багажу,Стійки та підставки для багажу
503014,Багаж та сумки,Аксесуари для багажу,Підкладки та вставки для сухих коробок
549,Багаж та сумки,Сумки для підгузків
5608,Багаж та сумки,Сумки для покупок
6553,Багаж та сумки,Кейси для поїздів
502974,Багаж та сумки,Сухі коробки
5605,Релігійні та обрядові предмети
97,Релігійні та обрядові предмети,Релігійні предмети
1949,Релігійні та обрядові предмети,Релігійні предмети,Релігійні вуалі
3923,Релігійні та обрядові предмети,Релігійні предмети,Молитовні чотки
7120,Релігійні та обрядові предмети,Релігійні предмети,Релігійні алтарі
328060,Релігійні та обрядові предмети,Релігійні предмети,Молитовні картки
499711,Релігійні та обрядові предмети,Релігійні предмети,Таро картки
5455,Релігійні та обрядові предмети,Товари для весільної церемонії
5456,Релігійні та обрядові предмети,Товари для весільної церемонії,Кошики для дівчаток з квітами
5457,Релігійні та обрядові предмети,Товари для весільної церемонії,Подушечки та тримачі для перснів
503723,Релігійні та обрядові предмети,Товари для весільної церемонії,Доріжки для проходів
5606,Релігійні та обрядові предмети,Товари для пам'ятних церемоній
5607,Релігійні та обрядові предмети,Товари для пам'ятних церемоній,Пам'ятні урни
