101,,,,ПОБУТОВА ТЕХНІКА ТА ТОВАРИ,,,
101,01,,,ПОБУТОВА ТЕХНІКА ТА ТОВАРИ,Кліматична техніка,,
101,01,01,,ПОБУТОВА ТЕХНІКА ТА ТОВАРИ,Кліматична техніка,Вентилятори побутові,
101,01,01,01,ПОБУТОВА ТЕХНІКА ТА ТОВАРИ,Кліматична техніка,Вентилятори побутові,Вентилятори витяжні
101,01,01,02,ПОБУТОВА ТЕХНІКА ТА ТОВАРИ,Кліматична техніка,Вентилятори побутові,Вентилятори підлогові
101,01,01,03,ПОБУТОВА ТЕХНІКА ТА ТОВАРИ,Кліматична техніка,Вентилятори побутові,Вентилятори настільні
101,01,01,04,ПОБУТОВА ТЕХНІКА ТА ТОВАРИ,Кліматична техніка,Вентилятори побутові,Вентилятори ручні портативні
101,01,02,,ПОБУТОВА ТЕХНІКА ТА ТОВАРИ,Кліматична техніка,Водонагрівачі,
101,01,02,01,ПОБУТОВА ТЕХНІКА ТА ТОВАРИ,Кліматична техніка,Водонагрівачі,Водонагрівачі електричні накопичувальні
101,01,02,02,ПОБУТОВА ТЕХНІКА ТА ТОВАРИ,Кліматична техніка,Водонагрівачі,Водонагрівачі електричні проточні
101,01,03,,ПОБУТОВА ТЕХНІКА ТА ТОВАРИ,Кліматична техніка,Устаткування для роботи з повітрям,
101,01,03,01,ПОБУТОВА ТЕХНІКА ТА ТОВАРИ,Кліматична техніка,Устаткування для роботи з повітрям,Кліматичні комплекси
101,01,03,02,ПОБУТОВА ТЕХНІКА ТА ТОВАРИ,Кліматична техніка,Устаткування для роботи з повітрям,Осушувачі повітря
101,01,03,03,ПОБУТОВА ТЕХНІКА ТА ТОВАРИ,Кліматична техніка,Устаткування для роботи з повітрям,Очищувачі повітря
101,01,03,04,ПОБУТОВА ТЕХНІКА ТА ТОВАРИ,Кліматична техніка,Устаткування для роботи з повітрям,Зволожнювачі повітря
101,01,03,05,ПОБУТОВА ТЕХНІКА ТА ТОВАРИ,Кліматична техніка,Устаткування для роботи з повітрям,Охолоджувачі повітря
101,01,04,,ПОБУТОВА ТЕХНІКА ТА ТОВАРИ,Кліматична техніка,Обігрівачі електричні,
101,01,04,01,ПОБУТОВА ТЕХНІКА ТА ТОВАРИ,Кліматична техніка,Обігрівачі електричні,Керамічні панелі
101,01,04,02,ПОБУТОВА ТЕХНІКА ТА ТОВАРИ,Кліматична техніка,Обігрівачі електричні,Обігрівачі інфрачервоні
101,01,04,03,ПОБУТОВА ТЕХНІКА ТА ТОВАРИ,Кліматична техніка,Обігрівачі електричні,Електроконвектори
101,01,04,04,ПОБУТОВА ТЕХНІКА ТА ТОВАРИ,Кліматична техніка,Обігрівачі електричні,Обігрівачі оливні
101,01,04,05,ПОБУТОВА ТЕХНІКА ТА ТОВАРИ,Кліматична техніка,Обігрівачі електричні,Тепловентилятори
101,01,04,06,ПОБУТОВА ТЕХНІКА ТА ТОВАРИ,Кліматична техніка,Обігрівачі електричні,Теплові гармати
101,01,06,,ПОБУТОВА ТЕХНІКА ТА ТОВАРИ,Кліматична техніка,"Метеостанції, термометри, гігрометри",
101,01,06,01,ПОБУТОВА ТЕХНІКА ТА ТОВАРИ,Кліматична техніка,"Метеостанції, термометри, гігрометри",Метеостанції
101,01,06,02,ПОБУТОВА ТЕХНІКА ТА ТОВАРИ,Кліматична техніка,"Метеостанції, термометри, гігрометри","Термометри, гігрометри"
101,01,99,,ПОБУТОВА ТЕХНІКА ТА ТОВАРИ,Кліматична техніка,Аксесуари та витратні матеріали для кліматичної техніки,
101,01,99,01,ПОБУТОВА ТЕХНІКА ТА ТОВАРИ,Кліматична техніка,Аксесуари та витратні матеріали для кліматичної техніки,Аксесуари та витратні матеріали для кліматичної техніки
101,02,,,ПОБУТОВА ТЕХНІКА ТА ТОВАРИ,Велика побутова техніка,,
101,02,01,,ПОБУТОВА ТЕХНІКА ТА ТОВАРИ,Велика побутова техніка,Холодильне устаткування,
101,02,01,01,ПОБУТОВА ТЕХНІКА ТА ТОВАРИ,Велика побутова техніка,Холодильне устаткування,Льодогенератори
101,02,01,02,ПОБУТОВА ТЕХНІКА ТА ТОВАРИ,Велика побутова техніка,Холодильне устаткування,Морозильні камери
101,02,01,03,ПОБУТОВА ТЕХНІКА ТА ТОВАРИ,Велика побутова техніка,Холодильне устаткування,Холодильники побутові
101,02,01,04,ПОБУТОВА ТЕХНІКА ТА ТОВАРИ,Велика побутова техніка,Холодильне устаткування,Холодильники для вина
101,02,01,05,ПОБУТОВА ТЕХНІКА ТА ТОВАРИ,Велика побутова техніка,Холодильне устаткування,Холодильні камери
101,02,01,06,ПОБУТОВА ТЕХНІКА ТА ТОВАРИ,Велика побутова техніка,Холодильне устаткування,Холодильні вітрини
101,02,01,07,ПОБУТОВА ТЕХНІКА ТА ТОВАРИ,Велика побутова техніка,Холодильне устаткування,Морозильні скрині
101,02,01,08,ПОБУТОВА ТЕХНІКА ТА ТОВАРИ,Велика побутова техніка,Холодильне устаткування,Холодильники дорожні
101,02,02,,ПОБУТОВА ТЕХНІКА ТА ТОВАРИ,Велика побутова техніка,Плити,
101,02,02,01,ПОБУТОВА ТЕХНІКА ТА ТОВАРИ,Велика побутова техніка,Плити,Плити газові
101,02,02,02,ПОБУТОВА ТЕХНІКА ТА ТОВАРИ,Велика побутова техніка,Плити,Плити електричні
101,02,02,03,ПОБУТОВА ТЕХНІКА ТА ТОВАРИ,Велика побутова техніка,Плити,Плити комбіновані
101,02,02,04,ПОБУТОВА ТЕХНІКА ТА ТОВАРИ,Велика побутова техніка,Плити,Плити індукційні
101,02,03,,ПОБУТОВА ТЕХНІКА ТА ТОВАРИ,Велика побутова техніка,Посудомийні машини,
101,02,03,01,ПОБУТОВА ТЕХНІКА ТА ТОВАРИ,Велика побутова техніка,Посудомийні машини,Посудомийні машини
101,02,03,02,ПОБУТОВА ТЕХНІКА ТА ТОВАРИ,Велика побутова техніка,Посудомийні машини,Посудомийні машини компактні
101,02,04,,ПОБУТОВА ТЕХНІКА ТА ТОВАРИ,Велика побутова техніка,Пральні машині,
101,02,04,01,ПОБУТОВА ТЕХНІКА ТА ТОВАРИ,Велика побутова техніка,Пральні машині,Прально-сушильні машини
101,02,04,02,ПОБУТОВА ТЕХНІКА ТА ТОВАРИ,Велика побутова техніка,Пральні машині,Пральні машини напівавтомат
101,02,04,03,ПОБУТОВА ТЕХНІКА ТА ТОВАРИ,Велика побутова техніка,Пральні машині,Пральні машини з вертикальною загрузкою
101,02,04,04,ПОБУТОВА ТЕХНІКА ТА ТОВАРИ,Велика побутова техніка,Пральні машині,Пральні машини з горизонтальною загрузкою
101,02,05,,ПОБУТОВА ТЕХНІКА ТА ТОВАРИ,Велика побутова техніка,Сушильні машини окремо стоячі,
101,02,05,02,ПОБУТОВА ТЕХНІКА ТА ТОВАРИ,Велика побутова техніка,Сушильні машини окремо стоячі,Сушильні машини конденсаційні
101,02,05,03,ПОБУТОВА ТЕХНІКА ТА ТОВАРИ,Велика побутова техніка,Сушильні машини окремо стоячі,Сушильні машини з тепловим насосом
101,02,06,,ПОБУТОВА ТЕХНІКА ТА ТОВАРИ,Велика побутова техніка,Мікрохвильові печі,
101,02,06,01,ПОБУТОВА ТЕХНІКА ТА ТОВАРИ,Велика побутова техніка,Мікрохвильові печі,Мікрохвильові печі
101,02,08,,ПОБУТОВА ТЕХНІКА ТА ТОВАРИ,Велика побутова техніка,Електропечі,
101,02,08,01,ПОБУТОВА ТЕХНІКА ТА ТОВАРИ,Велика побутова техніка,Електропечі,Міні печі
101,02,99,,ПОБУТОВА ТЕХНІКА ТА ТОВАРИ,Велика побутова техніка,Аксесуари та витратні матеріали для ВПТ,
101,02,99,01,ПОБУТОВА ТЕХНІКА ТА ТОВАРИ,Велика побутова техніка,Аксесуари та витратні матеріали для ВПТ,Аксесуари та витратні матеріали для ВПТ
101,03,,,ПОБУТОВА ТЕХНІКА ТА ТОВАРИ,Вбудована техніка,,
101,03,01,,ПОБУТОВА ТЕХНІКА ТА ТОВАРИ,Вбудована техніка,Холодильне устаткування вбудоване,
101,03,01,02,ПОБУТОВА ТЕХНІКА ТА ТОВАРИ,Вбудована техніка,Холодильне устаткування вбудоване,Морозильні камери вбудовані
101,03,01,03,ПОБУТОВА ТЕХНІКА ТА ТОВАРИ,Вбудована техніка,Холодильне устаткування вбудоване,Холодильники побутові вбудовані
101,03,01,04,ПОБУТОВА ТЕХНІКА ТА ТОВАРИ,Вбудована техніка,Холодильне устаткування вбудоване,Холодильники для вина вбудовані
101,03,01,05,ПОБУТОВА ТЕХНІКА ТА ТОВАРИ,Вбудована техніка,Холодильне устаткування вбудоване,Холодильні камери вбудовані
101,03,02,,ПОБУТОВА ТЕХНІКА ТА ТОВАРИ,Вбудована техніка,Варильні поверхні,
101,03,02,01,ПОБУТОВА ТЕХНІКА ТА ТОВАРИ,Вбудована техніка,Варильні поверхні,Варильні поверхні газові
101,03,02,02,ПОБУТОВА ТЕХНІКА ТА ТОВАРИ,Вбудована техніка,Варильні поверхні,Варильні поверхні електричні
101,03,02,03,ПОБУТОВА ТЕХНІКА ТА ТОВАРИ,Вбудована техніка,Варильні поверхні,Варильні поверхні комбіновані
101,03,02,04,ПОБУТОВА ТЕХНІКА ТА ТОВАРИ,Вбудована техніка,Варильні поверхні,Варильні поверхні індукційні
101,03,03,,ПОБУТОВА ТЕХНІКА ТА ТОВАРИ,Вбудована техніка,Духові шафи вбудовані,
101,03,03,02,ПОБУТОВА ТЕХНІКА ТА ТОВАРИ,Вбудована техніка,Духові шафи вбудовані,Духові шафи електричні вбудовані
101,03,04,,ПОБУТОВА ТЕХНІКА ТА ТОВАРИ,Вбудована техніка,Посудомийні машини вбудовані,
101,03,04,01,ПОБУТОВА ТЕХНІКА ТА ТОВАРИ,Вбудована техніка,Посудомийні машини вбудовані,Посудомийні машини вбудовані
101,03,05,,ПОБУТОВА ТЕХНІКА ТА ТОВАРИ,Вбудована техніка,Пральні машині вбудовані,
101,03,05,01,ПОБУТОВА ТЕХНІКА ТА ТОВАРИ,Вбудована техніка,Пральні машині вбудовані,Пральні машини вбудовані
101,03,05,02,ПОБУТОВА ТЕХНІКА ТА ТОВАРИ,Вбудована техніка,Пральні машині вбудовані,Прально-сушильні машини вбудовані
101,03,06,,ПОБУТОВА ТЕХНІКА ТА ТОВАРИ,Вбудована техніка,Мікрохвильові печі вбудовані,
101,03,06,01,ПОБУТОВА ТЕХНІКА ТА ТОВАРИ,Вбудована техніка,Мікрохвильові печі вбудовані,Мікрохвильові печі вбудовані
101,03,07,,ПОБУТОВА ТЕХНІКА ТА ТОВАРИ,Вбудована техніка,Кавові машини вбудовані,
101,03,07,01,ПОБУТОВА ТЕХНІКА ТА ТОВАРИ,Вбудована техніка,Кавові машини вбудовані,Кавові машини вбудовані
101,03,08,,ПОБУТОВА ТЕХНІКА ТА ТОВАРИ,Вбудована техніка,Витяжки кухонні вбудовані,
101,03,08,01,ПОБУТОВА ТЕХНІКА ТА ТОВАРИ,Вбудована техніка,Витяжки кухонні вбудовані,Витяжки повновбудовувані
101,03,08,02,ПОБУТОВА ТЕХНІКА ТА ТОВАРИ,Вбудована техніка,Витяжки кухонні вбудовані,Витяжки вбудовані камінні
101,03,08,03,ПОБУТОВА ТЕХНІКА ТА ТОВАРИ,Вбудована техніка,Витяжки кухонні вбудовані,Витяжки вбудовані купольні
101,03,08,04,ПОБУТОВА ТЕХНІКА ТА ТОВАРИ,Вбудована техніка,Витяжки кухонні вбудовані,Витяжки похилі
101,03,08,05,ПОБУТОВА ТЕХНІКА ТА ТОВАРИ,Вбудована техніка,Витяжки кухонні вбудовані,Витяжки вбудовані пласкі
101,03,08,06,ПОБУТОВА ТЕХНІКА ТА ТОВАРИ,Вбудована техніка,Витяжки кухонні вбудовані,Витяжки вбудовані телескопічні
101,03,99,,ПОБУТОВА ТЕХНІКА ТА ТОВАРИ,Вбудована техніка,Аксесуари та витратні матеріали для вбудованої техніки,
101,03,99,01,ПОБУТОВА ТЕХНІКА ТА ТОВАРИ,Вбудована техніка,Аксесуари та витратні матеріали для вбудованої техніки,Аксесуари та витратні матеріали для вбудованої техніки
101,04,,,ПОБУТОВА ТЕХНІКА ТА ТОВАРИ,Техніка для догляду за будинком та одягом,,
101,04,01,,ПОБУТОВА ТЕХНІКА ТА ТОВАРИ,Техніка для догляду за будинком та одягом,Пилососи,
101,04,01,01,ПОБУТОВА ТЕХНІКА ТА ТОВАРИ,Техніка для догляду за будинком та одягом,Пилососи,Пилососи акумуляторні
101,04,01,02,ПОБУТОВА ТЕХНІКА ТА ТОВАРИ,Техніка для догляду за будинком та одягом,Пилососи,Пилососи віконні
101,04,01,03,ПОБУТОВА ТЕХНІКА ТА ТОВАРИ,Техніка для догляду за будинком та одягом,Пилососи,Пилососи-роботи
101,04,01,04,ПОБУТОВА ТЕХНІКА ТА ТОВАРИ,Техніка для догляду за будинком та одягом,Пилососи,Пилососи побутові
101,04,01,05,ПОБУТОВА ТЕХНІКА ТА ТОВАРИ,Техніка для догляду за будинком та одягом,Пилососи,Пилососи миючі
101,04,02,,ПОБУТОВА ТЕХНІКА ТА ТОВАРИ,Техніка для догляду за будинком та одягом,Праски та прасувальні системи,
101,04,02,01,ПОБУТОВА ТЕХНІКА ТА ТОВАРИ,Техніка для догляду за будинком та одягом,Праски та прасувальні системи,Праски-парогенератори
101,04,02,02,ПОБУТОВА ТЕХНІКА ТА ТОВАРИ,Техніка для догляду за будинком та одягом,Праски та прасувальні системи,Прасувальні системи
101,04,02,03,ПОБУТОВА ТЕХНІКА ТА ТОВАРИ,Техніка для догляду за будинком та одягом,Праски та прасувальні системи,Праски
101,04,03,,ПОБУТОВА ТЕХНІКА ТА ТОВАРИ,Техніка для догляду за будинком та одягом,Швейна техніка,
101,04,03,01,ПОБУТОВА ТЕХНІКА ТА ТОВАРИ,Техніка для догляду за будинком та одягом,Швейна техніка,Оверлоки
101,04,03,03,ПОБУТОВА ТЕХНІКА ТА ТОВАРИ,Техніка для догляду за будинком та одягом,Швейна техніка,Швейні машини
101,04,04,,ПОБУТОВА ТЕХНІКА ТА ТОВАРИ,Техніка для догляду за будинком та одягом,Машинки для видалення катишків,
101,04,04,01,ПОБУТОВА ТЕХНІКА ТА ТОВАРИ,Техніка для догляду за будинком та одягом,Машинки для видалення катишків,Машинки для видалення катишків
101,04,05,,ПОБУТОВА ТЕХНІКА ТА ТОВАРИ,Техніка для догляду за будинком та одягом,Пароочищувачі,
101,04,05,01,ПОБУТОВА ТЕХНІКА ТА ТОВАРИ,Техніка для догляду за будинком та одягом,Пароочищувачі,Пароочищувачі
101,04,06,,ПОБУТОВА ТЕХНІКА ТА ТОВАРИ,Техніка для догляду за будинком та одягом,Засоби від комах,
101,04,06,02,ПОБУТОВА ТЕХНІКА ТА ТОВАРИ,Техніка для догляду за будинком та одягом,Засоби від комах,Засоби від комах
101,04,07,,ПОБУТОВА ТЕХНІКА ТА ТОВАРИ,Техніка для догляду за будинком та одягом,Сушарки для взуття,
101,04,07,01,ПОБУТОВА ТЕХНІКА ТА ТОВАРИ,Техніка для догляду за будинком та одягом,Сушарки для взуття,Сушарки для взуття
101,04,99,,ПОБУТОВА ТЕХНІКА ТА ТОВАРИ,Техніка для догляду за будинком та одягом,Аксесуари та витратні матеріали техніки для догляду за будинком та одягом,
101,04,99,01,ПОБУТОВА ТЕХНІКА ТА ТОВАРИ,Техніка для догляду за будинком та одягом,Аксесуари та витратні матеріали техніки для догляду за будинком та одягом,Аксесуари та витратні матеріали техніки для догляду за будинком та одягом
101,05,,,ПОБУТОВА ТЕХНІКА ТА ТОВАРИ,Кухонна техніка,,
101,05,01,,ПОБУТОВА ТЕХНІКА ТА ТОВАРИ,Кухонна техніка,Кухонна техніка для підготовки продуктів,
101,05,01,01,ПОБУТОВА ТЕХНІКА ТА ТОВАРИ,Кухонна техніка,Кухонна техніка для підготовки продуктів,Блендери
101,05,01,02,ПОБУТОВА ТЕХНІКА ТА ТОВАРИ,Кухонна техніка,Кухонна техніка для підготовки продуктів,Вакуумні пакувальники
101,05,01,03,ПОБУТОВА ТЕХНІКА ТА ТОВАРИ,Кухонна техніка,Кухонна техніка для підготовки продуктів,Ваги кухонні
101,05,01,04,ПОБУТОВА ТЕХНІКА ТА ТОВАРИ,Кухонна техніка,Кухонна техніка для підготовки продуктів,Подрібнювачі для продуктів
101,05,01,05,ПОБУТОВА ТЕХНІКА ТА ТОВАРИ,Кухонна техніка,Кухонна техніка для підготовки продуктів,Кухонні машини
101,05,01,06,ПОБУТОВА ТЕХНІКА ТА ТОВАРИ,Кухонна техніка,Кухонна техніка для підготовки продуктів,Скибкорізки
101,05,01,07,ПОБУТОВА ТЕХНІКА ТА ТОВАРИ,Кухонна техніка,Кухонна техніка для підготовки продуктів,Міксери
101,05,01,08,ПОБУТОВА ТЕХНІКА ТА ТОВАРИ,Кухонна техніка,Кухонна техніка для підготовки продуктів,М'ясорубки
101,05,02,,ПОБУТОВА ТЕХНІКА ТА ТОВАРИ,Кухонна техніка,Кухонна техніка для приготування продуктів,
101,05,02,01,ПОБУТОВА ТЕХНІКА ТА ТОВАРИ,Кухонна техніка,Кухонна техніка для приготування продуктів,Бутербродниці та вафельниці
101,05,02,02,ПОБУТОВА ТЕХНІКА ТА ТОВАРИ,Кухонна техніка,Кухонна техніка для приготування продуктів,"Морозивниці, йогуртниці"
101,05,02,03,ПОБУТОВА ТЕХНІКА ТА ТОВАРИ,Кухонна техніка,Кухонна техніка для приготування продуктів,"Мультиварки, мультипечі, фритюрниці та пароварки"
101,05,02,04,ПОБУТОВА ТЕХНІКА ТА ТОВАРИ,Кухонна техніка,Кухонна техніка для приготування продуктів,Плитки електричні настільні
101,05,02,05,ПОБУТОВА ТЕХНІКА ТА ТОВАРИ,Кухонна техніка,Кухонна техніка для приготування продуктів,Сушарки для овочів та фруктів
101,05,02,06,ПОБУТОВА ТЕХНІКА ТА ТОВАРИ,Кухонна техніка,Кухонна техніка для приготування продуктів,Тостери
101,05,02,07,ПОБУТОВА ТЕХНІКА ТА ТОВАРИ,Кухонна техніка,Кухонна техніка для приготування продуктів,Хлібопечі
101,05,02,08,ПОБУТОВА ТЕХНІКА ТА ТОВАРИ,Кухонна техніка,Кухонна техніка для приготування продуктів,Електрогрилі
101,05,02,10,ПОБУТОВА ТЕХНІКА ТА ТОВАРИ,Кухонна техніка,Кухонна техніка для приготування продуктів,Плитки газові настільні
101,05,02,11,ПОБУТОВА ТЕХНІКА ТА ТОВАРИ,Кухонна техніка,Кухонна техніка для приготування продуктів,Плитки комбіновані настільні
101,05,02,13,ПОБУТОВА ТЕХНІКА ТА ТОВАРИ,Кухонна техніка,Кухонна техніка для приготування продуктів,Електрошашличниці
101,05,03,,ПОБУТОВА ТЕХНІКА ТА ТОВАРИ,Кухонна техніка,Кухонна техніка для приготування напоїв,
101,05,03,01,ПОБУТОВА ТЕХНІКА ТА ТОВАРИ,Кухонна техніка,Кухонна техніка для приготування напоїв,Кавомолки
101,05,03,02,ПОБУТОВА ТЕХНІКА ТА ТОВАРИ,Кухонна техніка,Кухонна техніка для приготування напоїв,Кавові машини
101,05,03,03,ПОБУТОВА ТЕХНІКА ТА ТОВАРИ,Кухонна техніка,Кухонна техніка для приготування напоїв,Кавоварки
101,05,03,04,ПОБУТОВА ТЕХНІКА ТА ТОВАРИ,Кухонна техніка,Кухонна техніка для приготування напоїв,Соковитискачі
101,05,03,05,ПОБУТОВА ТЕХНІКА ТА ТОВАРИ,Кухонна техніка,Кухонна техніка для приготування напоїв,Термопоти
101,05,03,06,ПОБУТОВА ТЕХНІКА ТА ТОВАРИ,Кухонна техніка,Кухонна техніка для приготування напоїв,Електрочайники
101,05,03,08,ПОБУТОВА ТЕХНІКА ТА ТОВАРИ,Кухонна техніка,Кухонна техніка для приготування напоїв,Cпінювачі-підігрівачі
101,05,03,09,ПОБУТОВА ТЕХНІКА ТА ТОВАРИ,Кухонна техніка,Кухонна техніка для приготування напоїв,Сифони для газування води
101,05,04,,ПОБУТОВА ТЕХНІКА ТА ТОВАРИ,Кухонна техніка,Кава,
101,05,04,01,ПОБУТОВА ТЕХНІКА ТА ТОВАРИ,Кухонна техніка,Кава,Кава в зернах
101,05,04,02,ПОБУТОВА ТЕХНІКА ТА ТОВАРИ,Кухонна техніка,Кава,Кава у капсулах
101,05,99,,ПОБУТОВА ТЕХНІКА ТА ТОВАРИ,Кухонна техніка,Аксесуари та витратні матеріали для кухонної техніки,
101,05,99,01,ПОБУТОВА ТЕХНІКА ТА ТОВАРИ,Кухонна техніка,Аксесуари та витратні матеріали для кухонної техніки,Аксесуари та витратні матеріали для кухонної техніки
101,06,,,ПОБУТОВА ТЕХНІКА ТА ТОВАРИ,Техніка для краси та здоров'я,,
101,06,01,,ПОБУТОВА ТЕХНІКА ТА ТОВАРИ,Техніка для краси та здоров'я,Техніка для краси,
101,06,01,01,ПОБУТОВА ТЕХНІКА ТА ТОВАРИ,Техніка для краси та здоров'я,Техніка для краси,Машинки для стрижки та тримери
101,06,01,03,ПОБУТОВА ТЕХНІКА ТА ТОВАРИ,Техніка для краси та здоров'я,Техніка для краси,Прилади для укладання волосся
101,06,01,04,ПОБУТОВА ТЕХНІКА ТА ТОВАРИ,Техніка для краси та здоров'я,Техніка для краси,Фени
101,06,01,05,ПОБУТОВА ТЕХНІКА ТА ТОВАРИ,Техніка для краси та здоров'я,Техніка для краси,Електричні бритви чоловічі
101,06,01,07,ПОБУТОВА ТЕХНІКА ТА ТОВАРИ,Техніка для краси та здоров'я,Техніка для краси,Епілятори та жіночі бритви
101,06,01,98,ПОБУТОВА ТЕХНІКА ТА ТОВАРИ,Техніка для краси та здоров'я,Техніка для краси,Інша техніка для краси
101,06,02,,ПОБУТОВА ТЕХНІКА ТА ТОВАРИ,Техніка для краси та здоров'я,Техніка для здоров'я,
101,06,02,01,ПОБУТОВА ТЕХНІКА ТА ТОВАРИ,Техніка для краси та здоров'я,Техніка для здоров'я,Ваги підлогові
101,06,02,02,ПОБУТОВА ТЕХНІКА ТА ТОВАРИ,Техніка для краси та здоров'я,Техніка для здоров'я,Зубні щітки електричні
101,06,02,03,ПОБУТОВА ТЕХНІКА ТА ТОВАРИ,Техніка для краси та здоров'я,Техніка для здоров'я,Іригатори
101,06,02,04,ПОБУТОВА ТЕХНІКА ТА ТОВАРИ,Техніка для краси та здоров'я,Техніка для здоров'я,Масажери електричні
101,06,02,07,ПОБУТОВА ТЕХНІКА ТА ТОВАРИ,Техніка для краси та здоров'я,Техніка для здоров'я,Електричні прострирадла та ковдри
101,06,02,08,ПОБУТОВА ТЕХНІКА ТА ТОВАРИ,Техніка для краси та здоров'я,Техніка для здоров'я,Електростимулятори
101,06,99,,ПОБУТОВА ТЕХНІКА ТА ТОВАРИ,Техніка для краси та здоров'я,Аксесуари та витратні матеріали техніки для краси та здоров'я,
101,06,99,01,ПОБУТОВА ТЕХНІКА ТА ТОВАРИ,Техніка для краси та здоров'я,Аксесуари та витратні матеріали техніки для краси та здоров'я,Аксесуари та витратні матеріали техніки для краси та здоров'я
101,07,,,ПОБУТОВА ТЕХНІКА ТА ТОВАРИ,ПОСУД І КУХОННЕ ПРИЛАДДЯ,,
101,07,01,,ПОБУТОВА ТЕХНІКА ТА ТОВАРИ,ПОСУД І КУХОННЕ ПРИЛАДДЯ,Кухонний посуд для приготування,
101,07,01,01,ПОБУТОВА ТЕХНІКА ТА ТОВАРИ,ПОСУД І КУХОННЕ ПРИЛАДДЯ,Кухонний посуд для приготування,Гейзерні кавоварки і турки
101,07,01,02,ПОБУТОВА ТЕХНІКА ТА ТОВАРИ,ПОСУД І КУХОННЕ ПРИЛАДДЯ,Кухонний посуд для приготування,Заварники і френч-преси
101,07,01,03,ПОБУТОВА ТЕХНІКА ТА ТОВАРИ,ПОСУД І КУХОННЕ ПРИЛАДДЯ,Кухонний посуд для приготування,Каструлі і ковші
101,07,01,04,ПОБУТОВА ТЕХНІКА ТА ТОВАРИ,ПОСУД І КУХОННЕ ПРИЛАДДЯ,Кухонний посуд для приготування,Кришки для посуду
101,07,01,05,ПОБУТОВА ТЕХНІКА ТА ТОВАРИ,ПОСУД І КУХОННЕ ПРИЛАДДЯ,Кухонний посуд для приготування,Набори посуду
101,07,01,06,ПОБУТОВА ТЕХНІКА ТА ТОВАРИ,ПОСУД І КУХОННЕ ПРИЛАДДЯ,Кухонний посуд для приготування,Сковороди
101,07,01,07,ПОБУТОВА ТЕХНІКА ТА ТОВАРИ,ПОСУД І КУХОННЕ ПРИЛАДДЯ,Кухонний посуд для приготування,Чайники
101,07,02,,ПОБУТОВА ТЕХНІКА ТА ТОВАРИ,ПОСУД І КУХОННЕ ПРИЛАДДЯ,Посуд для зберігання продуктів,
101,07,02,01,ПОБУТОВА ТЕХНІКА ТА ТОВАРИ,ПОСУД І КУХОННЕ ПРИЛАДДЯ,Посуд для зберігання продуктів,Банки для зберігання продуктів
101,07,02,02,ПОБУТОВА ТЕХНІКА ТА ТОВАРИ,ПОСУД І КУХОННЕ ПРИЛАДДЯ,Посуд для зберігання продуктів,Пляшки для води
101,07,02,03,ПОБУТОВА ТЕХНІКА ТА ТОВАРИ,ПОСУД І КУХОННЕ ПРИЛАДДЯ,Посуд для зберігання продуктів,Ємності для спецій і рідин
101,07,02,04,ПОБУТОВА ТЕХНІКА ТА ТОВАРИ,ПОСУД І КУХОННЕ ПРИЛАДДЯ,Посуд для зберігання продуктів,Контейнери для зберігання продуктів
101,07,02,06,ПОБУТОВА ТЕХНІКА ТА ТОВАРИ,ПОСУД І КУХОННЕ ПРИЛАДДЯ,Посуд для зберігання продуктів,Термоси і термочашки
101,07,02,07,ПОБУТОВА ТЕХНІКА ТА ТОВАРИ,ПОСУД І КУХОННЕ ПРИЛАДДЯ,Посуд для зберігання продуктів,Хлібниці
101,07,03,,ПОБУТОВА ТЕХНІКА ТА ТОВАРИ,ПОСУД І КУХОННЕ ПРИЛАДДЯ,Посуд для випікання і запікання,
101,07,03,01,ПОБУТОВА ТЕХНІКА ТА ТОВАРИ,ПОСУД І КУХОННЕ ПРИЛАДДЯ,Посуд для випікання і запікання,Форми для випікання і запікання
101,07,04,,ПОБУТОВА ТЕХНІКА ТА ТОВАРИ,ПОСУД І КУХОННЕ ПРИЛАДДЯ,Столовий посуд для сервірування столу,
101,07,04,01,ПОБУТОВА ТЕХНІКА ТА ТОВАРИ,ПОСУД І КУХОННЕ ПРИЛАДДЯ,Столовий посуд для сервірування столу,Набори посуду для сервірування
101,07,04,02,ПОБУТОВА ТЕХНІКА ТА ТОВАРИ,ПОСУД І КУХОННЕ ПРИЛАДДЯ,Столовий посуд для сервірування столу,Блюда 
101,07,04,03,ПОБУТОВА ТЕХНІКА ТА ТОВАРИ,ПОСУД І КУХОННЕ ПРИЛАДДЯ,Столовий посуд для сервірування столу,Cалатниці
101,07,04,04,ПОБУТОВА ТЕХНІКА ТА ТОВАРИ,ПОСУД І КУХОННЕ ПРИЛАДДЯ,Столовий посуд для сервірування столу,Тарілки
101,07,04,05,ПОБУТОВА ТЕХНІКА ТА ТОВАРИ,ПОСУД І КУХОННЕ ПРИЛАДДЯ,Столовий посуд для сервірування столу,Килимки для сервірування столу
101,07,04,06,ПОБУТОВА ТЕХНІКА ТА ТОВАРИ,ПОСУД І КУХОННЕ ПРИЛАДДЯ,Столовий посуд для сервірування столу,Чашки
101,07,04,07,ПОБУТОВА ТЕХНІКА ТА ТОВАРИ,ПОСУД І КУХОННЕ ПРИЛАДДЯ,Столовий посуд для сервірування столу,Аксесуари для сервірування столу в колекціях
101,07,04,99,ПОБУТОВА ТЕХНІКА ТА ТОВАРИ,ПОСУД І КУХОННЕ ПРИЛАДДЯ,Столовий посуд для сервірування столу,Аксесуари для сервірування столу
101,07,05,,ПОБУТОВА ТЕХНІКА ТА ТОВАРИ,ПОСУД І КУХОННЕ ПРИЛАДДЯ,Посуд для напоїв,
101,07,05,01,ПОБУТОВА ТЕХНІКА ТА ТОВАРИ,ПОСУД І КУХОННЕ ПРИЛАДДЯ,Посуд для напоїв,Келихи
101,07,05,03,ПОБУТОВА ТЕХНІКА ТА ТОВАРИ,ПОСУД І КУХОННЕ ПРИЛАДДЯ,Посуд для напоїв,"Глечики, графіни"
101,07,05,04,ПОБУТОВА ТЕХНІКА ТА ТОВАРИ,ПОСУД І КУХОННЕ ПРИЛАДДЯ,Посуд для напоїв,"Склянки, стопки"
101,07,05,99,ПОБУТОВА ТЕХНІКА ТА ТОВАРИ,ПОСУД І КУХОННЕ ПРИЛАДДЯ,Посуд для напоїв,Аксесуари для напоїв барні
101,07,06,,ПОБУТОВА ТЕХНІКА ТА ТОВАРИ,ПОСУД І КУХОННЕ ПРИЛАДДЯ,Столові прибори,
101,07,06,01,ПОБУТОВА ТЕХНІКА ТА ТОВАРИ,ПОСУД І КУХОННЕ ПРИЛАДДЯ,Столові прибори,Набори столових приборів
101,07,06,02,ПОБУТОВА ТЕХНІКА ТА ТОВАРИ,ПОСУД І КУХОННЕ ПРИЛАДДЯ,Столові прибори,Виделки
101,07,06,03,ПОБУТОВА ТЕХНІКА ТА ТОВАРИ,ПОСУД І КУХОННЕ ПРИЛАДДЯ,Столові прибори,Ложки
101,07,06,04,ПОБУТОВА ТЕХНІКА ТА ТОВАРИ,ПОСУД І КУХОННЕ ПРИЛАДДЯ,Столові прибори,Ножі
101,07,99,,ПОБУТОВА ТЕХНІКА ТА ТОВАРИ,ПОСУД І КУХОННЕ ПРИЛАДДЯ,Аксесуари для готування,
101,07,99,01,ПОБУТОВА ТЕХНІКА ТА ТОВАРИ,ПОСУД І КУХОННЕ ПРИЛАДДЯ,Аксесуари для готування,Ручні подрібнювачі для спецій та ступки
101,07,99,02,ПОБУТОВА ТЕХНІКА ТА ТОВАРИ,ПОСУД І КУХОННЕ ПРИЛАДДЯ,Аксесуари для готування,Картоплем'ялки
101,07,99,03,ПОБУТОВА ТЕХНІКА ТА ТОВАРИ,ПОСУД І КУХОННЕ ПРИЛАДДЯ,Аксесуари для готування,Кухонні ножі та колоди
101,07,99,04,ПОБУТОВА ТЕХНІКА ТА ТОВАРИ,ПОСУД І КУХОННЕ ПРИЛАДДЯ,Аксесуари для готування,"Ложки, лопатки"
101,07,99,05,ПОБУТОВА ТЕХНІКА ТА ТОВАРИ,ПОСУД І КУХОННЕ ПРИЛАДДЯ,Аксесуари для готування,"Миски і ємності для змішування, мірний посуд"
101,07,99,06,ПОБУТОВА ТЕХНІКА ТА ТОВАРИ,ПОСУД І КУХОННЕ ПРИЛАДДЯ,Аксесуари для готування,Набори кухонних аксесуарів
101,07,99,07,ПОБУТОВА ТЕХНІКА ТА ТОВАРИ,ПОСУД І КУХОННЕ ПРИЛАДДЯ,Аксесуари для готування,"Ручні овочечистки, нестандартні ножі і молотки"
101,07,99,08,ПОБУТОВА ТЕХНІКА ТА ТОВАРИ,ПОСУД І КУХОННЕ ПРИЛАДДЯ,Аксесуари для готування,Ополоники
101,07,99,09,ПОБУТОВА ТЕХНІКА ТА ТОВАРИ,ПОСУД І КУХОННЕ ПРИЛАДДЯ,Аксесуари для готування,Прихватки і підставки для посуду
101,07,99,10,ПОБУТОВА ТЕХНІКА ТА ТОВАРИ,ПОСУД І КУХОННЕ ПРИЛАДДЯ,Аксесуари для готування,Обробні дошки 
101,07,99,11,ПОБУТОВА ТЕХНІКА ТА ТОВАРИ,ПОСУД І КУХОННЕ ПРИЛАДДЯ,Аксесуари для готування,Сита і друшляки
101,07,99,12,ПОБУТОВА ТЕХНІКА ТА ТОВАРИ,ПОСУД І КУХОННЕ ПРИЛАДДЯ,Аксесуари для готування,Тертки та ручні комбайни
101,07,99,13,ПОБУТОВА ТЕХНІКА ТА ТОВАРИ,ПОСУД І КУХОННЕ ПРИЛАДДЯ,Аксесуари для готування,Шумівки
101,07,99,14,ПОБУТОВА ТЕХНІКА ТА ТОВАРИ,ПОСУД І КУХОННЕ ПРИЛАДДЯ,Аксесуари для готування,Кухонні ножиці
101,07,99,15,ПОБУТОВА ТЕХНІКА ТА ТОВАРИ,ПОСУД І КУХОННЕ ПРИЛАДДЯ,Аксесуари для готування,Таця
101,08,,,ПОБУТОВА ТЕХНІКА ТА ТОВАРИ,Кухонна сантехніка,,
101,08,01,,ПОБУТОВА ТЕХНІКА ТА ТОВАРИ,Кухонна сантехніка,Кухонна сантехніка,
101,08,01,01,ПОБУТОВА ТЕХНІКА ТА ТОВАРИ,Кухонна сантехніка,Кухонна сантехніка,Подрібнювачі продуктових відходів
101,08,01,02,ПОБУТОВА ТЕХНІКА ТА ТОВАРИ,Кухонна сантехніка,Кухонна сантехніка,Мийки кухонні
101,08,01,04,ПОБУТОВА ТЕХНІКА ТА ТОВАРИ,Кухонна сантехніка,Кухонна сантехніка,Змішувачі кухонні
101,08,01,99,ПОБУТОВА ТЕХНІКА ТА ТОВАРИ,Кухонна сантехніка,Кухонна сантехніка,Аксесуари для кухонної сантехніки
101,09,,,ПОБУТОВА ТЕХНІКА ТА ТОВАРИ,Побутова хімія,,
101,09,01,,ПОБУТОВА ТЕХНІКА ТА ТОВАРИ,Побутова хімія,Побутова хімія,
101,09,01,04,ПОБУТОВА ТЕХНІКА ТА ТОВАРИ,Побутова хімія,Побутова хімія,Засоби для догляду за побутовою технікою
101,09,01,05,ПОБУТОВА ТЕХНІКА ТА ТОВАРИ,Побутова хімія,Побутова хімія,Засоби для миття посуду
101,10,,,ПОБУТОВА ТЕХНІКА ТА ТОВАРИ,Сантехніка для ванної кімнати,,
101,10,04,,ПОБУТОВА ТЕХНІКА ТА ТОВАРИ,Сантехніка для ванної кімнати,Раковини і стійки,
101,10,04,01,ПОБУТОВА ТЕХНІКА ТА ТОВАРИ,Сантехніка для ванної кімнати,Раковини і стійки,Раковини
101,10,05,,ПОБУТОВА ТЕХНІКА ТА ТОВАРИ,Сантехніка для ванної кімнати,Змішувачі,
101,10,05,01,ПОБУТОВА ТЕХНІКА ТА ТОВАРИ,Сантехніка для ванної кімнати,Змішувачі,Змішувачі для ванни
101,10,05,02,ПОБУТОВА ТЕХНІКА ТА ТОВАРИ,Сантехніка для ванної кімнати,Змішувачі,Змішувачі для раковини
101,10,05,03,ПОБУТОВА ТЕХНІКА ТА ТОВАРИ,Сантехніка для ванної кімнати,Змішувачі,Змішувачі для душу
101,10,05,04,ПОБУТОВА ТЕХНІКА ТА ТОВАРИ,Сантехніка для ванної кімнати,Змішувачі,Змішувачі для біде
101,10,06,,ПОБУТОВА ТЕХНІКА ТА ТОВАРИ,Сантехніка для ванної кімнати,Душові,
101,10,06,03,ПОБУТОВА ТЕХНІКА ТА ТОВАРИ,Сантехніка для ванної кімнати,Душові,Душове обладнання
101,10,07,,ПОБУТОВА ТЕХНІКА ТА ТОВАРИ,Сантехніка для ванної кімнати,Аксесуари для ванної кімнати,
101,10,07,01,ПОБУТОВА ТЕХНІКА ТА ТОВАРИ,Сантехніка для ванної кімнати,Аксесуари для ванної кімнати,Аксесуари для ванної кімнати
101,10,08,,ПОБУТОВА ТЕХНІКА ТА ТОВАРИ,Сантехніка для ванної кімнати,Унітази та інсталяційні системи,
101,10,08,01,ПОБУТОВА ТЕХНІКА ТА ТОВАРИ,Сантехніка для ванної кімнати,Унітази та інсталяційні системи,Унітази
101,10,08,02,ПОБУТОВА ТЕХНІКА ТА ТОВАРИ,Сантехніка для ванної кімнати,Унітази та інсталяційні системи,Інсталяційні системи
101,10,08,03,ПОБУТОВА ТЕХНІКА ТА ТОВАРИ,Сантехніка для ванної кімнати,Унітази та інсталяційні системи,Комплектуючі інсталяційних систем
101,10,09,,ПОБУТОВА ТЕХНІКА ТА ТОВАРИ,Сантехніка для ванної кімнати,Сушарки для рушників,
101,10,09,01,ПОБУТОВА ТЕХНІКА ТА ТОВАРИ,Сантехніка для ванної кімнати,Сушарки для рушників,Сушарки для рушників
101,11,,,ПОБУТОВА ТЕХНІКА ТА ТОВАРИ,Домашній текстиль,,
101,11,01,,ПОБУТОВА ТЕХНІКА ТА ТОВАРИ,Домашній текстиль,Текстиль для кухні,
101,11,01,01,ПОБУТОВА ТЕХНІКА ТА ТОВАРИ,Домашній текстиль,Текстиль для кухні,"Скатертини, ранери і серветки"
101,11,01,02,ПОБУТОВА ТЕХНІКА ТА ТОВАРИ,Домашній текстиль,Текстиль для кухні,Прихватки
101,11,01,03,ПОБУТОВА ТЕХНІКА ТА ТОВАРИ,Домашній текстиль,Текстиль для кухні,Рушнички і килимки для сушки посуду
101,11,01,04,ПОБУТОВА ТЕХНІКА ТА ТОВАРИ,Домашній текстиль,Текстиль для кухні,Фартухи
101,11,01,05,ПОБУТОВА ТЕХНІКА ТА ТОВАРИ,Домашній текстиль,Текстиль для кухні,Подушки для стільця
101,11,02,,ПОБУТОВА ТЕХНІКА ТА ТОВАРИ,Домашній текстиль,Текстиль для спальні,
101,11,02,01,ПОБУТОВА ТЕХНІКА ТА ТОВАРИ,Домашній текстиль,Текстиль для спальні,Комплекти постільної білизни
101,11,02,02,ПОБУТОВА ТЕХНІКА ТА ТОВАРИ,Домашній текстиль,Текстиль для спальні,"Окрема постільна білизна - наволочки, простирадла, підковдри"
101,11,02,04,ПОБУТОВА ТЕХНІКА ТА ТОВАРИ,Домашній текстиль,Текстиль для спальні,Подушки
101,11,02,05,ПОБУТОВА ТЕХНІКА ТА ТОВАРИ,Домашній текстиль,Текстиль для спальні,Матраци і наматрацники
101,11,03,,ПОБУТОВА ТЕХНІКА ТА ТОВАРИ,Домашній текстиль,Текстиль для ванної,
101,11,03,01,ПОБУТОВА ТЕХНІКА ТА ТОВАРИ,Домашній текстиль,Текстиль для ванної,Рушники
101,11,03,02,ПОБУТОВА ТЕХНІКА ТА ТОВАРИ,Домашній текстиль,Текстиль для ванної,Килимки для ніг
101,11,03,03,ПОБУТОВА ТЕХНІКА ТА ТОВАРИ,Домашній текстиль,Текстиль для ванної,Халати
101,11,04,,ПОБУТОВА ТЕХНІКА ТА ТОВАРИ,Домашній текстиль,Декоративний текстиль,
101,11,04,01,ПОБУТОВА ТЕХНІКА ТА ТОВАРИ,Домашній текстиль,Декоративний текстиль,Покривала
101,11,04,03,ПОБУТОВА ТЕХНІКА ТА ТОВАРИ,Домашній текстиль,Декоративний текстиль,Пледи
101,11,04,04,ПОБУТОВА ТЕХНІКА ТА ТОВАРИ,Домашній текстиль,Декоративний текстиль,Декоративні подушки та наволочки
101,11,04,05,ПОБУТОВА ТЕХНІКА ТА ТОВАРИ,Домашній текстиль,Декоративний текстиль,Штори
101,11,04,06,ПОБУТОВА ТЕХНІКА ТА ТОВАРИ,Домашній текстиль,Декоративний текстиль,Тюль
101,12,,,ПОБУТОВА ТЕХНІКА ТА ТОВАРИ,Товари для господарства,,
101,12,01,,ПОБУТОВА ТЕХНІКА ТА ТОВАРИ,Товари для господарства,Господарський інвентар,
101,12,01,01,ПОБУТОВА ТЕХНІКА ТА ТОВАРИ,Товари для господарства,Господарський інвентар,Швабри
101,12,01,03,ПОБУТОВА ТЕХНІКА ТА ТОВАРИ,Товари для господарства,Господарський інвентар,Щітки та совки
101,12,02,,ПОБУТОВА ТЕХНІКА ТА ТОВАРИ,Товари для господарства,Зберігання та догляд за одягом,
101,12,02,01,ПОБУТОВА ТЕХНІКА ТА ТОВАРИ,Товари для господарства,Зберігання та догляд за одягом,Сушарки для білизни
101,12,02,04,ПОБУТОВА ТЕХНІКА ТА ТОВАРИ,Товари для господарства,Зберігання та догляд за одягом,Кошики для білизни
101,12,02,05,ПОБУТОВА ТЕХНІКА ТА ТОВАРИ,Товари для господарства,Зберігання та догляд за одягом,Контейнери для зберігання
101,12,02,08,ПОБУТОВА ТЕХНІКА ТА ТОВАРИ,Товари для господарства,Зберігання та догляд за одягом,Вішаки для одягу
101,12,03,,ПОБУТОВА ТЕХНІКА ТА ТОВАРИ,Товари для господарства,Аксесуари для ванних кімнат,
101,12,03,01,ПОБУТОВА ТЕХНІКА ТА ТОВАРИ,Товари для господарства,Аксесуари для ванних кімнат,Органайзери для ванної кімнати
101,12,03,03,ПОБУТОВА ТЕХНІКА ТА ТОВАРИ,Товари для господарства,Аксесуари для ванних кімнат,Коврики
101,12,03,04,ПОБУТОВА ТЕХНІКА ТА ТОВАРИ,Товари для господарства,Аксесуари для ванних кімнат,Скребки для душа
101,12,03,05,ПОБУТОВА ТЕХНІКА ТА ТОВАРИ,Товари для господарства,Аксесуари для ванних кімнат,Щітка для унітаза
101,12,03,06,ПОБУТОВА ТЕХНІКА ТА ТОВАРИ,Товари для господарства,Аксесуари для ванних кімнат,Смітник для туалету
101,12,04,,ПОБУТОВА ТЕХНІКА ТА ТОВАРИ,Товари для господарства,Аксусуари для кухні,
101,12,04,01,ПОБУТОВА ТЕХНІКА ТА ТОВАРИ,Товари для господарства,Аксусуари для кухні,Таці для стікання посуду
101,12,04,02,ПОБУТОВА ТЕХНІКА ТА ТОВАРИ,Товари для господарства,Аксусуари для кухні,Щітка для миття посуду
101,12,04,05,ПОБУТОВА ТЕХНІКА ТА ТОВАРИ,Товари для господарства,Аксусуари для кухні,Органайзери для кухні
101,12,05,,ПОБУТОВА ТЕХНІКА ТА ТОВАРИ,Товари для господарства,Декор для дому,
101,12,05,01,ПОБУТОВА ТЕХНІКА ТА ТОВАРИ,Товари для господарства,Декор для дому,Органайзери для косметики та прикрас
101,13,,,ПОБУТОВА ТЕХНІКА ТА ТОВАРИ,Кава та напої,,
101,13,05,,ПОБУТОВА ТЕХНІКА ТА ТОВАРИ,Кава та напої,Чай,
101,13,05,01,ПОБУТОВА ТЕХНІКА ТА ТОВАРИ,Кава та напої,Чай,Чай
102,,,,СПОЖИВЧІ ТОВАРИ І ЕЛЕКТРОНІКА,,,
102,01,,,СПОЖИВЧІ ТОВАРИ І ЕЛЕКТРОНІКА,"Ноутбуки, планшети, ПК",,
102,01,01,,СПОЖИВЧІ ТОВАРИ І ЕЛЕКТРОНІКА,"Ноутбуки, планшети, ПК",Ноутбуки,
102,01,01,01,СПОЖИВЧІ ТОВАРИ І ЕЛЕКТРОНІКА,"Ноутбуки, планшети, ПК",Ноутбуки,Ноутбуки для бізнесу
102,01,01,02,СПОЖИВЧІ ТОВАРИ І ЕЛЕКТРОНІКА,"Ноутбуки, планшети, ПК",Ноутбуки,Ноутбуки споживчі
102,01,02,,СПОЖИВЧІ ТОВАРИ І ЕЛЕКТРОНІКА,"Ноутбуки, планшети, ПК",Планшети та електронні книги,
102,01,02,01,СПОЖИВЧІ ТОВАРИ І ЕЛЕКТРОНІКА,"Ноутбуки, планшети, ПК",Планшети та електронні книги,Планшети
102,01,02,02,СПОЖИВЧІ ТОВАРИ І ЕЛЕКТРОНІКА,"Ноутбуки, планшети, ПК",Планшети та електронні книги,Електронні книги
102,01,02,03,СПОЖИВЧІ ТОВАРИ І ЕЛЕКТРОНІКА,"Ноутбуки, планшети, ПК",Планшети та електронні книги,Графічні планшети
102,01,03,,СПОЖИВЧІ ТОВАРИ І ЕЛЕКТРОНІКА,"Ноутбуки, планшети, ПК",Комп'ютери й робочі станції,
102,01,03,01,СПОЖИВЧІ ТОВАРИ І ЕЛЕКТРОНІКА,"Ноутбуки, планшети, ПК",Комп'ютери й робочі станції,Робочі станції
102,01,03,02,СПОЖИВЧІ ТОВАРИ І ЕЛЕКТРОНІКА,"Ноутбуки, планшети, ПК",Комп'ютери й робочі станції,Комп'ютери бізнес
102,01,03,03,СПОЖИВЧІ ТОВАРИ І ЕЛЕКТРОНІКА,"Ноутбуки, планшети, ПК",Комп'ютери й робочі станції,Комп'ютери споживчі
102,01,03,04,СПОЖИВЧІ ТОВАРИ І ЕЛЕКТРОНІКА,"Ноутбуки, планшети, ПК",Комп'ютери й робочі станції,Моноблоки для бізнесу
102,01,03,05,СПОЖИВЧІ ТОВАРИ І ЕЛЕКТРОНІКА,"Ноутбуки, планшети, ПК",Комп'ютери й робочі станції,Тонкі клієнти
102,01,03,06,СПОЖИВЧІ ТОВАРИ І ЕЛЕКТРОНІКА,"Ноутбуки, планшети, ПК",Комп'ютери й робочі станції,Моноблоки споживчі
102,02,,,СПОЖИВЧІ ТОВАРИ І ЕЛЕКТРОНІКА,Аудіо та мультимедіа пристрої,,
102,02,01,,СПОЖИВЧІ ТОВАРИ І ЕЛЕКТРОНІКА,Аудіо та мультимедіа пристрої,Аудіо системи,
102,02,01,02,СПОЖИВЧІ ТОВАРИ І ЕЛЕКТРОНІКА,Аудіо та мультимедіа пристрої,Аудіо системи,"Саундбари, акустичні панелі"
102,02,01,09,СПОЖИВЧІ ТОВАРИ І ЕЛЕКТРОНІКА,Аудіо та мультимедіа пристрої,Аудіо системи,"Стійки, кріплення, кронштейни для аудіо / відео"
102,02,01,10,СПОЖИВЧІ ТОВАРИ І ЕЛЕКТРОНІКА,Аудіо та мультимедіа пристрої,Аудіо системи,Акустичні системи для ПК
102,02,01,11,СПОЖИВЧІ ТОВАРИ І ЕЛЕКТРОНІКА,Аудіо та мультимедіа пристрої,Аудіо системи,динаміки вбудовані
102,02,01,13,СПОЖИВЧІ ТОВАРИ І ЕЛЕКТРОНІКА,Аудіо та мультимедіа пристрої,Аудіо системи,сабвуфери
102,02,01,14,СПОЖИВЧІ ТОВАРИ І ЕЛЕКТРОНІКА,Аудіо та мультимедіа пристрої,Аудіо системи,мікрофони  
102,02,01,17,СПОЖИВЧІ ТОВАРИ І ЕЛЕКТРОНІКА,Аудіо та мультимедіа пристрої,Аудіо системи,Стаціонарна акустика для мобільних пристроїв
102,02,02,,СПОЖИВЧІ ТОВАРИ І ЕЛЕКТРОНІКА,Аудіо та мультимедіа пристрої,Портативні аудіопристрої,
102,02,02,05,СПОЖИВЧІ ТОВАРИ І ЕЛЕКТРОНІКА,Аудіо та мультимедіа пристрої,Портативні аудіопристрої,Портативні акустичні системи
102,02,03,,СПОЖИВЧІ ТОВАРИ І ЕЛЕКТРОНІКА,Аудіо та мультимедіа пристрої,Навушники і гарнітури,
102,02,03,01,СПОЖИВЧІ ТОВАРИ І ЕЛЕКТРОНІКА,Аудіо та мультимедіа пристрої,Навушники і гарнітури,Гарнітури вставні для мобільних пристроїв
102,02,03,02,СПОЖИВЧІ ТОВАРИ І ЕЛЕКТРОНІКА,Аудіо та мультимедіа пристрої,Навушники і гарнітури,Гарнітури накладні для мобільних пристроїв
102,02,03,03,СПОЖИВЧІ ТОВАРИ І ЕЛЕКТРОНІКА,Аудіо та мультимедіа пристрої,Навушники і гарнітури,Навушники вставні
102,02,03,04,СПОЖИВЧІ ТОВАРИ І ЕЛЕКТРОНІКА,Аудіо та мультимедіа пристрої,Навушники і гарнітури,Навушники накладні
102,02,03,06,СПОЖИВЧІ ТОВАРИ І ЕЛЕКТРОНІКА,Аудіо та мультимедіа пристрої,Навушники і гарнітури,Гарнітури ПК
102,02,03,07,СПОЖИВЧІ ТОВАРИ І ЕЛЕКТРОНІКА,Аудіо та мультимедіа пристрої,Навушники і гарнітури,Гарнітури ігрових консолей
102,02,03,08,СПОЖИВЧІ ТОВАРИ І ЕЛЕКТРОНІКА,Аудіо та мультимедіа пристрої,Навушники і гарнітури,Навушники TWS
102,02,03,09,СПОЖИВЧІ ТОВАРИ І ЕЛЕКТРОНІКА,Аудіо та мультимедіа пристрої,Навушники і гарнітури,Аксесуари для гарнітур і навушників
102,03,,,СПОЖИВЧІ ТОВАРИ І ЕЛЕКТРОНІКА,Телеком пристрої,,
102,03,01,,СПОЖИВЧІ ТОВАРИ І ЕЛЕКТРОНІКА,Телеком пристрої,Телефони стаціонарні і факси,
102,03,01,01,СПОЖИВЧІ ТОВАРИ І ЕЛЕКТРОНІКА,Телеком пристрої,Телефони стаціонарні і факси,Телефони дротові
102,03,01,02,СПОЖИВЧІ ТОВАРИ І ЕЛЕКТРОНІКА,Телеком пристрої,Телефони стаціонарні і факси,Телефони IP дротові
102,03,01,03,СПОЖИВЧІ ТОВАРИ І ЕЛЕКТРОНІКА,Телеком пристрої,Телефони стаціонарні і факси,Телефони DECT IP бездротові
102,03,01,04,СПОЖИВЧІ ТОВАРИ І ЕЛЕКТРОНІКА,Телеком пристрої,Телефони стаціонарні і факси,Телефони DECT бездротові
102,03,01,05,СПОЖИВЧІ ТОВАРИ І ЕЛЕКТРОНІКА,Телеком пристрої,Телефони стаціонарні і факси,DECT трубки додаткові
102,03,02,,СПОЖИВЧІ ТОВАРИ І ЕЛЕКТРОНІКА,Телеком пристрої,Мобільний зв'язок,
102,03,02,01,СПОЖИВЧІ ТОВАРИ І ЕЛЕКТРОНІКА,Телеком пристрої,Мобільний зв'язок,Мобільні телефони
102,03,02,02,СПОЖИВЧІ ТОВАРИ І ЕЛЕКТРОНІКА,Телеком пристрої,Мобільний зв'язок,Смартфони
102,04,,,СПОЖИВЧІ ТОВАРИ І ЕЛЕКТРОНІКА,Транспорт,,
102,04,01,,СПОЖИВЧІ ТОВАРИ І ЕЛЕКТРОНІКА,Транспорт,Транспорт,
102,04,01,01,СПОЖИВЧІ ТОВАРИ І ЕЛЕКТРОНІКА,Транспорт,Транспорт,Елетровелосипеди
102,04,01,04,СПОЖИВЧІ ТОВАРИ І ЕЛЕКТРОНІКА,Транспорт,Транспорт,Електросамокати
102,04,01,06,СПОЖИВЧІ ТОВАРИ І ЕЛЕКТРОНІКА,Транспорт,Транспорт,Електрокарти
102,04,01,08,СПОЖИВЧІ ТОВАРИ І ЕЛЕКТРОНІКА,Транспорт,Транспорт,Електроскутери
102,04,03,,СПОЖИВЧІ ТОВАРИ І ЕЛЕКТРОНІКА,Транспорт,Захисне та додаткове обладнання,
102,04,03,01,СПОЖИВЧІ ТОВАРИ І ЕЛЕКТРОНІКА,Транспорт,Захисне та додаткове обладнання,Захисне обладнання
102,04,03,02,СПОЖИВЧІ ТОВАРИ І ЕЛЕКТРОНІКА,Транспорт,Захисне та додаткове обладнання,Додаткове обладнання
102,04,99,,СПОЖИВЧІ ТОВАРИ І ЕЛЕКТРОНІКА,Транспорт,Аксесуари та комплектуючі до електротранспорту,
102,04,99,01,СПОЖИВЧІ ТОВАРИ І ЕЛЕКТРОНІКА,Транспорт,Аксесуари та комплектуючі до електротранспорту,Аксесуари для електротранспорту
102,05,,,СПОЖИВЧІ ТОВАРИ І ЕЛЕКТРОНІКА,"Ігрові пристрої, ігри для консолей і ПК, мерчандайз",,
102,05,01,,СПОЖИВЧІ ТОВАРИ І ЕЛЕКТРОНІКА,"Ігрові пристрої, ігри для консолей і ПК, мерчандайз",Ігри для консолей,
102,05,01,01,СПОЖИВЧІ ТОВАРИ І ЕЛЕКТРОНІКА,"Ігрові пристрої, ігри для консолей і ПК, мерчандайз",Ігри для консолей,Ігри Nintendo Switch
102,05,01,02,СПОЖИВЧІ ТОВАРИ І ЕЛЕКТРОНІКА,"Ігрові пристрої, ігри для консолей і ПК, мерчандайз",Ігри для консолей,Ігри PlayStation 4
102,05,01,03,СПОЖИВЧІ ТОВАРИ І ЕЛЕКТРОНІКА,"Ігрові пристрої, ігри для консолей і ПК, мерчандайз",Ігри для консолей,Ігри PlayStation 5
102,05,01,05,СПОЖИВЧІ ТОВАРИ І ЕЛЕКТРОНІКА,"Ігрові пристрої, ігри для консолей і ПК, мерчандайз",Ігри для консолей,Ігри Xbox Series X
102,05,01,07,СПОЖИВЧІ ТОВАРИ І ЕЛЕКТРОНІКА,"Ігрові пристрої, ігри для консолей і ПК, мерчандайз",Ігри для консолей,Ігри Nintendo Switch 2
102,05,02,,СПОЖИВЧІ ТОВАРИ І ЕЛЕКТРОНІКА,"Ігрові пристрої, ігри для консолей і ПК, мерчандайз",Ігри для PC,
102,05,02,01,СПОЖИВЧІ ТОВАРИ І ЕЛЕКТРОНІКА,"Ігрові пристрої, ігри для консолей і ПК, мерчандайз",Ігри для PC,Ігри для PC
102,05,03,,СПОЖИВЧІ ТОВАРИ І ЕЛЕКТРОНІКА,"Ігрові пристрої, ігри для консолей і ПК, мерчандайз",Ігрові консолі і аксесуари,
102,05,03,01,СПОЖИВЧІ ТОВАРИ І ЕЛЕКТРОНІКА,"Ігрові пристрої, ігри для консолей і ПК, мерчандайз",Ігрові консолі і аксесуари,Ігрові консолі
102,05,03,99,СПОЖИВЧІ ТОВАРИ І ЕЛЕКТРОНІКА,"Ігрові пристрої, ігри для консолей і ПК, мерчандайз",Ігрові консолі і аксесуари,Аксесуари до ігрових консолей
102,05,04,,СПОЖИВЧІ ТОВАРИ І ЕЛЕКТРОНІКА,"Ігрові пристрої, ігри для консолей і ПК, мерчандайз",Мерчендайз і геймінг атрибутика,
102,05,04,01,СПОЖИВЧІ ТОВАРИ І ЕЛЕКТРОНІКА,"Ігрові пристрої, ігри для консолей і ПК, мерчандайз",Мерчендайз і геймінг атрибутика,Брелоки (геймінг)
102,05,04,02,СПОЖИВЧІ ТОВАРИ І ЕЛЕКТРОНІКА,"Ігрові пристрої, ігри для консолей і ПК, мерчандайз",Мерчендайз і геймінг атрибутика,Фігурки і моделі (геймінг)
102,05,04,04,СПОЖИВЧІ ТОВАРИ І ЕЛЕКТРОНІКА,"Ігрові пристрої, ігри для консолей і ПК, мерчандайз",Мерчендайз і геймінг атрибутика,Пазли (геймінг)
102,05,04,05,СПОЖИВЧІ ТОВАРИ І ЕЛЕКТРОНІКА,"Ігрові пристрої, ігри для консолей і ПК, мерчандайз",Мерчендайз і геймінг атрибутика,Колекційні картки
102,05,04,06,СПОЖИВЧІ ТОВАРИ І ЕЛЕКТРОНІКА,"Ігрові пристрої, ігри для консолей і ПК, мерчандайз",Мерчендайз і геймінг атрибутика,Чашки (геймінг)
102,05,04,98,СПОЖИВЧІ ТОВАРИ І ЕЛЕКТРОНІКА,"Ігрові пристрої, ігри для консолей і ПК, мерчандайз",Мерчендайз і геймінг атрибутика,Інша геймінг атрибутика
102,05,05,,СПОЖИВЧІ ТОВАРИ І ЕЛЕКТРОНІКА,"Ігрові пристрої, ігри для консолей і ПК, мерчандайз",Маніпулятори для ігрових консолей і ПК,
102,05,05,01,СПОЖИВЧІ ТОВАРИ І ЕЛЕКТРОНІКА,"Ігрові пристрої, ігри для консолей і ПК, мерчандайз",Маніпулятори для ігрових консолей і ПК,Геймпади для ігрових консолей і ПК
102,05,05,02,СПОЖИВЧІ ТОВАРИ І ЕЛЕКТРОНІКА,"Ігрові пристрої, ігри для консолей і ПК, мерчандайз",Маніпулятори для ігрових консолей і ПК,Джойстики для ігрових консолей і ПК
102,05,05,03,СПОЖИВЧІ ТОВАРИ І ЕЛЕКТРОНІКА,"Ігрові пристрої, ігри для консолей і ПК, мерчандайз",Маніпулятори для ігрових консолей і ПК,Кермо для ігрових консолей і ПК
102,05,05,04,СПОЖИВЧІ ТОВАРИ І ЕЛЕКТРОНІКА,"Ігрові пристрої, ігри для консолей і ПК, мерчандайз",Маніпулятори для ігрових консолей і ПК,Маніпулятори для ігрових консолей і ПК
102,06,,,СПОЖИВЧІ ТОВАРИ І ЕЛЕКТРОНІКА,Товари та аксесуари для подорожей,,
102,06,01,,СПОЖИВЧІ ТОВАРИ І ЕЛЕКТРОНІКА,Товари та аксесуари для подорожей,Товари для подорожей,
102,06,01,01,СПОЖИВЧІ ТОВАРИ І ЕЛЕКТРОНІКА,Товари та аксесуари для подорожей,Товари для подорожей,Валізи
102,06,01,02,СПОЖИВЧІ ТОВАРИ І ЕЛЕКТРОНІКА,Товари та аксесуари для подорожей,Товари для подорожей,Кейс-пілоти
102,06,01,03,СПОЖИВЧІ ТОВАРИ І ЕЛЕКТРОНІКА,Товари та аксесуари для подорожей,Товари для подорожей,Дитячі валізи
102,06,01,04,СПОЖИВЧІ ТОВАРИ І ЕЛЕКТРОНІКА,Товари та аксесуари для подорожей,Товари для подорожей,Рюкзаки дорожні
102,06,01,05,СПОЖИВЧІ ТОВАРИ І ЕЛЕКТРОНІКА,Товари та аксесуари для подорожей,Товари для подорожей,Рюкзаки туристичні
102,06,01,06,СПОЖИВЧІ ТОВАРИ І ЕЛЕКТРОНІКА,Товари та аксесуари для подорожей,Товари для подорожей,Дитячі рюкзаки
102,06,01,07,СПОЖИВЧІ ТОВАРИ І ЕЛЕКТРОНІКА,Товари та аксесуари для подорожей,Товари для подорожей,Сумки через плече для планшету
102,06,01,08,СПОЖИВЧІ ТОВАРИ І ЕЛЕКТРОНІКА,Товари та аксесуари для подорожей,Товари для подорожей,Сумки на пояс
102,06,01,09,СПОЖИВЧІ ТОВАРИ І ЕЛЕКТРОНІКА,Товари та аксесуари для подорожей,Товари для подорожей,Сумки дорожні та спортивні
102,06,01,10,СПОЖИВЧІ ТОВАРИ І ЕЛЕКТРОНІКА,Товари та аксесуари для подорожей,Товари для подорожей,Сумки дорожні на колесах
102,06,01,11,СПОЖИВЧІ ТОВАРИ І ЕЛЕКТРОНІКА,Товари та аксесуари для подорожей,Товари для подорожей,Складані сумки і рюкзаки
102,06,01,13,СПОЖИВЧІ ТОВАРИ І ЕЛЕКТРОНІКА,Товари та аксесуари для подорожей,Товари для подорожей,Б'юті-кейси і косметички
102,06,01,14,СПОЖИВЧІ ТОВАРИ І ЕЛЕКТРОНІКА,Товари та аксесуари для подорожей,Товари для подорожей,Парасолі
102,06,01,15,СПОЖИВЧІ ТОВАРИ І ЕЛЕКТРОНІКА,Товари та аксесуари для подорожей,Товари для подорожей,Дорожні подушки
102,06,01,16,СПОЖИВЧІ ТОВАРИ І ЕЛЕКТРОНІКА,Товари та аксесуари для подорожей,Товари для подорожей,Гаманці і портмоне
102,06,01,19,СПОЖИВЧІ ТОВАРИ І ЕЛЕКТРОНІКА,Товари та аксесуари для подорожей,Товари для подорожей,Замки для багажу
102,06,01,99,СПОЖИВЧІ ТОВАРИ І ЕЛЕКТРОНІКА,Товари та аксесуари для подорожей,Товари для подорожей,Дорожні аксесуари
102,08,,,СПОЖИВЧІ ТОВАРИ І ЕЛЕКТРОНІКА,"Елементи живлення, ліхтарі",,
102,08,01,,СПОЖИВЧІ ТОВАРИ І ЕЛЕКТРОНІКА,"Елементи живлення, ліхтарі",Елементи живлення для побутової та офісної техніки,
102,08,01,01,СПОЖИВЧІ ТОВАРИ І ЕЛЕКТРОНІКА,"Елементи живлення, ліхтарі",Елементи живлення для побутової та офісної техніки,Акумулятори побутові
102,08,01,02,СПОЖИВЧІ ТОВАРИ І ЕЛЕКТРОНІКА,"Елементи живлення, ліхтарі",Елементи живлення для побутової та офісної техніки,Батарейки
102,08,01,03,СПОЖИВЧІ ТОВАРИ І ЕЛЕКТРОНІКА,"Елементи живлення, ліхтарі",Елементи живлення для побутової та офісної техніки,Зарядні пристрої побутові
102,08,02,,СПОЖИВЧІ ТОВАРИ І ЕЛЕКТРОНІКА,"Елементи живлення, ліхтарі",Ліхтарі,
102,08,02,01,СПОЖИВЧІ ТОВАРИ І ЕЛЕКТРОНІКА,"Елементи живлення, ліхтарі",Ліхтарі,Ліхтарі
102,09,,,СПОЖИВЧІ ТОВАРИ І ЕЛЕКТРОНІКА,Мережеве обладнання активне,,
102,09,01,,СПОЖИВЧІ ТОВАРИ І ЕЛЕКТРОНІКА,Мережеве обладнання активне,IP-камери і IP-відеореєстратори,
102,09,01,01,СПОЖИВЧІ ТОВАРИ І ЕЛЕКТРОНІКА,Мережеве обладнання активне,IP-камери і IP-відеореєстратори,IP-камери корпусні
102,09,01,03,СПОЖИВЧІ ТОВАРИ І ЕЛЕКТРОНІКА,Мережеве обладнання активне,IP-камери і IP-відеореєстратори,IP-відеореєстратори
102,09,02,,СПОЖИВЧІ ТОВАРИ І ЕЛЕКТРОНІКА,Мережеве обладнання активне,Бездротове обладнання,
102,09,02,01,СПОЖИВЧІ ТОВАРИ І ЕЛЕКТРОНІКА,Мережеве обладнання активне,Бездротове обладнання,Антени-WiFi
102,09,02,02,СПОЖИВЧІ ТОВАРИ І ЕЛЕКТРОНІКА,Мережеве обладнання активне,Бездротове обладнання,Точки доступу і повторювачі
102,09,02,03,СПОЖИВЧІ ТОВАРИ І ЕЛЕКТРОНІКА,Мережеве обладнання активне,Бездротове обладнання,WiFi-адаптери
102,09,02,04,СПОЖИВЧІ ТОВАРИ І ЕЛЕКТРОНІКА,Мережеве обладнання активне,Бездротове обладнання,Контролери бездротових мереж
102,09,03,,СПОЖИВЧІ ТОВАРИ І ЕЛЕКТРОНІКА,Мережеве обладнання активне,Маршрутизатори,
102,09,03,01,СПОЖИВЧІ ТОВАРИ І ЕЛЕКТРОНІКА,Мережеве обладнання активне,Маршрутизатори,Маршрутизатори
102,09,03,02,СПОЖИВЧІ ТОВАРИ І ЕЛЕКТРОНІКА,Мережеве обладнання активне,Маршрутизатори,MESH-системи
102,09,03,99,СПОЖИВЧІ ТОВАРИ І ЕЛЕКТРОНІКА,Мережеве обладнання активне,Маршрутизатори,Опції для маршрутизаторів
102,09,04,,СПОЖИВЧІ ТОВАРИ І ЕЛЕКТРОНІКА,Мережеве обладнання активне,Комутатори,
102,09,04,01,СПОЖИВЧІ ТОВАРИ І ЕЛЕКТРОНІКА,Мережеве обладнання активне,Комутатори,Комутатори некеровані
102,09,04,02,СПОЖИВЧІ ТОВАРИ І ЕЛЕКТРОНІКА,Мережеве обладнання активне,Комутатори,Комутатори WebSmart
102,09,04,03,СПОЖИВЧІ ТОВАРИ І ЕЛЕКТРОНІКА,Мережеве обладнання активне,Комутатори,Комутатори керовані
102,09,04,05,СПОЖИВЧІ ТОВАРИ І ЕЛЕКТРОНІКА,Мережеве обладнання активне,Комутатори,Модулі для комутаторів
102,09,05,,СПОЖИВЧІ ТОВАРИ І ЕЛЕКТРОНІКА,Мережеве обладнання активне,Продукти VoIP,
102,09,05,02,СПОЖИВЧІ ТОВАРИ І ЕЛЕКТРОНІКА,Мережеве обладнання активне,Продукти VoIP,VoIP-шлюзи
102,09,09,,СПОЖИВЧІ ТОВАРИ І ЕЛЕКТРОНІКА,Мережеве обладнання активне,"Кабелі, подовжувачі, адаптери, перехідники",
102,09,09,01,СПОЖИВЧІ ТОВАРИ І ЕЛЕКТРОНІКА,Мережеве обладнання активне,"Кабелі, подовжувачі, адаптери, перехідники","Кабелі, подовжувачі, адаптери, перехідники"
102,09,10,,СПОЖИВЧІ ТОВАРИ І ЕЛЕКТРОНІКА,Мережеве обладнання активне,Медіаконвертери,
102,09,10,01,СПОЖИВЧІ ТОВАРИ І ЕЛЕКТРОНІКА,Мережеве обладнання активне,Медіаконвертери,Медіаконвертери
102,09,12,,СПОЖИВЧІ ТОВАРИ І ЕЛЕКТРОНІКА,Мережеве обладнання активне,Трансівери,
102,09,12,01,СПОЖИВЧІ ТОВАРИ І ЕЛЕКТРОНІКА,Мережеве обладнання активне,Трансівери,Трансівери
102,09,13,,СПОЖИВЧІ ТОВАРИ І ЕЛЕКТРОНІКА,Мережеве обладнання активне,КВМ-Перемикачі,
102,09,13,01,СПОЖИВЧІ ТОВАРИ І ЕЛЕКТРОНІКА,Мережеве обладнання активне,КВМ-Перемикачі,КВМ-Перемикачі
102,09,14,,СПОЖИВЧІ ТОВАРИ І ЕЛЕКТРОНІКА,Мережеве обладнання активне,Принтсервери,
102,09,14,01,СПОЖИВЧІ ТОВАРИ І ЕЛЕКТРОНІКА,Мережеве обладнання активне,Принтсервери,Принтсервери
102,09,15,,СПОЖИВЧІ ТОВАРИ І ЕЛЕКТРОНІКА,Мережеве обладнання активне,Продукти xDSL,
102,09,15,01,СПОЖИВЧІ ТОВАРИ І ЕЛЕКТРОНІКА,Мережеве обладнання активне,Продукти xDSL,Продукти xDSL
102,09,16,,СПОЖИВЧІ ТОВАРИ І ЕЛЕКТРОНІКА,Мережеве обладнання активне,Мережеві адаптери,
102,09,16,01,СПОЖИВЧІ ТОВАРИ І ЕЛЕКТРОНІКА,Мережеве обладнання активне,Мережеві адаптери,Мережеві адаптери
102,09,17,,СПОЖИВЧІ ТОВАРИ І ЕЛЕКТРОНІКА,Мережеве обладнання активне,Powerline-адаптери,
102,09,17,01,СПОЖИВЧІ ТОВАРИ І ЕЛЕКТРОНІКА,Мережеве обладнання активне,Powerline-адаптери,Powerline-адаптери
102,10,,,СПОЖИВЧІ ТОВАРИ І ЕЛЕКТРОНІКА,Мережеве обладнання пасивне,,
102,10,01,,СПОЖИВЧІ ТОВАРИ І ЕЛЕКТРОНІКА,Мережеве обладнання пасивне,Кабельна продукція,
102,10,01,01,СПОЖИВЧІ ТОВАРИ І ЕЛЕКТРОНІКА,Мережеве обладнання пасивне,Кабельна продукція,Кабель мідний
102,10,01,03,СПОЖИВЧІ ТОВАРИ І ЕЛЕКТРОНІКА,Мережеве обладнання пасивне,Кабельна продукція,Патч-корди
102,10,01,04,СПОЖИВЧІ ТОВАРИ І ЕЛЕКТРОНІКА,Мережеве обладнання пасивне,Кабельна продукція,Патч-корди оптичні
102,10,02,,СПОЖИВЧІ ТОВАРИ І ЕЛЕКТРОНІКА,Мережеве обладнання пасивне,Телекомунікаційні шафи і стійки,
102,10,02,01,СПОЖИВЧІ ТОВАРИ І ЕЛЕКТРОНІКА,Мережеве обладнання пасивне,Телекомунікаційні шафи і стійки,Телекомунікаційні шафи і стійки
102,10,02,02,СПОЖИВЧІ ТОВАРИ І ЕЛЕКТРОНІКА,Мережеве обладнання пасивне,Телекомунікаційні шафи і стійки,Опції для телекомунікаційних шаф і стійок
102,10,03,,СПОЖИВЧІ ТОВАРИ І ЕЛЕКТРОНІКА,Мережеве обладнання пасивне,Обладнання та інструменти для монтажу і контролю СКС,
102,10,03,01,СПОЖИВЧІ ТОВАРИ І ЕЛЕКТРОНІКА,Мережеве обладнання пасивне,Обладнання та інструменти для монтажу і контролю СКС,Інструменти для монтажу і контролю СКС
102,10,03,02,СПОЖИВЧІ ТОВАРИ І ЕЛЕКТРОНІКА,Мережеве обладнання пасивне,Обладнання та інструменти для монтажу і контролю СКС,Елементи монтажу СКС
102,12,,,СПОЖИВЧІ ТОВАРИ І ЕЛЕКТРОНІКА,Фото і відео,,
102,12,01,,СПОЖИВЧІ ТОВАРИ І ЕЛЕКТРОНІКА,Фото і відео,Оптичні прилади,
102,12,01,01,СПОЖИВЧІ ТОВАРИ І ЕЛЕКТРОНІКА,Фото і відео,Оптичні прилади,Біноклі
102,12,02,,СПОЖИВЧІ ТОВАРИ І ЕЛЕКТРОНІКА,Фото і відео,Фото і відео пристрої,
102,12,02,01,СПОЖИВЧІ ТОВАРИ І ЕЛЕКТРОНІКА,Фото і відео,Фото і відео пристрої,Відеокамери цифрові
102,12,02,02,СПОЖИВЧІ ТОВАРИ І ЕЛЕКТРОНІКА,Фото і відео,Фото і відео пристрої,Цифрові компактні фотокамери
102,12,02,03,СПОЖИВЧІ ТОВАРИ І ЕЛЕКТРОНІКА,Фото і відео,Фото і відео пристрої,Цифрові камери зі змінною оптикою
102,12,02,07,СПОЖИВЧІ ТОВАРИ І ЕЛЕКТРОНІКА,Фото і відео,Фото і відео пристрої,Фотокамери миттєвого друку
102,12,02,08,СПОЖИВЧІ ТОВАРИ І ЕЛЕКТРОНІКА,Фото і відео,Фото і відео пристрої,Об'єктиви для фото / відео камер
102,13,,,СПОЖИВЧІ ТОВАРИ І ЕЛЕКТРОНІКА,Програмне забезпечення для дому / малого офісу,,
102,13,01,,СПОЖИВЧІ ТОВАРИ І ЕЛЕКТРОНІКА,Програмне забезпечення для дому / малого офісу,Програмне забезпечення для дому / малого офісу,
102,13,01,02,СПОЖИВЧІ ТОВАРИ І ЕЛЕКТРОНІКА,Програмне забезпечення для дому / малого офісу,Програмне забезпечення для дому / малого офісу,Операційні системи для дому / малого офісу
102,13,01,03,СПОЖИВЧІ ТОВАРИ І ЕЛЕКТРОНІКА,Програмне забезпечення для дому / малого офісу,Програмне забезпечення для дому / малого офісу,Офісні програми для дому / малого офісу
102,13,01,04,СПОЖИВЧІ ТОВАРИ І ЕЛЕКТРОНІКА,Програмне забезпечення для дому / малого офісу,Програмне забезпечення для дому / малого офісу,Програмні засоби віртуалізації для дому / малого офісу
102,14,,,СПОЖИВЧІ ТОВАРИ І ЕЛЕКТРОНІКА,Носима електроніка,,
102,14,01,,СПОЖИВЧІ ТОВАРИ І ЕЛЕКТРОНІКА,Носима електроніка,Смарт-годинники та фітнес браслети,
102,14,01,01,СПОЖИВЧІ ТОВАРИ І ЕЛЕКТРОНІКА,Носима електроніка,Смарт-годинники та фітнес браслети,Смарт годинники
102,14,01,02,СПОЖИВЧІ ТОВАРИ І ЕЛЕКТРОНІКА,Носима електроніка,Смарт-годинники та фітнес браслети,Фітнес браслети
102,14,03,,СПОЖИВЧІ ТОВАРИ І ЕЛЕКТРОНІКА,Носима електроніка,Аксесуари до смарт годинників та браслетів,
102,14,03,01,СПОЖИВЧІ ТОВАРИ І ЕЛЕКТРОНІКА,Носима електроніка,Аксесуари до смарт годинників та браслетів,Ремінці для смарт-годинників та браслетів
102,15,,,СПОЖИВЧІ ТОВАРИ І ЕЛЕКТРОНІКА,Периферія комп'ютерна ,,
102,15,01,,СПОЖИВЧІ ТОВАРИ І ЕЛЕКТРОНІКА,Периферія комп'ютерна ,Миші комп'ютерні,
102,15,01,01,СПОЖИВЧІ ТОВАРИ І ЕЛЕКТРОНІКА,Периферія комп'ютерна ,Миші комп'ютерні,Миші бездротові
102,15,01,02,СПОЖИВЧІ ТОВАРИ І ЕЛЕКТРОНІКА,Периферія комп'ютерна ,Миші комп'ютерні,Миші дротові
102,15,02,,СПОЖИВЧІ ТОВАРИ І ЕЛЕКТРОНІКА,Периферія комп'ютерна ,Клавіатури,
102,15,02,01,СПОЖИВЧІ ТОВАРИ І ЕЛЕКТРОНІКА,Периферія комп'ютерна ,Клавіатури,Кейкапи та перемикачі
102,15,02,02,СПОЖИВЧІ ТОВАРИ І ЕЛЕКТРОНІКА,Периферія комп'ютерна ,Клавіатури,Клавіатури бездротові
102,15,02,03,СПОЖИВЧІ ТОВАРИ І ЕЛЕКТРОНІКА,Периферія комп'ютерна ,Клавіатури,Клавіатури дротові
102,15,02,04,СПОЖИВЧІ ТОВАРИ І ЕЛЕКТРОНІКА,Периферія комп'ютерна ,Клавіатури,Клавіатури бездротові в комплекті з мишею
102,15,02,05,СПОЖИВЧІ ТОВАРИ І ЕЛЕКТРОНІКА,Периферія комп'ютерна ,Клавіатури,Клавіатури дротові в комплекті з мишею
102,15,03,,СПОЖИВЧІ ТОВАРИ І ЕЛЕКТРОНІКА,Периферія комп'ютерна ,Килимки та підставки,
102,15,03,01,СПОЖИВЧІ ТОВАРИ І ЕЛЕКТРОНІКА,Периферія комп'ютерна ,Килимки та підставки,Килимки без підсвічування
102,15,03,02,СПОЖИВЧІ ТОВАРИ І ЕЛЕКТРОНІКА,Периферія комп'ютерна ,Килимки та підставки,Килимки з підсвічуванням
102,15,03,03,СПОЖИВЧІ ТОВАРИ І ЕЛЕКТРОНІКА,Периферія комп'ютерна ,Килимки та підставки,Підставки моніторів
102,15,03,04,СПОЖИВЧІ ТОВАРИ І ЕЛЕКТРОНІКА,Периферія комп'ютерна ,Килимки та підставки,Підставки ноутбуків
102,15,03,06,СПОЖИВЧІ ТОВАРИ І ЕЛЕКТРОНІКА,Периферія комп'ютерна ,Килимки та підставки,Тримачі кабелю
102,15,03,07,СПОЖИВЧІ ТОВАРИ І ЕЛЕКТРОНІКА,Периферія комп'ютерна ,Килимки та підставки,Підставки під зап’ястя
102,15,04,,СПОЖИВЧІ ТОВАРИ І ЕЛЕКТРОНІКА,Периферія комп'ютерна ,Периферія конференц зв'язку,
102,15,04,01,СПОЖИВЧІ ТОВАРИ І ЕЛЕКТРОНІКА,Периферія комп'ютерна ,Периферія конференц зв'язку,Веб-камери споживчі
102,15,04,02,СПОЖИВЧІ ТОВАРИ І ЕЛЕКТРОНІКА,Периферія комп'ютерна ,Периферія конференц зв'язку,Камери відео-конференц зв'язку
102,15,04,03,СПОЖИВЧІ ТОВАРИ І ЕЛЕКТРОНІКА,Периферія комп'ютерна ,Периферія конференц зв'язку,Мікрофони конференц-систем
102,15,04,04,СПОЖИВЧІ ТОВАРИ І ЕЛЕКТРОНІКА,Периферія комп'ютерна ,Периферія конференц зв'язку,Системи конференц-зв'язку
102,15,05,,СПОЖИВЧІ ТОВАРИ І ЕЛЕКТРОНІКА,Периферія комп'ютерна ,Відео захоплення зображення,
102,15,05,02,СПОЖИВЧІ ТОВАРИ І ЕЛЕКТРОНІКА,Периферія комп'ютерна ,Відео захоплення зображення,Карти захоплення відео
102,15,05,04,СПОЖИВЧІ ТОВАРИ І ЕЛЕКТРОНІКА,Периферія комп'ютерна ,Відео захоплення зображення,Пристрої захоплення відео
102,15,06,,СПОЖИВЧІ ТОВАРИ І ЕЛЕКТРОНІКА,Периферія комп'ютерна ,Джерела та системи безперебійного живлення,
102,15,06,01,СПОЖИВЧІ ТОВАРИ І ЕЛЕКТРОНІКА,Периферія комп'ютерна ,Джерела та системи безперебійного живлення,ДБЖ побутові та для комп'ютерів
102,15,06,02,СПОЖИВЧІ ТОВАРИ І ЕЛЕКТРОНІКА,Периферія комп'ютерна ,Джерела та системи безперебійного живлення,Стабілізатори напруги
102,15,06,03,СПОЖИВЧІ ТОВАРИ І ЕЛЕКТРОНІКА,Периферія комп'ютерна ,Джерела та системи безперебійного живлення,АКБ і замінні батареї для побутових ДБЖ
102,16,,,СПОЖИВЧІ ТОВАРИ І ЕЛЕКТРОНІКА,Меблі комп'ютерні,,
102,16,01,,СПОЖИВЧІ ТОВАРИ І ЕЛЕКТРОНІКА,Меблі комп'ютерні,Столи комп'ютерні,
102,16,01,01,СПОЖИВЧІ ТОВАРИ І ЕЛЕКТРОНІКА,Меблі комп'ютерні,Столи комп'ютерні,Столи з електроприводом
102,16,01,02,СПОЖИВЧІ ТОВАРИ І ЕЛЕКТРОНІКА,Меблі комп'ютерні,Столи комп'ютерні,Столи стандартні
102,16,02,,СПОЖИВЧІ ТОВАРИ І ЕЛЕКТРОНІКА,Меблі комп'ютерні,Крісла Комп'ютерні,
102,16,02,01,СПОЖИВЧІ ТОВАРИ І ЕЛЕКТРОНІКА,Меблі комп'ютерні,Крісла Комп'ютерні,Крісла Комп'ютерні
102,16,02,02,СПОЖИВЧІ ТОВАРИ І ЕЛЕКТРОНІКА,Меблі комп'ютерні,Крісла Комп'ютерні,Фурнітура крісел
102,17,,,СПОЖИВЧІ ТОВАРИ І ЕЛЕКТРОНІКА,Зарядні пристрої та портативні джерела живлення,,
102,17,01,,СПОЖИВЧІ ТОВАРИ І ЕЛЕКТРОНІКА,Зарядні пристрої та портативні джерела живлення,Портативні джерела живлення,
102,17,01,01,СПОЖИВЧІ ТОВАРИ І ЕЛЕКТРОНІКА,Зарядні пристрої та портативні джерела живлення,Портативні джерела живлення,Портативні зарядні батареї (Power Bank)
102,17,01,02,СПОЖИВЧІ ТОВАРИ І ЕЛЕКТРОНІКА,Зарядні пристрої та портативні джерела живлення,Портативні джерела живлення,Портативні зарядні станції (Power Station)
102,17,01,03,СПОЖИВЧІ ТОВАРИ І ЕЛЕКТРОНІКА,Зарядні пристрої та портативні джерела живлення,Портативні джерела живлення,Зарядні пристрої сонячні
102,17,01,04,СПОЖИВЧІ ТОВАРИ І ЕЛЕКТРОНІКА,Зарядні пристрої та портативні джерела живлення,Портативні джерела живлення,"Кабелі, подовжувачі, перехідники альтернативної енергетики"
102,17,02,,СПОЖИВЧІ ТОВАРИ І ЕЛЕКТРОНІКА,Зарядні пристрої та портативні джерела живлення,Зарядні пристрої та адаптери живлення,
102,17,02,01,СПОЖИВЧІ ТОВАРИ І ЕЛЕКТРОНІКА,Зарядні пристрої та портативні джерела живлення,Зарядні пристрої та адаптери живлення,Зарядні пристрої автомобільні
102,17,02,02,СПОЖИВЧІ ТОВАРИ І ЕЛЕКТРОНІКА,Зарядні пристрої та портативні джерела живлення,Зарядні пристрої та адаптери живлення,Зарядні пристрої бездротові
102,17,02,04,СПОЖИВЧІ ТОВАРИ І ЕЛЕКТРОНІКА,Зарядні пристрої та портативні джерела живлення,Зарядні пристрої та адаптери живлення,Зарядні пристрої мережеві
102,18,,,СПОЖИВЧІ ТОВАРИ І ЕЛЕКТРОНІКА,Кабелі інтерфейсів та адаптери,,
102,18,01,,СПОЖИВЧІ ТОВАРИ І ЕЛЕКТРОНІКА,Кабелі інтерфейсів та адаптери,Розгалужувачі портів та док станції,
102,18,01,01,СПОЖИВЧІ ТОВАРИ І ЕЛЕКТРОНІКА,Кабелі інтерфейсів та адаптери,Розгалужувачі портів та док станції,Хаби
102,18,01,02,СПОЖИВЧІ ТОВАРИ І ЕЛЕКТРОНІКА,Кабелі інтерфейсів та адаптери,Розгалужувачі портів та док станції,Док станції
102,18,01,03,СПОЖИВЧІ ТОВАРИ І ЕЛЕКТРОНІКА,Кабелі інтерфейсів та адаптери,Розгалужувачі портів та док станції,Адаптери
102,18,02,,СПОЖИВЧІ ТОВАРИ І ЕЛЕКТРОНІКА,Кабелі інтерфейсів та адаптери,Кабелі синхронізації та живлення,
102,18,02,01,СПОЖИВЧІ ТОВАРИ І ЕЛЕКТРОНІКА,Кабелі інтерфейсів та адаптери,Кабелі синхронізації та живлення,Кабелі синхронізації
102,18,02,02,СПОЖИВЧІ ТОВАРИ І ЕЛЕКТРОНІКА,Кабелі інтерфейсів та адаптери,Кабелі синхронізації та живлення,Кабелі живлення
102,18,02,03,СПОЖИВЧІ ТОВАРИ І ЕЛЕКТРОНІКА,Кабелі інтерфейсів та адаптери,Кабелі синхронізації та живлення,Відео кабелі
102,18,02,04,СПОЖИВЧІ ТОВАРИ І ЕЛЕКТРОНІКА,Кабелі інтерфейсів та адаптери,Кабелі синхронізації та живлення,Аудіо кабелі
102,19,,,СПОЖИВЧІ ТОВАРИ І ЕЛЕКТРОНІКА,Робототехніка,,
102,19,07,,СПОЖИВЧІ ТОВАРИ І ЕЛЕКТРОНІКА,Робототехніка,Робототехніка,
102,19,07,01,СПОЖИВЧІ ТОВАРИ І ЕЛЕКТРОНІКА,Робототехніка,Робототехніка,Роботи
102,19,07,02,СПОЖИВЧІ ТОВАРИ І ЕЛЕКТРОНІКА,Робототехніка,Робототехніка,Програмовані електронні модулі
102,19,07,03,СПОЖИВЧІ ТОВАРИ І ЕЛЕКТРОНІКА,Робототехніка,Робототехніка,Мехатронні системи
102,19,07,04,СПОЖИВЧІ ТОВАРИ І ЕЛЕКТРОНІКА,Робототехніка,Робототехніка,Аксесуари до робототехніки
102,99,,,СПОЖИВЧІ ТОВАРИ І ЕЛЕКТРОНІКА,"Аксесуари для портативної, офісної та домашньої електроніки",,
102,99,01,,СПОЖИВЧІ ТОВАРИ І ЕЛЕКТРОНІКА,"Аксесуари для портативної, офісної та домашньої електроніки",Аксесуари для ноутбуків і ПК,
102,99,01,01,СПОЖИВЧІ ТОВАРИ І ЕЛЕКТРОНІКА,"Аксесуари для портативної, офісної та домашньої електроніки",Аксесуари для ноутбуків і ПК,"Сумки, рюкзаки, чохли для ноутбуків"
102,99,01,02,СПОЖИВЧІ ТОВАРИ І ЕЛЕКТРОНІКА,"Аксесуари для портативної, офісної та домашньої електроніки",Аксесуари для ноутбуків і ПК,Замки для ноутбуків
102,99,01,03,СПОЖИВЧІ ТОВАРИ І ЕЛЕКТРОНІКА,"Аксесуари для портативної, офісної та домашньої електроніки",Аксесуари для ноутбуків і ПК,Тримачі для кабелю
102,99,01,04,СПОЖИВЧІ ТОВАРИ І ЕЛЕКТРОНІКА,"Аксесуари для портативної, офісної та домашньої електроніки",Аксесуари для ноутбуків і ПК,Опції до ноутбуків і ПК
102,99,02,,СПОЖИВЧІ ТОВАРИ І ЕЛЕКТРОНІКА,"Аксесуари для портативної, офісної та домашньої електроніки",Аксесуари для планшетів і до електронних книг,
102,99,02,01,СПОЖИВЧІ ТОВАРИ І ЕЛЕКТРОНІКА,"Аксесуари для портативної, офісної та домашньої електроніки",Аксесуари для планшетів і до електронних книг,Чохли для планшетів
102,99,02,02,СПОЖИВЧІ ТОВАРИ І ЕЛЕКТРОНІКА,"Аксесуари для портативної, офісної та домашньої електроніки",Аксесуари для планшетів і до електронних книг,Чохли для електронних книг
102,99,02,04,СПОЖИВЧІ ТОВАРИ І ЕЛЕКТРОНІКА,"Аксесуари для портативної, офісної та домашньої електроніки",Аксесуари для планшетів і до електронних книг,Захисні плівки та скло для планшетів
102,99,02,05,СПОЖИВЧІ ТОВАРИ І ЕЛЕКТРОНІКА,"Аксесуари для портативної, офісної та домашньої електроніки",Аксесуари для планшетів і до електронних книг,Стiлуси для планшетів
102,99,03,,СПОЖИВЧІ ТОВАРИ І ЕЛЕКТРОНІКА,"Аксесуари для портативної, офісної та домашньої електроніки",Аксесуари для смартфонів,
102,99,03,04,СПОЖИВЧІ ТОВАРИ І ЕЛЕКТРОНІКА,"Аксесуари для портативної, офісної та домашньої електроніки",Аксесуари для смартфонів,Захисні плівки та скло для смартфонів
102,99,03,05,СПОЖИВЧІ ТОВАРИ І ЕЛЕКТРОНІКА,"Аксесуари для портативної, офісної та домашньої електроніки",Аксесуари для смартфонів,Чохли для телефонів і смартфонів
102,99,03,06,СПОЖИВЧІ ТОВАРИ І ЕЛЕКТРОНІКА,"Аксесуари для портативної, офісної та домашньої електроніки",Аксесуари для смартфонів,Тримачі та підставки
102,99,04,,СПОЖИВЧІ ТОВАРИ І ЕЛЕКТРОНІКА,"Аксесуари для портативної, офісної та домашньої електроніки",Кабелі інтерфейсні та зарядні пристрої,
102,99,04,01,СПОЖИВЧІ ТОВАРИ І ЕЛЕКТРОНІКА,"Аксесуари для портативної, офісної та домашньої електроніки",Кабелі інтерфейсні та зарядні пристрої,Мережеві фільтри та подовжувачі
102,99,04,02,СПОЖИВЧІ ТОВАРИ І ЕЛЕКТРОНІКА,"Аксесуари для портативної, офісної та домашньої електроніки",Кабелі інтерфейсні та зарядні пристрої,Зарядні пристрої та адаптери живлення
102,99,04,03,СПОЖИВЧІ ТОВАРИ І ЕЛЕКТРОНІКА,"Аксесуари для портативної, офісної та домашньої електроніки",Кабелі інтерфейсні та зарядні пристрої,"Кабелі, розгалужувачі комп'ютерні"
102,99,04,04,СПОЖИВЧІ ТОВАРИ І ЕЛЕКТРОНІКА,"Аксесуари для портативної, офісної та домашньої електроніки",Кабелі інтерфейсні та зарядні пристрої,"Адаптери, перехідники комп'ютерні"
102,99,04,05,СПОЖИВЧІ ТОВАРИ І ЕЛЕКТРОНІКА,"Аксесуари для портативної, офісної та домашньої електроніки",Кабелі інтерфейсні та зарядні пристрої,Кабелі для аудіо та відео
102,99,05,,СПОЖИВЧІ ТОВАРИ І ЕЛЕКТРОНІКА,"Аксесуари для портативної, офісної та домашньої електроніки",Чистячі засоби для електроніки,
102,99,05,01,СПОЖИВЧІ ТОВАРИ І ЕЛЕКТРОНІКА,"Аксесуари для портативної, офісної та домашньої електроніки",Чистячі засоби для електроніки,Вологі серветки
102,99,05,03,СПОЖИВЧІ ТОВАРИ І ЕЛЕКТРОНІКА,"Аксесуари для портативної, офісної та домашньої електроніки",Чистячі засоби для електроніки,Набори для чищення
102,99,07,,СПОЖИВЧІ ТОВАРИ І ЕЛЕКТРОНІКА,"Аксесуари для портативної, офісної та домашньої електроніки",Аксесуари для фото / відео,
102,99,07,01,СПОЖИВЧІ ТОВАРИ І ЕЛЕКТРОНІКА,"Аксесуари для портативної, офісної та домашньої електроніки",Аксесуари для фото / відео,Змінні об'єктиви для фото / відео
102,99,07,02,СПОЖИВЧІ ТОВАРИ І ЕЛЕКТРОНІКА,"Аксесуари для портативної, офісної та домашньої електроніки",Аксесуари для фото / відео,Світлофільтри до об'єктивів
102,99,07,03,СПОЖИВЧІ ТОВАРИ І ЕЛЕКТРОНІКА,"Аксесуари для портативної, офісної та домашньої електроніки",Аксесуари для фото / відео,Спалахи для фото / відео
102,99,07,04,СПОЖИВЧІ ТОВАРИ І ЕЛЕКТРОНІКА,"Аксесуари для портативної, офісної та домашньої електроніки",Аксесуари для фото / відео,Адаптери і перехідники байонета до об'єктивів
102,99,07,05,СПОЖИВЧІ ТОВАРИ І ЕЛЕКТРОНІКА,"Аксесуари для портативної, офісної та домашньої електроніки",Аксесуари для фото / відео,Додаткові мікрофони для фото / відео
102,99,07,06,СПОЖИВЧІ ТОВАРИ І ЕЛЕКТРОНІКА,"Аксесуари для портативної, офісної та домашньої електроніки",Аксесуари для фото / відео,Пульти дистанційного керування для фото / відео
102,99,07,07,СПОЖИВЧІ ТОВАРИ І ЕЛЕКТРОНІКА,"Аксесуари для портативної, офісної та домашньої електроніки",Аксесуари для фото / відео,Захисні аксесуари для екранів і об'єктивів фото / відео
102,99,07,08,СПОЖИВЧІ ТОВАРИ І ЕЛЕКТРОНІКА,"Аксесуари для портативної, офісної та домашньої електроніки",Аксесуари для фото / відео,Аксесуари для екшн-камер
102,99,07,09,СПОЖИВЧІ ТОВАРИ І ЕЛЕКТРОНІКА,"Аксесуари для портативної, офісної та домашньої електроніки",Аксесуари для фото / відео,Штативи для фото / відео
102,99,07,11,СПОЖИВЧІ ТОВАРИ І ЕЛЕКТРОНІКА,"Аксесуари для портативної, офісної та домашньої електроніки",Аксесуари для фото / відео,"Сумки, рюкзаки, чохли, бокси для фото-відео камер"
102,99,07,12,СПОЖИВЧІ ТОВАРИ І ЕЛЕКТРОНІКА,"Аксесуари для портативної, офісної та домашньої електроніки",Аксесуари для фото / відео,Акумулятори та зарядні пристрої для фото-відео
102,99,07,15,СПОЖИВЧІ ТОВАРИ І ЕЛЕКТРОНІКА,"Аксесуари для портативної, офісної та домашньої електроніки",Аксесуари для фото / відео,Опції для фото/відео
102,99,08,,СПОЖИВЧІ ТОВАРИ І ЕЛЕКТРОНІКА,"Аксесуари для портативної, офісної та домашньої електроніки",Плоттери ріжучі та витратні матеріали,
102,99,08,01,СПОЖИВЧІ ТОВАРИ І ЕЛЕКТРОНІКА,"Аксесуари для портативної, офісної та домашньої електроніки",Плоттери ріжучі та витратні матеріали,Плоттери ріжучі
102,99,08,02,СПОЖИВЧІ ТОВАРИ І ЕЛЕКТРОНІКА,"Аксесуари для портативної, офісної та домашньої електроніки",Плоттери ріжучі та витратні матеріали,Витратні матеріали до ріжучого плоттера
103,,,,ПРОДУКЦІЯ ТА КОМПЛЕКСНІ РІШЕННЯ ДЛЯ ПІДПРИЄМСТВ,,,
103,01,,,ПРОДУКЦІЯ ТА КОМПЛЕКСНІ РІШЕННЯ ДЛЯ ПІДПРИЄМСТВ,Сервери,,
103,01,01,,ПРОДУКЦІЯ ТА КОМПЛЕКСНІ РІШЕННЯ ДЛЯ ПІДПРИЄМСТВ,Сервери,Сервери,
103,01,01,01,ПРОДУКЦІЯ ТА КОМПЛЕКСНІ РІШЕННЯ ДЛЯ ПІДПРИЄМСТВ,Сервери,Сервери,Сервери Tower (напольні)
103,01,01,02,ПРОДУКЦІЯ ТА КОМПЛЕКСНІ РІШЕННЯ ДЛЯ ПІДПРИЄМСТВ,Сервери,Сервери,Сервери Rack (в стійку)
103,01,99,,ПРОДУКЦІЯ ТА КОМПЛЕКСНІ РІШЕННЯ ДЛЯ ПІДПРИЄМСТВ,Сервери,Серверні опції і комплектуючі,
103,01,99,01,ПРОДУКЦІЯ ТА КОМПЛЕКСНІ РІШЕННЯ ДЛЯ ПІДПРИЄМСТВ,Сервери,Серверні опції і комплектуючі,Процесори серверів
103,01,99,02,ПРОДУКЦІЯ ТА КОМПЛЕКСНІ РІШЕННЯ ДЛЯ ПІДПРИЄМСТВ,Сервери,Серверні опції і комплектуючі,Пам'ять оперативна DDR серверів
103,01,99,03,ПРОДУКЦІЯ ТА КОМПЛЕКСНІ РІШЕННЯ ДЛЯ ПІДПРИЄМСТВ,Сервери,Серверні опції і комплектуючі,Накопичувачі HDD і SSD серверів
103,01,99,04,ПРОДУКЦІЯ ТА КОМПЛЕКСНІ РІШЕННЯ ДЛЯ ПІДПРИЄМСТВ,Сервери,Серверні опції і комплектуючі,Блоки живлення серверні
103,01,99,05,ПРОДУКЦІЯ ТА КОМПЛЕКСНІ РІШЕННЯ ДЛЯ ПІДПРИЄМСТВ,Сервери,Серверні опції і комплектуючі,Контролери серверів
103,01,99,06,ПРОДУКЦІЯ ТА КОМПЛЕКСНІ РІШЕННЯ ДЛЯ ПІДПРИЄМСТВ,Сервери,Серверні опції і комплектуючі,Кабелі та адаптери для серверів
103,01,99,07,ПРОДУКЦІЯ ТА КОМПЛЕКСНІ РІШЕННЯ ДЛЯ ПІДПРИЄМСТВ,Сервери,Серверні опції і комплектуючі,Комутатори серверів
103,01,99,10,ПРОДУКЦІЯ ТА КОМПЛЕКСНІ РІШЕННЯ ДЛЯ ПІДПРИЄМСТВ,Сервери,Серверні опції і комплектуючі,ПЗ спеціалізоване серверів
103,02,,,ПРОДУКЦІЯ ТА КОМПЛЕКСНІ РІШЕННЯ ДЛЯ ПІДПРИЄМСТВ,Мережеве обладнання корпоративне,,
103,02,01,,ПРОДУКЦІЯ ТА КОМПЛЕКСНІ РІШЕННЯ ДЛЯ ПІДПРИЄМСТВ,Мережеве обладнання корпоративне,"Маршрутизатор, інтернет шлюзи, роутери корпоративні",
103,02,01,01,ПРОДУКЦІЯ ТА КОМПЛЕКСНІ РІШЕННЯ ДЛЯ ПІДПРИЄМСТВ,Мережеве обладнання корпоративне,"Маршрутизатор, інтернет шлюзи, роутери корпоративні",Маршрутизатор корпоративні
103,02,01,04,ПРОДУКЦІЯ ТА КОМПЛЕКСНІ РІШЕННЯ ДЛЯ ПІДПРИЄМСТВ,Мережеве обладнання корпоративне,"Маршрутизатор, інтернет шлюзи, роутери корпоративні",Модулі для маршрутизаторів корпоративні
103,02,01,05,ПРОДУКЦІЯ ТА КОМПЛЕКСНІ РІШЕННЯ ДЛЯ ПІДПРИЄМСТВ,Мережеве обладнання корпоративне,"Маршрутизатор, інтернет шлюзи, роутери корпоративні","Опції і комплектуючі для маршрутизаторів, роутерів (корпоративні)"
103,02,02,,ПРОДУКЦІЯ ТА КОМПЛЕКСНІ РІШЕННЯ ДЛЯ ПІДПРИЄМСТВ,Мережеве обладнання корпоративне,Комутатори корпоративні,
103,02,02,01,ПРОДУКЦІЯ ТА КОМПЛЕКСНІ РІШЕННЯ ДЛЯ ПІДПРИЄМСТВ,Мережеве обладнання корпоративне,Комутатори корпоративні,Комутатори керовані корпоративні
103,02,02,02,ПРОДУКЦІЯ ТА КОМПЛЕКСНІ РІШЕННЯ ДЛЯ ПІДПРИЄМСТВ,Мережеве обладнання корпоративне,Комутатори корпоративні,Комутатори настроюються корпоративні (WEB-керовані)
103,02,02,03,ПРОДУКЦІЯ ТА КОМПЛЕКСНІ РІШЕННЯ ДЛЯ ПІДПРИЄМСТВ,Мережеве обладнання корпоративне,Комутатори корпоративні,Комутатори некеровані корпоративні
103,02,02,04,ПРОДУКЦІЯ ТА КОМПЛЕКСНІ РІШЕННЯ ДЛЯ ПІДПРИЄМСТВ,Мережеве обладнання корпоративне,Комутатори корпоративні,Модулі для комутаторів корпоративні
103,02,02,05,ПРОДУКЦІЯ ТА КОМПЛЕКСНІ РІШЕННЯ ДЛЯ ПІДПРИЄМСТВ,Мережеве обладнання корпоративне,Комутатори корпоративні,Опції і комплектуючі для комутаторів (корпоративні)
103,02,03,,ПРОДУКЦІЯ ТА КОМПЛЕКСНІ РІШЕННЯ ДЛЯ ПІДПРИЄМСТВ,Мережеве обладнання корпоративне,Пристрої бездротового доступу корпоративні,
103,02,03,01,ПРОДУКЦІЯ ТА КОМПЛЕКСНІ РІШЕННЯ ДЛЯ ПІДПРИЄМСТВ,Мережеве обладнання корпоративне,Пристрої бездротового доступу корпоративні,Точки доступу WiFi корпоративні
103,02,05,,ПРОДУКЦІЯ ТА КОМПЛЕКСНІ РІШЕННЯ ДЛЯ ПІДПРИЄМСТВ,Мережеве обладнання корпоративне,Бездротове обладнання Aruba,
103,02,05,01,ПРОДУКЦІЯ ТА КОМПЛЕКСНІ РІШЕННЯ ДЛЯ ПІДПРИЄМСТВ,Мережеве обладнання корпоративне,Бездротове обладнання Aruba,Бездротове обладнання Aruba
103,03,,,ПРОДУКЦІЯ ТА КОМПЛЕКСНІ РІШЕННЯ ДЛЯ ПІДПРИЄМСТВ,"Інфраструктура для ЦОД, будівель та серверних кімнат",,
103,03,01,,ПРОДУКЦІЯ ТА КОМПЛЕКСНІ РІШЕННЯ ДЛЯ ПІДПРИЄМСТВ,"Інфраструктура для ЦОД, будівель та серверних кімнат",Системи охолодження та кондиціонування ЦОД,
103,03,01,01,ПРОДУКЦІЯ ТА КОМПЛЕКСНІ РІШЕННЯ ДЛЯ ПІДПРИЄМСТВ,"Інфраструктура для ЦОД, будівель та серверних кімнат",Системи охолодження та кондиціонування ЦОД,Прецизійне кондиціонування
103,04,,,ПРОДУКЦІЯ ТА КОМПЛЕКСНІ РІШЕННЯ ДЛЯ ПІДПРИЄМСТВ,Електроживлення і альтернативна енергетика,,
103,04,01,,ПРОДУКЦІЯ ТА КОМПЛЕКСНІ РІШЕННЯ ДЛЯ ПІДПРИЄМСТВ,Електроживлення і альтернативна енергетика,Джерела і системи стабілізації та безперебійного живлення,
103,04,01,01,ПРОДУКЦІЯ ТА КОМПЛЕКСНІ РІШЕННЯ ДЛЯ ПІДПРИЄМСТВ,Електроживлення і альтернативна енергетика,Джерела і системи стабілізації та безперебійного живлення,ДБЖ серверів
103,04,01,02,ПРОДУКЦІЯ ТА КОМПЛЕКСНІ РІШЕННЯ ДЛЯ ПІДПРИЄМСТВ,Електроживлення і альтернативна енергетика,Джерела і системи стабілізації та безперебійного живлення,ДБЖ центрів інформації
103,04,01,05,ПРОДУКЦІЯ ТА КОМПЛЕКСНІ РІШЕННЯ ДЛЯ ПІДПРИЄМСТВ,Електроживлення і альтернативна енергетика,Джерела і системи стабілізації та безперебійного живлення,Батареї для систем БЖ
103,04,01,99,ПРОДУКЦІЯ ТА КОМПЛЕКСНІ РІШЕННЯ ДЛЯ ПІДПРИЄМСТВ,Електроживлення і альтернативна енергетика,Джерела і системи стабілізації та безперебійного живлення,Опції та комплектуючі для систем стабілізації і БЖ
103,04,02,,ПРОДУКЦІЯ ТА КОМПЛЕКСНІ РІШЕННЯ ДЛЯ ПІДПРИЄМСТВ,Електроживлення і альтернативна енергетика,Пристрої альтернативної енергетики,
103,04,02,01,ПРОДУКЦІЯ ТА КОМПЛЕКСНІ РІШЕННЯ ДЛЯ ПІДПРИЄМСТВ,Електроживлення і альтернативна енергетика,Пристрої альтернативної енергетики,Інвертори та контролери для альтернативної енергетики
103,04,02,02,ПРОДУКЦІЯ ТА КОМПЛЕКСНІ РІШЕННЯ ДЛЯ ПІДПРИЄМСТВ,Електроживлення і альтернативна енергетика,Пристрої альтернативної енергетики,Сонячні панелі
103,04,02,03,ПРОДУКЦІЯ ТА КОМПЛЕКСНІ РІШЕННЯ ДЛЯ ПІДПРИЄМСТВ,Електроживлення і альтернативна енергетика,Пристрої альтернативної енергетики,Вимірювачі та контролери для альтернативної енергетики
103,04,03,,ПРОДУКЦІЯ ТА КОМПЛЕКСНІ РІШЕННЯ ДЛЯ ПІДПРИЄМСТВ,Електроживлення і альтернативна енергетика,Акумулятори промислові,
103,04,03,01,ПРОДУКЦІЯ ТА КОМПЛЕКСНІ РІШЕННЯ ДЛЯ ПІДПРИЄМСТВ,Електроживлення і альтернативна енергетика,Акумулятори промислові,Акумулятори AGM
103,04,03,02,ПРОДУКЦІЯ ТА КОМПЛЕКСНІ РІШЕННЯ ДЛЯ ПІДПРИЄМСТВ,Електроживлення і альтернативна енергетика,Акумулятори промислові,Акумулятори Li-ion промислові
103,04,05,,ПРОДУКЦІЯ ТА КОМПЛЕКСНІ РІШЕННЯ ДЛЯ ПІДПРИЄМСТВ,Електроживлення і альтернативна енергетика,Електромонтажне устаткування,
103,04,05,01,ПРОДУКЦІЯ ТА КОМПЛЕКСНІ РІШЕННЯ ДЛЯ ПІДПРИЄМСТВ,Електроживлення і альтернативна енергетика,Електромонтажне устаткування,Автоматичні вимикачі
103,04,05,02,ПРОДУКЦІЯ ТА КОМПЛЕКСНІ РІШЕННЯ ДЛЯ ПІДПРИЄМСТВ,Електроживлення і альтернативна енергетика,Електромонтажне устаткування,Клеми електромонтажні
103,04,05,04,ПРОДУКЦІЯ ТА КОМПЛЕКСНІ РІШЕННЯ ДЛЯ ПІДПРИЄМСТВ,Електроживлення і альтернативна енергетика,Електромонтажне устаткування,Обмежувач напруги
103,04,05,05,ПРОДУКЦІЯ ТА КОМПЛЕКСНІ РІШЕННЯ ДЛЯ ПІДПРИЄМСТВ,Електроживлення і альтернативна енергетика,Електромонтажне устаткування,Електричні запобіжники
103,04,05,06,ПРОДУКЦІЯ ТА КОМПЛЕКСНІ РІШЕННЯ ДЛЯ ПІДПРИЄМСТВ,Електроживлення і альтернативна енергетика,Електромонтажне устаткування,Щити розподільні електромонтажні
103,04,05,07,ПРОДУКЦІЯ ТА КОМПЛЕКСНІ РІШЕННЯ ДЛЯ ПІДПРИЄМСТВ,Електроживлення і альтернативна енергетика,Електромонтажне устаткування,Реле й сигналізації електромонтажні
103,04,05,14,ПРОДУКЦІЯ ТА КОМПЛЕКСНІ РІШЕННЯ ДЛЯ ПІДПРИЄМСТВ,Електроживлення і альтернативна енергетика,Електромонтажне устаткування,"Лючки, башточки, колони електромонтажні"
103,05,,,ПРОДУКЦІЯ ТА КОМПЛЕКСНІ РІШЕННЯ ДЛЯ ПІДПРИЄМСТВ,Програмне забезпечення та хмарні сервіси,,
103,05,05,,ПРОДУКЦІЯ ТА КОМПЛЕКСНІ РІШЕННЯ ДЛЯ ПІДПРИЄМСТВ,Програмне забезпечення та хмарні сервіси,Операційні системи та офісні додатки для середнього та великого бізнесу,
103,05,05,01,ПРОДУКЦІЯ ТА КОМПЛЕКСНІ РІШЕННЯ ДЛЯ ПІДПРИЄМСТВ,Програмне забезпечення та хмарні сервіси,Операційні системи та офісні додатки для середнього та великого бізнесу,Операційні системи для робочих станцій для середнього та великого бізнесу
103,05,05,02,ПРОДУКЦІЯ ТА КОМПЛЕКСНІ РІШЕННЯ ДЛЯ ПІДПРИЄМСТВ,Програмне забезпечення та хмарні сервіси,Операційні системи та офісні додатки для середнього та великого бізнесу,Операційні системи для серверів
103,05,05,03,ПРОДУКЦІЯ ТА КОМПЛЕКСНІ РІШЕННЯ ДЛЯ ПІДПРИЄМСТВ,Програмне забезпечення та хмарні сервіси,Операційні системи та офісні додатки для середнього та великого бізнесу,Офісні додатки для робочих станцій для середнього та крупного бізнесу
103,06,,,ПРОДУКЦІЯ ТА КОМПЛЕКСНІ РІШЕННЯ ДЛЯ ПІДПРИЄМСТВ,Відеоспостереження,,
103,06,01,,ПРОДУКЦІЯ ТА КОМПЛЕКСНІ РІШЕННЯ ДЛЯ ПІДПРИЄМСТВ,Відеоспостереження,Відеоспостереження,
103,06,01,01,ПРОДУКЦІЯ ТА КОМПЛЕКСНІ РІШЕННЯ ДЛЯ ПІДПРИЄМСТВ,Відеоспостереження,Відеоспостереження,Камери відеоспостереження
103,06,01,02,ПРОДУКЦІЯ ТА КОМПЛЕКСНІ РІШЕННЯ ДЛЯ ПІДПРИЄМСТВ,Відеоспостереження,Відеоспостереження,Реєстратори для відеоспостереження
103,06,01,99,ПРОДУКЦІЯ ТА КОМПЛЕКСНІ РІШЕННЯ ДЛЯ ПІДПРИЄМСТВ,Відеоспостереження,Відеоспостереження,Модулі та опції для систем відеоспостереження
103,08,,,ПРОДУКЦІЯ ТА КОМПЛЕКСНІ РІШЕННЯ ДЛЯ ПІДПРИЄМСТВ,"Устаткування та комплектуючі, ПЗ інформаційної безпеки",,
103,08,01,,ПРОДУКЦІЯ ТА КОМПЛЕКСНІ РІШЕННЯ ДЛЯ ПІДПРИЄМСТВ,"Устаткування та комплектуючі, ПЗ інформаційної безпеки","Устаткування та комплектуючі, ПЗ інформаційної безпеки",
103,08,01,05,ПРОДУКЦІЯ ТА КОМПЛЕКСНІ РІШЕННЯ ДЛЯ ПІДПРИЄМСТВ,"Устаткування та комплектуючі, ПЗ інформаційної безпеки","Устаткування та комплектуючі, ПЗ інформаційної безпеки",Міжмережеві екрани (firewall)
103,09,,,ПРОДУКЦІЯ ТА КОМПЛЕКСНІ РІШЕННЯ ДЛЯ ПІДПРИЄМСТВ,Телефонія і відеоконференцзв'язок,,
103,09,01,,ПРОДУКЦІЯ ТА КОМПЛЕКСНІ РІШЕННЯ ДЛЯ ПІДПРИЄМСТВ,Телефонія і відеоконференцзв'язок,Телефонія і відеоконференцзв'язок,
103,09,01,01,ПРОДУКЦІЯ ТА КОМПЛЕКСНІ РІШЕННЯ ДЛЯ ПІДПРИЄМСТВ,Телефонія і відеоконференцзв'язок,Телефонія і відеоконференцзв'язок,АТС - телефонні станції
103,09,01,02,ПРОДУКЦІЯ ТА КОМПЛЕКСНІ РІШЕННЯ ДЛЯ ПІДПРИЄМСТВ,Телефонія і відеоконференцзв'язок,Телефонія і відеоконференцзв'язок,Програмні рішення спільної роботи та конференцій
103,09,01,03,ПРОДУКЦІЯ ТА КОМПЛЕКСНІ РІШЕННЯ ДЛЯ ПІДПРИЄМСТВ,Телефонія і відеоконференцзв'язок,Телефонія і відеоконференцзв'язок,Шлюзи телефонії
103,09,01,99,ПРОДУКЦІЯ ТА КОМПЛЕКСНІ РІШЕННЯ ДЛЯ ПІДПРИЄМСТВ,Телефонія і відеоконференцзв'язок,Телефонія і відеоконференцзв'язок,Опції і комплектуючі для пристроїв телефонії та ВКЗ (корпоративні)
103,10,,,ПРОДУКЦІЯ ТА КОМПЛЕКСНІ РІШЕННЯ ДЛЯ ПІДПРИЄМСТВ,Системи зберігання даних,,
103,10,01,,ПРОДУКЦІЯ ТА КОМПЛЕКСНІ РІШЕННЯ ДЛЯ ПІДПРИЄМСТВ,Системи зберігання даних,Дискові системи зберігання даних,
103,10,01,01,ПРОДУКЦІЯ ТА КОМПЛЕКСНІ РІШЕННЯ ДЛЯ ПІДПРИЄМСТВ,Системи зберігання даних,Дискові системи зберігання даних,Дискові системи зберігання даних
103,10,99,,ПРОДУКЦІЯ ТА КОМПЛЕКСНІ РІШЕННЯ ДЛЯ ПІДПРИЄМСТВ,Системи зберігання даних,Опції і комплектуючі для СЗД,
103,10,99,02,ПРОДУКЦІЯ ТА КОМПЛЕКСНІ РІШЕННЯ ДЛЯ ПІДПРИЄМСТВ,Системи зберігання даних,Опції і комплектуючі для СЗД,Картриджі для стрічкових накопичувачів
103,11,,,ПРОДУКЦІЯ ТА КОМПЛЕКСНІ РІШЕННЯ ДЛЯ ПІДПРИЄМСТВ,Обладнання ProAV,,
103,11,01,,ПРОДУКЦІЯ ТА КОМПЛЕКСНІ РІШЕННЯ ДЛЯ ПІДПРИЄМСТВ,Обладнання ProAV,Комутаційне обладнання ProAV,
103,11,01,01,ПРОДУКЦІЯ ТА КОМПЛЕКСНІ РІШЕННЯ ДЛЯ ПІДПРИЄМСТВ,Обладнання ProAV,Комутаційне обладнання ProAV,Комутатори
103,11,01,02,ПРОДУКЦІЯ ТА КОМПЛЕКСНІ РІШЕННЯ ДЛЯ ПІДПРИЄМСТВ,Обладнання ProAV,Комутаційне обладнання ProAV,"Сплітери, підсилювачі-розподілювачі"
103,11,01,03,ПРОДУКЦІЯ ТА КОМПЛЕКСНІ РІШЕННЯ ДЛЯ ПІДПРИЄМСТВ,Обладнання ProAV,Комутаційне обладнання ProAV,Подовжувачі сигналів
103,11,01,04,ПРОДУКЦІЯ ТА КОМПЛЕКСНІ РІШЕННЯ ДЛЯ ПІДПРИЄМСТВ,Обладнання ProAV,Комутаційне обладнання ProAV,"Стрімери, Перетворювачі AV over IP"
103,11,01,05,ПРОДУКЦІЯ ТА КОМПЛЕКСНІ РІШЕННЯ ДЛЯ ПІДПРИЄМСТВ,Обладнання ProAV,Комутаційне обладнання ProAV,"Масштабатори, Скейлери"
103,11,01,07,ПРОДУКЦІЯ ТА КОМПЛЕКСНІ РІШЕННЯ ДЛЯ ПІДПРИЄМСТВ,Обладнання ProAV,Комутаційне обладнання ProAV,Процессори відеостін
103,11,01,09,ПРОДУКЦІЯ ТА КОМПЛЕКСНІ РІШЕННЯ ДЛЯ ПІДПРИЄМСТВ,Обладнання ProAV,Комутаційне обладнання ProAV,Колабораційні та BYOD системи
103,11,01,10,ПРОДУКЦІЯ ТА КОМПЛЕКСНІ РІШЕННЯ ДЛЯ ПІДПРИЄМСТВ,Обладнання ProAV,Комутаційне обладнання ProAV,"EDID емулятори, редактори"
103,11,04,,ПРОДУКЦІЯ ТА КОМПЛЕКСНІ РІШЕННЯ ДЛЯ ПІДПРИЄМСТВ,Обладнання ProAV,Аудіо обладнання ProAV,
103,11,04,02,ПРОДУКЦІЯ ТА КОМПЛЕКСНІ РІШЕННЯ ДЛЯ ПІДПРИЄМСТВ,Обладнання ProAV,Аудіо обладнання ProAV,Підсилювачі Аудіо
104,,,,ДИТЯЧІ ТОВАРИ,,,
104,01,,,ДИТЯЧІ ТОВАРИ,Дитячі меблі,,
104,01,01,,ДИТЯЧІ ТОВАРИ,Дитячі меблі,Дитячі меблі,
104,01,01,01,ДИТЯЧІ ТОВАРИ,Дитячі меблі,Дитячі меблі,Cтільчики для годування
104,01,01,02,ДИТЯЧІ ТОВАРИ,Дитячі меблі,Дитячі меблі,Столи та стільчики дитячі
104,01,01,08,ДИТЯЧІ ТОВАРИ,Дитячі меблі,Дитячі меблі,Наматрацники
104,01,01,99,ДИТЯЧІ ТОВАРИ,Дитячі меблі,Дитячі меблі,Аксесуари до дитячих меблів
104,02,,,ДИТЯЧІ ТОВАРИ,"Активний відпочинок, спорт та розваги",,
104,02,01,,ДИТЯЧІ ТОВАРИ,"Активний відпочинок, спорт та розваги",Дитячий транспорт,
104,02,01,01,ДИТЯЧІ ТОВАРИ,"Активний відпочинок, спорт та розваги",Дитячий транспорт,Велосипеди дитячі
104,02,01,02,ДИТЯЧІ ТОВАРИ,"Активний відпочинок, спорт та розваги",Дитячий транспорт,Самокати дитячі
104,02,01,03,ДИТЯЧІ ТОВАРИ,"Активний відпочинок, спорт та розваги",Дитячий транспорт,Скейтборди дитячі
104,02,01,04,ДИТЯЧІ ТОВАРИ,"Активний відпочинок, спорт та розваги",Дитячий транспорт,Біговели та толокари дитячі
104,02,01,06,ДИТЯЧІ ТОВАРИ,"Активний відпочинок, спорт та розваги",Дитячий транспорт,Роликові ковзани
104,02,02,,ДИТЯЧІ ТОВАРИ,"Активний відпочинок, спорт та розваги",Батути,
104,02,02,01,ДИТЯЧІ ТОВАРИ,"Активний відпочинок, спорт та розваги",Батути,Батути
104,02,03,,ДИТЯЧІ ТОВАРИ,"Активний відпочинок, спорт та розваги",Ігрові майданчики та спортінвентар,
104,02,03,05,ДИТЯЧІ ТОВАРИ,"Активний відпочинок, спорт та розваги",Ігрові майданчики та спортінвентар,Спортівентар
104,02,05,,ДИТЯЧІ ТОВАРИ,"Активний відпочинок, спорт та розваги",Мильні бульбашки та аксессуари,
104,02,05,01,ДИТЯЧІ ТОВАРИ,"Активний відпочинок, спорт та розваги",Мильні бульбашки та аксессуари,Мильні бульбашки та аксессуари
104,03,,,ДИТЯЧІ ТОВАРИ,Іграшки,,
104,03,01,,ДИТЯЧІ ТОВАРИ,Іграшки,Товари для свят,
104,03,01,02,ДИТЯЧІ ТОВАРИ,Іграшки,Товари для свят,Декор для свят
104,03,02,,ДИТЯЧІ ТОВАРИ,Іграшки,Дитяча зброя,
104,03,02,01,ДИТЯЧІ ТОВАРИ,Іграшки,Дитяча зброя,Зброя іграшкова
104,03,02,02,ДИТЯЧІ ТОВАРИ,Іграшки,Дитяча зброя,Бластери
104,03,02,99,ДИТЯЧІ ТОВАРИ,Іграшки,Дитяча зброя,Аксесуари для іграшкової зброї
104,03,03,,ДИТЯЧІ ТОВАРИ,Іграшки,Іграшки для купання,
104,03,03,02,ДИТЯЧІ ТОВАРИ,Іграшки,Іграшки для купання,Інтерактивні іграшки для купання
104,03,03,03,ДИТЯЧІ ТОВАРИ,Іграшки,Іграшки для купання,Розвивальні іграшки для купання
104,03,04,,ДИТЯЧІ ТОВАРИ,Іграшки,Іграшки для немовлят,
104,03,04,02,ДИТЯЧІ ТОВАРИ,Іграшки,Іграшки для немовлят,Мобілі та музичні каруселі
104,03,04,03,ДИТЯЧІ ТОВАРИ,Іграшки,Іграшки для немовлят,Брязкальця
104,03,04,05,ДИТЯЧІ ТОВАРИ,Іграшки,Іграшки для немовлят,Музичні іграшки
104,03,04,99,ДИТЯЧІ ТОВАРИ,Іграшки,Іграшки для немовлят,Аксесуари до іграшок для немовлят
104,03,05,,ДИТЯЧІ ТОВАРИ,Іграшки,Конструктори,
104,03,05,01,ДИТЯЧІ ТОВАРИ,Іграшки,Конструктори,Конструктори з дерева
104,03,05,02,ДИТЯЧІ ТОВАРИ,Іграшки,Конструктори,Конструктори з картону та паперу
104,03,05,03,ДИТЯЧІ ТОВАРИ,Іграшки,Конструктори,Магнітні конструктори
104,03,05,04,ДИТЯЧІ ТОВАРИ,Іграшки,Конструктори,Металеві конструктори
104,03,05,05,ДИТЯЧІ ТОВАРИ,Іграшки,Конструктори,Пластикові конструктори
104,03,06,,ДИТЯЧІ ТОВАРИ,Іграшки,Ляльки та пупси,
104,03,06,01,ДИТЯЧІ ТОВАРИ,Іграшки,Ляльки та пупси,Ляльки
104,03,06,03,ДИТЯЧІ ТОВАРИ,Іграшки,Ляльки та пупси,Набори ляльок та пупсів
104,03,06,04,ДИТЯЧІ ТОВАРИ,Іграшки,Ляльки та пупси,"Будинки, меблі для ляльок"
104,03,06,99,ДИТЯЧІ ТОВАРИ,Іграшки,Ляльки та пупси,Аксесуари для ляльок та пупсів
104,03,07,,ДИТЯЧІ ТОВАРИ,Іграшки,Іграшковий транспорт та роботи,
104,03,07,01,ДИТЯЧІ ТОВАРИ,Іграшки,Іграшковий транспорт та роботи,Роботи на радіокеруванні
104,03,07,02,ДИТЯЧІ ТОВАРИ,Іграшки,Іграшковий транспорт та роботи,Машинки та треки
104,03,07,03,ДИТЯЧІ ТОВАРИ,Іграшки,Іграшковий транспорт та роботи,Спецтранспорт (іграшки)
104,03,07,05,ДИТЯЧІ ТОВАРИ,Іграшки,Іграшковий транспорт та роботи,Повітряний транспорт (іграшки)
104,03,08,,ДИТЯЧІ ТОВАРИ,Іграшки,Ігрові фігурки,
104,03,08,01,ДИТЯЧІ ТОВАРИ,Іграшки,Ігрові фігурки,Герої (ігрові фігурки)
104,03,08,02,ДИТЯЧІ ТОВАРИ,Іграшки,Ігрові фігурки,Брелоки (ігрові фігурки)
104,03,08,04,ДИТЯЧІ ТОВАРИ,Іграшки,Ігрові фігурки,Трансформери (іграшки)
104,03,08,05,ДИТЯЧІ ТОВАРИ,Іграшки,Ігрові фігурки,Тварини (ігрові фігурки)
104,03,09,,ДИТЯЧІ ТОВАРИ,Іграшки,Музичні інструменти,
104,03,09,01,ДИТЯЧІ ТОВАРИ,Іграшки,Музичні інструменти,Духові музичні інструменти
104,03,09,02,ДИТЯЧІ ТОВАРИ,Іграшки,Музичні інструменти,Ударні музичні інструменти
104,03,09,03,ДИТЯЧІ ТОВАРИ,Іграшки,Музичні інструменти,Струнні музичні інструменти
104,03,09,04,ДИТЯЧІ ТОВАРИ,Іграшки,Музичні інструменти,Клавішні музичні інструменти
104,03,09,98,ДИТЯЧІ ТОВАРИ,Іграшки,Музичні інструменти,Інщі музичні інструменти
104,03,10,,ДИТЯЧІ ТОВАРИ,Іграшки,М'які іграшки,
104,03,10,01,ДИТЯЧІ ТОВАРИ,Іграшки,М'які іграшки,Герої (м'які іграшки)
104,03,10,02,ДИТЯЧІ ТОВАРИ,Іграшки,М'які іграшки,Класичні м'які іграшки
104,03,11,,ДИТЯЧІ ТОВАРИ,Іграшки,Настільні ігри,
104,03,11,01,ДИТЯЧІ ТОВАРИ,Іграшки,Настільні ігри,Настільні ігри для малюків
104,03,11,02,ДИТЯЧІ ТОВАРИ,Іграшки,Настільні ігри,Головоломки
104,03,11,03,ДИТЯЧІ ТОВАРИ,Іграшки,Настільні ігри,Настільні класичні ігри
104,03,11,04,ДИТЯЧІ ТОВАРИ,Іграшки,Настільні ігри,Логічні настільні ігри
104,03,11,05,ДИТЯЧІ ТОВАРИ,Іграшки,Настільні ігри,Карткові ігри
104,03,11,06,ДИТЯЧІ ТОВАРИ,Іграшки,Настільні ігри,Настільні ігри на спритність
104,03,11,07,ДИТЯЧІ ТОВАРИ,Іграшки,Настільні ігри,Активні настільні ігри
104,03,12,,ДИТЯЧІ ТОВАРИ,Іграшки,Науково-дослідні набори,
104,03,12,01,ДИТЯЧІ ТОВАРИ,Іграшки,Науково-дослідні набори,Науково-дослідні набори
104,03,13,,ДИТЯЧІ ТОВАРИ,Іграшки,Розвивальні іграшки,
104,03,13,01,ДИТЯЧІ ТОВАРИ,Іграшки,Розвивальні іграшки,Інтерактивні розвивальні іграшки
104,03,13,02,ДИТЯЧІ ТОВАРИ,Іграшки,Розвивальні іграшки,Пазли
104,03,13,03,ДИТЯЧІ ТОВАРИ,Іграшки,Розвивальні іграшки,Розвивальні ігри за методиками
104,03,14,,ДИТЯЧІ ТОВАРИ,Іграшки,Ігрові набори,
104,03,14,01,ДИТЯЧІ ТОВАРИ,Іграшки,Ігрові набори,Ігровий інвентар
104,03,14,02,ДИТЯЧІ ТОВАРИ,Іграшки,Ігрові набори,Інтерактивні ігрові набори
104,03,14,03,ДИТЯЧІ ТОВАРИ,Іграшки,Ігрові набори,Ляльковий театр
104,03,14,04,ДИТЯЧІ ТОВАРИ,Іграшки,Ігрові набори,Набори іграшкових  меблів 
104,03,14,05,ДИТЯЧІ ТОВАРИ,Іграшки,Ігрові набори,Набори іграшкового посуду та побутової техніки
104,03,14,06,ДИТЯЧІ ТОВАРИ,Іграшки,Ігрові набори,Турнірні іграшки
104,03,15,,ДИТЯЧІ ТОВАРИ,Іграшки,Товари та набори для творчості,
104,03,15,01,ДИТЯЧІ ТОВАРИ,Іграшки,Товари та набори для творчості,Товари для малювання
104,03,15,02,ДИТЯЧІ ТОВАРИ,Іграшки,Товари та набори для творчості,Товари для ліплення
104,03,15,03,ДИТЯЧІ ТОВАРИ,Іграшки,Товари та набори для творчості,Товари для виготовлення прикрас
104,03,15,04,ДИТЯЧІ ТОВАРИ,Іграшки,Товари та набори для творчості,Мольберти
104,03,15,05,ДИТЯЧІ ТОВАРИ,Іграшки,Товари та набори для творчості,Наліпки та тату
104,03,15,06,ДИТЯЧІ ТОВАРИ,Іграшки,Товари та набори для творчості,Товари для аплікації
104,03,15,07,ДИТЯЧІ ТОВАРИ,Іграшки,Товари та набори для творчості,Товари для шиття та в'язання
104,03,15,08,ДИТЯЧІ ТОВАРИ,Іграшки,Товари та набори для творчості,Дитяча косметика
104,03,15,99,ДИТЯЧІ ТОВАРИ,Іграшки,Товари та набори для творчості,Аксесуари для товарів для творчості
104,04,,,ДИТЯЧІ ТОВАРИ,Дитячі коляски та Автокрісла,,
104,04,01,,ДИТЯЧІ ТОВАРИ,Дитячі коляски та Автокрісла,Дитячі коляски та Автокрісла,
104,04,01,01,ДИТЯЧІ ТОВАРИ,Дитячі коляски та Автокрісла,Дитячі коляски та Автокрісла,Дитячі коляски
104,04,01,02,ДИТЯЧІ ТОВАРИ,Дитячі коляски та Автокрісла,Дитячі коляски та Автокрісла,Автокрісла
104,04,01,99,ДИТЯЧІ ТОВАРИ,Дитячі коляски та Автокрісла,Дитячі коляски та Автокрісла,Аксесуари для дитячих товарів та автокрісел
104,05,,,ДИТЯЧІ ТОВАРИ,"Товари для батьків, гігієна та догляд",,
104,05,01,,ДИТЯЧІ ТОВАРИ,"Товари для батьків, гігієна та догляд",Товари для годування,
104,05,01,01,ДИТЯЧІ ТОВАРИ,"Товари для батьків, гігієна та догляд",Товари для годування,Пляшечки для годування
104,05,01,02,ДИТЯЧІ ТОВАРИ,"Товари для батьків, гігієна та догляд",Товари для годування,Набори для годування
104,05,01,03,ДИТЯЧІ ТОВАРИ,"Товари для батьків, гігієна та догляд",Товари для годування,Посуд для годування
104,05,01,04,ДИТЯЧІ ТОВАРИ,"Товари для батьків, гігієна та догляд",Товари для годування,Столові прибори для дітей
104,05,01,99,ДИТЯЧІ ТОВАРИ,"Товари для батьків, гігієна та догляд",Товари для годування,Аксесуари для товарів для годування
104,05,02,,ДИТЯЧІ ТОВАРИ,"Товари для батьків, гігієна та догляд",Товари для догляду за дитиною,
104,05,02,01,ДИТЯЧІ ТОВАРИ,"Товари для батьків, гігієна та догляд",Товари для догляду за дитиною,Ванночки для купання
104,05,02,02,ДИТЯЧІ ТОВАРИ,"Товари для батьків, гігієна та догляд",Товари для догляду за дитиною,Горщики дитячі
104,05,02,03,ДИТЯЧІ ТОВАРИ,"Товари для батьків, гігієна та догляд",Товари для догляду за дитиною,Соски-пустушки та прорізувачі
104,05,02,99,ДИТЯЧІ ТОВАРИ,"Товари для батьків, гігієна та догляд",Товари для догляду за дитиною,Аксесуари для товарів для догляду за дитиною
104,05,03,,ДИТЯЧІ ТОВАРИ,"Товари для батьків, гігієна та догляд",Товари для батьків,
104,05,03,03,ДИТЯЧІ ТОВАРИ,"Товари для батьків, гігієна та догляд",Товари для батьків,Пароварки та блендери
104,05,03,04,ДИТЯЧІ ТОВАРИ,"Товари для батьків, гігієна та догляд",Товари для батьків,Підігрівачі та стерілізатори
104,05,03,05,ДИТЯЧІ ТОВАРИ,"Товари для батьків, гігієна та догляд",Товари для батьків,Ваги дитячі
104,05,03,06,ДИТЯЧІ ТОВАРИ,"Товари для батьків, гігієна та догляд",Товари для батьків,Нічники
104,05,04,,ДИТЯЧІ ТОВАРИ,"Товари для батьків, гігієна та догляд",Товари для вагітних та грудного вигодовування,
104,05,04,01,ДИТЯЧІ ТОВАРИ,"Товари для батьків, гігієна та догляд",Товари для вагітних та грудного вигодовування,Подушки для вагітних
104,05,04,02,ДИТЯЧІ ТОВАРИ,"Товари для батьків, гігієна та догляд",Товари для вагітних та грудного вигодовування,Молоковідсмоктувачі
104,05,04,03,ДИТЯЧІ ТОВАРИ,"Товари для батьків, гігієна та догляд",Товари для вагітних та грудного вигодовування,Вкладищі в бюстгалтер
104,05,99,,ДИТЯЧІ ТОВАРИ,"Товари для батьків, гігієна та догляд",Аксесуари для товарів для батьків,
104,05,99,01,ДИТЯЧІ ТОВАРИ,"Товари для батьків, гігієна та догляд",Аксесуари для товарів для батьків,Аксесуари для товарів для батьків
104,06,,,ДИТЯЧІ ТОВАРИ,Сезонні товари,,
104,06,01,,ДИТЯЧІ ТОВАРИ,Сезонні товари,Іграшки для піску та води,
104,06,01,01,ДИТЯЧІ ТОВАРИ,Сезонні товари,Іграшки для піску та води,Іграшки для пісочниці
104,06,02,,ДИТЯЧІ ТОВАРИ,Сезонні товари,Іграшки для снігу,
104,06,02,02,ДИТЯЧІ ТОВАРИ,Сезонні товари,Іграшки для снігу,Сніжколіпи та форми
104,06,03,,ДИТЯЧІ ТОВАРИ,Сезонні товари,Сонцезахисні окуляри,
104,06,03,01,ДИТЯЧІ ТОВАРИ,Сезонні товари,Сонцезахисні окуляри,Дитячиі солнцезахистн окуляри
105,,,,КОМФОРТ БУДИНКУ,,,
105,01,,,КОМФОРТ БУДИНКУ,Інструмент та обладнання для дому та саду,,
105,01,02,,КОМФОРТ БУДИНКУ,Інструмент та обладнання для дому та саду,Водопостачання і полив,
105,01,02,01,КОМФОРТ БУДИНКУ,Інструмент та обладнання для дому та саду,Водопостачання і полив,Мотопомпи
105,01,02,02,КОМФОРТ БУДИНКУ,Інструмент та обладнання для дому та саду,Водопостачання і полив,Насосне обладнання
105,01,02,03,КОМФОРТ БУДИНКУ,Інструмент та обладнання для дому та саду,Водопостачання і полив,Шланги для поливу
105,01,02,04,КОМФОРТ БУДИНКУ,Інструмент та обладнання для дому та саду,Водопостачання і полив,Дощувачі і розбризкувачі для поливу
105,01,02,05,КОМФОРТ БУДИНКУ,Інструмент та обладнання для дому та саду,Водопостачання і полив,Зрошувачі ручні
105,01,02,06,КОМФОРТ БУДИНКУ,Інструмент та обладнання для дому та саду,Водопостачання і полив,Комплекти для поливу
105,01,02,07,КОМФОРТ БУДИНКУ,Інструмент та обладнання для дому та саду,Водопостачання і полив,"Конектори, муфти, перехідники, розподілювачі"
105,01,02,08,КОМФОРТ БУДИНКУ,Інструмент та обладнання для дому та саду,Водопостачання і полив,Контролери та таймери
105,01,02,09,КОМФОРТ БУДИНКУ,Інструмент та обладнання для дому та саду,Водопостачання і полив,"Котушки, тримачі для шлангів"
105,01,02,99,КОМФОРТ БУДИНКУ,Інструмент та обладнання для дому та саду,Водопостачання і полив,Аксесуари та супутні товари для поливу і зрошення
105,01,03,,КОМФОРТ БУДИНКУ,Інструмент та обладнання для дому та саду,Вимірювальна техніка,
105,01,03,01,КОМФОРТ БУДИНКУ,Інструмент та обладнання для дому та саду,Вимірювальна техніка,Далекоміри
105,01,03,02,КОМФОРТ БУДИНКУ,Інструмент та обладнання для дому та саду,Вимірювальна техніка,Детектори
105,01,03,03,КОМФОРТ БУДИНКУ,Інструмент та обладнання для дому та саду,Вимірювальна техніка,Мультиметри
105,01,03,04,КОМФОРТ БУДИНКУ,Інструмент та обладнання для дому та саду,Вимірювальна техніка,Нівеліри
105,01,03,05,КОМФОРТ БУДИНКУ,Інструмент та обладнання для дому та саду,Вимірювальна техніка,Спеціалізований вимірювальний інструмент
105,01,03,06,КОМФОРТ БУДИНКУ,Інструмент та обладнання для дому та саду,Вимірювальна техніка,Кутоміри
105,01,03,07,КОМФОРТ БУДИНКУ,Інструмент та обладнання для дому та саду,Вимірювальна техніка,Штативи для вимірювальної техніки
105,01,03,99,КОМФОРТ БУДИНКУ,Інструмент та обладнання для дому та саду,Вимірювальна техніка,Аксесуари до вимірювальної техніки
105,01,04,,КОМФОРТ БУДИНКУ,Інструмент та обладнання для дому та саду,Пневматичний інструмент та обладнання,
105,01,04,01,КОМФОРТ БУДИНКУ,Інструмент та обладнання для дому та саду,Пневматичний інструмент та обладнання,Компресори
105,01,04,02,КОМФОРТ БУДИНКУ,Інструмент та обладнання для дому та саду,Пневматичний інструмент та обладнання,Пневмоінструмент
105,01,04,99,КОМФОРТ БУДИНКУ,Інструмент та обладнання для дому та саду,Пневматичний інструмент та обладнання,Аксесуари для пневмоінструменту
105,01,05,,КОМФОРТ БУДИНКУ,Інструмент та обладнання для дому та саду,Ручний садовий інвентар,
105,01,05,01,КОМФОРТ БУДИНКУ,Інструмент та обладнання для дому та саду,Ручний садовий інвентар,"Граблі, вила, мотики"
105,01,05,02,КОМФОРТ БУДИНКУ,Інструмент та обладнання для дому та саду,Ручний садовий інвентар,Лопати
105,01,05,03,КОМФОРТ БУДИНКУ,Інструмент та обладнання для дому та саду,Ручний садовий інвентар,Ножі садові
105,01,05,04,КОМФОРТ БУДИНКУ,Інструмент та обладнання для дому та саду,Ручний садовий інвентар,Ножиці садові
105,01,05,05,КОМФОРТ БУДИНКУ,Інструмент та обладнання для дому та саду,Ручний садовий інвентар,Пили садові ручні
105,01,05,06,КОМФОРТ БУДИНКУ,Інструмент та обладнання для дому та саду,Ручний садовий інвентар,Огородження садові
105,01,05,07,КОМФОРТ БУДИНКУ,Інструмент та обладнання для дому та саду,Ручний садовий інвентар,"Розпушувачі, совки, мотики ручні"
105,01,05,08,КОМФОРТ БУДИНКУ,Інструмент та обладнання для дому та саду,Ручний садовий інвентар,"Секатори, сучкорізи"
105,01,05,09,КОМФОРТ БУДИНКУ,Інструмент та обладнання для дому та саду,Ручний садовий інвентар,Спеціалізований садовий інструмент
105,01,05,10,КОМФОРТ БУДИНКУ,Інструмент та обладнання для дому та саду,Ручний садовий інвентар,"Сокири, мачете"
105,01,05,11,КОМФОРТ БУДИНКУ,Інструмент та обладнання для дому та саду,Ручний садовий інвентар,Живці для садового інвентарю
105,01,05,12,КОМФОРТ БУДИНКУ,Інструмент та обладнання для дому та саду,Ручний садовий інвентар,"Щітки для прибирання, мітли"
105,01,05,13,КОМФОРТ БУДИНКУ,Інструмент та обладнання для дому та саду,Ручний садовий інвентар,Розкидувачі-сівалки для насіння і добрив
105,01,06,,КОМФОРТ БУДИНКУ,Інструмент та обладнання для дому та саду,Ручний інструмент,
105,01,06,01,КОМФОРТ БУДИНКУ,Інструмент та обладнання для дому та саду,Ручний інструмент,Затискний інструмент
105,01,06,02,КОМФОРТ БУДИНКУ,Інструмент та обладнання для дому та саду,Ручний інструмент,Заклепочники ручні
105,01,06,03,КОМФОРТ БУДИНКУ,Інструмент та обладнання для дому та саду,Ручний інструмент,"Зубила, керни, пробійники"
105,01,06,04,КОМФОРТ БУДИНКУ,Інструмент та обладнання для дому та саду,Ручний інструмент,Вимірювально-розмічальний інструмент
105,01,06,05,КОМФОРТ БУДИНКУ,Інструмент та обладнання для дому та саду,Ручний інструмент,Інструмент для оздоблювальних робіт
105,01,06,06,КОМФОРТ БУДИНКУ,Інструмент та обладнання для дому та саду,Ручний інструмент,Інструмент для плитки і скла
105,01,06,07,КОМФОРТ БУДИНКУ,Інструмент та обладнання для дому та саду,Ручний інструмент,"Ключі, знімачі"
105,01,06,08,КОМФОРТ БУДИНКУ,Інструмент та обладнання для дому та саду,Ручний інструмент,"Ломи, цвяходери"
105,01,06,10,КОМФОРТ БУДИНКУ,Інструмент та обладнання для дому та саду,Ручний інструмент,Мітчики і плашки
105,01,06,11,КОМФОРТ БУДИНКУ,Інструмент та обладнання для дому та саду,Ручний інструмент,Молотки
105,01,06,12,КОМФОРТ БУДИНКУ,Інструмент та обладнання для дому та саду,Ручний інструмент,Набори ручного інструменту
105,01,06,13,КОМФОРТ БУДИНКУ,Інструмент та обладнання для дому та саду,Ручний інструмент,Напилки
105,01,06,14,КОМФОРТ БУДИНКУ,Інструмент та обладнання для дому та саду,Ручний інструмент,Ножівки
105,01,06,15,КОМФОРТ БУДИНКУ,Інструмент та обладнання для дому та саду,Ручний інструмент,Викрутки
105,01,06,16,КОМФОРТ БУДИНКУ,Інструмент та обладнання для дому та саду,Ручний інструмент,Ріжучий інструмент
105,01,06,17,КОМФОРТ БУДИНКУ,Інструмент та обладнання для дому та саду,Ручний інструмент,Спеціалізований ручний інструмент
105,01,06,18,КОМФОРТ БУДИНКУ,Інструмент та обладнання для дому та саду,Ручний інструмент,Степлери механічні
105,01,06,19,КОМФОРТ БУДИНКУ,Інструмент та обладнання для дому та саду,Ручний інструмент,Стусла
105,01,06,20,КОМФОРТ БУДИНКУ,Інструмент та обладнання для дому та саду,Ручний інструмент,Ящики та сумки для зберігання і транспортування інструмента
105,01,06,21,КОМФОРТ БУДИНКУ,Інструмент та обладнання для дому та саду,Ручний інструмент,Шарніроно-губцевий і губцевий інструмент
105,01,06,22,КОМФОРТ БУДИНКУ,Інструмент та обладнання для дому та саду,Ручний інструмент,Електромонтажний
105,01,06,23,КОМФОРТ БУДИНКУ,Інструмент та обладнання для дому та саду,Ручний інструмент,Рубанки
105,01,07,,КОМФОРТ БУДИНКУ,Інструмент та обладнання для дому та саду,Верстатне обладнання та спецтехніка,
105,01,07,02,КОМФОРТ БУДИНКУ,Інструмент та обладнання для дому та саду,Верстатне обладнання та спецтехніка,"Верстати, столи робітника"
105,01,07,03,КОМФОРТ БУДИНКУ,Інструмент та обладнання для дому та саду,Верстатне обладнання та спецтехніка,Вібротехніка
105,01,07,05,КОМФОРТ БУДИНКУ,Інструмент та обладнання для дому та саду,Верстатне обладнання та спецтехніка,Зварювальне обладнання та приладдя
105,01,07,06,КОМФОРТ БУДИНКУ,Інструмент та обладнання для дому та саду,Верстатне обладнання та спецтехніка,Верстати деревообробні
105,01,07,07,КОМФОРТ БУДИНКУ,Інструмент та обладнання для дому та саду,Верстатне обладнання та спецтехніка,"Верстати для каменю, плиткорізи"
105,01,07,09,КОМФОРТ БУДИНКУ,Інструмент та обладнання для дому та саду,Верстатне обладнання та спецтехніка,Верстати свердлильні
105,01,07,10,КОМФОРТ БУДИНКУ,Інструмент та обладнання для дому та саду,Верстатне обладнання та спецтехніка,Точильні верстати
105,01,08,,КОМФОРТ БУДИНКУ,Інструмент та обладнання для дому та саду,Засоби індивідуального захисту,
105,01,08,01,КОМФОРТ БУДИНКУ,Інструмент та обладнання для дому та саду,Засоби індивідуального захисту,ЗІЗ голови
105,01,08,02,КОМФОРТ БУДИНКУ,Інструмент та обладнання для дому та саду,Засоби індивідуального захисту,ЗІЗ рук
105,01,08,03,КОМФОРТ БУДИНКУ,Інструмент та обладнання для дому та саду,Засоби індивідуального захисту,ЗІЗ органів дихання
105,01,08,04,КОМФОРТ БУДИНКУ,Інструмент та обладнання для дому та саду,Засоби індивідуального захисту,ЗІЗ органів зору
105,01,08,05,КОМФОРТ БУДИНКУ,Інструмент та обладнання для дому та саду,Засоби індивідуального захисту,ЗІЗ органів слуху
105,01,08,06,КОМФОРТ БУДИНКУ,Інструмент та обладнання для дому та саду,Засоби індивідуального захисту,Спецвзуття
105,01,08,07,КОМФОРТ БУДИНКУ,Інструмент та обладнання для дому та саду,Засоби індивідуального захисту,Спецодяг
105,01,09,,КОМФОРТ БУДИНКУ,Інструмент та обладнання для дому та саду,Техніка для дому та саду,
105,01,09,01,КОМФОРТ БУДИНКУ,Інструмент та обладнання для дому та саду,Техніка для дому та саду,"Газонокосарки, аератори, скарифікатори"
105,01,09,03,КОМФОРТ БУДИНКУ,Інструмент та обладнання для дому та саду,Техніка для дому та саду,Подрібнювачі садові
105,01,09,04,КОМФОРТ БУДИНКУ,Інструмент та обладнання для дому та саду,Техніка для дому та саду,Культиватори
105,01,09,05,КОМФОРТ БУДИНКУ,Інструмент та обладнання для дому та саду,Техніка для дому та саду,Кущорізи
105,01,09,07,КОМФОРТ БУДИНКУ,Інструмент та обладнання для дому та саду,Техніка для дому та саду,Триммери садові
105,01,09,08,КОМФОРТ БУДИНКУ,Інструмент та обладнання для дому та саду,Техніка для дому та саду,Обприскувачі
105,01,09,09,КОМФОРТ БУДИНКУ,Інструмент та обладнання для дому та саду,Техніка для дому та саду,Пили ланцюгові
105,01,09,10,КОМФОРТ БУДИНКУ,Інструмент та обладнання для дому та саду,Техніка для дому та саду,"Пилососи садові, повітродувки"
105,01,09,11,КОМФОРТ БУДИНКУ,Інструмент та обладнання для дому та саду,Техніка для дому та саду,Снігоприбиральна техніка
105,01,09,14,КОМФОРТ БУДИНКУ,Інструмент та обладнання для дому та саду,Техніка для дому та саду,Товари для пікніка
105,01,09,16,КОМФОРТ БУДИНКУ,Інструмент та обладнання для дому та саду,Техніка для дому та саду,Секатори електричні
105,01,09,98,КОМФОРТ БУДИНКУ,Інструмент та обладнання для дому та саду,Техніка для дому та саду,Інша техніка для дому та саду
105,01,09,99,КОМФОРТ БУДИНКУ,Інструмент та обладнання для дому та саду,Техніка для дому та саду,Аксесуари для садової техніки
105,01,10,,КОМФОРТ БУДИНКУ,Інструмент та обладнання для дому та саду,Техніка для очищення поверхонь,
105,01,10,01,КОМФОРТ БУДИНКУ,Інструмент та обладнання для дому та саду,Техніка для очищення поверхонь,Мийки універсальні
105,01,10,02,КОМФОРТ БУДИНКУ,Інструмент та обладнання для дому та саду,Техніка для очищення поверхонь,Пилососи професійні та будівельні
105,01,10,03,КОМФОРТ БУДИНКУ,Інструмент та обладнання для дому та саду,Техніка для очищення поверхонь,Підмітальні і щіткові машини
105,01,10,04,КОМФОРТ БУДИНКУ,Інструмент та обладнання для дому та саду,Техніка для очищення поверхонь,Пароочисники
105,01,10,99,КОМФОРТ БУДИНКУ,Інструмент та обладнання для дому та саду,Техніка для очищення поверхонь,Аксесуари для очистки поверхонь
105,01,11,,КОМФОРТ БУДИНКУ,Інструмент та обладнання для дому та саду,Електроінструмент,
105,01,11,02,КОМФОРТ БУДИНКУ,Інструмент та обладнання для дому та саду,Електроінструмент,"Гайковерти, гвинтоверти"
105,01,11,03,КОМФОРТ БУДИНКУ,Інструмент та обладнання для дому та саду,Електроінструмент,Дрилі
105,01,11,04,КОМФОРТ БУДИНКУ,Інструмент та обладнання для дому та саду,Електроінструмент,Клейові пістолети
105,01,11,05,КОМФОРТ БУДИНКУ,Інструмент та обладнання для дому та саду,Електроінструмент,Лобзики електричні
105,01,11,06,КОМФОРТ БУДИНКУ,Інструмент та обладнання для дому та саду,Електроінструмент,Міксери будівельні
105,01,11,07,КОМФОРТ БУДИНКУ,Інструмент та обладнання для дому та саду,Електроінструмент,Набори електроінструментів
105,01,11,09,КОМФОРТ БУДИНКУ,Інструмент та обладнання для дому та саду,Електроінструмент,Відбійні молотки електричні
105,01,11,10,КОМФОРТ БУДИНКУ,Інструмент та обладнання для дому та саду,Електроінструмент,Паяльне встаткування
105,01,11,11,КОМФОРТ БУДИНКУ,Інструмент та обладнання для дому та саду,Електроінструмент,Перфоратори
105,01,11,12,КОМФОРТ БУДИНКУ,Інструмент та обладнання для дому та саду,Електроінструмент,Пилки стрічкові стаціонарні
105,01,11,13,КОМФОРТ БУДИНКУ,Інструмент та обладнання для дому та саду,Електроінструмент,Пили стрічкові ручні
105,01,11,14,КОМФОРТ БУДИНКУ,Інструмент та обладнання для дому та саду,Електроінструмент,Пилки торцювальні
105,01,11,15,КОМФОРТ БУДИНКУ,Інструмент та обладнання для дому та саду,Електроінструмент,Пилки шабельні
105,01,11,16,КОМФОРТ БУДИНКУ,Інструмент та обладнання для дому та саду,Електроінструмент,Пилки монтажні
105,01,11,17,КОМФОРТ БУДИНКУ,Інструмент та обладнання для дому та саду,Електроінструмент,Пилки комбіновані
105,01,11,18,КОМФОРТ БУДИНКУ,Інструмент та обладнання для дому та саду,Електроінструмент,Рубанки електричні
105,01,11,19,КОМФОРТ БУДИНКУ,Інструмент та обладнання для дому та саду,Електроінструмент,"Степлери, Скобозабивачі електричні"
105,01,11,20,КОМФОРТ БУДИНКУ,Інструмент та обладнання для дому та саду,Електроінструмент,Фени будівельні
105,01,11,21,КОМФОРТ БУДИНКУ,Інструмент та обладнання для дому та саду,Електроінструмент,Фрезери
105,01,11,23,КОМФОРТ БУДИНКУ,Інструмент та обладнання для дому та саду,Електроінструмент,Шліфмашини кутові (болгарки)
105,01,11,24,КОМФОРТ БУДИНКУ,Інструмент та обладнання для дому та саду,Електроінструмент,Шліфувальні і полірувальні машини
105,01,11,25,КОМФОРТ БУДИНКУ,Інструмент та обладнання для дому та саду,Електроінструмент,Штроборізи
105,01,11,26,КОМФОРТ БУДИНКУ,Інструмент та обладнання для дому та саду,Електроінструмент,Шурупокрути
105,01,11,27,КОМФОРТ БУДИНКУ,Інструмент та обладнання для дому та саду,Електроінструмент,Багатофункціональний ручний електроінструмент
105,01,11,28,КОМФОРТ БУДИНКУ,Інструмент та обладнання для дому та саду,Електроінструмент,Спеціалізований ручний електроінструмент
105,01,11,29,КОМФОРТ БУДИНКУ,Інструмент та обладнання для дому та саду,Електроінструмент,Фарбопульти електричні
105,01,11,30,КОМФОРТ БУДИНКУ,Інструмент та обладнання для дому та саду,Електроінструмент,Пилки дискові
105,01,11,99,КОМФОРТ БУДИНКУ,Інструмент та обладнання для дому та саду,Електроінструмент,Аксесуари для електроінструменту
105,01,12,,КОМФОРТ БУДИНКУ,Інструмент та обладнання для дому та саду,Товари для гаража і аксесуари технічної допомоги,
105,01,12,02,КОМФОРТ БУДИНКУ,Інструмент та обладнання для дому та саду,Товари для гаража і аксесуари технічної допомоги,Автомобільні пускозарядні пристрої
105,01,12,05,КОМФОРТ БУДИНКУ,Інструмент та обладнання для дому та саду,Товари для гаража і аксесуари технічної допомоги,Компресори автомобільні
105,01,12,06,КОМФОРТ БУДИНКУ,Інструмент та обладнання для дому та саду,Товари для гаража і аксесуари технічної допомоги,Засоби по догляду за автомобілем
105,01,12,07,КОМФОРТ БУДИНКУ,Інструмент та обладнання для дому та саду,Товари для гаража і аксесуари технічної допомоги,Каністри паливні
105,01,12,99,КОМФОРТ БУДИНКУ,Інструмент та обладнання для дому та саду,Товари для гаража і аксесуари технічної допомоги,Автоаксесуари для гаража і техдопомоги
105,01,13,,КОМФОРТ БУДИНКУ,Інструмент та обладнання для дому та саду,Акумулятори та зарядні пристрої для електроінструменту та садової техніки,
105,01,13,01,КОМФОРТ БУДИНКУ,Інструмент та обладнання для дому та саду,Акумулятори та зарядні пристрої для електроінструменту та садової техніки,Акумулятори для електроінструменту та садової техніки
105,01,13,02,КОМФОРТ БУДИНКУ,Інструмент та обладнання для дому та саду,Акумулятори та зарядні пристрої для електроінструменту та садової техніки,Зарядні пристрої для електроінструменту та садової техніки
105,01,13,03,КОМФОРТ БУДИНКУ,Інструмент та обладнання для дому та саду,Акумулятори та зарядні пристрої для електроінструменту та садової техніки,Комплекти акумуляторів і зарядних пристроїв для електроінструменту та садової техніки
105,01,13,04,КОМФОРТ БУДИНКУ,Інструмент та обладнання для дому та саду,Акумулятори та зарядні пристрої для електроінструменту та садової техніки,Адаптери для акумуляторів електроінструментів та садової техніки
105,01,14,,КОМФОРТ БУДИНКУ,Інструмент та обладнання для дому та саду,"Активний відпочинок, кемпінг, туризм",
105,01,14,01,КОМФОРТ БУДИНКУ,Інструмент та обладнання для дому та саду,"Активний відпочинок, кемпінг, туризм","Аксесуари для кемпінга, туризму та активного відпочинку"
105,01,14,02,КОМФОРТ БУДИНКУ,Інструмент та обладнання для дому та саду,"Активний відпочинок, кемпінг, туризм","Мангали, барбекю, набори для пікніку"
105,01,14,03,КОМФОРТ БУДИНКУ,Інструмент та обладнання для дому та саду,"Активний відпочинок, кемпінг, туризм",Меблі складні
105,01,14,04,КОМФОРТ БУДИНКУ,Інструмент та обладнання для дому та саду,"Активний відпочинок, кемпінг, туризм",Ножі та мультиінструменти
105,01,14,06,КОМФОРТ БУДИНКУ,Інструмент та обладнання для дому та саду,"Активний відпочинок, кемпінг, туризм","Намети, гамаки"
105,01,14,08,КОМФОРТ БУДИНКУ,Інструмент та обладнання для дому та саду,"Активний відпочинок, кемпінг, туризм",Сумки та рюкзаки для активного відпочинку
105,01,14,09,КОМФОРТ БУДИНКУ,Інструмент та обладнання для дому та саду,"Активний відпочинок, кемпінг, туризм",Тенти
105,01,14,10,КОМФОРТ БУДИНКУ,Інструмент та обладнання для дому та саду,"Активний відпочинок, кемпінг, туризм",Сокири туристичні
105,01,14,11,КОМФОРТ БУДИНКУ,Інструмент та обладнання для дому та саду,"Активний відпочинок, кемпінг, туризм",Ліхтарі та світильники портативні
105,01,14,13,КОМФОРТ БУДИНКУ,Інструмент та обладнання для дому та саду,"Активний відпочинок, кемпінг, туризм","Газові балони, обігрівачі та приладдя"
105,01,15,,КОМФОРТ БУДИНКУ,Інструмент та обладнання для дому та саду,Генератори,
105,01,15,01,КОМФОРТ БУДИНКУ,Інструмент та обладнання для дому та саду,Генератори,Генератори бензинові
105,01,15,02,КОМФОРТ БУДИНКУ,Інструмент та обладнання для дому та саду,Генератори,Генератори дизельні
105,01,15,03,КОМФОРТ БУДИНКУ,Інструмент та обладнання для дому та саду,Генератори,Аксесуари та витратні матеріали
105,01,16,,КОМФОРТ БУДИНКУ,Інструмент та обладнання для дому та саду,Обладнання для транспортування вантажів,
105,01,16,02,КОМФОРТ БУДИНКУ,Інструмент та обладнання для дому та саду,Обладнання для транспортування вантажів,Візки немеханізовані
105,01,16,03,КОМФОРТ БУДИНКУ,Інструмент та обладнання для дому та саду,Обладнання для транспортування вантажів,Такелажне обладнання
105,01,17,,КОМФОРТ БУДИНКУ,Інструмент та обладнання для дому та саду,Теплові гармати,
105,01,17,01,КОМФОРТ БУДИНКУ,Інструмент та обладнання для дому та саду,Теплові гармати,Газові теплові гармати
105,01,17,04,КОМФОРТ БУДИНКУ,Інструмент та обладнання для дому та саду,Теплові гармати,Електричні теплові гармати
105,01,99,,КОМФОРТ БУДИНКУ,Інструмент та обладнання для дому та саду,Аксесуари та витратні матеріали для інструменту,
105,01,99,01,КОМФОРТ БУДИНКУ,Інструмент та обладнання для дому та саду,Аксесуари та витратні матеріали для інструменту,"Біти, насадки"
105,01,99,02,КОМФОРТ БУДИНКУ,Інструмент та обладнання для дому та саду,Аксесуари та витратні матеріали для інструменту,Ізолюючі матеріали
105,01,99,03,КОМФОРТ БУДИНКУ,Інструмент та обладнання для дому та саду,Аксесуари та витратні матеріали для інструменту,Коронки для інструменту
105,01,99,04,КОМФОРТ БУДИНКУ,Інструмент та обладнання для дому та саду,Аксесуари та витратні матеріали для інструменту,"Кола, диски"
105,01,99,05,КОМФОРТ БУДИНКУ,Інструмент та обладнання для дому та саду,Аксесуари та витратні матеріали для інструменту,Набори приладдя до інструментів
105,01,99,06,КОМФОРТ БУДИНКУ,Інструмент та обладнання для дому та саду,Аксесуари та витратні матеріали для інструменту,Ножі і леза будівельні
105,01,99,07,КОМФОРТ БУДИНКУ,Інструмент та обладнання для дому та саду,Аксесуари та витратні матеріали для інструменту,Патрони і перехідники
105,01,99,08,КОМФОРТ БУДИНКУ,Інструмент та обладнання для дому та саду,Аксесуари та витратні матеріали для інструменту,"Піки, зубила, коронки"
105,01,99,09,КОМФОРТ БУДИНКУ,Інструмент та обладнання для дому та саду,Аксесуари та витратні матеріали для інструменту,Зубчасте полотна
105,01,99,10,КОМФОРТ БУДИНКУ,Інструмент та обладнання для дому та саду,Аксесуари та витратні матеріали для інструменту,Розмічальний інструмент
105,01,99,11,КОМФОРТ БУДИНКУ,Інструмент та обладнання для дому та саду,Аксесуари та витратні матеріали для інструменту,"Свердла, бури"
105,01,99,12,КОМФОРТ БУДИНКУ,Інструмент та обладнання для дому та саду,Аксесуари та витратні матеріали для інструменту,Скоби для монтажних степлерів
105,01,99,13,КОМФОРТ БУДИНКУ,Інструмент та обладнання для дому та саду,Аксесуари та витратні матеріали для інструменту,Термоклей
105,01,99,14,КОМФОРТ БУДИНКУ,Інструмент та обладнання для дому та саду,Аксесуари та витратні матеріали для інструменту,Фрези
105,01,99,15,КОМФОРТ БУДИНКУ,Інструмент та обладнання для дому та саду,Аксесуари та витратні матеріали для інструменту,Шліфувальні елементи
105,01,99,16,КОМФОРТ БУДИНКУ,Інструмент та обладнання для дому та саду,Аксесуари та витратні матеріали для інструменту,Щітки дротяні
105,01,99,17,КОМФОРТ БУДИНКУ,Інструмент та обладнання для дому та саду,Аксесуари та витратні матеріали для інструменту,Елементи кріплення для інструменту
105,02,,,КОМФОРТ БУДИНКУ,"Безпека, автоматизація і Smart рішення",,
105,02,01,,КОМФОРТ БУДИНКУ,"Безпека, автоматизація і Smart рішення","Охоронні, пожежні системи",
105,02,01,01,КОМФОРТ БУДИНКУ,"Безпека, автоматизація і Smart рішення","Охоронні, пожежні системи",Централі та комплекти сигналізації
105,02,01,02,КОМФОРТ БУДИНКУ,"Безпека, автоматизація і Smart рішення","Охоронні, пожежні системи",Датчики для сигналізації
105,02,01,03,КОМФОРТ БУДИНКУ,"Безпека, автоматизація і Smart рішення","Охоронні, пожежні системи","Сирени, реле для сигналізації"
105,02,01,04,КОМФОРТ БУДИНКУ,"Безпека, автоматизація і Smart рішення","Охоронні, пожежні системи","Пульти, брелоки, кнопки для сигналізації"
105,02,01,05,КОМФОРТ БУДИНКУ,"Безпека, автоматизація і Smart рішення","Охоронні, пожежні системи",Шлюзи та репітери для сигналізації
105,02,01,06,КОМФОРТ БУДИНКУ,"Безпека, автоматизація і Smart рішення","Охоронні, пожежні системи",Відеонагляд
105,02,01,99,КОМФОРТ БУДИНКУ,"Безпека, автоматизація і Smart рішення","Охоронні, пожежні системи",Аксесуари та кріплення для сигналізації
105,02,03,,КОМФОРТ БУДИНКУ,"Безпека, автоматизація і Smart рішення",Домофонні системи,
105,02,03,01,КОМФОРТ БУДИНКУ,"Безпека, автоматизація і Smart рішення",Домофонні системи,Домофони
105,02,03,02,КОМФОРТ БУДИНКУ,"Безпека, автоматизація і Smart рішення",Домофонні системи,Панелі виклику для домофонів
105,02,04,,КОМФОРТ БУДИНКУ,"Безпека, автоматизація і Smart рішення","Системи автоматизації, розумний будинок, IоT",
105,02,04,01,КОМФОРТ БУДИНКУ,"Безпека, автоматизація і Smart рішення","Системи автоматизації, розумний будинок, IоT",Контролери та комплекти для розумного будинку
105,02,04,05,КОМФОРТ БУДИНКУ,"Безпека, автоматизація і Smart рішення","Системи автоматизації, розумний будинок, IоT",Лампи та світильники для розумного будинку
105,02,04,07,КОМФОРТ БУДИНКУ,"Безпека, автоматизація і Smart рішення","Системи автоматизації, розумний будинок, IоT",Фурнітура для розумного будинку
105,03,,,КОМФОРТ БУДИНКУ,Освітлення ,,
105,03,01,,КОМФОРТ БУДИНКУ,Освітлення ,Лампи для освітлення ,
105,03,01,01,КОМФОРТ БУДИНКУ,Освітлення ,Лампи для освітлення ,Лампи освітлювальні світлодіодні
105,03,01,02,КОМФОРТ БУДИНКУ,Освітлення ,Лампи для освітлення ,Лампи освітлювальні світлодіодні керовані 
105,03,02,,КОМФОРТ БУДИНКУ,Освітлення ,Світильники внутрішні ,
105,03,02,01,КОМФОРТ БУДИНКУ,Освітлення ,Світильники внутрішні ,Світильники даунлайт та точкові
105,03,02,02,КОМФОРТ БУДИНКУ,Освітлення ,Світильники внутрішні ,Світильники декоративні внутрішні 
105,03,02,04,КОМФОРТ БУДИНКУ,Освітлення ,Світильники внутрішні ,Світильники лінійні внутрішні 
105,03,02,05,КОМФОРТ БУДИНКУ,Освітлення ,Світильники внутрішні ,Панелі світлодіодні внутрішні
105,03,02,08,КОМФОРТ БУДИНКУ,Освітлення ,Світильники внутрішні ,Аварійні світильники внутрішні 
105,03,02,11,КОМФОРТ БУДИНКУ,Освітлення ,Світильники внутрішні ,Настільні лампи
105,03,02,99,КОМФОРТ БУДИНКУ,Освітлення ,Світильники внутрішні ,Аксесуари для світильників внутрішніх 
105,03,03,,КОМФОРТ БУДИНКУ,Освітлення ,Світильники зовнішні ,
105,03,03,02,КОМФОРТ БУДИНКУ,Освітлення ,Світильники зовнішні ,Прожектори
105,03,03,07,КОМФОРТ БУДИНКУ,Освітлення ,Світильники зовнішні ,Світильники фасадні та садово-паркові
105,03,03,09,КОМФОРТ БУДИНКУ,Освітлення ,Світильники зовнішні ,Світлодіодні модулі зовнішні
105,03,04,,КОМФОРТ БУДИНКУ,Освітлення ,Світловий декор і ілюмінація,
105,03,04,01,КОМФОРТ БУДИНКУ,Освітлення ,Світловий декор і ілюмінація,Ілюмінація і освітлення декору внутрішнє
105,03,04,03,КОМФОРТ БУДИНКУ,Освітлення ,Світловий декор і ілюмінація,Світлодіодна стрічка внутрішня
105,04,,,КОМФОРТ БУДИНКУ,Електрофурнітура,,
105,04,01,,КОМФОРТ БУДИНКУ,Електрофурнітура,"Розетки, вимикачі і механізми",
105,04,01,01,КОМФОРТ БУДИНКУ,Електрофурнітура,"Розетки, вимикачі і механізми",Розетки
105,04,01,02,КОМФОРТ БУДИНКУ,Електрофурнітура,"Розетки, вимикачі і механізми","Вимикачі, перемикачі"
105,04,01,03,КОМФОРТ БУДИНКУ,Електрофурнітура,"Розетки, вимикачі і механізми","Рамки, лицьові панелі"
105,04,01,99,КОМФОРТ БУДИНКУ,Електрофурнітура,"Розетки, вимикачі і механізми",Аксесуари для розеток і вимикачів
105,04,02,,КОМФОРТ БУДИНКУ,Електрофурнітура,Smart електрофурнітура,
105,04,02,03,КОМФОРТ БУДИНКУ,Електрофурнітура,Smart електрофурнітура,Розумні бездротові пристрої
105,05,,,КОМФОРТ БУДИНКУ,Опалення та водопостачання,,
105,05,01,,КОМФОРТ БУДИНКУ,Опалення та водопостачання,Котли опалювальні,
105,05,01,01,КОМФОРТ БУДИНКУ,Опалення та водопостачання,Котли опалювальні,Котли газові конвекційні
105,05,01,02,КОМФОРТ БУДИНКУ,Опалення та водопостачання,Котли опалювальні,Котли газові конденсаційні
105,05,01,03,КОМФОРТ БУДИНКУ,Опалення та водопостачання,Котли опалювальні,Котли електричні
105,05,02,,КОМФОРТ БУДИНКУ,Опалення та водопостачання,Теплові насоси,
105,05,02,01,КОМФОРТ БУДИНКУ,Опалення та водопостачання,Теплові насоси,Теплові насоси повітря/вода
105,05,03,,КОМФОРТ БУДИНКУ,Опалення та водопостачання,Гідравлічна тепла підлога (ГТП),
105,05,03,01,КОМФОРТ БУДИНКУ,Опалення та водопостачання,Гідравлічна тепла підлога (ГТП),Труби для ГТП
105,05,03,02,КОМФОРТ БУДИНКУ,Опалення та водопостачання,Гідравлічна тепла підлога (ГТП),Фітинги для труб ГТП
105,05,03,03,КОМФОРТ БУДИНКУ,Опалення та водопостачання,Гідравлічна тепла підлога (ГТП),Трубопровідна арматура ГТП
105,05,03,04,КОМФОРТ БУДИНКУ,Опалення та водопостачання,Гідравлічна тепла підлога (ГТП),Розподільні колектори ГТП
105,05,03,06,КОМФОРТ БУДИНКУ,Опалення та водопостачання,Гідравлічна тепла підлога (ГТП),Теплоізоляція і пластифікатори ГТП
105,05,03,07,КОМФОРТ БУДИНКУ,Опалення та водопостачання,Гідравлічна тепла підлога (ГТП),Управління системами ГТП
105,05,03,99,КОМФОРТ БУДИНКУ,Опалення та водопостачання,Гідравлічна тепла підлога (ГТП),Аксесуари та комплектуючі для ГТП
105,05,04,,КОМФОРТ БУДИНКУ,Опалення та водопостачання,Електрична тепла підлога (ЕТП),
105,05,04,01,КОМФОРТ БУДИНКУ,Опалення та водопостачання,Електрична тепла підлога (ЕТП),Нагрівальні мати ЕТП
105,05,04,02,КОМФОРТ БУДИНКУ,Опалення та водопостачання,Електрична тепла підлога (ЕТП),Нагрівальні кабелі ЕТП
105,05,04,03,КОМФОРТ БУДИНКУ,Опалення та водопостачання,Електрична тепла підлога (ЕТП),Терморегулятори ЕТП
105,05,04,99,КОМФОРТ БУДИНКУ,Опалення та водопостачання,Електрична тепла підлога (ЕТП),Аксесуари та комплектуючі для ЕТП
105,05,05,,КОМФОРТ БУДИНКУ,Опалення та водопостачання,Системи сніготанення та антиобледеніння,
105,05,05,02,КОМФОРТ БУДИНКУ,Опалення та водопостачання,Системи сніготанення та антиобледеніння,Управління системами сніготанення та антизледеніння
105,05,06,,КОМФОРТ БУДИНКУ,Опалення та водопостачання,Радіатори водяного опалення,
105,05,06,01,КОМФОРТ БУДИНКУ,Опалення та водопостачання,Радіатори водяного опалення,Сталеві радіатори опалення
105,05,06,03,КОМФОРТ БУДИНКУ,Опалення та водопостачання,Радіатори водяного опалення,Терморегулююча арматура до радіаторів опалення
105,05,06,04,КОМФОРТ БУДИНКУ,Опалення та водопостачання,Радіатори водяного опалення,Комплекти для підключення до радіаторів опалення
105,05,06,06,КОМФОРТ БУДИНКУ,Опалення та водопостачання,Радіатори водяного опалення,Біметалеві радіатори опалення
105,05,06,07,КОМФОРТ БУДИНКУ,Опалення та водопостачання,Радіатори водяного опалення,Тепловентилятори водяні
105,05,07,,КОМФОРТ БУДИНКУ,Опалення та водопостачання,Каналізаційні системи,
105,05,07,01,КОМФОРТ БУДИНКУ,Опалення та водопостачання,Каналізаційні системи,Каналізаційні труби та комплектуючі
105,05,09,,КОМФОРТ БУДИНКУ,Опалення та водопостачання,Газові колонки,
105,05,09,01,КОМФОРТ БУДИНКУ,Опалення та водопостачання,Газові колонки,Газові колонки
105,05,10,,КОМФОРТ БУДИНКУ,Опалення та водопостачання,Ємності,
105,05,10,01,КОМФОРТ БУДИНКУ,Опалення та водопостачання,Ємності,Водонагрівачі непрямого нагріву
105,05,11,,КОМФОРТ БУДИНКУ,Опалення та водопостачання,Комплектуючі до термотехніки,
105,05,11,01,КОМФОРТ БУДИНКУ,Опалення та водопостачання,Комплектуючі до термотехніки,Циркуляційні насоси
105,05,11,02,КОМФОРТ БУДИНКУ,Опалення та водопостачання,Комплектуючі до термотехніки,Системи швидкого монтажу
105,05,11,03,КОМФОРТ БУДИНКУ,Опалення та водопостачання,Комплектуючі до термотехніки,Керуюча автоматика до термотехніки
105,05,11,04,КОМФОРТ БУДИНКУ,Опалення та водопостачання,Комплектуючі до термотехніки,Димовидалення 60/100 мм
105,05,11,05,КОМФОРТ БУДИНКУ,Опалення та водопостачання,Комплектуючі до термотехніки,Димовидалення 80/125 мм
105,05,11,06,КОМФОРТ БУДИНКУ,Опалення та водопостачання,Комплектуючі до термотехніки,Димовидалення роздільне 80/80 мм
105,05,12,,КОМФОРТ БУДИНКУ,Опалення та водопостачання,Водопідготовка і фільтрація води,
105,05,12,01,КОМФОРТ БУДИНКУ,Опалення та водопостачання,Водопідготовка і фільтрація води,Фільтри для побутової води
105,05,12,02,КОМФОРТ БУДИНКУ,Опалення та водопостачання,Водопідготовка і фільтрація води,Фільтри глечики
105,05,12,04,КОМФОРТ БУДИНКУ,Опалення та водопостачання,Водопідготовка і фільтрація води,Витратні матеріали та аксесуари фільтрації води
105,05,12,05,КОМФОРТ БУДИНКУ,Опалення та водопостачання,Водопідготовка і фільтрація води,Фільтри зворотного осмосу
105,05,12,06,КОМФОРТ БУДИНКУ,Опалення та водопостачання,Водопідготовка і фільтрація води,Фільтри проточного типу для питної води
105,06,,,КОМФОРТ БУДИНКУ,Кондиціонери та вентиляція,,
105,06,01,,КОМФОРТ БУДИНКУ,Кондиціонери та вентиляція,Кондиціонери,
105,06,01,01,КОМФОРТ БУДИНКУ,Кондиціонери та вентиляція,Кондиціонери,Кондиціонери мобільні
105,06,01,02,КОМФОРТ БУДИНКУ,Кондиціонери та вентиляція,Кондиціонери,Кондиціонери on-off
105,06,01,03,КОМФОРТ БУДИНКУ,Кондиціонери та вентиляція,Кондиціонери,Кондиціонери інверторні
105,06,01,04,КОМФОРТ БУДИНКУ,Кондиціонери та вентиляція,Кондиціонери,Теплові насоси повітря/повітря
105,06,01,06,КОМФОРТ БУДИНКУ,Кондиціонери та вентиляція,Кондиціонери,Мульти-спліт системи
105,06,01,07,КОМФОРТ БУДИНКУ,Кондиціонери та вентиляція,Кондиціонери,Аксесуари до кондиціонерів
105,06,03,,КОМФОРТ БУДИНКУ,Кондиціонери та вентиляція,Рекуператори і приточні установки,
105,06,03,01,КОМФОРТ БУДИНКУ,Кондиціонери та вентиляція,Рекуператори і приточні установки,Рекуператори побутові
105,06,05,,КОМФОРТ БУДИНКУ,Кондиціонери та вентиляція,Вентилятори професійні,
105,06,05,01,КОМФОРТ БУДИНКУ,Кондиціонери та вентиляція,Вентилятори професійні,Вентилятори професійні на ніжці
105,06,05,02,КОМФОРТ БУДИНКУ,Кондиціонери та вентиляція,Вентилятори професійні,Вентилятори і циркулятори підлогові
105,07,,,КОМФОРТ БУДИНКУ,Автотовари,,
105,07,01,,КОМФОРТ БУДИНКУ,Автотовари,Акумулятори автомобільні,
105,07,01,01,КОМФОРТ БУДИНКУ,Автотовари,Акумулятори автомобільні,Акумулятори для авто
105,07,03,,КОМФОРТ БУДИНКУ,Автотовари,Аксесуари для авто,
105,07,03,02,КОМФОРТ БУДИНКУ,Автотовари,Аксесуари для авто,Аксесуари для догляду за автомобілем
105,07,03,04,КОМФОРТ БУДИНКУ,Автотовари,Аксесуари для авто,Органайзери в авто
105,07,03,07,КОМФОРТ БУДИНКУ,Автотовари,Аксесуари для авто,Чохли для сидінь
105,07,06,,КОМФОРТ БУДИНКУ,Автотовари,Інструменти для авто,
105,07,06,01,КОМФОРТ БУДИНКУ,Автотовари,Інструменти для авто,Балонні ключі
105,07,06,03,КОМФОРТ БУДИНКУ,Автотовари,Інструменти для авто,Щупи
105,07,06,04,КОМФОРТ БУДИНКУ,Автотовари,Інструменти для авто,Спеціальний автоінструмент
105,07,07,,КОМФОРТ БУДИНКУ,Автотовари,Склоочисники,
105,07,07,01,КОМФОРТ БУДИНКУ,Автотовари,Склоочисники,Безкаркасні
105,07,07,02,КОМФОРТ БУДИНКУ,Автотовари,Склоочисники,Гібридні
105,07,07,03,КОМФОРТ БУДИНКУ,Автотовари,Склоочисники,Задні
105,07,07,04,КОМФОРТ БУДИНКУ,Автотовари,Склоочисники,Каркасні
105,07,08,,КОМФОРТ БУДИНКУ,Автотовари,Техдопомога в дорозі,
105,07,08,01,КОМФОРТ БУДИНКУ,Автотовари,Техдопомога в дорозі,Автокомпресори та насоси
105,07,08,04,КОМФОРТ БУДИНКУ,Автотовари,Техдопомога в дорозі,Домкрати
105,07,08,05,КОМФОРТ БУДИНКУ,Автотовари,Техдопомога в дорозі,Зарядні та пускозарядні пристрої
105,07,08,06,КОМФОРТ БУДИНКУ,Автотовари,Техдопомога в дорозі,Кабелі пускові
105,07,08,07,КОМФОРТ БУДИНКУ,Автотовари,Техдопомога в дорозі,Каністри для палива
105,07,08,09,КОМФОРТ БУДИНКУ,Автотовари,Техдопомога в дорозі,Лебідки
105,07,08,10,КОМФОРТ БУДИНКУ,Автотовари,Техдопомога в дорозі,Лійки для палива
105,07,08,11,КОМФОРТ БУДИНКУ,Автотовари,Техдопомога в дорозі,Троси буксирувальні
105,07,08,12,КОМФОРТ БУДИНКУ,Автотовари,Техдопомога в дорозі,Щітки для снігу та скребки
105,07,10,,КОМФОРТ БУДИНКУ,Автотовари,Автоінструменти,
105,07,10,05,КОМФОРТ БУДИНКУ,Автотовари,Автоінструменти,Діагностичне обладнання
106,,,,"КОМП'ЮТЕРНІ КОМПОНЕНТИ, НАКОПИЧУВАЧІ",,,
106,01,,,"КОМП'ЮТЕРНІ КОМПОНЕНТИ, НАКОПИЧУВАЧІ",Комп'ютерні комплектуючі,,
106,01,01,,"КОМП'ЮТЕРНІ КОМПОНЕНТИ, НАКОПИЧУВАЧІ",Комп'ютерні комплектуючі,Комп'ютерні компоненти,
106,01,01,01,"КОМП'ЮТЕРНІ КОМПОНЕНТИ, НАКОПИЧУВАЧІ",Комп'ютерні комплектуючі,Комп'ютерні компоненти,Блоки живлення ПК
106,01,01,02,"КОМП'ЮТЕРНІ КОМПОНЕНТИ, НАКОПИЧУВАЧІ",Комп'ютерні комплектуючі,Комп'ютерні компоненти,Відеокарти
106,01,01,04,"КОМП'ЮТЕРНІ КОМПОНЕНТИ, НАКОПИЧУВАЧІ",Комп'ютерні комплектуючі,Комп'ютерні компоненти,Корпуси ПК
106,01,01,05,"КОМП'ЮТЕРНІ КОМПОНЕНТИ, НАКОПИЧУВАЧІ",Комп'ютерні комплектуючі,Комп'ютерні компоненти,Кулери та радіатори ПК
106,01,01,06,"КОМП'ЮТЕРНІ КОМПОНЕНТИ, НАКОПИЧУВАЧІ",Комп'ютерні комплектуючі,Комп'ютерні компоненти,Материнські плати
106,01,01,07,"КОМП'ЮТЕРНІ КОМПОНЕНТИ, НАКОПИЧУВАЧІ",Комп'ютерні комплектуючі,Комп'ютерні компоненти,Пам'ять оперативна DDR ноутбуків
106,01,01,08,"КОМП'ЮТЕРНІ КОМПОНЕНТИ, НАКОПИЧУВАЧІ",Комп'ютерні комплектуючі,Комп'ютерні компоненти,Пам'ять оперативна DDR ПК
106,01,01,09,"КОМП'ЮТЕРНІ КОМПОНЕНТИ, НАКОПИЧУВАЧІ",Комп'ютерні комплектуючі,Комп'ютерні компоненти,Процесори
106,01,01,10,"КОМП'ЮТЕРНІ КОМПОНЕНТИ, НАКОПИЧУВАЧІ",Комп'ютерні комплектуючі,Комп'ютерні компоненти,Термопаста
106,01,01,99,"КОМП'ЮТЕРНІ КОМПОНЕНТИ, НАКОПИЧУВАЧІ",Комп'ютерні комплектуючі,Комп'ютерні компоненти,Аксесуари та опції комп'ютерних компонентів
106,01,02,,"КОМП'ЮТЕРНІ КОМПОНЕНТИ, НАКОПИЧУВАЧІ",Комп'ютерні комплектуючі,Накопичувачі та карти пам'яті,
106,01,02,01,"КОМП'ЮТЕРНІ КОМПОНЕНТИ, НАКОПИЧУВАЧІ",Комп'ютерні комплектуючі,Накопичувачі та карти пам'яті,Карти пам'яті CompactFlash
106,01,02,02,"КОМП'ЮТЕРНІ КОМПОНЕНТИ, НАКОПИЧУВАЧІ",Комп'ютерні комплектуючі,Накопичувачі та карти пам'яті,Карти пам'яті Flash
106,01,02,03,"КОМП'ЮТЕРНІ КОМПОНЕНТИ, НАКОПИЧУВАЧІ",Комп'ютерні комплектуючі,Накопичувачі та карти пам'яті,Карти пам'яті MicroSD
106,01,02,04,"КОМП'ЮТЕРНІ КОМПОНЕНТИ, НАКОПИЧУВАЧІ",Комп'ютерні комплектуючі,Накопичувачі та карти пам'яті,Карти пам'яті SD
106,01,02,06,"КОМП'ЮТЕРНІ КОМПОНЕНТИ, НАКОПИЧУВАЧІ",Комп'ютерні комплектуючі,Накопичувачі та карти пам'яті,Накопичувачі HDD внутрішні комп'ютерів
106,01,02,08,"КОМП'ЮТЕРНІ КОМПОНЕНТИ, НАКОПИЧУВАЧІ",Комп'ютерні комплектуючі,Накопичувачі та карти пам'яті,Накопичувачі HDD портативні
106,01,02,10,"КОМП'ЮТЕРНІ КОМПОНЕНТИ, НАКОПИЧУВАЧІ",Комп'ютерні комплектуючі,Накопичувачі та карти пам'яті,Накопичувачі SSD
106,01,02,11,"КОМП'ЮТЕРНІ КОМПОНЕНТИ, НАКОПИЧУВАЧІ",Комп'ютерні комплектуючі,Накопичувачі та карти пам'яті,Накопичувачі USB
106,01,02,13,"КОМП'ЮТЕРНІ КОМПОНЕНТИ, НАКОПИЧУВАЧІ",Комп'ютерні комплектуючі,Накопичувачі та карти пам'яті,Приводи оптичні
106,01,02,14,"КОМП'ЮТЕРНІ КОМПОНЕНТИ, НАКОПИЧУВАЧІ",Комп'ютерні комплектуючі,Накопичувачі та карти пам'яті,Мережеві системи зберігання даних (NAS)
106,01,02,99,"КОМП'ЮТЕРНІ КОМПОНЕНТИ, НАКОПИЧУВАЧІ",Комп'ютерні комплектуючі,Накопичувачі та карти пам'яті,Аксесуари для пристроїв зберігання даних
107,,,,"ТВ, ЗАСОБИ ВІДОБРАЖЕННЯ ІНФОРМАЦІІ, ОРГТЕХНІКА",,,
107,01,,,"ТВ, ЗАСОБИ ВІДОБРАЖЕННЯ ІНФОРМАЦІІ, ОРГТЕХНІКА","ТВ, засоби відображення інформації",,
107,01,01,,"ТВ, ЗАСОБИ ВІДОБРАЖЕННЯ ІНФОРМАЦІІ, ОРГТЕХНІКА","ТВ, засоби відображення інформації",Інформаційні дисплеї,
107,01,01,01,"ТВ, ЗАСОБИ ВІДОБРАЖЕННЯ ІНФОРМАЦІІ, ОРГТЕХНІКА","ТВ, засоби відображення інформації",Інформаційні дисплеї,Дисплеї інформаційні
107,01,01,03,"ТВ, ЗАСОБИ ВІДОБРАЖЕННЯ ІНФОРМАЦІІ, ОРГТЕХНІКА","ТВ, засоби відображення інформації",Інформаційні дисплеї,Кріплення інформаційних дисплеїв
107,01,01,99,"ТВ, ЗАСОБИ ВІДОБРАЖЕННЯ ІНФОРМАЦІІ, ОРГТЕХНІКА","ТВ, засоби відображення інформації",Інформаційні дисплеї,Аксесуари та опції інформаційних дисплеїв
107,01,02,,"ТВ, ЗАСОБИ ВІДОБРАЖЕННЯ ІНФОРМАЦІІ, ОРГТЕХНІКА","ТВ, засоби відображення інформації",Монітори,
107,01,02,01,"ТВ, ЗАСОБИ ВІДОБРАЖЕННЯ ІНФОРМАЦІІ, ОРГТЕХНІКА","ТВ, засоби відображення інформації",Монітори,Монітори споживчі
107,01,02,02,"ТВ, ЗАСОБИ ВІДОБРАЖЕННЯ ІНФОРМАЦІІ, ОРГТЕХНІКА","ТВ, засоби відображення інформації",Монітори,Кріплення моніторів
107,01,03,,"ТВ, ЗАСОБИ ВІДОБРАЖЕННЯ ІНФОРМАЦІІ, ОРГТЕХНІКА","ТВ, засоби відображення інформації",Проєкційне обладнання,
107,01,03,01,"ТВ, ЗАСОБИ ВІДОБРАЖЕННЯ ІНФОРМАЦІІ, ОРГТЕХНІКА","ТВ, засоби відображення інформації",Проєкційне обладнання,Проєктори універсальні
107,01,03,02,"ТВ, ЗАСОБИ ВІДОБРАЖЕННЯ ІНФОРМАЦІІ, ОРГТЕХНІКА","ТВ, засоби відображення інформації",Проєкційне обладнання,Проєктори інсталяційні
107,01,03,03,"ТВ, ЗАСОБИ ВІДОБРАЖЕННЯ ІНФОРМАЦІІ, ОРГТЕХНІКА","ТВ, засоби відображення інформації",Проєкційне обладнання,Проєктори домашні
107,01,03,04,"ТВ, ЗАСОБИ ВІДОБРАЖЕННЯ ІНФОРМАЦІІ, ОРГТЕХНІКА","ТВ, засоби відображення інформації",Проєкційне обладнання,Дошки інтерактивні
107,01,03,05,"ТВ, ЗАСОБИ ВІДОБРАЖЕННЯ ІНФОРМАЦІІ, ОРГТЕХНІКА","ТВ, засоби відображення інформації",Проєкційне обладнання,Екрани проєкційні
107,01,03,06,"ТВ, ЗАСОБИ ВІДОБРАЖЕННЯ ІНФОРМАЦІІ, ОРГТЕХНІКА","ТВ, засоби відображення інформації",Проєкційне обладнання,Лампи проєкторів
107,01,03,07,"ТВ, ЗАСОБИ ВІДОБРАЖЕННЯ ІНФОРМАЦІІ, ОРГТЕХНІКА","ТВ, засоби відображення інформації",Проєкційне обладнання,Кріплення проєкторів
107,01,03,09,"ТВ, ЗАСОБИ ВІДОБРАЖЕННЯ ІНФОРМАЦІІ, ОРГТЕХНІКА","ТВ, засоби відображення інформації",Проєкційне обладнання,Проєктори короткофокусні
107,01,03,99,"ТВ, ЗАСОБИ ВІДОБРАЖЕННЯ ІНФОРМАЦІІ, ОРГТЕХНІКА","ТВ, засоби відображення інформації",Проєкційне обладнання,Аксесуари та опції проєкційного обладнання
107,01,04,,"ТВ, ЗАСОБИ ВІДОБРАЖЕННЯ ІНФОРМАЦІІ, ОРГТЕХНІКА","ТВ, засоби відображення інформації",Телевізори,
107,01,04,01,"ТВ, ЗАСОБИ ВІДОБРАЖЕННЯ ІНФОРМАЦІІ, ОРГТЕХНІКА","ТВ, засоби відображення інформації",Телевізори,Телевізори комерційні
107,01,04,02,"ТВ, ЗАСОБИ ВІДОБРАЖЕННЯ ІНФОРМАЦІІ, ОРГТЕХНІКА","ТВ, засоби відображення інформації",Телевізори,Телевізори споживчі
107,01,04,03,"ТВ, ЗАСОБИ ВІДОБРАЖЕННЯ ІНФОРМАЦІІ, ОРГТЕХНІКА","ТВ, засоби відображення інформації",Телевізори,Кріплення телевізорів
107,01,04,99,"ТВ, ЗАСОБИ ВІДОБРАЖЕННЯ ІНФОРМАЦІІ, ОРГТЕХНІКА","ТВ, засоби відображення інформації",Телевізори,Аксесуари та опції телевізорів
107,02,,,"ТВ, ЗАСОБИ ВІДОБРАЖЕННЯ ІНФОРМАЦІІ, ОРГТЕХНІКА",Оргтехніка,,
107,02,01,,"ТВ, ЗАСОБИ ВІДОБРАЖЕННЯ ІНФОРМАЦІІ, ОРГТЕХНІКА",Оргтехніка,Пристрої друку та сканування форматні,
107,02,01,01,"ТВ, ЗАСОБИ ВІДОБРАЖЕННЯ ІНФОРМАЦІІ, ОРГТЕХНІКА",Оргтехніка,Пристрої друку та сканування форматні,БФП лазерні монохромні
107,02,01,02,"ТВ, ЗАСОБИ ВІДОБРАЖЕННЯ ІНФОРМАЦІІ, ОРГТЕХНІКА",Оргтехніка,Пристрої друку та сканування форматні,БФП лазерні кольорові
107,02,01,03,"ТВ, ЗАСОБИ ВІДОБРАЖЕННЯ ІНФОРМАЦІІ, ОРГТЕХНІКА",Оргтехніка,Пристрої друку та сканування форматні,БФП струменеві монохромні
107,02,01,04,"ТВ, ЗАСОБИ ВІДОБРАЖЕННЯ ІНФОРМАЦІІ, ОРГТЕХНІКА",Оргтехніка,Пристрої друку та сканування форматні,БФП струменеві кольорові
107,02,01,05,"ТВ, ЗАСОБИ ВІДОБРАЖЕННЯ ІНФОРМАЦІІ, ОРГТЕХНІКА",Оргтехніка,Пристрої друку та сканування форматні,Принтери лазерні монохромні
107,02,01,06,"ТВ, ЗАСОБИ ВІДОБРАЖЕННЯ ІНФОРМАЦІІ, ОРГТЕХНІКА",Оргтехніка,Пристрої друку та сканування форматні,Принтери лазерні кольорові
107,02,01,11,"ТВ, ЗАСОБИ ВІДОБРАЖЕННЯ ІНФОРМАЦІІ, ОРГТЕХНІКА",Оргтехніка,Пристрої друку та сканування форматні,Принтери струменеві кольорові
107,02,01,12,"ТВ, ЗАСОБИ ВІДОБРАЖЕННЯ ІНФОРМАЦІІ, ОРГТЕХНІКА",Оргтехніка,Пристрої друку та сканування форматні,Принтери сублімаційні
107,02,01,13,"ТВ, ЗАСОБИ ВІДОБРАЖЕННЯ ІНФОРМАЦІІ, ОРГТЕХНІКА",Оргтехніка,Пристрої друку та сканування форматні,Принтери термотрансферні
107,02,01,14,"ТВ, ЗАСОБИ ВІДОБРАЖЕННЯ ІНФОРМАЦІІ, ОРГТЕХНІКА",Оргтехніка,Пристрої друку та сканування форматні,Принтери та БФП широкоформатні
107,02,01,15,"ТВ, ЗАСОБИ ВІДОБРАЖЕННЯ ІНФОРМАЦІІ, ОРГТЕХНІКА",Оргтехніка,Пристрої друку та сканування форматні,Сканери планшетні
107,02,01,16,"ТВ, ЗАСОБИ ВІДОБРАЖЕННЯ ІНФОРМАЦІІ, ОРГТЕХНІКА",Оргтехніка,Пристрої друку та сканування форматні,Сканери планетарні
107,02,01,17,"ТВ, ЗАСОБИ ВІДОБРАЖЕННЯ ІНФОРМАЦІІ, ОРГТЕХНІКА",Оргтехніка,Пристрої друку та сканування форматні,Сканери протяжні
107,02,01,20,"ТВ, ЗАСОБИ ВІДОБРАЖЕННЯ ІНФОРМАЦІІ, ОРГТЕХНІКА",Оргтехніка,Пристрої друку та сканування форматні,Принтери прямого термодруку
107,02,01,99,"ТВ, ЗАСОБИ ВІДОБРАЖЕННЯ ІНФОРМАЦІІ, ОРГТЕХНІКА",Оргтехніка,Пристрої друку та сканування форматні,Аксесуари та опції для сканерів і пристроїв друку
107,02,02,,"ТВ, ЗАСОБИ ВІДОБРАЖЕННЯ ІНФОРМАЦІІ, ОРГТЕХНІКА",Оргтехніка,Витратні матеріали для пристроїв друку,
107,02,02,01,"ТВ, ЗАСОБИ ВІДОБРАЖЕННЯ ІНФОРМАЦІІ, ОРГТЕХНІКА",Оргтехніка,Витратні матеріали для пристроїв друку,Папір офісний форматний
107,02,02,03,"ТВ, ЗАСОБИ ВІДОБРАЖЕННЯ ІНФОРМАЦІІ, ОРГТЕХНІКА",Оргтехніка,Витратні матеріали для пристроїв друку,Папір спеціалізований
107,02,02,04,"ТВ, ЗАСОБИ ВІДОБРАЖЕННЯ ІНФОРМАЦІІ, ОРГТЕХНІКА",Оргтехніка,Витратні матеріали для пристроїв друку,Папір широкоформатний
107,02,02,05,"ТВ, ЗАСОБИ ВІДОБРАЖЕННЯ ІНФОРМАЦІІ, ОРГТЕХНІКА",Оргтехніка,Витратні матеріали для пристроїв друку,Картриджі контрактні
107,02,02,06,"ТВ, ЗАСОБИ ВІДОБРАЖЕННЯ ІНФОРМАЦІІ, ОРГТЕХНІКА",Оргтехніка,Витратні матеріали для пристроїв друку,Картриджі для копіювальних пристроів
107,02,02,07,"ТВ, ЗАСОБИ ВІДОБРАЖЕННЯ ІНФОРМАЦІІ, ОРГТЕХНІКА",Оргтехніка,Витратні матеріали для пристроїв друку,Картриджі для лазерних монохромних пристроїв
107,02,02,08,"ТВ, ЗАСОБИ ВІДОБРАЖЕННЯ ІНФОРМАЦІІ, ОРГТЕХНІКА",Оргтехніка,Витратні матеріали для пристроїв друку,Картриджі для лазерних кольорових пристроїв
107,02,02,09,"ТВ, ЗАСОБИ ВІДОБРАЖЕННЯ ІНФОРМАЦІІ, ОРГТЕХНІКА",Оргтехніка,Витратні матеріали для пристроїв друку,Картриджі для струменевих пристроїв
107,02,02,10,"ТВ, ЗАСОБИ ВІДОБРАЖЕННЯ ІНФОРМАЦІІ, ОРГТЕХНІКА",Оргтехніка,Витратні матеріали для пристроїв друку,Картриджі для термотрансферних пристроїв
107,02,02,11,"ТВ, ЗАСОБИ ВІДОБРАЖЕННЯ ІНФОРМАЦІІ, ОРГТЕХНІКА",Оргтехніка,Витратні матеріали для пристроїв друку,Картриджі для сублімаційних пристроїв
107,02,02,16,"ТВ, ЗАСОБИ ВІДОБРАЖЕННЯ ІНФОРМАЦІІ, ОРГТЕХНІКА",Оргтехніка,Витратні матеріали для пристроїв друку,Картриджі для факсів
107,02,02,17,"ТВ, ЗАСОБИ ВІДОБРАЖЕННЯ ІНФОРМАЦІІ, ОРГТЕХНІКА",Оргтехніка,Витратні матеріали для пристроїв друку,Картриджі для широкоформатних пристроїв
107,02,02,18,"ТВ, ЗАСОБИ ВІДОБРАЖЕННЯ ІНФОРМАЦІІ, ОРГТЕХНІКА",Оргтехніка,Витратні матеріали для пристроїв друку,Ресурсні вузли і матеріали для друкованих пристроїв
107,02,02,19,"ТВ, ЗАСОБИ ВІДОБРАЖЕННЯ ІНФОРМАЦІІ, ОРГТЕХНІКА",Оргтехніка,Витратні матеріали для пристроїв друку,Папір для термопринтерів
107,02,03,,"ТВ, ЗАСОБИ ВІДОБРАЖЕННЯ ІНФОРМАЦІІ, ОРГТЕХНІКА",Оргтехніка,Пристрої друку та сканування 3D,
107,02,03,02,"ТВ, ЗАСОБИ ВІДОБРАЖЕННЯ ІНФОРМАЦІІ, ОРГТЕХНІКА",Оргтехніка,Пристрої друку та сканування 3D,Ручки 3D
107,02,03,04,"ТВ, ЗАСОБИ ВІДОБРАЖЕННЯ ІНФОРМАЦІІ, ОРГТЕХНІКА",Оргтехніка,Пристрої друку та сканування 3D,Аксесуари та опції сканерів і пристроїв друку 3D
107,02,04,,"ТВ, ЗАСОБИ ВІДОБРАЖЕННЯ ІНФОРМАЦІІ, ОРГТЕХНІКА",Оргтехніка,Офісне та касове обладнання,
107,02,04,01,"ТВ, ЗАСОБИ ВІДОБРАЖЕННЯ ІНФОРМАЦІІ, ОРГТЕХНІКА",Оргтехніка,Офісне та касове обладнання,Біндери
107,02,04,02,"ТВ, ЗАСОБИ ВІДОБРАЖЕННЯ ІНФОРМАЦІІ, ОРГТЕХНІКА",Оргтехніка,Офісне та касове обладнання,Дошки презентаційні для шпильок
107,02,04,03,"ТВ, ЗАСОБИ ВІДОБРАЖЕННЯ ІНФОРМАЦІІ, ОРГТЕХНІКА",Оргтехніка,Офісне та касове обладнання,Дошки презентаційні магнітно-маркерні
107,02,04,04,"ТВ, ЗАСОБИ ВІДОБРАЖЕННЯ ІНФОРМАЦІІ, ОРГТЕХНІКА",Оргтехніка,Офісне та касове обладнання,Касове устаткування і лічильники банкнот
107,02,04,05,"ТВ, ЗАСОБИ ВІДОБРАЖЕННЯ ІНФОРМАЦІІ, ОРГТЕХНІКА",Оргтехніка,Офісне та касове обладнання,Ламінатори офісні
107,02,04,99,"ТВ, ЗАСОБИ ВІДОБРАЖЕННЯ ІНФОРМАЦІІ, ОРГТЕХНІКА",Оргтехніка,Офісне та касове обладнання,Аксесуари для офісного і касового обладнання
108,,,,ТАКТИЧНЕ СПОРЯДЖЕННЯ ТА ЕКІПУВАННЯ,,,
108,01,,,ТАКТИЧНЕ СПОРЯДЖЕННЯ ТА ЕКІПУВАННЯ,Тактичне спорядження,,
108,01,01,,ТАКТИЧНЕ СПОРЯДЖЕННЯ ТА ЕКІПУВАННЯ,Тактичне спорядження,Тактичний одяг та взуття,
108,01,01,08,ТАКТИЧНЕ СПОРЯДЖЕННЯ ТА ЕКІПУВАННЯ,Тактичне спорядження,Тактичний одяг та взуття,Дощовики
108,01,02,,ТАКТИЧНЕ СПОРЯДЖЕННЯ ТА ЕКІПУВАННЯ,Тактичне спорядження,"Рюкзаки, сумки, баули",
108,01,02,01,ТАКТИЧНЕ СПОРЯДЖЕННЯ ТА ЕКІПУВАННЯ,Тактичне спорядження,"Рюкзаки, сумки, баули","Баули, транспортувальні сумки"
108,01,02,03,ТАКТИЧНЕ СПОРЯДЖЕННЯ ТА ЕКІПУВАННЯ,Тактичне спорядження,"Рюкзаки, сумки, баули",Рюкзаки тактичні
108,01,02,04,ТАКТИЧНЕ СПОРЯДЖЕННЯ ТА ЕКІПУВАННЯ,Тактичне спорядження,"Рюкзаки, сумки, баули",Однолямочні сумки
108,01,03,,ТАКТИЧНЕ СПОРЯДЖЕННЯ ТА ЕКІПУВАННЯ,Тактичне спорядження,Тактичне екіпування,
108,01,03,01,ТАКТИЧНЕ СПОРЯДЖЕННЯ ТА ЕКІПУВАННЯ,Тактичне спорядження,Тактичне екіпування,Розгрузки та РПС (ремінно плечові системи)
108,01,03,02,ТАКТИЧНЕ СПОРЯДЖЕННЯ ТА ЕКІПУВАННЯ,Тактичне спорядження,Тактичне екіпування,Плитоноски
108,01,03,03,ТАКТИЧНЕ СПОРЯДЖЕННЯ ТА ЕКІПУВАННЯ,Тактичне спорядження,Тактичне екіпування,Елементи для плитоносок
108,01,03,06,ТАКТИЧНЕ СПОРЯДЖЕННЯ ТА ЕКІПУВАННЯ,Тактичне спорядження,Тактичне екіпування,Рукавиці тактичні
108,01,03,08,ТАКТИЧНЕ СПОРЯДЖЕННЯ ТА ЕКІПУВАННЯ,Тактичне спорядження,Тактичне екіпування,Шоломи
108,01,03,09,ТАКТИЧНЕ СПОРЯДЖЕННЯ ТА ЕКІПУВАННЯ,Тактичне спорядження,Тактичне екіпування,Балістичні плити та МБЗ
108,01,03,10,ТАКТИЧНЕ СПОРЯДЖЕННЯ ТА ЕКІПУВАННЯ,Тактичне спорядження,Тактичне екіпування,Бронекостюми та бронежилети
108,02,,,ТАКТИЧНЕ СПОРЯДЖЕННЯ ТА ЕКІПУВАННЯ,Тактичне екіпірування,,
108,02,01,,ТАКТИЧНЕ СПОРЯДЖЕННЯ ТА ЕКІПУВАННЯ,Тактичне екіпірування,"Ножі, Томагавки, Лопати",
108,02,01,01,ТАКТИЧНЕ СПОРЯДЖЕННЯ ТА ЕКІПУВАННЯ,Тактичне екіпірування,"Ножі, Томагавки, Лопати",Лопати
108,02,05,,ТАКТИЧНЕ СПОРЯДЖЕННЯ ТА ЕКІПУВАННЯ,Тактичне екіпірування,Засоби захисту органів зору,
108,02,05,02,ТАКТИЧНЕ СПОРЯДЖЕННЯ ТА ЕКІПУВАННЯ,Тактичне екіпірування,Засоби захисту органів зору,Маски тактичні
108,02,06,,ТАКТИЧНЕ СПОРЯДЖЕННЯ ТА ЕКІПУВАННЯ,Тактичне екіпірування,Світлові прилади тактичні,
108,02,06,02,ТАКТИЧНЕ СПОРЯДЖЕННЯ ТА ЕКІПУВАННЯ,Тактичне екіпірування,Світлові прилади тактичні,Хімсвітло
108,02,07,,ТАКТИЧНЕ СПОРЯДЖЕННЯ ТА ЕКІПУВАННЯ,Тактичне екіпірування,Засоби захисту органів слуху,
108,02,07,02,ТАКТИЧНЕ СПОРЯДЖЕННЯ ТА ЕКІПУВАННЯ,Тактичне екіпірування,Засоби захисту органів слуху,Навушники стрілецькі пасивні
108,02,07,03,ТАКТИЧНЕ СПОРЯДЖЕННЯ ТА ЕКІПУВАННЯ,Тактичне екіпірування,Засоби захисту органів слуху,Бервуха
108,02,08,,ТАКТИЧНЕ СПОРЯДЖЕННЯ ТА ЕКІПУВАННЯ,Тактичне екіпірування,Персональні засоби обігріву,
108,02,08,01,ТАКТИЧНЕ СПОРЯДЖЕННЯ ТА ЕКІПУВАННЯ,Тактичне екіпірування,Персональні засоби обігріву,Хімічний обігрів
108,02,08,02,ТАКТИЧНЕ СПОРЯДЖЕННЯ ТА ЕКІПУВАННЯ,Тактичне екіпірування,Персональні засоби обігріву,Електричний обігрів
108,02,09,,ТАКТИЧНЕ СПОРЯДЖЕННЯ ТА ЕКІПУВАННЯ,Тактичне екіпірування,Радіообладнання та навігація,
108,02,09,01,ТАКТИЧНЕ СПОРЯДЖЕННЯ ТА ЕКІПУВАННЯ,Тактичне екіпірування,Радіообладнання та навігація,Годинники тактичні
108,02,10,,ТАКТИЧНЕ СПОРЯДЖЕННЯ ТА ЕКІПУВАННЯ,Тактичне екіпірування,Засоби захисту від комарів та інших комах,
108,02,10,01,ТАКТИЧНЕ СПОРЯДЖЕННЯ ТА ЕКІПУВАННЯ,Тактичне екіпірування,Засоби захисту від комарів та інших комах,Спреї від комарів та інших комах
108,04,,,ТАКТИЧНЕ СПОРЯДЖЕННЯ ТА ЕКІПУВАННЯ,"Дрони, засоби виявлення та впливу",,
108,04,01,,ТАКТИЧНЕ СПОРЯДЖЕННЯ ТА ЕКІПУВАННЯ,"Дрони, засоби виявлення та впливу",Дрони,
108,04,01,01,ТАКТИЧНЕ СПОРЯДЖЕННЯ ТА ЕКІПУВАННЯ,"Дрони, засоби виявлення та впливу",Дрони,Квадрокоптери
108,04,01,02,ТАКТИЧНЕ СПОРЯДЖЕННЯ ТА ЕКІПУВАННЯ,"Дрони, засоби виявлення та впливу",Дрони,Гексакоптери
108,04,01,04,ТАКТИЧНЕ СПОРЯДЖЕННЯ ТА ЕКІПУВАННЯ,"Дрони, засоби виявлення та впливу",Дрони,"Змінні камери та підвіси, корисне навантаження"
108,04,01,05,ТАКТИЧНЕ СПОРЯДЖЕННЯ ТА ЕКІПУВАННЯ,"Дрони, засоби виявлення та впливу",Дрони,"Акумулятори, зарядні пристрої та хаби"
108,04,01,06,ТАКТИЧНЕ СПОРЯДЖЕННЯ ТА ЕКІПУВАННЯ,"Дрони, засоби виявлення та впливу",Дрони,Захисні кейси та рюкзаки
108,04,01,07,ТАКТИЧНЕ СПОРЯДЖЕННЯ ТА ЕКІПУВАННЯ,"Дрони, засоби виявлення та впливу",Дрони,Змінні гвинти та кріплення
108,04,02,,ТАКТИЧНЕ СПОРЯДЖЕННЯ ТА ЕКІПУВАННЯ,"Дрони, засоби виявлення та впливу","Виносні антени, підсилювачі та кабелі",
108,04,02,07,ТАКТИЧНЕ СПОРЯДЖЕННЯ ТА ЕКІПУВАННЯ,"Дрони, засоби виявлення та впливу","Виносні антени, підсилювачі та кабелі","Пігтейли, кріплення та перехідники антен"
108,04,02,08,ТАКТИЧНЕ СПОРЯДЖЕННЯ ТА ЕКІПУВАННЯ,"Дрони, засоби виявлення та впливу","Виносні антени, підсилювачі та кабелі",Кабелі подовження
999,,,,ТОВАРИ ОСОБЛИВОГО ВЖИТКУ,,,
999,01,,,ТОВАРИ ОСОБЛИВОГО ВЖИТКУ,Рекламні матеріали,,
999,01,01,,ТОВАРИ ОСОБЛИВОГО ВЖИТКУ,Рекламні матеріали,Поліграфічні рекламні матеріали,
999,01,01,01,ТОВАРИ ОСОБЛИВОГО ВЖИТКУ,Рекламні матеріали,Поліграфічні рекламні матеріали,"Рекламні брошури, каталоги"
999,01,01,02,ТОВАРИ ОСОБЛИВОГО ВЖИТКУ,Рекламні матеріали,Поліграфічні рекламні матеріали,"Рекламні плакати, банери, POS-матеріали"
999,02,,,ТОВАРИ ОСОБЛИВОГО ВЖИТКУ,Рекламне / торгове обладнання та стенди,,
999,02,01,,ТОВАРИ ОСОБЛИВОГО ВЖИТКУ,Рекламне / торгове обладнання та стенди,Рекламне / торгове обладнання та стенди,
999,02,01,01,ТОВАРИ ОСОБЛИВОГО ВЖИТКУ,Рекламне / торгове обладнання та стенди,Рекламне / торгове обладнання та стенди,Рекламні стенди
999,02,01,02,ТОВАРИ ОСОБЛИВОГО ВЖИТКУ,Рекламне / торгове обладнання та стенди,Рекламне / торгове обладнання та стенди,Торгове обладнання
999,03,,,ТОВАРИ ОСОБЛИВОГО ВЖИТКУ,"Сувеніри, подарунки, демо-зразки",,
999,03,01,,ТОВАРИ ОСОБЛИВОГО ВЖИТКУ,"Сувеніри, подарунки, демо-зразки","Сувеніри, подарунки, демо-зразки",
999,03,01,01,ТОВАРИ ОСОБЛИВОГО ВЖИТКУ,"Сувеніри, подарунки, демо-зразки","Сувеніри, подарунки, демо-зразки","Сувеніри, подарунки"
999,03,01,02,ТОВАРИ ОСОБЛИВОГО ВЖИТКУ,"Сувеніри, подарунки, демо-зразки","Сувеніри, подарунки, демо-зразки",Демо-пристрої і зразки
