"1","Animals & Pet Supplies","Тварини та зоотовари"
"3237","Live Animals","Живі тварини"
"2","Pet Supplies","Товари для домашніх тварин"
"3","Bird Supplies","Товари для птахів"
"7385","Bird Cage Accessories","Аксесуари для пташиних кліток"
"499954","Bird Cage Bird Baths","Купання для птахів у клітці"
"7386","Bird Cage Food & Water Dishes","Миски для їжі та води в пташиній клітці"
"4989","Bird Cages & Stands","Пташині клітки та підставки"
"4990","Bird Food","Корм для птахів"
"7398","Bird Gyms & Playstands","Тренажери та гойдалки для птахів"
"4991","Bird Ladders & Perches","Драбинки та жердочки для птахів"
"4992","Bird Toys","Іграшки для птахів"
"4993","Bird Treats","Ласощі для птахів"
"4","Cat Supplies","Товари для котів"
"5082","Cat Apparel","Одяг для котів"
"4433","Cat Beds","Ліжка для котів"
"3367","Cat Food","Корм для котів"
"543684","Non-prescription Cat Food","Корм для котів без рецепту"
"543683","Prescription Cat Food","Дієтичний корм для котів"
"4997","Cat Furniture","Меблі для котів"
"500059","Cat Furniture Accessories","Аксесуари для меблів для котів"
"4999","Cat Litter","Наповнювач для котячого туалету"
"8069","Cat Litter Box Liners","Пакети для котячого туалету"
"7142","Cat Litter Box Mats","Килимки для котячого туалету"
"5000","Cat Litter Boxes","Котячі туалети"
"5001","Cat Toys","Іграшки для котів"
"5002","Cat Treats","Ласощі для котів"
"5","Dog Supplies","Товари для собак"
"5004","Dog Apparel","Одяг для собак"
"4434","Dog Beds","Ліжка для собак"
"7372","Dog Diaper Pads & Liners","Підкладки та пелюшки для собак"
"499900","Dog Diapers","Підгузки для собак"
"3530","Dog Food","Корм для собак"
"543682","Non-prescription Dog Food","Корм для собак без рецепту"
"543681","Prescription Dog Food","Дієтичний корм для собак"
"5094","Dog Houses","Будки для собак"
"7428","Dog Kennel & Run Accessories","Аксесуари для вольєрів та загонів для собак"
"7274","Dog Kennels & Runs","Вольєри та загони для собак"
"5010","Dog Toys","Іграшки для собак"
"8123","Dog Treadmills","Бігові доріжки для собак"
"5011","Dog Treats","Ласощі для собак"
"6","Fish Supplies","Товари для риб"
"505303","Aquarium & Pond Tubing","Трубки для акваріумів та ставків"
"505307","Aquarium Air Stones & Diffusers","Аератори та дифузори для акваріумів"
"500038","Aquarium Cleaning Supplies","Засоби для чищення акваріумів"
"5019","Aquarium Decor","Декор для акваріумів"
"5020","Aquarium Filters","Фільтри для акваріумів"
"505306","Aquarium Fish Nets","Сітки для риби в акваріумі"
"5021","Aquarium Gravel & Substrates","Гравій та підкладка для акваріумів"
"5079","Aquarium Lighting","Освітлення для акваріумів"
"6951","Aquarium Overflow Boxes","Бокси для переливу в акваріумі"
"5023","Aquarium Stands","Підставки для акваріумів"
"500062","Aquarium Temperature Controllers","Регулятори температури для акваріумів"
"5161","Aquarium Water Treatments","Засоби для обробки води в акваріумі"
"3238","Aquariums","Акваріуми"
"6085","Aquatic Plant Fertilizers","Добрива для водних рослин"
"6403","Fish Feeders","Годівниці для риб"
"5024","Fish Food","Корм для риб"
"6983","Pet Agility Equipment","Обладнання для тренування спритності домашніх тварин"
"6811","Pet Apparel Hangers","Вішалки для одягу домашніх тварин"
"500084","Pet Bed Accessories","Аксесуари для ліжек домашніх тварин"
"5092","Pet Bells & Charms","Дзвіночки та брелоки для домашніх тварин"
"6978","Pet Biometric Monitors","Біометричні монітори для домашніх тварин"
"6980","Pet Glucose Meters","Глюкометри для домашніх тварин"
"6982","Pet Pedometers","Педометри для домашніх тварин"
"6981","Pet Thermometers","Термометри для домашніх тварин"
"7143","Pet Bowl Mats","Килимки для мисок домашніх тварин"
"8513","Pet Bowl Stands","Підставки для мисок домашніх тварин"
"6252","Pet Bowls, Feeders & Waterers","Миски, кормушки та поїлки для домашніх тварин"
"500026","Pet Carrier & Crate Accessories","Аксесуари для переносок та кліток для домашніх тварин"
"6251","Pet Carriers & Crates","Переноски та клітки для домашніх тварин"
"6250","Pet Collars & Harnesses","Ошийники та ремені для домашніх тварин"
"6321","Pet Containment Systems","Системи обмеження руху домашніх тварин"
"505811","Pet Door Accessories","Аксесуари для дверцят для домашніх тварин"
"4497","Pet Doors","Дверцята для домашніх тварин"
"8050","Pet Eye Drops & Lubricants","Краплі та змащувальні засоби для очей домашніх тварин"
"8068","Pet First Aid & Emergency Kits","Аптечки першої допомоги та аварійні набори для домашніх тварин"
"6248","Pet Flea & Tick Control","Засоби від блох та кліщів для домашніх тварин"
"5162","Pet Food Containers","Контейнери для корму домашніх тварин"
"5163","Pet Food Scoops","Лопатки для корму домашніх тварин"
"6383","Pet Grooming Supplies","Товари для грумінгу домашніх тварин"
"6385","Pet Combs & Brushes","Гребінці та щітки для домашніх тварин"
"503733","Pet Fragrances & Deodorizing Sprays","Парфуми та дезодоруючі спреї для домашніх тварин"
"6384","Pet Hair Clippers & Trimmers","Машинки та тримери для стрижки волосся домашніх тварин"
"8167","Pet Hair Dryers","Фени для сушіння волосся домашніх тварин"
"7318","Pet Nail Polish","Лак для нігтів домашніх тварин"
"7319","Pet Nail Tools","Інструменти для догляду за нігтями домашніх тварин"
"6406","Pet Shampoo & Conditioner","Шампуні та кондиціонери для домашніх тварин"
"499917","Pet Wipes","Серветки для домашніх тварин"
"500110","Pet Heating Pad Accessories","Аксесуари до підігрівальних килимків для домашніх тварин"
"499743","Pet Heating Pads","Підігрівальні килимки для домашніх тварин"
"5093","Pet ID Tags","Ідентифікаційні бирки для домашніх тварин"
"6253","Pet Leash Extensions","Продовжувачі для повідків домашніх тварин"
"6249","Pet Leashes","Повідки для домашніх тварин"
"5145","Pet Medical Collars","Медичні нашийники для домашніх тварин"
"6861","Pet Medical Tape & Bandages","Медичні стрічки та бинти для домашніх тварин"
"5086","Pet Medicine","Ветеринарні ліки"
"5144","Pet Muzzles","Намордники для домашніх тварин"
"7144","Pet Oral Care Supplies","Засоби для догляду за порожниною рота домашніх тварин"
"5087","Pet Playpens","Вигульні майданчики для домашніх тварин"
"6973","Pet Steps & Ramps","Сходи та пандуси для домашніх тварин"
"6276","Pet Strollers","Візки для домашніх тварин"
"7396","Pet Sunscreen","Сонцезахисні засоби для домашніх тварин"
"505314","Pet Training Aids","Прилади для дресури домашніх тварин"
"505313","Pet Training Clickers & Treat Dispensers","Клікери та диспенсери для ласощів для дресури домашніх тварин"
"505304","Pet Training Pad Holders","Тримачі для підкладок для дресури домашніх тварин"
"6846","Pet Training Pads","Підкладки для дресури домашніх тварин"
"505311","Pet Training Sprays & Solutions","Спреї та розчини для дресури домашніх тварин"
"5081","Pet Vitamins & Supplements","Вітаміни та добавки для домашніх тварин"
"502982","Pet Waste Bag Dispensers & Holders","Диспенсери та тримачі для пакетів для відходів домашніх тварин"
"8070","Pet Waste Bags","Пакети для відходів домашніх тварин"
"505297","Pet Waste Disposal Systems & Tools","Системи та інструменти для утилізації відходів домашніх тварин"
"7","Reptile & Amphibian Supplies","Товари для рептилій та амфібій"
"5026","Reptile & Amphibian Food","Корм для рептилій та амфібій"
"5027","Reptile & Amphibian Habitat Accessories","Аксесуари для місць проживання рептилій та амфібій"
"5028","Reptile & Amphibian Habitat Heating & Lighting","Обігрів та освітлення для місць проживання рептилій та амфібій"
"5029","Reptile & Amphibian Habitats","Місця проживання рептилій та амфібій"
"5030","Reptile & Amphibian Substrates","Субстрати для рептилій та амфібій"
"5013","Small Animal Supplies","Товари для маленьких тварин"
"5014","Small Animal Bedding","Постіль для маленьких тварин"
"5015","Small Animal Food","Корм для маленьких тварин"
"5016","Small Animal Habitat Accessories","Аксесуари для місць проживання маленьких тварин"
"5017","Small Animal Habitats & Cages","Місця проживання та клітки для маленьких тварин"
"7517","Small Animal Treats","Ласощі для маленьких тварин"
"8474","Vehicle Pet Barriers","Бар'єри для тварин у автомобілі"
"166","Apparel & Accessories","Одяг та аксесуари"
"1604","Clothing","Одяг"
"5322","Activewear","Спортивний одяг"
"3951","American Football Pants","Штани для американського футболу"
"5697","Bicycle Activewear","Спортивний одяг для велосипедистів"
"3128","Bicycle Bibs","Велосипедні нагрудники"
"3455","Bicycle Jerseys","Велосипедні майки"
"3188","Bicycle Shorts & Briefs","Велосипедні шорти та труси"
"6087","Bicycle Skinsuits","Велосипедні комбінезони"
"3729","Bicycle Tights","Велосипедні легінси"
"5378","Boxing Shorts","Боксерські шорти"
"499979","Dance Dresses, Skirts & Costumes","Танцювальні сукні, спідниці та костюми"
"5460","Hunting Clothing","Мисливський одяг"
"5462","Ghillie Suits","Камуфляжні костюми ""Гіллі"""
"5461","Hunting & Fishing Vests","Мисливські та рибальські жилети"
"5552","Hunting & Tactical Pants","Мисливські та тактичні штани"
"5379","Martial Arts Shorts","Шорти для бойових мистецтв"
"5517","Motorcycle Protective Clothing","Захисний одяг для мотоциклістів"
"6006","Motorcycle Jackets","Мотоциклетні куртки"
"7003","Motorcycle Pants","Мотоциклетні штани"
"5463","Motorcycle Suits","Мотоциклетні костюми"
"5555","Paintball Clothing","Одяг для пейнтболу"
"182","Baby & Toddler Clothing","Одяг для дітей та малюків"
"5408","Baby & Toddler Bottoms","Нижня білизна для дітей та малюків"
"5549","Baby & Toddler Diaper Covers","Покривала для підгузків для дітей та малюків"
"5424","Baby & Toddler Dresses","Сукні для дітей та малюків"
"5425","Baby & Toddler Outerwear","Верхній одяг для дітей та малюків"
"5622","Baby & Toddler Outfits","Одяг для немовлят та малюків"
"5412","Baby & Toddler Sleepwear","Нічний одяг для немовлят та малюків"
"5423","Baby & Toddler Socks & Tights","Шкарпетки та колготки для немовлят та малюків"
"5409","Baby & Toddler Swimwear","Купальники для немовлят та малюків"
"5410","Baby & Toddler Tops","Верхній одяг для немовлят та малюків"
"5411","Baby One-Pieces","Комбінезони для немовлят"
"5621","Toddler Underwear","Дитяча білизна для малюків"
"2271","Dresses","Сукні"
"5182","One-Pieces","Однодетальні купальники"
"5250","Jumpsuits & Rompers","Комбінезони та ромпери"
"5490","Leotards & Unitards","Леотарди та унітарди"
"7132","Overalls","Комбінезони"
"203","Outerwear","Верхній одяг"
"5506","Chaps","Штани-чапси"
"5598","Coats & Jackets","Пальта та куртки"
"5514","Rain Pants","Дощові штани"
"3066","Rain Suits","Дощовики"
"5909","Snow Pants & Suits","Штани та костюми для снігу"
"1831","Vests","Жилети"
"7313","Outfit Sets","Комплекти одягу"
"204","Pants","Брюки"
"212","Shirts & Tops","Сорочки та топи"
"207","Shorts","Шорти"
"1581","Skirts","Спідниці"
"6229","Knee-Length Skirts","Юбки до колін"
"6228","Long Skirts","Довгі спідниці"
"2331","Mini Skirts","Міні-спідниці"
"5344","Skorts","Юбки-шорти"
"208","Sleepwear & Loungewear","Нічна білизна та домашній одяг"
"5713","Loungewear","Одяг для відпочинку"
"5513","Nightgowns","Нічні сорочки"
"2580","Pajamas","Піжами"
"2302","Robes","Халати"
"1594","Suits","Костюми"
"5183","Pant Suits","Костюми-брюки"
"1516","Skirt Suits","Костюми з спідницею"
"1580","Tuxedos","Смокінги"
"211","Swimwear","Купальники"
"5388","Traditional & Ceremonial Clothing","Традиційний та церемоніальний одяг"
"6031","Dirndls","Дірндли"
"5674","Hakama Trousers","Штани хакама"
"6227","Japanese Black Formal Wear","Японський чорний офіційний одяг"
"5673","Kimono Outerwear","Кімоно верхнього одягу"
"5678","Haori Jackets","Жакети Хаорі"
"5677","Kimono Coats","Кімоно-пальто"
"5343","Kimonos","Кімоно"
"5684","Bridal Kimonos","Кімоно для нареченої"
"5683","Casual Kimonos","Повсякденні кімоно"
"5682","Furisode Kimonos","Кімоно Фурісоде"
"5681","Iromuji Kimonos","Кімоно Іромуї"
"5680","Komon Kimonos","Кімоно Комон"
"5679","Tomesode & Houmongi Kimonos","Кімоно Томесоде та Хоумонгі"
"5483","Religious Ceremonial Clothing","Релігійний обрядовий одяг"
"8149","Baptism & Communion Dresses","Сукні для хрещення та причастя"
"8248","Saris & Lehengas","Сарі та легенги"
"7281","Traditional Leather Pants","Традиційні шкіряні штани"
"5676","Yukata","Юката"
"213","Underwear & Socks","Білизна та шкарпетки"
"7207","Bra Accessories","Аксесуари для бюстгальтера"
"7208","Bra Strap Pads","Накладки на бретелі бюстгальтера"
"7211","Bra Straps & Extenders","Бретелі та подовжувачі для бюстгальтера"
"7210","Breast Enhancing Inserts","Вкладиші для збільшення грудей"
"7209","Breast Petals & Concealers","Пелюстки та камуфляж для грудей"
"214","Bras","Бюстгальтери"
"215","Hosiery","Панчохи"
"5327","Jock Straps","Спортивні пахові підтримувачі"
"1772","Lingerie","Жіноча білизна"
"2563","Lingerie Accessories","Аксесуари для білизни"
"2160","Garter Belts","Пояси для підтяжок"
"1675","Garters","Підв'язки"
"1807","Long Johns","Термобілизна"
"2963","Petticoats & Pettipants","Спідниці та підштаники"
"1578","Shapewear","Коригувальне білизна"
"209","Socks","Носки"
"2745","Undershirts","Майки"
"2562","Underwear","Білизна"
"5834","Underwear Slips","Комбінації"
"2306","Uniforms","Уніформа"
"5484","Contractor Pants & Coveralls","Робочі штани та комбінезони"
"5878","Flight Suits","Костюми для польотів"
"7235","Food Service Uniforms","Уніформа для обслуговування їжі"
"7237","Chef's Hats","Кухарські капелюхи"
"2396","Chef's Jackets","Кухарські жакети"
"7236","Chef's Pants","Кухарські штани"
"5949","Military Uniforms","Військова форма"
"206","School Uniforms","Шкільна форма"
"3414","Security Uniforms","Охоронні форми"
"3598","Sports Uniforms","Спортивна форма"
"3888","American Football Uniforms","Уніформа для американського футболу"
"3191","Baseball Uniforms","Бейсбольна форма"
"3439","Basketball Uniforms","Баскетбольна форма"
"3683","Cheerleading Uniforms","Уніформа для чирлідінгу"
"3724","Cricket Uniforms","Форма для крикету"
"3958","Hockey Uniforms","Хокейна форма"
"4003","Martial Arts Uniforms","Форма для бойових мистецтв"
"3253","Officiating Uniforms","Форма для суддів"
"5564","Soccer Uniforms","Футбольна форма"
"3379","Softball Uniforms","Форма для софтболу"
"3852","Wrestling Uniforms","Уніформа для боротьби"
"2292","White Coats","Білі халати"
"5441","Wedding & Bridal Party Dresses","Весільні та наречених плаття"
"5330","Bridal Party Dresses","Сукні для весільної вечірки"
"5329","Wedding Dresses","Весільні плаття"
"167","Clothing Accessories","Аксесуари для одягу"
"5942","Arm Warmers & Sleeves","Нарукавники та знімні рукави"
"5422","Baby & Toddler Clothing Accessories","Аксесуари для одягу для дітей та малюків"
"5623","Baby & Toddler Belts","Ремені для дітей та малюків"
"5624","Baby & Toddler Gloves & Mittens","Рукавички та рукавиці для дітей та малюків"
"5625","Baby & Toddler Hats","Капелюхи для дітей та малюків"
"5626","Baby Protective Wear","Захисний одяг для немовлят"
"1786","Balaclavas","Балаклави"
"168","Bandanas & Headties","Бандани та головні пов'язки"
"543586","Bandanas","Бандани"
"543587","Hair Care Wraps","Хустки для догляду за волоссям"
"3913","Belt Buckles","Пряжки для ременів"
"169","Belts","Ремені"
"5443","Bridal Accessories","Аксесуари для нареченої"
"5446","Bridal Veils","Весільні фати"
"6985","Button Studs","Заклепки-кнопки"
"6984","Collar Stays","Кісточки для комірців"
"193","Cufflinks","Запонки"
"5114","Decorative Fans","Декоративні віяла"
"6238","Earmuffs","Вушники"
"170","Gloves & Mittens","Рукавички та рукавиці"
"171","Hair Accessories","Аксесуари для волосся"
"8451","Hair Bun & Volume Shapers","Формувачі для пучків та об'єму волосся"
"2477","Hair Combs","Гребінці для волосся"
"4057","Hair Extensions","Накладне волосся"
"1948","Hair Forks & Sticks","Вилки та палички для волосся"
"6183","Hair Nets","Сітки для волосся"
"502988","Hair Pins, Claws & Clips","Шпильки, кліпси та ""краби"" для волосся"
"543646","Barrettes","Заколки"
"543645","Hair Claws & Clips","Заколки та кліпси для волосся"
"543644","Hair Pins","Шпильки для волосся"
"5915","Hair Wreaths","Вінки для волосся"
"1662","Headbands","Обручі для волосся"
"1483","Ponytail Holders","Резинки для волосся"
"5914","Tiaras","Тіари"
"7305","Wig Accessories","Аксесуари для париків"
"7307","Wig Caps","Шапочки для париків"
"7306","Wig Glue & Tape","Клей та стрічка для париків"
"181","Wigs","Парики"
"7133","Hand Muffs","Рукавички-муфти"
"5207","Handkerchiefs","Носовички"
"173","Hats","Капелюхи"
"2020","Headwear","Головні убори"
"7054","Fascinators","Фасцинатори"
"1922","Headdresses","Декоративні головні убори"
"5939","Turbans","Тюрбани"
"5941","Leg Warmers","Гетри"
"6268","Leis","Гавайські вінки"
"502987","Maternity Belts & Support Bands","Пояси та підтримувальні бандажі для вагітних"
"7230","Neck Gaiters","Шиїники"
"176","Neckties","Галстуки"
"4179","Pinback Buttons","Значки з булавкою"
"499972","Sashes","Пояси"
"177","Scarves & Shawls","Шарфи та платки"
"543673","Scarves","Шарфи"
"543674","Shawls","Шали"
"178","Sunglasses","Сонцезахисні окуляри"
"179","Suspenders","Підтяжки"
"180","Tie Clips","Зажими для краваток"
"5390","Traditional Clothing Accessories","Аксесуари до традиційного одягу"
"5688","Kimono Underclothes","Нижня білизна кімоно"
"5686","Obi Accessories","Аксесуари для обі"
"5687","Obis","Обі"
"5685","Tabi Socks","Шкарпетки ""табі"""
"1893","Wristbands","Напульсники"
"184","Costumes & Accessories","Костюми та аксесуари"
"5192","Costume Accessories","Аксесуари для костюмів"
"7304","Bald Caps","Капсули для імітації лисини"
"8017","Costume Accessory Sets","Набори аксесуарів для костюмів"
"5907","Costume Capes","Костюмні накидки"
"8200","Costume Gloves","Костюмні рукавички"
"5426","Costume Hats","Костюмні капелюхи"
"500118","Costume Special Effects","Спецефекти для костюмів"
"500008","Costume Tobacco Products","Тютюнові вироби для костюмів"
"8018","Pretend Jewelry","Іграшкові прикраси"
"5387","Costume Shoes","Костюмне взуття"
"5193","Costumes","Карнавальні костюми"
"5194","Masks","Маски"
"6552","Handbag & Wallet Accessories","Аксесуари для сумок та гаманців"
"6460","Checkbook Covers","Обкладинки для чекових книжок"
"175","Keychains","Брелоки для ключів"
"6277","Lanyards","Шнурки для бейджів"
"5841","Wallet Chains","Ланцюжки для гаманців"
"6551","Handbags, Wallets & Cases","Сумки, гаманці та чохли"
"6170","Badge & Pass Holders","Бейдж-тримачі та обкладинки для пропусків"
"6169","Business Card Cases","Кейси для візиток"
"3032","Handbags","Дамські сумки"
"2668","Wallets & Money Clips","Гаманці та грошові кліпси"
"188","Jewelry","Ювелірні вироби"
"189","Anklets","Браслети на ногу"
"190","Body Jewelry","Біжутерія для тіла"
"191","Bracelets","Браслети"
"197","Brooches & Lapel Pins","Брошки та значки на підкладці"
"192","Charms & Pendants","Прикраси та підвіски"
"194","Earrings","Сережки"
"6463","Jewelry Sets","Комплекти ювелірних виробів"
"196","Necklaces","Намиста"
"200","Rings","Перстні"
"5122","Watch Accessories","Аксесуари для годинників"
"5123","Watch Bands","Ремінці для годинників"
"7471","Watch Stickers & Decals","Наклейки та декали для годинників"
"6870","Watch Winders","Відмотувачі для годинників"
"201","Watches","Наручні та карманні годинники"
"1933","Shoe Accessories","Аксесуари для взуття"
"5567","Boot Liners","Вкладиші для чобіт"
"7078","Gaiters","Гамаши"
"5385","Shoe Covers","Чохли для взуття"
"1856","Shoelaces","Шнурівки"
"2427","Spurs","Шпори"
"187","Shoes","Взуття"
"8","Arts & Entertainment","Мистецтво та розваги"
"499969","Event Tickets","Квитки на події"
"5710","Hobbies & Creative Arts","Хобі та творчі мистецтва"
"16","Arts & Crafts","Мистецтво та ремесла"
"505370","Art & Craft Kits","Набори для мистецтва та ремесел"
"505374","Candle Making Kits","Набори для виготовлення свічок"
"4778","Drawing & Painting Kits","Набори для малювання та живопису"
"6382","Fabric Repair Kits","Набори для ремонту тканини"
"6989","Incense Making Kits","Набори для виготовлення ладану"
"502979","Jewelry Making Kits","Набори для виготовлення ювелірних виробів"
"6829","Mosaic Kits","Набори для мозаїки"
"7096","Needlecraft Kits","Набори для вишивання"
"503758","Scrapbooking & Stamping Kits","Набори для скрапбукінгу та тиснення"
"4986","Toy Craft Kits","Набори для творчості"
"505372","Art & Crafting Materials","Художні та ремісничі матеріали"
"24","Art & Craft Paper","Папір для мистецтва та ремесел"
"505399","Cardstock & Scrapbooking Paper","Картон та папір для скрапбукінгу"
"543510","Cardstock","Картон"
"543511","Scrapbooking Paper","Папір для скрапбукінгу"
"2532","Construction Paper","Будівельний папір"
"8168","Craft Foil","Фольга для рукоділля"
"505400","Drawing & Painting Paper","Папір для малювання та живопису"
"2967","Origami Paper","Папір для орігамі"
"6110","Transfer Paper","Папір для трансферу"
"2741","Vellum Paper","Пергаментний папір"
"505380","Craft Fasteners & Closures","Застібки та замки для рукоділля"
"4226","Buttons & Snaps","Кнопки та защіпки"
"505408","Clasps & Hooks","Застібки та гачки"
"505409","Eyelets & Grommets","Люверси та окачки"
"6145","Hook and Loop Fasteners","Липучки"
"500056","Zipper Pulls","Бігунки для блискавок"
"4174","Zippers","Блискавки"
"505378","Craft Paint, Ink & Glaze","Фарби, чорнило та глазур для рукоділля"
"505417","Art & Craft Paint","Художня та реміснича фарба"
"500094","Art Fixatives","Фіксатори для малюнків"
"505416","Art Ink","Художні чорнила"
"499879","Ceramic & Pottery Glazes","Глазурі для кераміки та гончарних виробів"
"505415","Craft Dyes","Барвники для рукоділля"
"505414","Ink Pads","Подушечки для чорнила"
"6558","Paint Mediums","Медіуми для фарб"
"505381","Craft Shapes & Bases","Форми та основи для рукоділля"
"6117","Craft Foam & Styrofoam","Пінопласт та стіродур для рукоділля"
"505404","Craft Wood & Shapes","Дерево та форми для рукоділля"
"505403","Papier Mache Shapes","Форми з пап'є-маше"
"504419","Wreath & Floral Frames","Вінки та квіткові рамки"
"505376","Crafting Adhesives & Magnets","Клей та магніти для рукоділля"
"503745","Craft & Office Glue","Клей для рукоділля та офісу"
"36","Craft Magnets","Магніти для рукоділля"
"505419","Decorative Tape","Декоративна стрічка"
"7192","Floral Tape","Флористична стрічка"
"6418","Fusible Tape","Плавкий скотч"
"505382","Crafting Fibers","Волокна для рукоділля"
"6540","Jewelry & Beading Cord","Шнури для бісеру та ювелірних виробів"
"49","Thread & Floss","Нитки та муліне"
"6140","Unspun Fiber","Неспрядена волокно"
"2669","Yarn","Пряжа"
"505377","Crafting Wire","Дріт для рукоділля"
"5062","Craft Pipe Cleaners","Чистильники для трубок в рукоділлі"
"505418","Floral Wire","Флористичний дріт"
"6102","Jewelry & Beading Wire","Дріт для бісеру та ювелірних виробів"
"505379","Embellishments & Trims","Декоративні елементи та облямівки"
"6955","Appliques & Patches","Аплікації та нашивки"
"32","Beads","Намистини"
"505413","Bows & Yo-Yos","Бантики та йо-йо"
"4054","Decorative Stickers","Декоративні наклейки"
"6146","Elastic","Еластичні стрічки"
"505411","Feathers","Пір'я"
"5996","Jewelry Findings","Фурнітура для ювелірних виробів"
"198","Loose Stones","Вільні камені"
"5982","Rhinestones & Flatbacks","Стрази та плоскі камені"
"505412","Ribbons & Trim","Стрічки та облямівки"
"505410","Sequins & Glitter","Паєтки та блискітки"
"1927","Sew-in Labels","Вшивні етикетки"
"6121","Embossing Powder","Порошок для тиснення"
"6142","Filling & Padding Material","Матеріал для наповнення та упаковки"
"505407","Batting & Stuffing","Набивка та наповнювач"
"505406","Filling Pellets","Гранули для наповнення"
"505405","Pillow Forms","Форми для подушок"
"505383","Leather & Vinyl","Шкіра та вініл"
"44","Pottery & Sculpting Materials","Матеріали для гончарства та скульптури"
"3692","Clay & Modeling Dough","Глина та пластилін для моделювання"
"543628","Clay","Глина"
"543629","Modeling Dough","Пластилін для моделювання"
"505401","Papier Mache Mixes","Суміші для пап'є-маше"
"505804","Plaster Gauze","Гіпсовий бинт"
"505402","Pottery Slips","Глиняні шліфи"
"505375","Raw Candle Wax","Сира воскова свічка"
"505384","Textiles","Текстиль"
"505397","Crafting Canvas","Холст для рукоділля"
"505398","Needlecraft Canvas","Полотно для вишивання"
"19","Painting Canvas","Полотно для живопису"
"6144","Plastic Canvas","Пластикове полотно"
"47","Fabric","Тканина"
"7076","Interfacing","Інтерфейси"
"505396","Printable Fabric","Тканина для друку"
"7403","Wick Tabs","Основи для фітелів"
"7402","Wicks","Фітелі"
"504643","Art & Crafting Tool Accessories","Аксесуари для художніх та ремісничих інструментів"
"232168","Craft Knife Blades","Леза для ножів рукоділля"
"4580","Craft Machine Cases & Covers","Чохли та обкладинки для машин рукоділля"
"505286","Sewing Machine Extension Tables","Розкладні столи для швейних машин"
"5120","Sewing Machine Feet","Лапки для швейних машин"
"503348","Sewing Machine Replacement Parts","Запасні частини для швейних машин"
"6136","Spinning Wheel Accessories","Аксесуари для прядильних веретен"
"499918","Stamp Blocks","Блоки для штампів"
"504639","Art & Crafting Tools","Інструменти для мистецтва та ремесел"
"6152","Blocking Mats","Мати для блокування"
"6151","Blocking Wires","Дроти для блокування"
"505391","Color Mixing Tools","Інструменти для змішування кольорів"
"1653","Palette Knives","Ножі для палітри"
"1719","Palettes","Палітри"
"504640","Craft Cutting & Embossing Tools","Інструменти для різання та тиснення в рукоділлі"
"504641","Craft & Office Scissors","Ножиці для рукоділля та офісу"
"504642","Craft Cutters & Embossers","Різаки та тиснільні пристрої для рукоділля"
"5136","Craft Knives","Ножі для рукоділля"
"6119","Craft Scoring Tools","Інструменти для надрізу в рукоділлі"
"7340","Embossing Heat Tools","Інструменти для термовидавлювання"
"6122","Embossing Pens & Styluses","Ручки та стилуси для тиснення"
"6161","Seam Rippers","Розпаркувачі швів"
"6447","Thread & Yarn Cutters","Ножиці для ниток та пряжі"
"505386","Craft Decoration Makers","Пристрої для виготовлення декору в рукоділлі"
"505392","Craft Measuring & Marking Tools","Інструменти для вимірювання та маркування в рукоділлі"
"18","Art Brushes","Художні пензлі"
"6126","Brayer Rollers","Ролики Бреєра"
"4032","Decorative Stamps","Декоративні штампи"
"3083","Drafting Compasses","Компаси для креслення"
"6125","Screen Printing Squeegees","Шпатель для шовкотрафаретного друку"
"5883","Stencil Machines","Машини для трафаретів"
"2671","Stencils & Die Cuts","Трафарети та форми для вирізання"
"6160","Stitch Markers & Counters","Маркери та лічильники для швів"
"6157","Textile Art Gauges & Rulers","Лінійки та мірні прилади для текстильного мистецтва"
"505420","Wood Burning Tools","Інструменти для пірографії"
"5137","Cutting Mats","Килимики для різання"
"6150","Dress Forms","Манекени для одягу"
"6133","Felting Pads & Mats","Підкладки та килимики для валяння"
"6158","Frames, Hoops & Stretchers","Рамки, обручі та розтяжки"
"4073","Glue Guns","Пістолети для клею"
"5921","Light Boxes","Світлові коробки"
"505393","Needles & Hooks","Голки та гачки"
"6127","Crochet Hooks","Гачки для в'язання"
"5992","Hand-Sewing Needles","Голки для ручного шиття"
"6139","Knitting Needles","Спиці для в'язання"
"6168","Latch & Locker Hooks","Замки та гачки для шаф"
"4579","Sewing Machine Needles","Голки для швейних машин"
"6101","Safety Pins","Булавки"
"6159","Straight Pins","Прямі шпильки"
"505388","Textile Craft Machines","Машини для текстильних ремесел"
"6134","Felting Needles & Machines","Голки та машини для валяння"
"505422","Hand Looms","Ручні ткацькі верстати"
"505421","Mechanical Looms","Механічні ткацькі верстати"
"615","Sewing Machines","Швейні машини"
"6137","Spinning Wheels","Прядильні веретена"
"6156","Thimbles & Sewing Palms","Наперстки та швейні долоні"
"543639","Sewing Palms","Швейні напальчники"
"543638","Thimbles","Наперстки"
"505387","Thread & Yarn Tools","Інструменти для ниток та пряжі"
"6164","Fiber Cards & Brushes","Щітки та карти для волокна"
"6138","Hand Spindles","Ручні веретена"
"6163","Needle Threaders","Ниткопроводи"
"6155","Thread & Yarn Guides","Направляючі для ниток та пряжі"
"6154","Thread & Yarn Spools","Бобіни для ниток та пряжі"
"6153","Thread, Yarn & Bobbin Winders","Моталки для ниток, пряжі та бобін"
"6167","Weaving Beaters","Бійки для ткацтва"
"6166","Weaving Shuttles","Човники для ткацтва"
"505369","Craft Organization","Органайзери для рукоділля"
"505394","Needle, Pin & Hook Organizers","Органайзери для голок, шпильок та гачків"
"499971","Sewing Baskets & Kits","Кошики та набори для шиття"
"505395","Thread & Yarn Organizers","Органайзери для ниток та пряжі"
"505371","Crafting Patterns & Molds","Шаблони та форми для рукоділля"
"6999","Beading Patterns","Схеми для намистин"
"8007","Craft Molds","Форми для рукоділля"
"6135","Felting Molds","Форми для валяння"
"505373","Needlecraft Patterns","Взори для вишивання"
"3697","Sewing Patterns","Швейні викрійки"
"216","Collectibles","Колекційні предмети"
"3599","Autographs","Автографи"
"217","Collectible Coins & Currency","Колекційні монети та валюта"
"543607","Collectible Banknotes","Колекційні банкноти"
"543606","Collectible Coins","Колекційні монети"
"6997","Collectible Trading Cards","Колекційні картки для обміну"
"220","Collectible Weapons","Колекційна зброя"
"499953","Collectible Guns","Колекційна вогнепальна зброя"
"5311","Collectible Knives","Колекційні ножі"
"221","Collectible Swords","Колекційні мечі"
"1340","Sword Stands & Displays","Стенди та вітрини для мечів"
"219","Postage Stamps","Поштові марки"
"218","Rocks & Fossils","Каміння та викопні рештки"
"6000","Scale Model Accessories","Аксесуари для масштабних моделей"
"37","Scale Models","Масштабні моделі"
"1312","Seal Stamps","Печатки-пломби"
"3865","Sports Collectibles","Спортивні колекційні предмети"
"4333","Autographed Sports Paraphernalia","Спортивна атрибутика з автографами"
"4124","American Football Autographed Paraphernalia","Автографовані речі з американського футболу"
"4180","Auto Racing Autographed Paraphernalia","Атрибутика автоперегонів з автографами"
"4149","Baseball & Softball Autographed Paraphernalia","Автографовані речі з бейсболу та софтболу"
"4279","Basketball Autographed Paraphernalia","Баскетбольні речі з автографами"
"8210","Boxing Autographed Paraphernalia","Автографовані предмети боксу"
"4144","Hockey Autographed Paraphernalia","Хокейні речі з автографами"
"4093","Soccer Autographed Paraphernalia","Футбольні речі з автографами"
"6186","Tennis Autographed Sports Paraphernalia","Тенісна спортивна атрибутика з автографами"
"3515","Sports Fan Accessories","Аксесуари для фанатів спорту"
"1095","American Football Fan Accessories","Аксесуари для фанатів американського футболу"
"1051","Auto Racing Fan Accessories","Аксесуари для фанатів автоперегонів"
"1074","Baseball & Softball Fan Accessories","Аксесуари для фанатів бейсболу та софтболу"
"1084","Basketball Fan Accessories","Аксесуари для фанатів баскетболу"
"4006","Hockey Fan Accessories","Аксесуари для фанатів хокею"
"3576","Soccer Fan Accessories","Аксесуари для футбольних фанатів"
"6187","Tennis Fan Accessories","Аксесуари для фанатів тенісу"
"3893","Vintage Advertisements","Ретро реклама"
"3577","Homebrewing & Winemaking Supplies","Постачання для домашнього варіння пива та виготовлення вина"
"3014","Beer Brewing Grains & Malts","Зерно та солод для варіння пива"
"502980","Bottling Bottles","Пляшки для розливу"
"499891","Homebrewing & Winemaking Kits","Набори для домашнього варіння пива та виготовлення вина"
"2579","Wine Making","Виготовлення вина"
"33","Juggling","Жонглювання"
"35","Magic & Novelties","Магія та новинки"
"5999","Model Making","Моделювання"
"3885","Model Rocketry","Модельна техніка ракетобудування"
"5151","Model Train Accessories","Аксесуари для моделей поїздів"
"5150","Model Trains & Train Sets","Моделі поїздів та набори поїздів"
"4175","Scale Model Kits","Набори для масштабних моделей"
"55","Musical Instrument & Orchestra Accessories","Аксесуари для музичних інструментів та оркестру"
"57","Brass Instrument Accessories","Аксесуари для мідних духових інструментів"
"4797","Brass Instrument Care & Cleaning","Догляд та чистка для духових інструментів"
"4891","Brass Instrument Care Kits","Набори для догляду за духовими інструментами"
"4892","Brass Instrument Cleaners & Sanitizers","Засоби для чищення та дезінфекції духових інструментів"
"4890","Brass Instrument Cleaning Tools","Інструменти для чищення духових інструментів"
"4893","Brass Instrument Guards","Захисні кожухи для духових інструментів"
"4894","Brass Instrument Lubricants","Мастила для духових інструментів"
"4895","Brass Instrument Polishing Cloths","Серветки для полірування мідних духових інструментів"
"505310","Brass Instrument Cases & Gigbags","Кейси та сумки для духових інструментів"
"505308","Brass Instrument Mouthpieces","Мундштуки для духових інструментів"
"505768","Brass Instrument Mutes","Глухі звуки для духових інструментів"
"4798","Brass Instrument Replacement Parts","Запасні частини для духових інструментів"
"505309","Brass Instrument Straps & Stands","Ремені та стійки для духових інструментів"
"505288","Conductor Batons","Диригентські палички"
"3270","Electronic Tuners","Електронні настроювачі"
"505365","Metronomes","Метрономи"
"505328","Music Benches & Stools","Музичні лави та стільці"
"500001","Music Lyres & Flip Folders","Музичні ліри та папки-фліпи"
"7277","Music Stand Accessories","Аксесуари для нотних стійок"
"7279","Music Stand Bags","Сумки для нотних стійок"
"7280","Music Stand Lights","Світло для нотних стійок"
"7278","Sheet Music Clips","Зажими для нот"
"4142","Music Stands","Нотні стійки"
"8072","Musical Instrument Amplifier Accessories","Аксесуари для підсилювачів музичних інструментів"
"6970","Musical Instrument Amplifier Cabinets","Корпуси для підсилювачів музичних інструментів"
"8461","Musical Instrument Amplifier Covers & Cases","Чохли та кейси для підсилювачів музичних інструментів"
"8073","Musical Instrument Amplifier Footswitches","Педалі для підсилювачів музичних інструментів"
"8462","Musical Instrument Amplifier Knobs","Ручки регулювання для підсилювачів музичних інструментів"
"7364","Musical Instrument Amplifier Stands","Стійки для підсилювачів музичних інструментів"
"8480","Musical Instrument Amplifier Tubes","Лампи для підсилювачів музичних інструментів"
"56","Musical Instrument Amplifiers","Підсилювачі для музичних інструментів"
"60","Musical Keyboard Accessories","Аксесуари для музичних клавіатур"
"7357","Musical Keyboard Bags & Cases","Сумки та чохли для музичних клавіатур"
"3588","Musical Keyboard Stands","Стенди для музичних клавіатур"
"3324","Sustain Pedals","Педалі сустейну"
"3465","Percussion Accessories","Аксесуари для ударних"
"7100","Cymbal & Drum Cases","Кейси для тарілок та барабанів"
"7231","Cymbal & Drum Mutes","Глушники для тарілок та барабанів"
"7153","Drum Heads","Мембрани для барабанів"
"7152","Drum Keys","Ключі для барабанів"
"7099","Drum Kit Hardware","Аксесуари для барабанних установок"
"7103","Bass Drum Beaters","Барабанні палички для великого бас-барабану"
"7102","Drum Kit Mounting Hardware","Кріплення для барабанних установок"
"7101","Drum Pedals","Педалі для барабанів"
"7150","Drum Stick & Brush Accessories","Аксесуари для барабанних паличок та щіток"
"7151","Drum Stick & Brush Bags & Holders","Сумки та тримачі для барабанних паличок та щіток"
"59","Drum Sticks & Brushes","Барабанні палички та щітки"
"7455","Electronic Drum Modules","Електронні модулі для барабанів"
"7282","Hand Percussion Accessories","Аксесуари для ручних ударних інструментів"
"7283","Hand Percussion Bags & Cases","Сумки та чохли для ручних ударних інструментів"
"7284","Hand Percussion Stands & Mounts","Стійки та кріплення для ручних ударних інструментів"
"4631","Percussion Mallets","Молоточки для ударних"
"7308","Percussion Stands","Стійки для ударних"
"61","String Instrument Accessories","Аксесуари для струнних інструментів"
"3502","Guitar Accessories","Аксесуари для гітари"
"3775","Acoustic Guitar Pickups","Звукознімачі для акустичної гітари"
"5367","Capos","Гітарні капо"
"3412","Electric Guitar Pickups","Звукознімачі для електрогітари"
"3882","Guitar Cases & Gig Bags","Кейси та сумки для гітари"
"503032","Guitar Fittings & Parts","Фурнітура та запчастини для гітари"
"3392","Guitar Humidifiers","Зволожувачі для гітари"
"4111","Guitar Picks","Медіатори для гітари"
"5368","Guitar Slides","Слайди для гітари"
"3646","Guitar Stands","Стенди для гітари"
"499688","Guitar Straps","Ремені для гітари"
"503721","Guitar String Winders","Намотувачі струн для гітари"
"3178","Guitar Strings","Струни для гітари"
"3176","Guitar Tuning Pegs","Колки для настроювання гітари"
"503033","Orchestral String Instrument Accessories","Аксесуари для струнних оркестрових інструментів"
"8209","Orchestral String Instrument Bow Cases","Чохли для смичків струнних оркестрових інструментів"
"503040","Orchestral String Instrument Bows","Смички для струнних оркестрових інструментів"
"503039","Orchestral String Instrument Cases","Чохли для струнних оркестрових інструментів"
"503038","Orchestral String Instrument Fittings & Parts","Фурнітура та деталі для струнних оркестрових інструментів"
"503037","Orchestral String Instrument Mutes","Сурдина для струнних оркестрових інструментів"
"503036","Orchestral String Instrument Pickups","Звукознімачі для струнних оркестрових інструментів"
"503035","Orchestral String Instrument Stands","Стійки для струнних оркестрових інструментів"
"503034","Orchestral String Instrument Strings","Струни для оркестрових струнних інструментів"
"4806","String Instrument Care & Cleaning","Догляд та чистка струнних інструментів"
"3374","Bow Rosin","Смола для смичка"
"4911","String Instrument Cleaning Cloths","Серветки для чищення струнних інструментів"
"4912","String Instrument Polish","Поліроль для струнних інструментів"
"62","Woodwind Instrument Accessories","Аксесуари для дерев'яних духових інструментів"
"4790","Bassoon Accessories","Аксесуари для фагота"
"4809","Bassoon Care & Cleaning","Догляд та чистка фагота"
"4815","Bassoon Swabs","Шматочки для чистки фагота"
"4810","Bassoon Cases & Gigbags","Кейси та сумки для фагота"
"4811","Bassoon Parts","Запчастини для фагота"
"4816","Bassoon Bocals","Мундштуки для фагота"
"4817","Bassoon Small Parts","Малі деталі для фагота"
"4812","Bassoon Reeds","Трости для фагота"
"4813","Bassoon Stands","Стенди для фагота"
"4814","Bassoon Straps & Supports","Ремені та підтримки для фагота"
"4791","Clarinet Accessories","Аксесуари для кларнету"
"4818","Clarinet Care & Cleaning","Догляд та чистка кларнету"
"4826","Clarinet Care Kits","Набори для догляду за кларнетом"
"4827","Clarinet Pad Savers","Захисні накладки для кларнету"
"4828","Clarinet Swabs","Шматочки для очищення кларнета"
"4819","Clarinet Cases & Gigbags","Кейси та гігбеги для кларнету"
"4820","Clarinet Ligatures & Caps","Лігатури та ковпачки для кларнету"
"4822","Clarinet Parts","Деталі для кларнету"
"4829","Clarinet Barrels","Бочки для кларнету"
"4830","Clarinet Bells","Дзвоники для кларнету"
"4831","Clarinet Mouthpieces","Мундштуки для кларнету"
"4832","Clarinet Small Parts","Малі деталі для кларнета"
"4823","Clarinet Pegs & Stands","Штифти та стійки для кларнету"
"4824","Clarinet Reeds","Трости для кларнету"
"4825","Clarinet Straps & Supports","Ремені та підтримки для кларнета"
"4792","Flute Accessories","Аксесуари для флейти"
"4833","Flute Care & Cleaning","Догляд та чистка флейти"
"4838","Flute Care Kits","Набори для догляду за флейтою"
"4839","Flute Cleaning Rods","Палички для чистки флейти"
"4840","Flute Swabs","Шматочки для чистки флейти"
"4834","Flute Cases & Gigbags","Кейси та сумки для флейти"
"4836","Flute Parts","Деталі флейти"
"4841","Flute Headjoints","Головні частини флейти"
"4842","Flute Small Parts","Малі деталі флейти"
"4837","Flute Pegs & Stands","Колодки та стійки для флейти"
"4955","Harmonica Accessories","Аксесуари для губної гармошки"
"4956","Harmonica Cases","Футляри для губної гармошки"
"5046","Harmonica Holders","Утримувачі для губної гармошки"
"4793","Oboe & English Horn Accessories","Аксесуари для гобоя та англійського рогу"
"4843","Oboe Care & Cleaning","Догляд та чистка гобоя"
"4849","Oboe Care Kits","Набори для догляду за гобоєм"
"4850","Oboe Swabs","Шматочки для чищення гобоя"
"4844","Oboe Cases & Gigbags","Кейси та гігбеги для гобоя"
"4845","Oboe Parts","Запчастини до гобоя"
"4851","Oboe Small Parts","Малі деталі для гобоя"
"4846","Oboe Pegs & Stands","Штифти та стійки для гобоя"
"4847","Oboe Reeds","Трости для гобоя"
"4848","Oboe Straps & Supports","Ремені та підтримки для гобоя"
"503747","Recorder Accessories","Аксесуари для диктофонів"
"503749","Recorder Care & Cleaning","Догляд та чистка диктофонів"
"503748","Recorder Cases","Чохли для диктофонів"
"503750","Recorder Parts","Запчастини для диктофонів"
"4794","Saxophone Accessories","Аксесуари для саксофону"
"4852","Saxophone Care & Cleaning","Догляд та чищення саксофону"
"4860","Saxophone Care Kits","Набори для догляду за саксофонами"
"4861","Saxophone Pad Savers","Захисні накладки для саксофонів"
"4862","Saxophone Swabs","Шматочки для чищення саксофонів"
"4853","Saxophone Cases & Gigbags","Кейси та гігбеги для саксофонів"
"4854","Saxophone Ligatures & Caps","Лігатури та ковпачки для саксофонів"
"4856","Saxophone Parts","Запчастини для саксофонів"
"4863","Saxophone Mouthpieces","Мундштуки для саксофонів"
"4864","Saxophone Necks","Грифи для саксофонів"
"4865","Saxophone Small Parts","Малі деталі для саксофонів"
"4857","Saxophone Pegs & Stands","Штифти та стійки для саксофонів"
"4858","Saxophone Reeds","Трости для саксофонів"
"4859","Saxophone Straps & Supports","Ремені та підтримки для саксофонів"
"4866","Woodwind Cork Grease","Мастило для коркових пробок духових інструментів"
"4867","Woodwind Polishing Cloths","Серветки для полірування дерев'яних духових інструментів"
"4957","Woodwind Reed Cases","Кейси для тростин духових інструментів"
"4939","Woodwind Reed Knives","Ножі для тростин духових"
"54","Musical Instruments","Музичні інструменти"
"4983","Accordions & Concertinas","Акордеони та концертини"
"4984","Bagpipes","Волинки"
"63","Brass Instruments","Мідні духові інструменти"
"505769","Alto & Baritone Horns","Альтові та баритонові ріжки"
"65","Euphoniums","Евфоніуми"
"67","French Horns","Валторни"
"70","Trombones","Тромбони"
"505770","Trumpets & Cornets","Труби та корнети"
"72","Tubas","Туби"
"6001","Electronic Musical Instruments","Електронні музичні інструменти"
"245","Audio Samplers","Аудіо семплери"
"6002","MIDI Controllers","MIDI контролери"
"74","Musical Keyboards","Музичні клавіатури"
"6003","Sound Synthesizers","Звукові синтезатори"
"75","Percussion","Ударні"
"2917","Bass Drums","Бас-барабани"
"3043","Cymbals","Ударні тарілки"
"2518","Drum Kits","Барабанні установки"
"2856","Electronic Drums","Електронні барабани"
"7431","Glockenspiels & Xylophones","Глокеншпілі та ксилофони"
"6098","Gongs","Гонги"
"7285","Hand Percussion","Ручні ударні інструменти"
"7289","Claves & Castanets","Клавеси та кастаньєти"
"7288","Finger & Hand Cymbals","Цимбали для пальців та рук"
"7555","Hand Bells & Chimes","Ручні дзвоники та дзвіночки"
"7295","Hand Drums","Ручні барабани"
"7298","Bongos","Бонго"
"7297","Cajons","Кахони"
"7296","Congas","Конги"
"7300","Frame Drums","Барабани з рамою"
"7299","Goblet Drums","Бубни-чарки"
"7302","Tablas","Табла"
"7301","Talking Drums","Барабани-мовці"
"7291","Musical Blocks","Музичні блоки"
"7293","Musical Cowbells","Музичні дзвіночки (коров'ячі дзвони)"
"7286","Musical Scrapers & Ratchets","Музичні скребки та тріщітки"
"7287","Musical Shakers","Музичні шейкери"
"7290","Musical Triangles","Музичні трикутники"
"2515","Tambourines","Тамбурини"
"7294","Vibraslaps","Вібраслепи"
"3015","Hi-Hats","Хет-тарілки"
"7232","Practice Pads","Тренувальні педи для гри на ударних"
"2797","Snare Drums","Малий барабан"
"3005","Tom-Toms","Том-томи"
"76","Pianos","Піаніно"
"77","String Instruments","Струнні інструменти"
"79","Cellos","Віолончелі"
"80","Guitars","Гітари"
"84","Harps","Арфи"
"78","Upright Basses","Контрабаси"
"85","Violas","Альти"
"86","Violins","Скрипки"
"87","Woodwinds","Духові"
"4540","Bassoons","Фаготи"
"88","Clarinets","Кларнети"
"89","Flutes","Флейти"
"7188","Flutophones","Флутафони"
"4743","Harmonicas","Губні гармошки"
"4744","Jew's Harps","Дримби"
"5481","Melodicas","Мелодіки"
"7250","Musical Pipes","Музичні труби"
"4541","Oboes & English Horns","Гобої та англійські роги"
"7249","Ocarinas","Окарини"
"90","Recorders","Блокфлейти"
"91","Saxophones","Саксофони"
"6721","Tin Whistles","Металеві свистки"
"6728","Train Whistles","Поїздові свистки"
"5709","Party & Celebration","Вечірки та святкування"
"2559","Gift Giving","Дарування подарунків"
"6100","Corsage & Boutonnière Pins","Шпильки для букетів та бутоньєрок"
"5916","Corsages & Boutonnières","Букети та бутоньєрки"
"2899","Fresh Cut Flowers","Свіжі квіти"
"53","Gift Cards & Certificates","Подарункові картки та сертифікати"
"94","Gift Wrapping","Упаковка подарунків"
"5838","Gift Bags","Подарункові пакети"
"5091","Gift Boxes & Tins","Подарункові коробки та банки"
"8213","Gift Tags & Labels","Подарункові етикетки та мітки"
"6712","Tissue Paper","Подарунковий серветочний папір"
"2816","Wrapping Paper","Папір для пакування"
"95","Greeting & Note Cards","Вітальні та записні картки"
"96","Party Supplies","Товари для вечірок"
"328061","Advice Cards","Карти з порадами"
"6311","Balloon Kits","Набори для повітряних кульок"
"2587","Balloons","Повітряні кульки"
"2531","Banners","Банери"
"4730","Birthday Candles","Свічки на день народження"
"505763","Chair Sashes","Облямівки для стільців"
"7007","Cocktail Decorations","Декорації для коктейлів"
"2781","Confetti","Конфеті"
"8216","Decorative Pom-Poms","Декоративні помпони"
"3735","Drinking Games","Питні ігри"
"3361","Beer Pong","Пивний понг"
"3440","Beer Pong Tables","Столи для пивного понгу"
"5043","Drinking Straws & Stirrers","Соломинки та мішалки для напоїв"
"1484","Envelope Seals","Печатки для конвертів"
"8038","Event Programs","Програми подій"
"4914","Fireworks & Firecrackers","Феєрверки та петарди"
"8110","Inflatable Party Decorations","Надувні декорації для вечірок"
"1371","Invitations","Запрошення"
"2783","Noisemakers & Party Blowers","Шумові прилади та святкові гудзики"
"5452","Party Favors","Сувеніри для гостей на вечірці"
"5453","Wedding Favors","Весільні подарунки"
"7160","Party Games","Ігри для вечірок"
"6906","Party Hats","Капелюхи для вечірок"
"502981","Party Streamers & Curtains","Стрічки та завіси для вечірок"
"502972","Party Supply Kits","Набори товарів для вечірок"
"3994","Piñatas","Піньятас"
"5472","Place Card Holders","Тримачі для розташування карток"
"2104","Place Cards","Картки розташування"
"1887","Response Cards","Картки відповідей"
"4915","Sparklers","Бенгальські вогники"
"7097","Special Occasion Card Boxes & Holders","Картонні коробки та тримачі для особливих подій"
"4351","Spray String","Аерозоль-серпантин"
"408","Special Effects","Спецефекти"
"5711","Disco Balls","Диско-кулі"
"409","Fog Machines","Машини для створення туману"
"5967","Special Effects Controllers","Контролери спецефектів"
"503028","Special Effects Light Stands","Стійки для освітлення спецефектів"
"410","Special Effects Lighting","Освітлення для спецефектів"
"5868","Trophies & Awards","Трофеї та нагороди"
"543656","Award Certificates","Сертифікати нагород"
"543655","Award Pins & Medals","Нагородні значки та медалі"
"543657","Award Plaques","Нагородні плакетки"
"543654","Award Ribbons","Нагородні стрічки"
"543653","Trophies","Трофеї"
"537","Baby & Toddler","Дитячі та товари для малюків"
"4678","Baby Bathing","Купання немовлят"
"4679","Baby Bathtubs & Bath Seats","Ваночки та сидіння для купання немовлят"
"7082","Shower Visors","Душові козирьки"
"5859","Baby Gift Sets","Набори подарунків для немовлят"
"5252","Baby Health","Здоров'я немовлят"
"6290","Baby Health & Grooming Kits","Набори для догляду та здоров'я немовлят"
"5253","Nasal Aspirators","Назальні аспіратори"
"7016","Pacifier Clips & Holders","Затискачі та тримачі для сосок"
"7309","Pacifier Wipes","Серветки для сосок"
"566","Pacifiers & Teethers","Соски та гризунки"
"540","Baby Safety","Безпека немовлят"
"6869","Baby & Pet Gate Accessories","Аксесуари для дитячих та домашніх тварин"
"542","Baby & Pet Gates","Ворота для дітей та домашніх тварин"
"541","Baby Monitors","Радіоняні"
"5049","Baby Safety Harnesses & Leashes","Предмети безпеки для немовлят: ремені та повідки"
"543","Baby Safety Locks & Guards","Замки та захисні пристрої для безпеки немовлят"
"544","Baby Safety Rails","Безпекові бортики для немовлят"
"2847","Baby Toys & Activity Equipment","Іграшки та обладнання для активності немовлят"
"3661","Alphabet Toys","Іграшки-алфавіти"
"7198","Baby Activity Toys","Іграшки для активності немовлят"
"555","Baby Bouncers & Rockers","Дитячі гойдалки та стрибунці"
"560","Baby Jumpers & Swings","Гойдалки та стрибунці для немовлят"
"7191","Baby Mobile Accessories","Аксесуари для мобільних іграшок для немовлят"
"1242","Baby Mobiles","Мобільні іграшки для немовлят"
"7360","Baby Soothers","Пустушки для немовлят"
"1241","Baby Walkers & Entertainers","Ходунки та розважальні пристрої для дітей"
"1243","Play Mats & Gyms","Ігрові килимки та спортивні комплекси"
"543613","Play Gyms","Ігрові спортивні комплекси"
"543612","Play Mats","Ігрові килимки"
"539","Play Yards","Дитячі ігрові майданчики"
"3459","Push & Pull Toys","Іграшки на підтягування та відтягування"
"1244","Rattles","Погремушки"
"3860","Sorting & Stacking Toys","Іграшки для сортування та складання"
"2764","Baby Transport","Транспорт для немовлят"
"547","Baby & Toddler Car Seats","Автокрісла для дітей та малюків"
"538","Baby Carriers","Дитячі рюкзаки-кенгуру"
"568","Baby Strollers","Дитячі візки"
"4386","Baby Transport Accessories","Аксесуари для транспорту для немовлят"
"4486","Baby & Toddler Car Seat Accessories","Аксесуари для автокрісел для дітей та малюків"
"4916","Baby Carrier Accessories","Аксесуари для дитячих рюкзаків-кенгуру"
"4387","Baby Stroller Accessories","Аксесуари для дитячих візків"
"8537","Baby Transport Liners & Sacks","Підкладки та мішки для дитячого транспорту"
"5845","Shopping Cart & High Chair Covers","Чохли для кошика для покупок та високого стільця"
"548","Diapering","Товари для підгузків"
"7200","Baby Wipe Dispensers & Warmers","Диспенсери та обігрівачі для дитячих вологих серветок"
"553","Baby Wipes","Дитячі вологі серветки"
"502999","Changing Mat & Tray Covers","Чохли для пеленальних килимків та лотків"
"5628","Changing Mats & Trays","Пеленальні килимки та лотки"
"7014","Diaper Kits","Набори для підгузків"
"6949","Diaper Liners","Підкладки для підгузків"
"6883","Diaper Organizers","Органайзери для підгузків"
"7001","Diaper Pail Accessories","Аксесуари для відра для підгузків"
"550","Diaper Pails","Відра для підгузків"
"2949","Diaper Rash Treatments","Засоби від опрелості"
"6971","Diaper Wet Bags","Водонепроникні сумки для підгузків"
"551","Diapers","Підгузки"
"561","Nursing & Feeding","Годування та догляд"
"562","Baby & Toddler Food","Їжа для дітей та малюків"
"5721","Baby Cereal","Дитячі каші"
"5718","Baby Drinks","Дитячі напої"
"5719","Baby Food","Дитяче харчування"
"563","Baby Formula","Дитяче молочко (формула)"
"5720","Baby Snacks","Прикорм для немовлят"
"8436","Toddler Nutrition Drinks & Shakes","Напої та коктейлі для харчування малюків"
"5630","Baby Bottle Nipples & Liners","Соски та вкладиші для дитячих пляшечок"
"543637","Baby Bottle Liners","Вкладиші для дитячих пляшечок"
"543636","Baby Bottle Nipples","Соски для дитячих пляшечок"
"564","Baby Bottles","Дитячі пляшечки"
"4768","Baby Care Timers","Таймери для догляду за немовлятами"
"2125","Bibs","Нагрудники"
"5296","Bottle Warmers & Sterilizers","Підігрівачі та стерилізатори для пляшок"
"7234","Breast Milk Storage Containers","Контейнери для зберігання материнського молока"
"505366","Breast Pump Accessories","Аксесуари для молоковідсмоктувачів"
"565","Breast Pumps","Молоковідсмоктувачі"
"5629","Burp Cloths","Отримувачі"
"5843","Nursing Covers","Покривала для годування"
"503762","Nursing Pads & Shields","Прокладки та захисні щитки для годування"
"8075","Nursing Pillow Covers","Наволочки для подушок для годування"
"5298","Nursing Pillows","Подушки для годування"
"6950","Sippy Cups","Пляшечки-непроливайки"
"6952","Potty Training","Навчання до горщика"
"552","Potty Seats","Накладки на унітаз для дітей"
"6953","Potty Training Kits","Набори для навчання до горщика"
"6899","Swaddling & Receiving Blankets","Пелюшки та приймальні покривала"
"543664","Receiving Blankets","Приймальні пледи"
"543665","Swaddling Blankets","Пелюшки"
"111","Business & Industrial","Бізнес та промисловість"
"5863","Advertising & Marketing","Реклама та маркетинг"
"5884","Brochures","Брошури"
"5864","Trade Show Counters","Стійки для виставок"
"5865","Trade Show Displays","Експозиції для виставок"
"112","Agriculture","Сільське господарство"
"6991","Animal Husbandry","Тваринництво"
"499997","Egg Incubators","Інкубатори для яєць"
"505821","Livestock Feed","Корм для худоби"
"543545","Cattle Feed","Корм для великої рогатої худоби"
"543544","Chicken Feed","Корм для курей"
"543547","Goat & Sheep Feed","Корм для кіз та овець"
"543548","Mixed Herd Feed","Комбінований корм для стада"
"543546","Pig Feed","Корм для свиней"
"6990","Livestock Feeders & Waterers","Кормушки та поїлки для худоби"
"499946","Livestock Halters","Намордники для худоби"
"7261","Automation Control Components","Компоненти систем автоматичного управління"
"7263","Programmable Logic Controllers","Програмовані логічні контролери"
"7262","Variable Frequency & Adjustable Speed Drives","Приводи змінної частоти та регульованої швидкості"
"114","Construction","Будівництво"
"134","Surveying","Геодезія"
"8278","Traffic Cones & Barrels","Дорожні конуси та бочки"
"7497","Dentistry","Стоматологія"
"7500","Dental Cement","Зубний цемент"
"7499","Dental Tools","Зубні інструменти"
"8490","Dappen Dishes","Чашечки для змішування"
"7498","Dental Mirrors","Зубні дзеркала"
"7531","Dental Tool Sets","Набори зубних інструментів"
"8121","Prophy Cups","Профі ковпачки"
"8120","Prophy Heads","Профі насадки"
"8130","Prophy Paste","Профі паста"
"2155","Film & Television","Кіно та телебачення"
"1813","Finance & Insurance","Фінанси та страхування"
"7565","Bullion","Бульйон"
"135","Food Service","Послуги харчування"
"7303","Bakery Boxes","Коробки для випічки"
"4217","Bus Tubs","Ящики для посуду"
"8532","Check Presenters","Папки для рахунків"
"5102","Concession Food Containers","Контейнери для продуктів харчування"
"8059","Disposable Lids","Одноразові кришки"
"7088","Disposable Serveware","Одноразові сервізи"
"7089","Disposable Serving Trays","Одноразові подавальні тарілки"
"4632","Disposable Tableware","Одноразовий посуд"
"5098","Disposable Bowls","Одноразові миски"
"5099","Disposable Cups","Одноразові чашки"
"5100","Disposable Cutlery","Одноразовий столовий прибор"
"5101","Disposable Plates","Одноразові тарілки"
"4096","Food Service Baskets","Кошики для обслуговування їжі"
"4742","Food Service Carts","Візки для обслуговування їжі"
"6786","Food Washers & Dryers","Мийки та сушарки для продуктів"
"6517","Hot Dog Rollers","Грилі для хот-догів"
"7353","Ice Bins","Бокси для льоду"
"5104","Plate & Dish Warmers","Підігрівачі для тарілок та страв"
"8533","Sneeze Guards","Захисні екрани від чхання"
"5097","Take-Out Containers","Контейнери для виносу їжі"
"7553","Tilt Skillets","Наклонні сковороди"
"137","Vending Machines","Торгові автомати"
"1827","Forestry & Logging","Лісове господарство та заготівля деревини"
"7240","Hairdressing & Cosmetology","Перукарське мистецтво та косметологія"
"505670","Hairdressing Capes & Neck Covers","Накидки та захисні ковпачки для шиї в перукарні"
"7242","Pedicure Chairs","Крісла для педикюру"
"7241","Salon Chairs","Крісла для салонів"
"1795","Heavy Machinery","Важке обладнання"
"2072","Chippers","Дробарки"
"1475","Hotel & Hospitality","Готельне господарство"
"5830","Industrial Storage","Промислове сховище"
"5832","Industrial Cabinets","Промислові шафи"
"5833","Industrial Shelving","Промислові стелажі"
"5831","Shipping Containers","Контейнери для відправки"
"8274","Wire Partitions, Enclosures & Doors","Дротяні перегородки, огорожі та двері"
"8025","Industrial Storage Accessories","Аксесуари для промислового зберігання"
"500086","Janitorial Carts & Caddies","Візки та кошики для прибирання"
"1556","Law Enforcement","Правоохоронні органи"
"1906","Cuffs","Манжети"
"361","Metal Detectors","Металодетектори"
"1470","Manufacturing","Виробництво"
"6987","Material Handling","Обробка матеріалів"
"6988","Conveyors","Конвеєри"
"131","Lifts & Hoists","Підйомники та талі"
"503768","Hoists, Cranes & Trolleys","Талі, крани та тележки"
"503771","Jacks & Lift Trucks","Домкрати та автонавантажувачі"
"503767","Personnel Lifts","Підйомники для персоналу"
"503769","Pulleys, Blocks & Sheaves","Блоки, шківи та ролики"
"503772","Winches","Лебідки"
"503011","Pallets & Loading Platforms","Палети та підйомні платформи"
"2496","Medical","Медичний"
"6275","Hospital Curtains","Штори для лікарень"
"1898","Hospital Gowns","Лікарняні халати"
"6303","Medical Bedding","Медичне постільне приладдя"
"3477","Medical Equipment","Медичне обладнання"
"3230","Automated External Defibrillators","Автоматичні зовнішні дефібрилятори"
"503006","Gait Belts","Пояси для ходьби"
"6972","Medical Reflex Hammers & Tuning Forks","Медичні рефлексні молоточки та камертони"
"499858","Medical Stretchers & Gurneys","Медичні ноші та транспортабельні ліжка"
"4245","Otoscopes & Ophthalmoscopes","Отоскопи та офтальмоскопи"
"7522","Patient Lifts","Ліфти для пацієнтів"
"4364","Stethoscopes","Стетоскопи"
"6714","Vital Signs Monitor Accessories","Аксесуари для моніторів життєвих показників"
"6280","Vital Signs Monitors","Монітори життєвих показників"
"5167","Medical Furniture","Медичні меблі"
"5168","Chiropractic Tables","Столи для хірургії"
"5169","Examination Chairs & Tables","Крісла та столи для обстеження"
"4435","Homecare & Hospital Beds","Ліжка для домашнього догляду та лікарень"
"5170","Medical Cabinets","Медичні шафи"
"5171","Medical Carts","Медичні візки"
"5173","Crash Carts","Медичні тележки"
"5174","IV Poles & Carts","Стійки та візки для інфузій"
"5172","Surgical Tables","Хірургічні столи"
"230913","Medical Instruments","Медичні інструменти"
"6281","Medical Forceps","Медичні щипці"
"232166","Scalpel Blades","Леза для скальпелів"
"8026","Scalpels","Скальпелі"
"499935","Surgical Needles & Sutures","Хірургічні голки та шви"
"2907","Medical Supplies","Медичні засоби"
"511","Disposable Gloves","Одноразові рукавички"
"7063","Finger Cots","Наконечники для пальців"
"499696","Medical Needles & Syringes","Медичні голки та шприці"
"543672","Medical Needle & Syringe Sets","Медичні набори голок та шприців"
"543670","Medical Needles","Медичні голки"
"543671","Medical Syringes","Медичні шприці"
"505828","Ostomy Supplies","Постачання для остомії"
"7324","Tongue Depressors","Язикові шпателі"
"6490","Medical Teaching Equipment","Обладнання для медичного навчання"
"6491","Medical & Emergency Response Training Mannequins","Манекени для навчання медичної допомоги та реагування на надзвичайні ситуації"
"5602","Scrub Caps","Шапочки для скрабу"
"2928","Scrubs","Медичні халати"
"1645","Surgical Gowns","Хірургічні халати"
"2187","Mining & Quarrying","Гірничо-кар'єрна промисловість"
"4285","Piercing & Tattooing","Пірсинг та тату"
"4350","Piercing Supplies","Товари для пірсингу"
"4122","Piercing Needles","Голки для пірсингу"
"4326","Tattooing Supplies","Товари для татуювання"
"5853","Tattoo Cover-Ups","Засоби для приховування татуювань"
"4215","Tattooing Inks","Тату-чорнило"
"4379","Tattooing Machines","Машинки для татуювання"
"4072","Tattooing Needles","Голки для татуювання"
"138","Retail","Роздріб"
"4244","Clothing Display Racks","Стенди для демонстрації одягу"
"3803","Display Mannequins","Демонстраційні манекени"
"7128","Mannequin Parts","Частини манекенів"
"4181","Money Handling","Обробка грошей"
"4290","Banknote Verifiers","Верифікатори банкнот"
"505825","Cash Register & POS Terminal Accessories","Аксесуари для касових апаратів та POS-терміналів"
"4283","Cash Drawers & Trays","Касові шухляди та лотки"
"505808","Credit Card Terminals","Термінали для кредитних карток"
"5310","Signature Capture Pads","Планшети для захоплення підпису"
"505824","Cash Registers & POS Terminals","Касові апарати та POS-термінали"
"543647","Cash Registers","Касові апарати"
"543648","POS Terminals","POS-термінали"
"4151","Coin & Bill Counters","Лічильники монет та банкнот"
"3273","Money Changers","Обмінники грошей"
"4329","Money Deposit Bags","Сумки для депозиту грошей"
"4055","Paper Coin Wrappers & Bill Straps","Паперові обгортки для монет та стрічки для банкнот"
"1837","Paper & Plastic Shopping Bags","Паперові та пластикові пакети для покупок"
"4127","Pricing Guns","Маркувальні пістолети"
"4160","Retail Display Cases","Вітрини для роздрібної торгівлі"
"499897","Retail Display Props & Models","Реквізит та моделі для вітрин роздрібної торгівлі"
"1624","Science & Laboratory","Наука та лабораторії"
"6975","Biochemicals","Біохімічні речовини"
"7325","Dissection Kits","Набори для розтину"
"3002","Laboratory Chemicals","Лабораторні речовини"
"4335","Laboratory Equipment","Лабораторне обладнання"
"4116","Autoclaves","Автоклави"
"4336","Centrifuges","Центрифуги"
"7218","Dry Ice Makers","Машини для виробництва сухого льоду"
"500057","Freeze-Drying Machines","Машини для сублімаційної сушки"
"4474","Laboratory Blenders","Лабораторні блендери"
"500114","Laboratory Freezers","Лабораторні морозильники"
"503722","Laboratory Funnels","Лабораторні воронки"
"4133","Laboratory Hot Plates","Лабораторні гарячі пластини"
"4231","Laboratory Ovens","Лабораторні печі"
"4555","Microscope Accessories","Аксесуари для мікроскопів"
"4557","Microscope Cameras","Камери для мікроскопів"
"4556","Microscope Eyepieces & Adapters","Окуляри та адаптери для мікроскопів"
"4665","Microscope Objective Lenses","Об'єктиви для мікроскопів"
"4664","Microscope Replacement Bulbs","Запасні лампи для мікроскопів"
"4558","Microscope Slides","Предметні склінці для мікроскопа"
"158","Microscopes","Мікроскопи"
"7437","Microtomes","Мікротоми"
"7468","Spectrometer Accessories","Аксесуари для спектрометрів"
"7393","Spectrometers","Спектрометри"
"8119","Laboratory Specimens","Лабораторні зразки"
"4255","Laboratory Supplies","Лабораторні матеріали"
"4310","Beakers","Бейкери"
"4061","Graduated Cylinders","Градуйовані циліндри"
"4036","Laboratory Flasks","Лабораторні колби"
"4276","Petri Dishes","Петрієві чаші"
"4075","Pipettes","Піпетки"
"4155","Test Tube Racks","Підставки для пробірок"
"4306","Test Tubes","Пробірки"
"4140","Wash Bottles","Пляшки для промивання"
"976","Signage","Знаки, інформаційні таблички"
"7322","Business Hour Signs","Таблички з годинами роботи"
"8155","Digital Signs","Цифрові знаки"
"4297","Electric Signs","Електричні знаки"
"4131","LED Signs","LED вивіски"
"4070","Neon Signs","Неонові знаки"
"5894","Emergency & Exit Signs","Знаки аварійного виходу та виходу"
"5897","Facility Identification Signs","Знаки ідентифікації об'єктів"
"7323","Open & Closed Signs","Вивіски ""Відкрито"" / ""Закрито"""
"5896","Parking Signs & Permits","Знаки та дозволи на паркування"
"5900","Policy Signs","Інформаційні знаки"
"5898","Retail & Sale Signs","Таблички для роздрібної торгівлі та розпродажу"
"5895","Road & Traffic Signs","Дорожні та дорожньо-транспортні знаки"
"5892","Safety & Warning Signs","Знаки безпеки та попередження"
"5893","Security Signs","Охоронні знаки"
"5899","Sidewalk & Yard Signs","Тротуарні та дворові знаки"
"2047","Work Safety Protective Gear","Захисне обладнання для безпеки на роботі"
"2389","Bullet Proof Vests","Бронежилети"
"8269","Gas Mask & Respirator Accessories","Аксесуари для газових масок та респіраторів"
"2723","Hardhats","Каски будівельні"
"2808","Hazardous Material Suits","Костюми для роботи з небезпечними матеріалами"
"6764","Protective Aprons","Захисні фартухи"
"2227","Protective Eyewear","Захисні окуляри"
"503724","Protective Masks","Захисні маски"
"7407","Dust Masks","Маски від пилу"
"2349","Fireman's Masks","Маски пожежників"
"2473","Gas Masks & Respirators","Газові маски та респіратори"
"513","Medical Masks","Медичні маски"
"5591","Safety Gloves","Рукавички безпеки"
"499961","Safety Knee Pads","Наколінники безпеки"
"499927","Welding Helmets","Зварювальні шоломи"
"499708","Work Safety Harnesses","Робочі страхувальні пояси"
"7085","Work Safety Tethers","Робочі страхувальні троси"
"141","Cameras & Optics","Камери та оптика"
"2096","Camera & Optic Accessories","Аксесуари для камер та оптики"
"463625","Camera & Optic Replacement Cables","Запасні кабелі для камер та оптики"
"149","Camera & Video Camera Lenses","Об'єктиви для фото- та відеокамер"
"4432","Camera Lenses","Об'єктиви для камери"
"5346","Surveillance Camera Lenses","Об'єктиви для камер відеоспостереження"
"5280","Video Camera Lenses","Об'єктиви для відеокамер"
"2911","Camera Lens Accessories","Аксесуари для об'єктиву камери"
"5588","Lens & Filter Adapter Rings","Кільця-адаптери для об'єктивів та фільтрів"
"4441","Lens Bags","Сумки для об'єктивів"
"2829","Lens Caps","Кришки для об'єктивів"
"4416","Lens Converters","Конвертери об'єктивів"
"147","Lens Filters","Фільтри для об'єктивів"
"2627","Lens Hoods","Бленди для об'єктивів"
"143","Camera Parts & Accessories","Запчастини та аксесуари для камери"
"8174","Camera Accessory Sets","Набори аксесуарів для камер"
"6308","Camera Bags & Cases","Сумки та чохли для камер"
"296246","Camera Body Replacement Panels & Doors","Запасні панелі та дверцята для корпусу камери"
"298420","Camera Digital Backs","Цифрові задні панелі камер"
"153","Camera Film","Фотоплівка для камер"
"5479","Camera Flash Accessories","Аксесуари для спалаху камери"
"148","Camera Flashes","Спалахи для камери"
"500104","Camera Focus Devices","Пристрої для фокусування камери"
"461567","Camera Gears","Обладнання для камери"
"500037","Camera Grips","Рукоятки для камери"
"296248","Camera Image Sensors","Сенсори зображення камери"
"461568","Camera Lens Zoom Units","Блоки зуму об'єктиву камери"
"5532","Camera Remote Controls","Дистанційні контролери для камери"
"296247","Camera Replacement Buttons & Knobs","Замінні кнопки та ручки для камери"
"296249","Camera Replacement Screens & Displays","Замінні екрани та дисплеї для камери"
"503020","Camera Silencers & Sound Blimps","Глушники та звукові балони для камери"
"499998","Camera Stabilizers & Supports","Стабілізатори та підтримки для камери"
"5429","Camera Straps","Ремені для камери"
"503019","Camera Sun Hoods & Viewfinder Attachments","Сонцезахисні капюшони та насадки візіра для камери"
"2987","Flash Brackets","Кріплення для спалаху"
"500107","On-Camera Monitors","Монітори для камер"
"5937","Surveillance Camera Accessories","Аксесуари для відеонагляду"
"8535","Underwater Camera Housing Accessories","Аксесуари для корпусів підводних камер"
"6307","Underwater Camera Housings","Корпуси для підводних камер"
"2394","Video Camera Lights","Освітлення для відеокамер"
"160","Optic Accessories","Оптичні аксесуари"
"5282","Binocular & Monocular Accessories","Аксесуари для біноклів та монокулярів"
"5545","Optics Bags & Cases","Сумки та чохли для оптики"
"5283","Rangefinder Accessories","Аксесуари для далекомірів"
"5542","Spotting Scope Accessories","Аксесуари для монокулярів"
"5284","Telescope Accessories","Аксесуари для телескопів"
"4274","Thermal Optic Accessories","Аксесуари для термічної оптики"
"5543","Weapon Scope & Sight Accessories","Аксесуари для оптичних прицілів та прицілів зброї"
"4638","Tripod & Monopod Accessories","Аксесуари для триподів та моноподів"
"4640","Tripod & Monopod Cases","Чохли для триподів та моноподів"
"4639","Tripod & Monopod Heads","Головки для триподів та моноподів"
"3035","Tripod Collars & Mounts","Обідки та кріплення для триподів"
"503726","Tripod Handles","Ручки для триподів"
"503016","Tripod Spreaders","Розпорки для триподів"
"150","Tripods & Monopods","Триподи та моноподи"
"142","Cameras","Камери"
"499976","Borescopes","Бороскопи"
"152","Digital Cameras","Цифрові камери"
"4024","Disposable Cameras","Одноразові камери"
"154","Film Cameras","Фотокамери"
"362","Surveillance Cameras","Камери відеоспостереження"
"5402","Trail Cameras","Камери для трекінгу"
"155","Video Cameras","Відеокамери"
"312","Webcams","Веб-камери"
"156","Optics","Оптика"
"157","Binoculars","Біноклі"
"4164","Monoculars","Монокуляри"
"161","Rangefinders","Далекоміри"
"4040","Scopes","Оптичні приціли"
"4136","Spotting Scopes","Підзорні труби"
"165","Telescopes","Телескопи"
"1695","Weapon Scopes & Sights","Приціли та оптика для зброї"
"39","Photography","Фотографія"
"41","Darkroom","Фотолабораторія"
"2234","Developing & Processing Equipment","Обладнання для розробки та обробки"
"2625","Copystands","Підставки для копіювання"
"2999","Darkroom Sinks","Умивальники для фотолабораторії"
"2650","Developing Tanks & Reels","Баки та бобіни для розробки"
"2728","Print Trays, Washers & Dryers","Лотки для друку, пральні та сушильні машини"
"2516","Retouching Equipment & Supplies","Обладнання та матеріали для ретушування"
"2520","Enlarging Equipment","Обладнання для збільшення"
"2969","Darkroom Easels","Мольберти для фотолабораторії"
"2543","Darkroom Timers","Таймери для фотолабораторії"
"3029","Focusing Aids","Прилади для фокусування"
"2815","Photographic Analyzers","Фотоаналізатори"
"2698","Photographic Enlargers","Фотоувеличувачі"
"1622","Photographic Chemicals","Фотохімікати"
"2804","Photographic Paper","Фотопапір"
"2600","Safelights","Безпечне освітлення"
"42","Lighting & Studio","Освітлення та студія"
"5499","Light Meter Accessories","Аксесуари для світломірів"
"1548","Light Meters","Світломіри"
"1611","Studio Backgrounds","Студійні фони"
"503018","Studio Light & Flash Accessories","Аксесуари для студійного освітлення та спалахів"
"2475","Studio Lighting Controls","Керування студійним освітленням"
"3056","Flash Diffusers","Дифузори для спалаху"
"5431","Flash Reflectors","Рефлектори для спалаху"
"2490","Lighting Filters & Gobos","Фільтри та гобо для освітлення"
"5432","Softboxes","Софтбокси"
"2926","Studio Lights & Flashes","Студійне освітлення та спалахи"
"503017","Studio Stand & Mount Accessories","Аксесуари для студійних стійок та кріплень"
"2007","Studio Stands & Mounts","Студійні стійки та кріплення"
"503735","Photo Mounting Supplies","Матеріали для монтажу фотографій"
"4368","Photo Negative & Slide Storage","Зберігання негативів та слайдів"
"222","Electronics","Електроніка"
"3356","Arcade Equipment","Обладнання для аркад"
"8085","Basketball Arcade Games","Аркадні ігри з баскетболом"
"3946","Pinball Machine Accessories","Аксесуари для автоматів пінбол"
"3140","Pinball Machines","Автомати пінбол"
"3681","Skee-Ball Machines","Машини для гри в Скі-Бол"
"3676","Video Game Arcade Cabinet Accessories","Аксесуари для ігрових автоматів"
"3117","Video Game Arcade Cabinets","Шафи для ігрових автоматів"
"223","Audio","Аудіо"
"1420","Audio Accessories","Аудіоаксесуари"
"503008","Audio & Video Receiver Accessories","Аксесуари для аудіо- та відеоресиверів"
"505797","Headphone & Headset Accessories","Аксесуари для навушників та гарнітур"
"503004","Headphone Cushions & Tips","Накладки та ковпачки для навушників"
"5395","Karaoke System Accessories","Аксесуари для систем караоке"
"5396","Karaoke Chips","Чіпи для караоке"
"232","MP3 Player Accessories","Аксесуари для MP3-плеєрів"
"7566","MP3 Player & Mobile Phone Accessory Sets","Набори аксесуарів для MP3-плеєра та мобільного телефону"
"3055","MP3 Player Cases","Чохли для MP3-плеєрів"
"3306","Microphone Accessories","Аксесуари для мікрофонів"
"3912","Microphone Stands","Стійки для мікрофонів"
"239","Satellite Radio Accessories","Аксесуари для супутникового радіо"
"7163","Speaker Accessories","Аксесуари для колонок"
"500112","Speaker Bags, Covers & Cases","Сумки, чохли та кейси для колонок"
"500120","Speaker Components & Kits","Компоненти та набори для колонок"
"8047","Speaker Stand Bags","Сумки для стійок для колонок"
"8049","Speaker Stands & Mounts","Стійки та кріплення для динаміків"
"500119","Tactile Transducers","Тактильні перетворювачі"
"2372","Turntable Accessories","Аксесуари для проїгрівача"
"2165","Audio Components","Аудіокомпоненти"
"241","Audio & Video Receivers","Аудіо- та відеоресивери"
"224","Audio Amplifiers","Аудіопідсилювачі"
"4493","Headphone Amplifiers","Підсилювачі для навушників"
"5381","Power Amplifiers","Підсилювачі потужності"
"236","Audio Mixers","Аудіомікшери"
"5129","Audio Transmitters","Аудіопередавачі"
"5130","Bluetooth Transmitters","Передавачі Bluetooth"
"4035","FM Transmitters","FM-передавачі"
"6545","Channel Strips","Смуги каналів"
"6546","Direct Boxes","Директ-бокси"
"505771","Headphones & Headsets","Навушники та гарнітури"
"543626","Headphones","Навушники"
"543627","Headsets","Гарнітури"
"234","Microphones","Мікрофони"
"246","Signal Processors","Процесори сигналу"
"5435","Crossovers","Кросовери"
"247","Effects Processors","Процесори ефектів"
"248","Equalizers","Еквалайзери"
"5597","Loudspeaker Management Systems","Системи управління гучномовцями"
"3945","Microphone Preamps","Попередні підсилювачі для мікрофонів"
"5596","Noise Gates & Compressors","Шумозаглушувачі та компресори"
"5369","Phono Preamps","Попередні підсилювачі для вінілових програвачів"
"249","Speakers","Динаміки"
"505298","Studio Recording Bundles","Набори для студійного запису"
"242","Audio Players & Recorders","Аудіоплеєри та рекордери"
"225","Boomboxes","Бумбокси"
"226","CD Players & Recorders","CD-плеєри та рекордери"
"243","Cassette Players & Recorders","Магнітофони"
"252","Home Theater Systems","Домашні театральні системи"
"4652","Jukeboxes","Музичні автомати"
"230","Karaoke Systems","Системи караоке"
"233","MP3 Players","MP3-плеєри"
"235","MiniDisc Players & Recorders","Програвачі та рекордери MiniDisc"
"5434","Multitrack Recorders","Багатоканальні рекордери"
"6886","Radios","Радіо"
"8271","Reel-to-Reel Tape Players & Recorders","Магнітофони та рекордери з котушковою стрічкою"
"251","Stereo Systems","Стереосистеми"
"256","Turntables & Record Players","Проїгрівачі та вінілові проїгрівачі"
"244","Voice Recorders","Диктофони"
"8159","Bullhorns","Гучномовці"
"4921","DJ & Specialty Audio","DJ та спеціалізоване аудіо"
"4922","DJ CD Players","CD-плеєри для DJ"
"4923","DJ Systems","DJ-системи"
"2154","Public Address Systems","Системи громкого зв'язку"
"3727","Stage Equipment","Сценічне обладнання"
"3242","Wireless Transmitters","Бездротові передавачі"
"3702","Circuit Boards & Components","Плати побутових пристроїв та компоненти"
"500027","Circuit Board Accessories","Аксесуари для плати побутових пристроїв"
"7259","Circuit Decoders & Encoders","Декодери та енкодери цепів"
"3889","Circuit Prototyping","Прототипування побутових пристроїв"
"4010","Breadboards","Макетні дошки"
"7258","Electronic Filters","Електронні фільтри"
"3635","Passive Circuit Components","Пасивні компоненти електричних кіл"
"3220","Capacitors","Конденсатори"
"7260","Electronic Oscillators","Електронні генератори"
"3121","Inductors","Індуктори"
"3424","Resistors","Резистори"
"7264","Printed Circuit Boards","Друковані плати"
"298419","Camera Circuit Boards","Плати камер"
"499898","Computer Circuit Boards","Комп'ютерні плати"
"499899","Computer Inverter Boards","Комп'ютерні інверторні плати"
"8546","Hard Drive Circuit Boards","Плати жорстких дисків"
"289","Motherboards","Материнські плати"
"3416","Development Boards","Розробницькі плати"
"499889","Exercise Machine Circuit Boards","Плати управління для тренажерів"
"8545","Household Appliance Circuit Boards","Плати електроніки побутових приладів"
"8549","Pool & Spa Circuit Boards","Плати управління для басейну та спа"
"8544","Printer, Copier, & Fax Machine Circuit Boards","Друковані плати для принтера, копірки та факсу"
"499675","Scanner Circuit Boards","Плати сканерів"
"8516","Television Circuit Boards","Телевізійні плати"
"3991","Semiconductors","Півпровідники"
"3632","Diodes","Діоди"
"7257","Integrated Circuits & Chips","Інтегральні схеми та мікросхеми"
"3949","Microcontrollers","Мікроконтролери"
"3094","Transistors","Транзистори"
"262","Communications","Засоби зв'язку"
"266","Answering Machines","Автовідповідачі"
"5275","Caller IDs","Ідентифікатори викликів"
"263","Communication Radio Accessories","Аксесуари для радіозв'язку"
"2471","Communication Radios","Радіостанції"
"2106","CB Radios","CB радіо"
"4415","Radio Scanners","Радіосканери"
"273","Two-Way Radios","Двосторонні радіостанції"
"5404","Intercom Accessories","Аксесуари для домофонів"
"360","Intercoms","Домофони"
"268","Pagers","Пейджери"
"270","Telephony","Телефонія"
"4666","Conference Phones","Телефони для конференцій"
"271","Corded Phones","Дротові телефони"
"272","Cordless Phones","Бездротові телефони"
"264","Mobile Phone Accessories","Аксесуари для мобільних телефонів"
"8111","Mobile Phone Camera Accessories","Аксесуари для камер мобільних телефонів"
"2353","Mobile Phone Cases","Чохли для мобільних телефонів"
"4550","Mobile Phone Charms & Straps","Брелоки та ремінці для мобільних телефонів"
"6030","Mobile Phone Pre-Paid Cards & SIM Cards","Попередньо оплачені картки та SIM-картки для мобільних телефонів"
"543515","Mobile Phone Pre-Paid Cards","Попередньо оплачені картки мобільних телефонів"
"543516","SIM Cards","SIM-картки"
"7347","Mobile Phone Replacement Parts","Запасні частини для мобільних телефонів"
"5566","Mobile Phone Stands","Підставки для мобільних телефонів"
"499916","SIM Card Ejection Tools","Інструменти для видалення SIM-карток"
"267","Mobile Phones","Мобільні телефони"
"543513","Contract Mobile Phones","Мобільні телефони за контрактом"
"543512","Pre-paid Mobile Phones","Попередньо оплачені мобільні телефони"
"543514","Unlocked Mobile Phones","Розблоковані мобільні телефони"
"1924","Satellite Phones","Супутникові телефони"
"265","Telephone Accessories","Аксесуари для телефону"
"269","Phone Cards","Телефонні картки"
"274","Video Conferencing","Відеоконференції"
"1801","Components","Компоненти"
"7395","Accelerometers","Акселерометри"
"2182","Converters","Конвертери"
"503001","Audio Converters","Аудіоконвертери"
"2205","Scan Converters","Скан-конвертери"
"1977","Electronics Component Connectors","Конектори для електронних компонентів"
"1337","Modulators","Модулятори"
"1544","Splitters","Розгалужувачі"
"278","Computers","Комп'ютери"
"5254","Barebone Computers","Комп'ютери ""Barebone"""
"331","Computer Servers","Комп'ютерні сервери"
"325","Desktop Computers","Настільні комп'ютери"
"298","Handheld Devices","Портативні пристрої"
"5256","Data Collectors","Збирачі даних"
"3539","E-Book Readers","Пристрої для читання електронних книг"
"3769","PDAs","КПК (Кишенькові персональні комп'ютери)"
"5255","Interactive Kiosks","Інтерактивні кіоски"
"328","Laptops","Ноутбуки"
"500002","Smart Glasses","Розумні окуляри"
"4745","Tablet Computers","Планшетні комп'ютери"
"8539","Thin & Zero Clients","Тонкі та нульові клієнти"
"543668","Thin Client Computers","Комп'ютери з тонкими клієнтами"
"543669","Zero Client Computers","Комп'ютери Zero Client"
"502995","Touch Table Computers","Комп'ютери з сенсорним столом"
"2082","Electronics Accessories","Аксесуари для електроніки"
"258","Adapters","Адаптери"
"4463","Audio & Video Cable Adapters & Couplers","Адаптери та з'єднувачі для аудіо- та відеокабелів"
"146","Memory Card Adapters","Адаптери для карт пам'яті"
"7182","USB Adapters","USB адаптери"
"5476","Antenna Accessories","Аксесуари для антен"
"5477","Antenna Mounts & Brackets","Кріплення та дужки для антен"
"5478","Antenna Rotators","Ротатори антен"
"6016","Satellite LNBs","Супутникові LNB"
"1718","Antennas","Антени"
"8156","Audio & Video Splitters & Switches","Розподільники та перемикачі для аудіо- та відеосигналів"
"499944","DVI Splitters & Switches","Розподільники та перемикачі DVI"
"8164","HDMI Splitters & Switches","Розгалужувачі та перемикачі HDMI"
"499945","VGA Splitters & Switches","VGA розгалужувачі та перемикачі"
"367","Blank Media","Порожні носії"
"3328","Cable Management","Організація кабелів"
"3764","Cable Clips","Кліпси для кабелів"
"500036","Cable Tie Guns","Пістолети для кріплення кабелів"
"6402","Cable Trays","Траси для кабелів"
"5273","Patch Panels","Патч-панелі"
"499686","Wire & Cable Identification Markers","Маркери для ідентифікації дроту та кабелю"
"6780","Wire & Cable Sleeves","Оплетки для дроту та кабелю"
"4016","Wire & Cable Ties","Стяжки для дроту та кабелю"
"259","Cables","Кабелі"
"1867","Audio & Video Cables","Аудіо- та відеокабелі"
"3461","KVM Cables","KVM кабелі"
"1480","Network Cables","Мережеві кабелі"
"500035","Storage & Data Transfer Cables","Кабелі для зберігання та передачі даних"
"1763","System & Power Cables","Системні та живлення кабелі"
"3541","Telephone Cables","Телефонні кабелі"
"279","Computer Accessories","Комп'ютерні аксесуари"
"500040","Computer Accessory Sets","Набори комп'ютерних аксесуарів"
"7530","Computer Covers & Skins","Чохли та накладки для комп'ютера"
"5489","Computer Risers & Stands","Підставки та стенди для комп'ютера"
"280","Handheld Device Accessories","Аксесуари для портативних пристроїв"
"4736","E-Book Reader Accessories","Аксесуари для електронних книг"
"4738","E-Book Reader Cases","Чохли для електронних книг"
"4737","PDA Accessories","Аксесуари для PDA"
"4739","PDA Cases","Чохли для PDA"
"6291","Keyboard & Mouse Wrist Rests","Підставки для зап'ястя клавіатури та миші"
"6979","Keyboard Trays & Platforms","Підставки та платформи для клавіатури"
"300","Laptop Docking Stations","Док-станції для ноутбуків"
"1993","Mouse Pads","Килимки для миші"
"5669","Stylus Pen Nibs & Refills","Пера та змінні стержні для стилусів"
"5308","Stylus Pens","Стилуси"
"499956","Tablet Computer Docks & Stands","Док-станції та підставки для планшетних комп'ютерів"
"285","Computer Components","Комп'ютерні компоненти"
"6932","Blade Server Enclosures","Корпуси для серверів Blade"
"8158","Computer Backplates & I/O Shields","Задні панелі комп'ютера та щити вводу/виводу"
"291","Computer Power Supplies","Блоки живлення для комп'ютера"
"292","Computer Processors","Комп'ютерні процесори"
"293","Computer Racks & Mounts","Комп'ютерні стійки та кріплення"
"294","Computer Starter Kits","Стартові набори для комп'ютера"
"295","Computer System Cooling Parts","Деталі системи охолодження комп'ютера"
"296","Desktop Computer & Server Cases","Корпуси для настільних комп'ютерів та серверів"
"8162","E-Book Reader Parts","Запчастини для електронних книг"
"8163","E-Book Reader Screens & Screen Digitizers","Екрани та дигітайзери для електронних книг"
"287","I/O Cards & Adapters","Карти вводу/виводу та адаптери"
"286","Audio Cards & Adapters","Звукові карти та адаптери"
"505299","Computer Interface Cards & Adapters","Комп'ютерні картки інтерфейсу та адаптери"
"503755","Riser Cards","Розширювальні карти"
"1487","TV Tuner Cards & Adapters","Тюнерні карти та адаптери для телевізора"
"297","Video Cards & Adapters","Відеокарти та адаптери"
"6475","Input Device Accessories","Аксесуари для введення даних"
"6476","Barcode Scanner Stands","Стенди для сканерів штрих-кодів"
"8008","Game Controller Accessories","Аксесуари для ігрових контролерів"
"503003","Keyboard Keys & Caps","Клавіші та ковпачки клавіатури"
"500052","Mice & Trackball Accessories","Аксесуари для миші та трекболу"
"1928","Input Devices","Введення даних"
"139","Barcode Scanners","Сканери штрих-кодів"
"5309","Digital Note Taking Pens","Цифрові ручки для ведення нотаток"
"505801","Electronic Card Readers","Електронні картрідери"
"5366","Fingerprint Readers","Сканери відбитків пальців"
"301","Game Controllers","Ігрові контролери"
"543591","Game Racing Wheels","Ігрові керма"
"543590","Game Remotes","Ігрові пульти"
"543589","Gaming Pads","Ігрові пади"
"543588","Joystick Controllers","Джойстики"
"543593","Musical Instrument Game Controllers","Геймпади для музичних інструментів"
"499950","Gesture Control Input Devices","Пристрої введення з керуванням жестами"
"302","Graphics Tablets","Графічні планшети"
"1562","KVM Switches","KVM перемикачі"
"303","Keyboards","Клавіатури"
"3580","Memory Card Readers","Картрідери"
"304","Mice & Trackballs","Миші та трекболи"
"4512","Numeric Keypads","Цифрові клавіатури"
"308","Touchpads","Тачпади"
"4224","Laptop Parts","Запчастини для ноутбуків"
"6416","Laptop Hinges","Петлі для ноутбуків"
"4270","Laptop Housings & Trim","Корпуси та обрамлення для ноутбуків"
"7501","Laptop Replacement Cables","Замінні кабелі для ноутбуків"
"4301","Laptop Replacement Keyboards","Замінні клавіатури для ноутбуків"
"4102","Laptop Replacement Screens","Замінні екрани для ноутбуків"
"43617","Laptop Replacement Speakers","Замінні динаміки для ноутбуків"
"8160","Laptop Screen Digitizers","Діджитайзери для екранів ноутбуків"
"2414","Storage Devices","Пристрої для зберігання"
"5268","Disk Duplicators","Дублювачі дисків"
"376","CD/DVD Duplicators","Дублікатори CD/DVD"
"5271","Hard Drive Duplicators","Дублювачі жорстких дисків"
"5112","USB Drive Duplicators","Дублювачі USB-накопичувачів"
"1301","Floppy Drives","Дисководи для дискет"
"1623","Hard Drive Accessories","Аксесуари для жорстких дисків"
"381","Hard Drive Carrying Cases","Сумки для транспортування жорстких дисків"
"4417","Hard Drive Docks","Док-станції для жорстких дисків"
"505767","Hard Drive Enclosures & Mounts","Корпуси та кріплення для жорстких дисків"
"5272","Hard Drive Arrays","Масиви жорстких дисків"
"380","Hard Drives","Жорсткі диски"
"5269","Network Storage Systems","Системи мережевого зберігання"
"377","Optical Drives","Оптичні дисководи"
"385","Tape Drives","Стрічкові накопичувачі"
"3712","USB Flash Drives","USB флеш-накопичувачі"
"7349","Tablet Computer Parts","Запчастини для планшетних комп'ютерів"
"503002","Tablet Computer Housings & Trim","Корпуси та обрамлення для планшетних комп'ютерів"
"45262","Tablet Computer Replacement Speakers","Замінні динаміки для планшетних комп'ютерів"
"500013","Tablet Computer Screens & Screen Digitizers","Екрани та діджитайзери для планшетних комп'ютерів"
"311","USB & FireWire Hubs","USB та FireWire хаби"
"4617","Electronics Cleaners","Засоби для чищення електроніки"
"5466","Electronics Films & Shields","Плівки та захисні екрани для електроніки"
"5523","Electronics Stickers & Decals","Наклейки та декали для електроніки"
"5469","Keyboard Protectors","Захисні покривала для клавіатури"
"5467","Privacy Filters","Фільтри конфіденційності"
"5468","Screen Protectors","Захисні плівки для екрану"
"288","Memory","Пам'ять"
"1665","Cache Memory","Кеш-пам'ять"
"384","Flash Memory","Флеш-пам'ять"
"3387","Flash Memory Cards","Карти флеш-пам'яті"
"1733","RAM","ОЗУ (оперативна пам'ять)"
"2130","ROM","ПЗУ (постійна пам'ять)"
"1767","Video Memory","Відеопам'ять"
"3422","Memory Accessories","Аксесуари для пам'яті"
"3672","Memory Cases","Корпуси для пам'яті"
"499878","Mobile Phone & Tablet Tripods & Monopods","Триноги та моноподи для мобільних телефонів та планшетів"
"275","Power","Енергія"
"276","Batteries","Батарейки"
"1722","Camera Batteries","Батареї для камер"
"1880","Cordless Phone Batteries","Батареї для бездротових телефонів"
"7551","E-Book Reader Batteries","Батареї для електронних книг"
"4928","General Purpose Batteries","Батарейки загального призначення"
"1564","Laptop Batteries","Батареї для ноутбуків"
"499810","MP3 Player Batteries","Батареї для MP3-плеєрів"
"1745","Mobile Phone Batteries","Акумулятори для мобільних телефонів"
"5133","PDA Batteries","Батареї для PDA"
"7438","Tablet Computer Batteries","Батареї для планшетних комп'ютерів"
"6289","UPS Batteries","Батареї для безперебійних блоків живлення"
"2222","Video Camera Batteries","Батареї для відеокамер"
"500117","Video Game Console & Controller Batteries","Батареї для ігрових консолей та контролерів"
"7166","Battery Accessories","Аксесуари для батарей"
"6817","Battery Charge Controllers","Контролери заряду батарей"
"8243","Battery Holders","Тримачі для батарей"
"3130","Camera Battery Chargers","Зарядні пристрої для батарей камер"
"7167","General Purpose Battery Chargers","Зарядні пристрої для батарейок загального призначення"
"499928","General Purpose Battery Testers","Тестери батарейок загального призначення"
"2978","Fuel Cells","Паливні елементи"
"6933","Power Adapter & Charger Accessories","Аксесуари для блоків живлення та зарядних пристроїв"
"505295","Power Adapters & Chargers","Блоки живлення та зарядні пристрої"
"6790","Power Control Units","Блоки управління живленням"
"3160","Power Strips & Surge Suppressors","Багатогніздові блоки та прилади для захисту від перенапруги"
"5274","Power Supply Enclosures","Корпуси блоків живлення"
"5380","Surge Protection Devices","Пристрої захисту від перенапруги"
"7135","Travel Converters & Adapters","Подорожні перетворювачі та адаптери"
"1348","UPS","Безперебійні блоки живлення"
"1375","UPS Accessories","Аксесуари для безперебійних блоків живлення"
"341","Remote Controls","Пульти дистанційного керування"
"5473","Signal Boosters","Підсилювачі сигналу"
"5695","Signal Jammers","Пристрої для глушіння сигналу"
"5612","GPS Jammers","Пристрої для перешкоджання GPS"
"5696","Mobile Phone Jammers","Пристрої для глушення сигналу мобільних телефонів"
"5589","Radar Jammers","Пристрої для глушіння радарів"
"3895","GPS Accessories","Аксесуари для GPS"
"3781","GPS Cases","Чохли для GPS"
"3213","GPS Mounts","Кріплення для GPS"
"339","GPS Navigation Systems","Системи GPS-навігації"
"6544","GPS Tracking Devices","GPS-трекери"
"340","Marine Electronics","Морська електроніка"
"1550","Fish Finders","Ехолоти"
"8134","Marine Audio & Video Receivers","Морські аудіо- та відеоприймачі"
"2178","Marine Chartplotters & GPS","Морські картплотери та GPS"
"1552","Marine Radar","Морський радар"
"4450","Marine Radios","Морські радіостанції"
"8473","Marine Speakers","Морські динаміки"
"342","Networking","Мережеві технології"
"1350","Bridges & Routers","Мости та роутери"
"5659","Network Bridges","Мережеві мости"
"2358","VoIP Gateways & Routers","VoIP-шлюзи та роутери"
"5496","Wireless Access Points","Бездротові точки доступу"
"5497","Wireless Routers","Бездротові роутери"
"2479","Concentrators & Multiplexers","Концентратори та мультиплексори"
"2455","Hubs & Switches","Концентратори та комутатори"
"5576","Modem Accessories","Аксесуари для модемів"
"343","Modems","Модеми"
"290","Network Cards & Adapters","Мережеві карти та адаптери"
"3742","Network Security & Firewall Devices","Пристрої мережевої безпеки та брандмауери"
"6508","Power Over Ethernet Adapters","Адаптери живлення через Ethernet"
"3425","Print Servers","Сервери друку"
"2121","Repeaters & Transceivers","Репітери та передавачі"
"345","Print, Copy, Scan & Fax","Друк, копіювання, сканування та факс"
"499682","3D Printer Accessories","Аксесуари для 3D принтерів"
"6865","3D Printers","3D Принтери"
"502990","Printer, Copier & Fax Machine Accessories","Аксесуари для принтера, копірки та факсу"
"5258","Printer Consumables","Розхідні матеріали для принтера"
"5259","Printer Drums & Drum Kits","Барабани та набори барабанів для принтера"
"5266","Printer Filters","Фільтри для принтера"
"5262","Printer Maintenance Kits","Набори для обслуговування принтера"
"5260","Printer Ribbons","Рибки для принтера"
"5261","Printheads","Друкарські головки"
"7362","Toner & Inkjet Cartridge Refills","Заправка картриджів для тонера та струменевих принтерів"
"356","Toner & Inkjet Cartridges","Картриджі для тонера та струменевих принтерів"
"5265","Printer Duplexers","Дуплексери для принтера"
"1683","Printer Memory","Пам'ять принтера"
"5459","Printer Stands","Стенди для принтера"
"502991","Printer, Copier & Fax Machine Replacement Parts","Запчастини для принтера, копірки та факсу"
"500106","Printers, Copiers & Fax Machines","Принтери, копірки та факси"
"284","Scanner Accessories","Аксесуари для сканерів"
"306","Scanners","Сканери"
"912","Radar Detectors","Радар-детектори"
"500091","Speed Radars","Радари швидкості"
"4488","Toll Collection Devices","Пристрої для збору плати за проїзд"
"386","Video","Відео"
"305","Computer Monitors","Комп'ютерні монітори"
"396","Projectors","Проектори"
"397","Multimedia Projectors","Мультимедійні проектори"
"398","Overhead Projectors","Проектори для відображення зображення зверху"
"399","Slide Projectors","Проектори для слайдів"
"5561","Satellite & Cable TV","Супутникове та кабельне ТБ"
"5562","Cable TV Receivers","Приймачі кабельного телебачення"
"401","Satellite Receivers","Супутникові приймачі"
"404","Televisions","Телевізори"
"2027","Video Accessories","Аксесуари для відео"
"4760","3D Glasses","3D Окуляри"
"283","Computer Monitor Accessories","Аксесуари для комп'ютерних моніторів"
"5516","Color Calibrators","Калібратори кольору"
"393","Projector Accessories","Аксесуари для проекторів"
"5599","Projection & Tripod Skirts","Юбки для проекторів та триподів"
"4570","Projection Screen Stands","Стенди для екранів проекторів"
"395","Projection Screens","Екрани для проекторів"
"5257","Projector Mounts","Кріплення для проекторів"
"394","Projector Replacement Lamps","Замінні лампи для проекторів"
"2145","Rewinders","Перемотувачі"
"403","Television Parts & Accessories","Запчастини та аксесуари для телевізорів"
"4458","TV & Monitor Mounts","Кріплення для телевізорів та моніторів"
"5503","TV Converter Boxes","Конвертери для телевізорів"
"5471","TV Replacement Lamps","Замінні лампи для телевізорів"
"43616","TV Replacement Speakers","Запасні динаміки для телевізора"
"1368","Video Editing Hardware & Production Equipment","Обладнання та пристрої для монтажу відео"
"1634","Video Multiplexers","Відеомультиплексори"
"387","Video Players & Recorders","Відеоплеєри та рекордери"
"388","DVD & Blu-ray Players","DVD та Blu-ray плеєри"
"389","DVD Recorders","DVD-рекордери"
"390","Digital Video Recorders","Цифрові відеореєстратори"
"5276","Streaming & Home Media Players","Плеєри для стрімінгу та домашніх медіа"
"391","VCRs","Відеомагнітофони"
"5278","Video Servers","Відеосервери"
"5450","Video Transmitters","Відеопередавачі"
"1270","Video Game Console Accessories","Аксесуари для ігрових консолей"
"1505","Home Game Console Accessories","Аксесуари для домашніх ігрових консолей"
"2070","Portable Game Console Accessories","Аксесуари для переносних ігрових консолей"
"1294","Video Game Consoles","Ігрові консолі"
"412","Food, Beverages & Tobacco","Їжа, напої та тютюнові вироби"
"413","Beverages","Напої"
"499676","Alcoholic Beverages","Алкогольні напої"
"414","Beer","Пиво"
"7486","Bitters","Біттери"
"5725","Cocktail Mixes","Коктейльні мікси"
"543537","Frozen Cocktail Mixes","Заморожені коктейльні мікси"
"543536","Shelf-stable Cocktail Mixes","Коктейльні мікси для зберігання на полиці"
"5887","Flavored Alcoholic Beverages","Алкогольні напої зі смаком"
"6761","Hard Cider","Сухий сидр"
"417","Liquor & Spirits","Алкогольні напої та спирт"
"505761","Absinthe","Абсент"
"2364","Brandy","Бренді"
"1671","Gin","Джин"
"2933","Liqueurs","Лікери"
"2605","Rum","Ром"
"502976","Shochu & Soju","Шочу та Соджу"
"543642","Shochu","Шочу"
"543643","Soju","Соджу"
"2220","Tequila","Текіла"
"2107","Vodka","Водка"
"1926","Whiskey","Віскі"
"421","Wine","Вино"
"6797","Buttermilk","Простокваша"
"1868","Coffee","Кава"
"8030","Eggnog","Гоголь-моголь"
"8036","Fruit Flavored Drinks","Фруктові напої"
"415","Hot Chocolate","Гарячий шоколад"
"2887","Juice","Сік"
"418","Milk","Молоко"
"5724","Non-Dairy Milk","Рослинне молоко"
"6848","Powdered Beverage Mixes","Порошкові суміші для напоїв"
"2628","Soda","Содова вода"
"5723","Sports & Energy Drinks","Спортивні та енергетичні напої"
"2073","Tea & Infusions","Чай та настої"
"7528","Vinegar Drinks","Напої з оцетом"
"420","Water","Вода"
"543531","Carbonated Water","Газована вода"
"543534","Flavored Carbonated Water","Газована вода зі смаком"
"543535","Unflavored Carbonated Water","Несмакована газована вода"
"543530","Distilled Water","Дистильована вода"
"543533","Flat Mineral Water","Негазована мінеральна вода"
"543532","Spring Water","Джерельна вода"
"422","Food Items","Продукти харчування"
"1876","Bakery","Випічка"
"1573","Bagels","Бейгли"
"5904","Bakery Assortments","Асортимент випічки"
"424","Breads & Buns","Хліб та булочки"
"2194","Cakes & Dessert Bars","Торти та десертні батончики"
"6196","Coffee Cakes","Кавові торти"
"2229","Cookies","Печиво"
"6195","Cupcakes","Кекси"
"5751","Donuts","Пончики"
"5054","Fudge","Пастила"
"5790","Ice Cream Cones","Ріжки для морозива"
"1895","Muffins","Мафіни"
"5750","Pastries & Scones","Випічка та скони"
"5749","Pies & Tarts","Пироги та тарталети"
"6891","Taco Shells & Tostadas","Тако шарики та тостади"
"5748","Tortillas & Wraps","Тортильї та врапи"
"6219","Candied & Chocolate Covered Fruit","Цукати та фрукти в шоколаді"
"4748","Candy & Chocolate","Цукерки та шоколад"
"427","Condiments & Sauces","Приправи та соуси"
"6772","Cocktail Sauce","Соус для коктейлів"
"6905","Curry Sauce","Соус каррі"
"6845","Dessert Toppings","Прикраси для десертів"
"6854","Fruit Toppings","Фруктові топінги"
"6844","Ice Cream Syrup","Сироп для морозива"
"5763","Fish Sauce","Рибний соус"
"5762","Gravy","Соуси"
"4947","Honey","Мед"
"6782","Horseradish Sauce","Соус з хрону"
"4614","Hot Sauce","Гострий соус"
"2018","Ketchup","Кетчуп"
"500074","Marinades & Grilling Sauces","Маринади та соуси для грилю"
"1568","Mayonnaise","Майонез"
"1387","Mustard","Гірчиця"
"5760","Olives & Capers","Оливки та каперси"
"5759","Pasta Sauce","Соус для пасти"
"500076","Pickled Fruits & Vegetables","Консервовані фрукти та овочі"
"6203","Pizza Sauce","Соус для піци"
"500075","Relish & Chutney","Реліш та чатні"
"1969","Salad Dressing","Заправка для салату"
"4615","Satay Sauce","Соус Сате"
"4616","Soy Sauce","Соєвий соус"
"500089","Sweet and Sour Sauces","Солодко-кислі соуси"
"4943","Syrup","Сироп"
"4692","Tahini","Тахіні"
"6783","Tartar Sauce","Соус тартар"
"500105","White & Cream Sauces","Білі та вершкові соуси"
"6246","Worcestershire Sauce","Соус Вустерширський"
"2660","Cooking & Baking Ingredients","Інгредієнти для приготування та випічки"
"6754","Baking Chips","Дрібка для випічки"
"5776","Baking Chocolate","Шоколад для випічки"
"5775","Baking Flavors & Extracts","Ароматизатори та екстракти для випічки"
"2572","Baking Mixes","Суміші для випічки"
"2803","Baking Powder","Розпушувач для тіста"
"5774","Baking Soda","Сода для випічки"
"6774","Batter & Coating Mixes","Тісто та покривальні суміші"
"4613","Bean Paste","Паста з бобу"
"5773","Bread Crumbs","Панірувальні сухарі"
"500093","Canned & Dry Milk","Консервоване та сухе молоко"
"7506","Cookie Decorating Kits","Набори для декорування печива"
"2126","Cooking Oils","Олії для приготування їжі"
"5771","Cooking Starch","Кулінарний крохмаль"
"5777","Cooking Wine","Вино для приготування їжі"
"5770","Corn Syrup","Кукурудзяний сироп"
"5752","Dough","Тісто"
"5755","Bread & Pastry Dough","Тісто для хліба та випічки"
"5756","Cookie & Brownie Dough","Тісто для печива та брауні"
"5753","Pie Crusts","Коржі для пирогів"
"6775","Edible Baking Decorations","Їстівні декорації для випічки"
"543549","Egg Replacers","Замінники яєць"
"5105","Floss Sugar","Цукор для цукрової вати"
"2775","Flour","Борошно"
"7127","Food Coloring","Харчові барвники"
"5769","Frosting & Icing","Глазурь та мастичка"
"499986","Lemon & Lime Juice","Сік лимона та лайма"
"5767","Marshmallows","Зефірки"
"8076","Meal","Їжа"
"5766","Molasses","Меласа"
"5800","Pie & Pastry Fillings","Начинки для пирогів та випічки"
"5765","Shortening & Lard","Рослинні жири та сало"
"7354","Starter Cultures","Стартові культури"
"503734","Sugar & Sweeteners","Цукор та підсолоджувачі"
"499707","Tapioca Pearls","Кульки тапіоки"
"6922","Tomato Paste","Томатна паста"
"5768","Unflavored Gelatin","Безсмаковий желатин"
"2140","Vinegar","Оцет"
"5778","Waffle & Pancake Mixes","Суміші для вафель та панкейків"
"2905","Yeast","Дріжджі"
"428","Dairy Products","Молочні продукти"
"5827","Butter & Margarine","Масло та маргарин"
"429","Cheese","Сир"
"4418","Coffee Creamer","Кавовий кремер"
"1855","Cottage Cheese","Сирок"
"5786","Cream","Крем"
"5787","Sour Cream","Кисле молоко"
"6821","Whipped Cream","Збиті вершки"
"1954","Yogurt","Йогурт"
"5740","Dips & Spreads","Соуси та паста"
"6204","Apple Butter","Яблучне масло"
"6831","Cheese Dips & Spreads","Сирні соуси та паста"
"5785","Cream Cheese","Сирний крем"
"5742","Guacamole","Гуакамоле"
"5741","Hummus","Хумус"
"2188","Jams & Jellies","Варення та желе"
"3965","Nut Butters","Оріхові масла"
"1702","Salsa","Сальса"
"6784","Tapenade","Тапенад"
"6830","Vegetable Dip","Овочевий дип"
"136","Food Gift Baskets","Подарункові кошики з продуктами"
"5788","Frozen Desserts & Novelties","Заморожені десерти та новинки"
"499991","Ice Cream & Frozen Yogurt","Морозиво та заморожений йогурт"
"6873","Ice Cream Novelties","Новинки морозива"
"5789","Ice Pops","Льодяники"
"430","Fruits & Vegetables","Фрукти та овочі"
"5799","Canned & Jarred Fruits","Консервовані та банковані фрукти"
"5798","Canned & Jarred Vegetables","Консервовані та банковані овочі"
"5797","Canned & Prepared Beans","Консервовані та приготовані боби"
"1755","Dried Fruits","Сушені фрукти"
"7387","Dried Vegetables","Сушені овочі"
"5796","Dry Beans","Сухі боби"
"5795","Fresh & Frozen Fruits","Свіжі та заморожені фрукти"
"6566","Apples","Яблука"
"6571","Atemoyas","Атемойї"
"6572","Avocados","Авокадо"
"6573","Babacos","Бабако"
"6574","Bananas","Банани"
"6582","Berries","Ягоди"
"6589","Breadfruit","Хлібне дерево"
"6593","Cactus Pears","Плоди кактуса"
"6602","Cherimoyas","Черімойя"
"503759","Citrus Fruits","Цитрусові фрукти"
"6621","Grapefruits","Грейпфрути"
"6632","Kumquats","Кумквати"
"6636","Lemons","Лимони"
"6641","Limequats","Лаймквати"
"6642","Limes","Лайми"
"6658","Oranges","Апельсини"
"6697","Tangelos","Танжело"
"6809","Coconuts","Кокоси"
"6812","Dates","Фініки"
"6614","Feijoas","Фейхоа"
"6810","Figs","Фіги"
"499906","Fruit Mixes","Фруктові мікси"
"6626","Grapes","Виноград"
"6625","Guavas","Гуави"
"6624","Homely Fruits","Домашні фрукти"
"6633","Kiwis","Ківі"
"6640","Longan","Лонган"
"6639","Loquats","Білійці"
"6638","Lychees","Лічі"
"6813","Madroño","Мадроньо"
"6647","Mamey","Мамей"
"6645","Mangosteens","Мангустини"
"6649","Melons","Дині"
"6661","Papayas","Папайї"
"6667","Passion Fruit","Маракуйя"
"6665","Pears","Груші"
"6672","Persimmons","Хурми"
"6671","Physalis","Фізаліс"
"6670","Pineapples","Ананаси"
"6676","Pitahayas","Пітахайї"
"6673","Pomegranates","Гранати"
"6679","Quince","Айва"
"6678","Rambutans","Рамбутани"
"6688","Sapodillo","Саподілла"
"6687","Sapote","Сапота"
"6691","Soursops","Гуанабани"
"6594","Starfruits","Карамболи"
"503760","Stone Fruits","Кісточкові фрукти"
"6567","Apricots","Абрикоси"
"6601","Cherries","Вишні"
"6646","Mangoes","Манго"
"505301","Peaches & Nectarines","Персики та нектарини"
"6675","Plumcots","Сливоабрикоси"
"6674","Plums","Сливи"
"6814","Sugar Apples","Цукрові яблука"
"6698","Tamarindo","Тамарінд"
"5793","Fresh & Frozen Vegetables","Свіжі та заморожені овочі"
"6716","Arracachas","Арракача"
"6570","Artichokes","Артишоки"
"6568","Asparagus","Спаржа"
"6577","Beans","Боб"
"6580","Beets","Буряки"
"6587","Borage","Буряк"
"6591","Broccoli","Броколі"
"6590","Brussel Sprouts","Брюссельська капуста"
"6592","Cabbage","Капуста"
"6808","Cactus Leaves","Листя кактусів"
"6596","Cardoon","Кардон (рослина)"
"6595","Carrots","Морква"
"6600","Cauliflower","Цвітна капуста"
"6599","Celery","Селера"
"6598","Celery Roots","Корені селери"
"6609","Corn","Кукурудза"
"6608","Cucumbers","Огірки"
"6613","Eggplants","Баклажани"
"6816","Fennel Bulbs","Цибулини фенхелю"
"6615","Fiddlehead Ferns","Папороть ""солов'їний гніздечко"""
"6616","Gai Choy","Гай Чой"
"6617","Gai Lan","Гай Лан"
"6620","Garlic","Часник"
"6619","Ginger Root","Корінь імбиру"
"6618","Gobo Root","Корінь гобо"
"6622","Greens","Зелень"
"6569","Arugula","Рукола"
"6581","Beet Greens","Листя буряка"
"6584","Bok Choy","Бок Чой"
"6597","Chard","Мангольд"
"6717","Chicory","Цикорій"
"6610","Choy Sum","Чой сум (вид китайської капусти)"
"6629","Kale","Капуста кале"
"6637","Lettuce","Салат"
"6656","On Choy","Водяний шпинат"
"5792","Salad Mixes","Суміші для салатів"
"6695","Spinach","Шпинат"
"6706","Yu Choy","Юй Чой"
"6631","Horseradish Root","Корінь хрону"
"6630","Jicama","Ямс білий"
"6628","Kohlrabi","Кольрабі"
"6627","Leeks","Порей"
"6644","Lotus Roots","Корені лотосу"
"6643","Malangas","Маланги"
"6653","Mushrooms","Гриби"
"6657","Okra","Окра (або бамія)"
"6655","Onions","Цибуля"
"6664","Parsley Roots","Коріння петрушки"
"6663","Parsnips","Пастернак"
"6669","Peas","Горох"
"6668","Peppers","Перці"
"6586","Potatoes","Картопля"
"6682","Radishes","Редька"
"6681","Rhubarb","Ревінь"
"6818","Shallots","Шалот"
"503761","Sprouts","Паростки"
"505354","Squashes & Gourds","Баштанні"
"6694","Sugar Cane","Цукровий тростинник"
"6693","Sunchokes","Топінамбури"
"6585","Sweet Potatoes","Батат"
"6692","Tamarillos","Тамарілло"
"6704","Taro Root","Корінь таро"
"6703","Tomatoes","Помідори"
"505329","Turnips & Rutabagas","Ріпа та брюква"
"499905","Vegetable Mixes","Овочеві суміші"
"6701","Water Chestnuts","Водяні каштани"
"6700","Watercress","Водяний крес"
"7193","Wheatgrass","Пшенична трава"
"8515","Yams","Батати"
"6705","Yuca Root","Корінь Юка"
"5794","Fruit Sauces","Фруктові соуси"
"431","Grains, Rice & Cereal","Зернові, рис та крупи"
"4683","Amaranth","Амарант"
"4687","Barley","Ячмінь"
"4684","Buckwheat","Гречка"
"4689","Cereal & Granola","Злаки та гранола"
"7196","Couscous","Кускус"
"4686","Millet","Просо"
"4690","Oats, Grits & Hot Cereal","Вівсянка, крупа та гарячі каші"
"6259","Quinoa","Квіноа"
"4682","Rice","Рис"
"7374","Rye","Жито"
"4688","Wheat","Пшениця"
"432","Meat, Seafood & Eggs","М'ясо, морепродукти та яйця"
"4627","Eggs","Яйця"
"543554","Egg Whites","Білки яєць"
"543555","Liquid & Frozen Eggs","Рідке та заморожене яйце"
"543556","Prepared Eggs","Готові яйця"
"543557","Whole Eggs","Цілі яйця"
"4628","Meat","М'ясо"
"5811","Canned Meats","М'ясні консерви"
"5805","Fresh & Frozen Meats","Свіже та заморожене м'ясо"
"5804","Lunch & Deli Meats","Обідні страви та делікатеси"
"4629","Seafood","Морепродукти"
"5813","Canned Seafood","Консервовані морепродукти"
"5812","Fresh & Frozen Seafood","Свіжі та заморожені морепродукти"
"433","Nuts & Seeds","Горіхи та насіння"
"434","Pasta & Noodles","Паста та локшина"
"5814","Prepared Foods","Готові продукти"
"499989","Prepared Appetizers & Side Dishes","Готові закуски та гарніри"
"499988","Prepared Meals & Entrées","Готові страви та перші страви"
"4608","Seasonings & Spices","Приправи та спеції"
"1529","Herbs & Spices","Трави та спеції"
"4610","MSG","Глутамат натрію"
"6199","Pepper","Перець"
"4611","Salt","Сіль"
"423","Snack Foods","Продукти для перекусу"
"7159","Breadsticks","Грісіні"
"5747","Cereal & Granola Bars","Злакові та гранольові батончики"
"543651","Cereal Bars","Злакові батончики"
"543652","Granola Bars","Батончики граноли"
"6192","Cheese Puffs","Сирні пухирчики"
"2392","Chips","Чіпси"
"1445","Crackers","Крекери"
"5746","Croutons","Сухарики"
"5744","Fruit Snacks","Фруктові снеки"
"3284","Jerky","Сушена м'ясна закуска"
"1534","Popcorn","Попкорн"
"6194","Pork Rinds","Свинячі шкірки"
"3446","Pretzels","Прецелі"
"5743","Pudding & Gelatin Snacks","Пудинги та желейні снеки"
"2432","Puffed Rice Cakes","Повітряні рисові коржики"
"6847","Salad Toppings","Додатки до салатів"
"7427","Sesame Sticks","Палички з кунжутом"
"6785","Snack Cakes","Печиво для перекусу"
"7327","Sticky Rice Cakes","Рисові кекси"
"5745","Trail & Snack Mixes","Мікси для трекінгу та перекусів"
"2423","Soups & Broths","Супи та бульйони"
"5807","Tofu, Soy & Vegetarian Products","Тофу, соєві та вегетаріанські продукти"
"6839","Cheese Alternatives","Альтернативи сиру"
"6843","Meat Alternatives","Замінники м'яса"
"5808","Seitan","Сейтан"
"5810","Tempeh","Темпе"
"5809","Tofu","Тофу"
"435","Tobacco Products","Тютюнові вироби"
"3916","Chewing Tobacco","Тютюн для жування"
"3151","Cigarettes","Сигарети"
"3682","Cigars","Сигари"
"3741","Loose Tobacco","Розсипний тютюн"
"499963","Smoking Pipes","Курительні трубки"
"4091","Vaporizers & Electronic Cigarettes","Випарювачі та електронні сигарети"
"543635","Electronic Cigarettes","Електронні цигарки"
"543634","Vaporizers","Випарювачі"
"436","Furniture","Меблі"
"554","Baby & Toddler Furniture","Меблі для дітей та малюків"
"6349","Baby & Toddler Furniture Sets","Набори меблів для дітей та малюків"
"7068","Bassinet & Cradle Accessories","Аксесуари для колисок та люльок"
"6393","Bassinets & Cradles","Колиски та люльки"
"558","Changing Tables","Пеленальні столи"
"7070","Crib & Toddler Bed Accessories","Аксесуари для дитячих ліжечок та ліжечок для малюків"
"7072","Crib Bumpers & Liners","Бампери та підкладки для дитячих ліжечок"
"7071","Crib Conversion Kits","Набори для перетворення дитячих ліжечок"
"6394","Cribs & Toddler Beds","Дитячі ліжечка та ліжечка для малюків"
"6969","High Chair & Booster Seat Accessories","Аксесуари для дитячих стільців та підсилювачів сидінь"
"559","High Chairs & Booster Seats","Дитячі стільці та підсилювачі сидінь"
"6433","Beds & Accessories","Ліжка та аксесуари"
"4437","Bed & Bed Frame Accessories","Аксесуари для ліжка та рами ліжка"
"505764","Beds & Bed Frames","Ліжка та рами для ліжка"
"451","Headboards & Footboards","Заголовки та підніжки для ліжка"
"2720","Mattress Foundations","Основи для матраців"
"2696","Mattresses","Матраци"
"441","Benches","Лавки"
"6850","Kitchen & Dining Benches","Лави для кухні та їдальні"
"6851","Storage & Entryway Benches","Шафи та передпокійні лавки для зберігання"
"4241","Vanity Benches","Стільці для туалетного столика"
"6356","Cabinets & Storage","Шафи та системи зберігання"
"4063","Armoires & Wardrobes","Шафи та гардероби"
"447","Buffets & Sideboards","Буфети та комоди"
"448","China Cabinets & Hutches","Серванти та шафи для посуду"
"4195","Dressers","Комоди"
"463","File Cabinets","Шафи для документів"
"465846","Ironing Centers","Центри прасування"
"6934","Kitchen Cabinets","Кухонні шафи"
"6539","Magazine Racks","Стійки для журналів"
"6358","Media Storage Cabinets & Racks","Шафи та стелажі для зберігання медіа"
"5938","Storage Cabinets & Lockers","Шафи та локери для зберігання"
"4205","Storage Chests","Скрині для зберігання"
"6947","Hope Chests","Скрині надій"
"4268","Toy Chests","Іграшкові скрині"
"4148","Vanities","Туалетні столики"
"2081","Bathroom Vanities","Тумби для ванної кімнати"
"6360","Bedroom Vanities","Туалетні столики для спальні"
"6357","Wine & Liquor Cabinets","Шафи для вина та спиртних напоїв"
"5578","Wine Racks","Стелажі для вина"
"442","Carts & Islands","Візки та острівці (меблі)"
"453","Kitchen & Dining Carts","Сервізні столики для кухні та їдальні"
"6374","Kitchen Islands","Кухонні острови"
"7248","Chair Accessories","Аксесуари для стільців"
"8206","Hanging Chair Replacement Parts","Запасні частини для крісел-гойдалок"
"443","Chairs","Стільці"
"6499","Arm Chairs, Recliners & Sleeper Chairs","Крісла,відкидні крісла та крісла-ліжка"
"438","Bean Bag Chairs","Крісла-мішки"
"456","Chaises","Крісла-шезлонги"
"2919","Electric Massaging Chairs","Електричні масажні крісла"
"500051","Floor Chairs","Підлогові крісла"
"3358","Folding Chairs & Stools","Складні стільці та табуретки"
"6800","Gaming Chairs","Ігрові крісла"
"7197","Hanging Chairs","Крісла-гойдалки"
"5886","Kitchen & Dining Room Chairs","Стільці для кухні та їдальні"
"2002","Rocking Chairs","Гойдалки-крісла"
"6859","Slipper Chairs","Кімнатні крісла без підлокітників"
"1463","Table & Bar Stools","Стільці для столу та бару"
"457","Entertainment Centers & TV Stands","Розважальні центри та телевізійні стійки"
"6345","Furniture Sets","Набори меблів"
"500000","Bathroom Furniture Sets","Набори меблів для ванної кімнати"
"6346","Bedroom Furniture Sets","Набори меблів для спальні"
"6347","Kitchen & Dining Furniture Sets","Комплекти меблів для кухні та їдальні"
"6348","Living Room Furniture Sets","Комплекти меблів для вітальні"
"6860","Futon Frames","Рамки для футонів"
"2786","Futon Pads","Матраци для футонів"
"450","Futons","Футони"
"6362","Office Furniture","Офісні меблі"
"4191","Desks","Офісні cтоли"
"2045","Office Chairs","Офісні стільці"
"500061","Office Furniture Sets","Комплекти офісних меблів"
"6363","Workspace Tables","Робочі столи"
"2242","Art & Drafting Tables","Малювальні та креслярські столи"
"4317","Conference Room Tables","Столи для конференц-залів"
"6908","Workstations & Cubicles","Робочі станції та кабінки"
"503765","Office Furniture Accessories","Аксесуари для офісних меблів"
"503766","Desk Parts & Accessories","Деталі та аксесуари для столів"
"7559","Office Chair Accessories","Аксесуари для офісних стільців"
"6909","Workstation & Cubicle Accessories","Аксесуари для робочих станцій та кабінок"
"458","Ottomans","Пуфи"
"4299","Outdoor Furniture","Вуличні меблі"
"6892","Outdoor Beds","Ліжка для вулиці"
"6367","Outdoor Furniture Sets","Набори вуличних меблів"
"6822","Outdoor Ottomans","Вуличні пуфи"
"6368","Outdoor Seating","Вуличні місця для сидіння"
"5044","Outdoor Benches","Вуличні лавки"
"6828","Outdoor Chairs","Вуличні стільці"
"500111","Outdoor Sectional Sofa Units","Вуличні модульні дивани"
"4513","Outdoor Sofas","Вуличні дивани"
"4105","Sunloungers","Шезлонги"
"7310","Outdoor Storage Boxes","Вуличні складські ящики"
"2684","Outdoor Tables","Садові столи"
"6963","Outdoor Furniture Accessories","Аксесуари для вуличних меблів"
"6964","Outdoor Furniture Covers","Чохли для вуличних меблів"
"6915","Room Divider Accessories","Аксесуари для перегородок"
"4163","Room Dividers","Перегородки"
"464","Shelving","Полиці"
"465","Bookcases & Standing Shelves","Книжкові шафи та стійки"
"6372","Wall Shelves & Ledges","Настінні полиці та горища"
"8023","Shelving Accessories","Аксесуари для полиць"
"8024","Replacement Shelves","Замінні полиці"
"7212","Sofa Accessories","Аксесуари для диванів"
"7213","Chair & Sofa Supports","Підтримки для стільців та диванів"
"500064","Sectional Sofa Units","Секційні дивани"
"460","Sofas","Дивани"
"6913","Table Accessories","Аксесуари для столу"
"6911","Table Legs","Ніжки для столу"
"6910","Table Tops","Столові стільниці"
"6392","Tables","Столи"
"6369","Accent Tables","Декоративні столики"
"1395","Coffee Tables","Кавові столики"
"1549","End Tables","Кінцеві столики"
"1602","Sofa Tables","Столики до диванів"
"6351","Activity Tables","Столи для занять"
"4080","Folding Tables","Складні столи"
"4355","Kitchen & Dining Room Tables","Столи для кухні та їдальні"
"4484","Kotatsu","Котацу"
"462","Nightstands","Приліжкові тумби"
"2693","Poker & Game Tables","Столи для покеру та ігор"
"5121","Sewing Machine Tables","Столи для швейних машин"
"632","Hardware","Фурнітура"
"503739","Building Consumables","Будівельні витратні матеріали"
"2277","Chemicals","Хімікати"
"1735","Acid Neutralizers","Нейтралізатори кислоти"
"6795","Ammonia","Аміак"
"1479","Chimney Cleaners","Засоби для чищення димарів"
"7504","Concrete & Masonry Cleaners","Засоби для чищення бетону та кладки"
"6191","De-icers","Обігрівачі"
"7503","Deck & Fence Cleaners","Засоби для чистки терас та огорож"
"1749","Drain Cleaners","Засоби для чистки дренажу"
"505319","Electrical Freeze Sprays","Електричні спреї для заморожування"
"500088","Lighter Fluid","Рідина для запальничок"
"7470","Septic Tank & Cesspool Treatments","Обробка септичних баків та вигрібних ям"
"503742","Hardware Glue & Adhesives","Клей та адгезиви для фурнітури"
"2212","Hardware Tape","Стрічка для фурнітури"
"1753","Lubricants","Смазки"
"503743","Masonry Consumables","Витратні матеріали для каменю"
"3031","Bricks & Concrete Blocks","Цегла та бетонні блоки"
"2282","Cement, Mortar & Concrete Mixes","Цемент, розчин та бетонні суміші"
"499876","Grout","Шпаклівка"
"503740","Painting Consumables","Матеріали для живопису"
"1361","Paint","Фарби"
"2474","Paint Binders","Біндери для фарб"
"2058","Primers","Грунтовки"
"1648","Stains","Плями"
"503738","Varnishes & Finishes","Лаки та фінішні покриття"
"505305","Plumbing Primer","Грунтовка для сантехніки"
"503744","Protective Coatings & Sealants","Захисні покриття та герметики"
"1995","Solder & Flux","Припій і флюс"
"503741","Solvents, Strippers & Thinners","Розчинники, відновники та розріджувачі"
"505802","Wall Patching Compounds & Plaster","Шпаклівка та гіпс для ремонту стін"
"115","Building Materials","Будівельні матеріали"
"2729","Countertops","Стільниці"
"6343","Door Hardware","Дверна фурнітура"
"2972","Door Bells & Chimes","Дверні дзвінки та дзвоники"
"6446","Door Closers","Дверні доводчики"
"503727","Door Frames","Дверні коробки"
"99338","Door Keyhole Escutcheons","Накладки на ключові отвори"
"1356","Door Knobs & Handles","Дверні ручки та гачки"
"2795","Door Knockers","Дверні стукачі"
"499970","Door Push Plates","Дверні накладки для штовхання"
"2665","Door Stops","Дверні упори"
"6458","Door Strikes","Засувки для дверей"
"119","Doors","Двері"
"4468","Garage Doors","Гаражні двері"
"4634","Home Doors","Двері для дому"
"503776","Drywall","Гіпсокартон"
"2826","Flooring & Carpet","Підлога та килими"
"120","Glass","Скло"
"499949","Handrails & Railing Systems","Поручні та системи огорожі"
"2030","Hatches","Люки"
"122","Insulation","Ізоляція"
"125","Lumber & Sheet Stock","Дерев'яна планка та листовий матеріал"
"7112","Molding","Ліпний декор"
"503777","Rebar & Remesh","Арматура та сітка для армування"
"123","Roofing","Матеріали для покрівлі"
"4544","Gutter Accessories","Аксесуари для водостоків"
"121","Gutters","Водостоки"
"2008","Roof Flashings","Елементи гідроізоляції даху"
"8270","Roofing Shingles & Tiles","Черепиця та плитки для покрівлі"
"6943","Shutters","Віконні жалюзі"
"503775","Siding","Сайдинг"
"7439","Sound Dampening Panels & Foam","Звукоізоляційні панелі та піна"
"7004","Staircases","Сходи"
"7136","Wall & Ceiling Tile","Плитка для стін та стелі"
"7053","Wall Paneling","Стінові панелі"
"505300","Weather Stripping & Weatherization Supplies","Матеріали для герметизації та утеплення"
"499772","Window Hardware","Віконна фурнітура"
"499773","Window Cranks","Ручки віконних механізмів"
"503728","Window Frames","Віконні рами"
"124","Windows","Вікна"
"128","Fencing & Barriers","Огорожі та бар'єри"
"502983","Fence & Gate Accessories","Аксесуари для огорожі та воріт"
"502973","Fence Panels","Панелі огорожі"
"1352","Fence Pickets","Стовпчики огорожі"
"1919","Fence Posts & Rails","Стовпи та перила огорожі"
"502986","Garden Borders & Edging","Садові бордюри та обмежувачі"
"1788","Gates","Ворота"
"502984","Lattice","Решітка"
"499958","Safety & Crowd Control Barriers","Бар'єри для безпеки та контролю натовпу"
"543575","Fuel","Паливо"
"543703","Home Heating Oil","Паливна олія для опалення дому"
"543576","Kerosene","Керосин"
"543579","Clear Kerosene","Прозорий керосин"
"543578","Dyed Kerosene","Фарбований керосин"
"543577","Propane","Пропан"
"502975","Fuel Containers & Tanks","Паливні контейнери та баки"
"2878","Hardware Accessories","Аксесуари для фурнітури"
"7092","Brackets & Reinforcement Braces","Кронштейни та армувальні скоби"
"4696","Cabinet Hardware","Фурнітура для шаф"
"232167","Cabinet & Furniture Keyhole Escutcheons","Накладки на ключові отвори для меблів та шаф"
"4697","Cabinet Backplates","Задні панелі шаф"
"4698","Cabinet Catches","Замки для шаф"
"4699","Cabinet Doors","Двері для шаф"
"4700","Cabinet Knobs & Handles","Ручки та важілі для шаф"
"499981","Casters","Коліщатка"
"502977","Chain, Wire & Rope","Ланцюги, дріт та мотузки"
"6298","Bungee Cords","Еластичні мотузки"
"1492","Chains","Ланцюги"
"4469","Pull Chains","Ланцюги з ручкою"
"3053","Ropes & Hardware Cable","Мотузки та троси"
"6297","Tie Down Straps","Стяжні ремені"
"5119","Twine","Шпагат"
"6904","Utility Wire","Універсальний дріт"
"1318","Coils","Котушки"
"7086","Concrete Molds","Форми для бетону"
"7270","Dowel Pins & Rods","Штифти та стрижні для шкантів"
"8470","Drawer Slides","Направляючі для шухляд"
"1979","Drop Cloths","Покривальні тканини"
"1816","Filters & Screens","Фільтри та екрани"
"7557","Flagging & Caution Tape","Сигнальні та попереджувальні стрічки"
"6841","Gas Hoses","Газові шланги"
"8112","Ground Spikes","Земляні штири"
"500054","Hardware Fasteners","Кріплення для фурнітури"
"1508","Drywall Anchors","Дюбелі для гіпсокартону"
"2408","Nails","Цвяхи"
"1739","Nuts & Bolts","Гайки та болти"
"7062","Rivets","Заклепки"
"2230","Screw Posts","Пости для гвинтів"
"2251","Screws","Гвинти"
"500055","Threaded Rods","Різьбові стрижні"
"2195","Washers","Шайби"
"1771","Hinges","Петлі"
"503773","Hooks, Buckles & Fasteners","Гачки, пряжки та замки"
"503764","Chain Connectors & Links","З'єднувачі та ланки для ланцюгів"
"502978","Gear Ties","Стяжки для ременів"
"503770","Lifting Hooks, Clamps & Shackles","Гачки, затискачі та канатні затискачі для підйому"
"502992","Utility Buckles","Універсальні пряжки"
"6770","Lubrication Hoses","Шланги для смазування"
"503731","Metal Casting Molds","Форми для лиття металу"
"500030","Moving & Soundproofing Blankets & Covers","Ковдри та покривала для переїзду та звукоізоляції"
"6769","Pneumatic Hoses","Пневматичні шланги"
"8113","Post Base Plates","Основи для стовпів"
"499933","Springs","Пружини"
"4988","Tarps","Брезент"
"3974","Tool Storage & Organization","Зберігання та організація інструментів"
"4199","Garden Hose Storage","Складські пристрої для садових шлангів"
"2485","Tool & Equipment Belts","Ремені для інструментів та обладнання"
"6876","Tool Bags","Сумки для інструментів"
"3980","Tool Boxes","Ящики для інструментів"
"3280","Tool Cabinets & Chests","Шафи та скрині для інструментів"
"500103","Tool Organizer Liners & Inserts","Вкладиші та вставки для органайзерів інструментів"
"4031","Tool Sheaths","Піхви для інструментів"
"3919","Work Benches","Робочі верстаки"
"505320","Wall Jacks & Braces","Стінові домкрати та опори"
"500096","Hardware Pumps","Насоси для фурнітури"
"500099","Home Appliance Pumps","Насоси для домашніх приладів"
"500098","Pool, Fountain & Pond Pumps","Насоси для басейну, фонтану та ставка"
"500097","Sprinkler, Booster & Irrigation System Pumps","Насоси для спринклерних,бустерних та зрошувальних систем"
"500102","Sump, Sewage & Effluent Pumps","Насоси для стічних вод, каналізації та дренажу"
"500101","Utility Pumps","Універсальні насоси"
"500100","Well Pumps & Systems","Насоси та системи для колодязів"
"499873","Heating, Ventilation & Air Conditioning","Опалення, вентиляція та кондиціонування"
"500090","Air & Filter Dryers","Сушарки для повітря та фільтрів"
"499874","Air Ducts","Вентиляційні канали"
"1519","HVAC Controls","Керування системами опалення, вентиляції та кондиціонування"
"2238","Control Panels","Панелі керування"
"500043","Humidistats","Гігростати"
"1897","Thermostats","Термостати"
"2766","Vents & Flues","Вентиляційні отвори та димарі"
"1974","Locks & Keys","Замки та ключі"
"6488","Key Blanks","Сировинні ключі"
"8067","Key Caps","Клавішні ковпачки"
"1870","Key Card Entry Systems","Системи входу за допомогою карток-ключів"
"503730","Locks & Latches","Замки та защіпки"
"133","Plumbing","Сантехніка"
"1810","Plumbing Fittings & Supports","Сантехнічні фітинги та підтримки"
"6732","Gaskets & O-Rings","Прокладки та ущільнювачі"
"499697","In-Wall Carriers & Mounting Frames","Вбудовані носії та монтажні рамки"
"2068","Nozzles","Сопла"
"2710","Pipe Adapters & Bushings","Адаптери та втулки для труб"
"2909","Pipe Caps & Plugs","Кришки та заглушки для труб"
"2359","Pipe Connectors","З'єднувачі для труб"
"1694","Plumbing Flanges","Сантехнічні фланці"
"2634","Plumbing Pipe Clamps","Зажими для сантехнічних труб"
"2611","Plumbing Regulators","Регулятори для сантехніки"
"2466","Plumbing Valves","Сантехнічні вентилі"
"504635","Plumbing Fixture Hardware & Parts","Арматура та деталі для сантехнічних приладів"
"2996","Bathtub Accessories","Аксесуари для ванни"
"505368","Bathtub Bases & Feet","Основи та ніжки для ванни"
"5508","Bathtub Skirts","Облицювання для ванни"
"2463","Bathtub Spouts","Насадки для ванни"
"504637","Drain Components","Компоненти дренажу"
"2851","Drain Covers & Strainers","Кришки та сита для дренажу"
"1514","Drain Frames","Рамки дренажу"
"2257","Drain Liners","Вкладиші для дренажу"
"1932","Drain Openers","Засоби для відкриття дренажу"
"1407","Drain Rods","Дренажні прутки"
"1319","Plumbing Traps","Сифони для сантехніки"
"2170","Plumbing Wastes","Сантехнічні відходи"
"504636","Drains","Дренажі"
"1489","Faucet Accessories","Аксесуари для кранів"
"8115","Faucet Aerators","Аератори для кранів"
"8116","Faucet Handles & Controls","Ручки та регулятори кранів"
"1458","Fixture Plates","Пластини для кріплення"
"2206","Shower Parts","Деталі для душу"
"8320","Bathtub & Shower Jets","Гідромасажні дюзи для ванни та душу"
"8277","Electric & Power Showers","Електричні та потужні душі"
"504638","Shower Arms & Connectors","Руки душу та з'єднувачі"
"4728","Shower Bases","Піддони для душу"
"2088","Shower Columns","Душові стовпи"
"1779","Shower Doors & Enclosures","Двері та огорожі для душу"
"581","Shower Heads","Душові насадки"
"7130","Shower Walls & Surrounds","Душові стінки та обрамлення"
"5048","Shower Water Filters","Фільтри для душової води"
"1963","Sink Accessories","Аксесуари для раковини"
"2410","Sink Legs","Ніжки для раковини"
"2691","Toilet & Bidet Accessories","Аксесуари для туалету та біде"
"1425","Ballcocks & Flappers","Плаваючі кран-бойки та клапани"
"504634","Bidet Faucets & Sprayers","Крани та душі для біде"
"1865","Toilet & Bidet Seats","Сидіння для туалету та біде"
"7358","Toilet Seat Covers","Накладки на сидіння туалету"
"7446","Toilet Seat Lid Covers","Накладки на кришки сидіння туалету"
"5666","Toilet Tank Covers","Накладки на бачок туалету"
"2817","Toilet Tank Levers","Ручки бачка туалету"
"5665","Toilet Tanks","Бачки для унітазів"
"2478","Toilet Trim","Декор для унітазів"
"1673","Plumbing Fixtures","Сантехнічні прилади"
"499999","Bathroom Suites","Комплекти для ванної кімнати"
"1636","Bathtubs","Ванни"
"2032","Faucets","Крани"
"7244","Shower Stalls & Kits","Душові кабіни та набори"
"1687","Sinks","Раковини"
"2886","Bathroom Sinks","Умивальники для ванної кімнати"
"2757","Kitchen & Utility Sinks","Кухонні та господарські мийки"
"2062","Toilets & Bidets","Унітази та біде"
"2376","Bidets","Біде"
"1921","Toilets","Унітази"
"1746","Urinals","Пісуари"
"2570","Plumbing Hoses & Supply Lines","Сантехнічні шланги та трубопроводи"
"2216","Plumbing Pipes","Сантехнічні труби"
"2203","Plumbing Repair Kits","Набори для ремонту сантехніки"
"2273","Water Dispensing & Filtration","Розподіл та фільтрація води"
"2055","In-Line Water Filters","Водні фільтри в лінії"
"2343","Water Dispensers","Диспенсери для води"
"1821","Drinking Fountains","Питні фонтани"
"1354","Water Chillers","Водяні охолоджувачі"
"1390","Water Distillers","Дистилятори води"
"2171","Water Filtration Accessories","Аксесуари для фільтрації води"
"2063","Water Filter Cartridges","Картриджі для водяних фільтрів"
"2406","Water Filter Housings","Корпуси для водяних фільтрів"
"5646","Water Softener Salt","Сіль для знежоржавлювачів води"
"1952","Water Softeners","Знежоржавлювачі води"
"2243","Water Levelers","Рівнеміри для води"
"6832","Water Timers","Таймери для води"
"1723","Well Supplies","Постачання для колодязів"
"127","Power & Electrical Supplies","Електроенергія та електротехнічне обладнання"
"500049","Armatures, Rotors & Stators","Анкери, ротори та статори"
"7183","Ballasts & Starters","Баласты та стартери"
"499893","Carbon Brushes","Вугільні щітки"
"6807","Circuit Breaker Panels","Панелі автоматичних вимикачів"
"499768","Conduit & Housings","Труби та корпуси"
"499770","Electrical Conduit","Електротехнічні труби"
"3797","Heat-Shrink Tubing","Термоусадочні трубки"
"7275","Electrical Motors","Електродвигуни"
"2006","Electrical Mount Boxes & Brackets","Електромонтажні коробки та кронштейни"
"5627","Electrical Plug Caps","Кришки для електричних вилок"
"6459","Electrical Switches","Електровимикачі"
"1935","Light Switches","Вимикачі світла"
"499932","Specialty Electrical Switches & Relays","Спеціалізовані електричні вимикачі та реле"
"2345","Electrical Wires & Cable","Електропроводка та кабелі"
"6375","Extension Cord Accessories","Аксесуари для подовжувачів"
"4789","Extension Cords","Подовжувачі"
"4709","Generator Accessories","Аксесуари для генераторів"
"1218","Generators","Генератори"
"2413","Home Automation Kits","Набори для автоматизації дому"
"2028","Phone & Data Jacks","Телефонні та даних роз'єми"
"5533","Power Converters","Перетворювачі живлення"
"499966","Power Inlets","Входи живлення"
"5142","Power Inverters","Інвертори живлення"
"1869","Power Outlets & Sockets","Розетки та гнізда живлення"
"4715","Solar Energy Kits","Комплекти для використання сонячної енергії"
"4714","Solar Panels","Сонячні панелі"
"505318","Voltage Transformers & Regulators","Трансформатори та регулятори напруги"
"2377","Wall Plates & Covers","Рамки та кришки для розеток та вимикачів"
"6833","Wall Socket Controls & Sensors","Керування та датчики для розеток"
"2274","Wire Caps & Nuts","Коннектори та гайки для дроту"
"503729","Wire Terminals & Connectors","Дротяні клеми та з'єднувачі"
"499982","Small Engines","Малі двигуни"
"1910","Storage Tanks","Резервуари для зберігання"
"3650","Tool Accessories","Аксесуари для інструментів"
"6939","Abrasive Blaster Accessories","Аксесуари для абразивного обприскувача"
"6940","Sandblasting Cabinets","Шафи для абразивної очистки"
"7326","Axe Accessories","Аксесуари для сокир"
"7370","Axe Handles","Рукоятки для сокир"
"7369","Axe Heads","Головки сокир"
"8117","Cutter Accessories","Аксесуари для ножів"
"8118","Nibbler Dies","Матриці для ніблерів"
"3944","Drill & Screwdriver Accessories","Аксесуари для дрелей та викруток"
"1540","Drill & Screwdriver Bits","Бури та біти для дрелей та викруток"
"7140","Drill Bit Extensions","Продовжувачі для бурів"
"6378","Drill Bit Sharpeners","Заточувачі для бурів"
"8276","Drill Chucks","Патрони для дрелей"
"8275","Drill Stands & Guides","Станини та направляючі для дрелей"
"6806","Hole Saws","Ножовки для отворів"
"6471","Driver Accessories","Аксесуари для водіїв"
"2447","Flashlight Accessories","Аксесуари для ліхтариків"
"499859","Grinder Accessories","Аксесуари для шліфувальних машин"
"499860","Grinding Wheels & Points","Шліфувальні круги та точила"
"7056","Hammer Accessories","Аксесуари для молотків"
"7087","Air Hammer Accessories","Аксесуари для повітряних молотків"
"7055","Hammer Handles","Ручки для молотків"
"7057","Hammer Heads","Головки молотків"
"2380","Industrial Staples","Промислові степлерні скоби"
"6907","Jigs","Шаблони"
"7472","Magnetizers & Demagnetizers","Магнітні та демагнітні пристрої"
"505323","Mattock & Pickaxe Accessories","Аксесуари для мотики та кайлів"
"505324","Mattock & Pickaxe Handles","Рукоятки для мотики та кайлів"
"5526","Measuring Tool & Sensor Accessories","Аксесуари для вимірювальних інструментів та датчиків"
"5557","Electrical Testing Tool Accessories","Аксесуари для інструментів для тестування електрики"
"5556","Gas Detector Accessories","Аксесуари для газових детекторів"
"503007","Measuring Scale Accessories","Аксесуари для ваг"
"7415","Multimeter Accessories","Аксесуари для мультиметрів"
"499886","Mixing Tool Paddles","Лопатки для змішування"
"7019","Paint Tool Accessories","Аксесуари для інструментів для фарбування"
"6887","Airbrush Accessories","Аксесуари для аерографів"
"328062","Paint Brush Cleaning Solutions","Засоби для чищення пензлів"
"7020","Paint Roller Accessories","Аксесуари для валиків для фарбування"
"6295","Power Tool Batteries","Акумулятори для електроінструментів"
"6292","Power Tool Chargers","Зарядні пристрої для електроінструментів"
"3744","Router Accessories","Аксесуари для роутерів"
"3673","Router Bits","Фрези для роутерів"
"3300","Router Tables","Столи для роутерів"
"4487","Sanding Accessories","Аксесуари для шліфування"
"3240","Sandpaper & Sanding Sponges","Шліфпапір та шліфувальні губки"
"6549","Saw Accessories","Аксесуари для пили"
"7515","Band Saw Accessories","Аксесуари для стрічкових пил"
"7345","Handheld Circular Saw Accessories","Аксесуари для ручних циркулярних пил"
"7346","Jigsaw Accessories","Аксесуари для лобзика"
"6503","Miter Saw Accessories","Аксесуари для торцових пил"
"6501","Table Saw Accessories","Аксесуари для столової пили"
"3470","Shaper Accessories","Аксесуари для коригувального білизни"
"3210","Shaper Cutters","Фрези для формування"
"3281","Soldering Iron Accessories","Аксесуари для паяльника"
"3629","Soldering Iron Stands","Стійки для паяльника"
"3609","Soldering Iron Tips","Насадки для паяльника"
"2174","Tool Blades","Леза інструментів"
"505831","Cutter & Scraper Blades","Леза для ножів та скребків"
"2202","Saw Blades","Полотна для пили"
"505810","Tool Handle Wedges","Клини для ручок інструментів"
"8258","Tool Safety Tethers","Безпекові троси для інструментів"
"5571","Tool Sockets","Торцеві головки"
"4658","Tool Stands","Стенди для інструментів"
"4659","Saw Stands","Станини для пили"
"505812","Wedge Tools","Клинові інструменти"
"499947","Welding Accessories","Аксесуари для зварювання"
"1167","Tools","Інструменти"
"6938","Abrasive Blasters","Абразивні обприскувачі"
"1169","Anvils","Ковадла"
"1171","Axes","Сокири"
"7271","Carpentry Jointers","Столярні струги"
"1174","Carving Chisels & Gouges","Різці та долота для різьблення"
"1215","Caulking Tools","Інструменти для герметизації"
"2792","Chimney Brushes","Щітки для чищення димарів"
"4325","Compactors","Компактори"
"2015","Compressors","Компресори"
"4672","Concrete Brooms","Мітла для бетону"
"1180","Cutters","Ножі"
"1181","Bolt Cutters","Болтові ножиці"
"1182","Glass Cutters","Різаки для скла"
"1454","Handheld Metal Shears & Nibblers","Ручні ножиці та ніблери для металу"
"7562","Nippers","Кусачки"
"2080","Pipe Cutters","Різаки для труб"
"1824","Rebar Cutters","Ножиці для арматури"
"2726","Tile & Shingle Cutters","Різаки для плитки та шиферу"
"2411","Utility Knives","Універсальні ножі"
"1391","Deburrers","Знежалювачі"
"126","Dollies & Hand Trucks","Візки та ручні візки"
"1217","Drills","Дрелі"
"1367","Augers","Бури"
"1216","Drill Presses","Свердловочні преси"
"2629","Handheld Power Drills","Ручні електробури"
"1465","Mortisers","Станки для свердління отворів"
"1994","Pneumatic Drills","Пневматичні бури"
"6461","Electrician Fish Tape","Лінійка-прокладка для електриків"
"338","Flashlights & Headlamps","Ліхтарики та налобні ліхтари"
"543689","Flashlights","Ліхтарики"
"2454","Headlamps","Чоловіки"
"7556","Grease Guns","Пушки для смазки"
"1219","Grinders","Шліфувальні машини"
"1185","Grips","Рукоятки"
"1186","Hammers","Молотки"
"2208","Manual Hammers","Ручні молотки"
"505364","Powered Hammers","Електромолоти"
"499887","Handheld Power Mixers","Ручні електроміксери"
"5927","Hardware Torches","Ручні ліхтарі для роботи"
"1220","Heat Guns","Теплові пістолети"
"1221","Impact Wrenches & Drivers","Ударні гайковерти та водії"
"2456","Industrial Vibrators","Промислові вібратори"
"7416","Inspection Mirrors","Дзеркала для інспекції"
"130","Ladders & Scaffolding","Сходи та риштування"
"2416","Ladder Carts","Тележки зі сходами"
"6928","Ladders","Драбини"
"1866","Scaffolding","Риштування"
"635","Step Stools","Складні сходи"
"1809","Work Platforms","Робочі платформи"
"1663","Lathes","Токарні верстати"
"1603","Light Bulb Changers","Змінювачі лампочок"
"503774","Lighters & Matches","Запальнички та сірники"
"7030","Log Splitters","Розщеплювачі дров"
"5873","Magnetic Sweepers","Магнітні щітки"
"1832","Marking Tools","Інструменти для маркування"
"1193","Masonry Tools","Інструменти для каменю"
"1668","Brick Tools","Інструменти для роботи з цеглою"
"2305","Cement Mixers","Бетономішалки"
"1555","Construction Lines","Будівельні лінії"
"2337","Floats","Поплавки"
"7484","Grout Sponges","Губки для шпаклівки"
"1799","Masonry Edgers & Groovers","Кромкодержатели та фрези для каменю"
"1450","Masonry Jointers","Шпатель для швів у камені"
"2181","Masonry Trowels","Мулярні лопатки"
"4132","Power Trowels","Затиральні машини"
"3932","Mattocks & Pickaxes","Мотики та кайли"
"1305","Measuring Tools & Sensors","Вимірювальні інструменти та датчики"
"5515","Air Quality Meters","Прилади для вимірювання якості повітря"
"4022","Altimeters","Альтиметри"
"500058","Anemometers","Анемометри"
"3602","Barometers","Барометри"
"2192","Calipers","Штангенциркулі"
"1533","Cruising Rods","Вудилища для круїзного риболовлі"
"5487","Distance Meters","Дальноміри"
"1850","Dividers","Розподілювачі"
"503737","Electrical Testing Tools","Інструменти для тестування електрики"
"1640","Flow Meters & Controllers","Розхідоміри та контролери потоку"
"1991","Gas Detectors","Газові детектори"
"1732","Gauges","Манометри"
"5371","Geiger Counters","Дозиметри"
"4754","Hygrometers","Гігрометри"
"4506","Infrared Thermometers","Інфрачервоні термометри"
"2330","Knife Guides","Направляючі для ножів"
"1191","Levels","Рівні"
"4081","Bubble Levels","Водяні рівні"
"4931","Laser Levels","Лазерні рівні"
"4294","Sight Levels","Оптичні рівні"
"1698","Measuring Scales","Ваги"
"1459","Measuring Wheels","Вимірювальні колеса"
"4755","Moisture Meters","Вологоміри"
"1785","Probes & Finders","Датчики та виявники"
"1198","Protractors","Транспортири"
"1539","Rebar Locators","Локатори арматури"
"2021","Rulers","Лінійки"
"4756","Seismometer","Сейсмометр"
"4757","Sound Meters","Звукоміри"
"1205","Squares","Квадрати"
"1413","Straight Edges","Прямі краї"
"1207","Stud Sensors","Детектори прихованої проводки та металу"
"2481","Tape Measures","Рулетки"
"4340","Theodolites","Теодоліти"
"6799","Thermal Imaging Cameras","Термовізійні камери"
"2093","Thermocouples & Thermopiles","Термопари та термопіли"
"7394","Transducers","Перетворювачі"
"4758","UV Light Meters","Метри UV світла"
"4759","Vibration Meters","Віброметри"
"1374","Weather Forecasters & Stations","Метеостанції та прогнозувачі погоди"
"4074","pH Meters","pH-метри"
"5077","Milling Machines","Фрезерні верстати"
"5587","Multifunction Power Tools","Багатофункціональний електроінструмент"
"1194","Nail Pullers","Витягувачі цвяхів"
"1206","Nailers & Staplers","Степлери та цвяхоколи"
"5828","Oil Filter Drains","Дренажі для масляних фільтрів"
"2077","Paint Tools","Інструменти для фарбування"
"2486","Airbrushes","Аерографи"
"1300","Paint Brushes","Пензлі для фарбування"
"6556","Paint Edgers","Краєвики для фарбування"
"1774","Paint Rollers","Валики для фарбування"
"499888","Paint Shakers","Машинки для змішування фарби"
"1699","Paint Sponges","Губки для фарбування"
"2465","Paint Sprayers","Розпилювачі для фарби"
"505325","Paint Strainers","Сита для фарби"
"6557","Paint Trays","Палітри для фарби"
"1196","Pickup Tools","Інструменти для підбирання"
"1667","Pipe & Bar Benders","Згиначі для труб та прутів"
"2053","Pipe & Tube Cleaners","Чистильники для труб та трубок"
"1862","Pipe Brushes","Щітки для труб"
"6868","Planers","Рубанки"
"1187","Planes","Літаки"
"1958","Pliers","Плоскогубці"
"1563","Plungers","Вантузи"
"1225","Polishers & Buffers","Полірувальні машини та бафери"
"3501","Post Hole Diggers","Бурі для свердління отворів"
"1179","Pry Bars","Ломи"
"505315","Punches & Awls","Пробивачі та шила"
"1202","Putty Knives & Scrapers","Шпателі та скребки"
"1819","Reamers","Розширювачі"
"7064","Riveting Tools","Інструменти для заклепування"
"7065","Rivet Guns","Заклепочники"
"7066","Rivet Pliers","Плоскогубці для заклепок"
"1841","Routing Tools","Інструменти для фрезерування"
"1188","Sanders","Полірувальні машини"
"4419","Sanding Blocks","Блоки для шліфування"
"1201","Saw Horses","Тримачі для пили"
"1235","Saws","Пили"
"3582","Band Saws","Стрічкові пили"
"3516","Cut-Off Saws","Відрізні пили"
"3594","Hand Saws","Ручні пили"
"3224","Handheld Circular Saws","Ручні циркулярні пили"
"3725","Jigsaws","Лобзики"
"7077","Masonry & Tile Saws","Пилки для каменю та плитки"
"3517","Miter Saws","Торцові пили"
"499985","Panel Saws","Панельні пили"
"3494","Reciprocating Saws","Сабельні пили"
"4633","Scroll Saws","Лобзикові верстати"
"3706","Table Saws","Столові пили"
"1203","Screwdrivers","Викрутки"
"1923","Shapers","Формувальники"
"1644","Sharpeners","Точила"
"1195","Socket Drivers","Викрутки для гайок"
"1236","Soldering Irons","Паяльники"
"1787","Tap Reseaters","Регулювачі кранів"
"1184","Taps & Dies","Різці та матриці"
"1584","Threading Machines","Різьбонарізні машини"
"2835","Tool Clamps & Vises","Затискачі та тиски для інструментів"
"3745","Tool Files","Шліфувальні інструменти"
"1439","Tool Keys","Ключі для інструментів"
"2198","Tool Knives","Ножі для інструментів"
"4919","Tool Sets","Набори інструментів"
"6965","Hand Tool Sets","Набори ручного інструменту"
"4716","Power Tool Combo Sets","Набори електроінструментів"
"1238","Welding Guns & Plasma Cutters","Зварювальні пістолети та плазмові різаки"
"1469","Wire & Cable Hand Tools","Ручні інструменти для дроту та кабелю"
"5592","Work Lights","Робочі ліхтарі"
"1632","Wrenches","Гайкові ключі"
"469","Health & Beauty","Здоров'я та краса"
"491","Health Care","Охорона здоров'я"
"5849","Acupuncture","Акупунктура"
"5850","Acupuncture Models","Моделі для акупунктури"
"5851","Acupuncture Needles","Голки для акупунктури"
"7220","Bed Pans","Судина для ліжка"
"5071","Biometric Monitor Accessories","Аксесуари для біометричних моніторів"
"505819","Activity Monitor Accessories","Аксесуари для моніторів активності"
"3688","Blood Glucose Meter Accessories","Аксесуари для глюкометрів"
"6323","Blood Glucose Control Solution","Розчин для контролю глюкози в крові"
"3905","Blood Glucose Test Strips","Тест-смужки для вимірювання глюкози в крові"
"3111","Lancing Devices","Пункційні пристрої"
"6284","Blood Pressure Monitor Accessories","Аксесуари для моніторів кров'яного тиску"
"6285","Blood Pressure Monitor Cuffs","Манжети для моніторів кров'яного тиску"
"5072","Body Weight Scale Accessories","Аксесуари для ваги для вимірювання ваги тіла"
"494","Biometric Monitors","Біометричні монітори"
"500009","Activity Monitors","Монітори активності"
"2246","Blood Glucose Meters","Глюкометри"
"495","Blood Pressure Monitors","Монітори кров'яного тиску"
"496","Body Fat Analyzers","Аналізатори жиру в організмі"
"500","Body Weight Scales","Ваги для вимірювання ваги тіла"
"2633","Breathalyzers","Алкотестери"
"497","Cholesterol Analyzers","Аналізатори холестерину"
"505822","Fertility Monitors and Ovulation Runs","Монітори фертильності та тести на овуляцію"
"543679","Fertility Runs & Monitors","Тести на фертильність та монітори"
"543680","Ovulation Runs","Тести на овуляцію"
"501","Medical Thermometers","Медичні термометри"
"4767","Prenatal Heart Rate Monitors","Пренатальні монітори серцевого ритму"
"5551","Pulse Oximeters","Пульсоксиметри"
"775","Condoms","Презервативи"
"505820","Conductivity Gels & Lotions","Гелі та лосьйони для провідності"
"7002","Contraceptive Cases","Контейнери для контрацептивів"
"508","First Aid","Перша допомога"
"2954","Antiseptics & Cleaning Supplies","Антисептики та засоби для чищення"
"6206","Cast & Bandage Protectors","Захисники для гіпсу та бинтів"
"4527","Eye Wash Supplies","Засоби для промивання очей"
"510","First Aid Kits","Набори для першої допомоги"
"516","Hot & Cold Therapies","Гарячі та холодні терапії"
"5848","Heat Rubs","Теплові мазі"
"6205","Heating Pads","Подушки з підігрівом"
"4753","Ice Packs","Холодильні пакети"
"509","Medical Tape & Bandages","Медична стрічка та бинти"
"2890","Fitness & Nutrition","Фітнес та харчування"
"2984","Nutrition Bars","Батончики збалансованого харчування"
"5702","Nutrition Drinks & Shakes","Напої та коктейлі збалансованого харчування"
"6242","Nutrition Gels & Chews","Гелі та жувальні продукти збалансованого харчування"
"6871","Nutritional Food Purées","Пюре збалансованого харчування"
"7413","Tube Feeding Supplements","Додаткове харчування для зондового годування"
"525","Vitamins & Supplements","Вітаміни та дієтичні добавки"
"5690","Hearing Aids","Апарати для покращення слуху"
"517","Incontinence Aids","Засоби для недержання"
"500087","Light Therapy Lamps","Лампи для світлотерапії"
"5966","Medical Alarm Systems","Медичні системи сповіщення"
"5965","Medical Identification Tags & Jewelry","Медичні бирки для ідентифікації та ювелірні вироби"
"505293","Medical Runs","Медичні тести"
"499934","Allergy Test Kits","Набори для тестування на алергію"
"7337","Blood Typing Test Kits","Набори для визначення групи крові"
"2552","Drug Runs","Тести на наркотики"
"7336","HIV Runs","Тести на ВІЛ"
"1680","Pregnancy Runs","Тести на вагітність"
"505294","Urinary Tract Infection Runs","Тести на інфекції сечовивідних шляхів"
"518","Medicine & Drugs","Ліки та медикаменти"
"519","Mobility & Accessibility","Мобільність та доступність"
"520","Accessibility Equipment","Обладнання для людей з обмеженими можливостями"
"3512","Mobility Scooters","Мобільні скутери"
"7138","Stair Lifts","Ліфти для сходів"
"502969","Transfer Boards & Sheets","Переносні дошки та листи"
"3364","Wheelchairs","Інвалідні візки"
"521","Accessibility Equipment Accessories","Аксесуари для обладнання для людей з обмеженими можливостями"
"5488","Accessibility Furniture & Fixtures","Меблі та приладдя для людей з обмеженими можливостями"
"7243","Shower Benches & Seats","Лавки та сидіння для душу"
"6929","Walking Aid Accessories","Аксесуари для допоміжних засобів ходьби"
"5164","Walking Aids","Допоміжні засоби для ходьби"
"5165","Canes & Walking Sticks","Трости та палиці для ходьби"
"4248","Crutches","Милиці"
"5166","Walkers","Ходунки"
"5870","Occupational & Physical Therapy Equipment","Обладнання для професійної та фізичної терапії"
"8541","Electrical Muscle Stimulators","Електростимулятори м'язів"
"505352","Therapeutic Swings","Терапевтичні гойдалки"
"3777","Pillboxes","Пілюльниці"
"4551","Respiratory Care","Догляд за дихальною системою"
"4552","Nebulizers","Небулайзери"
"499692","Oxygen Tanks","Балони з киснем"
"7317","PAP Machines","Апарати для лікування апное за допомогою позитивного тиску дихальних шляхів (PAP)"
"7316","PAP Masks","Маски PAP"
"505669","Steam Inhalers","Інгалятори на пару"
"8082","Specimen Cups","Контейнери для зразків"
"7186","Spermicides","Сперміциди"
"8105","Stump Shrinkers","Зтягувач культі"
"523","Supports & Braces","Підтримуючі бандажі та ортези"
"5923","Surgical Lubricants","Хірургічні змащувачі"
"5573","Jewelry Cleaning & Care","Чищення та догляд за ювелірними виробами"
"499919","Jewelry Cleaning Solutions & Polishes","Розчини та полірувальні засоби для чищення ювелірних виробів"
"500082","Jewelry Cleaning Tools","Інструменти для чищення ювелірних виробів"
"5974","Jewelry Holders","Стійки для ювелірних виробів"
"500083","Jewelry Steam Cleaners","Парові очисники для ювелірних виробів"
"5124","Watch Repair Kits","Набори для ремонту годинників"
"2915","Personal Care","Особистий догляд"
"493","Back Care","Догляд за спиною"
"7404","Back & Lumbar Support Cushions","Подушки для підтримки спини та попереку"
"473","Cosmetics","Косметика"
"474","Bath & Body","Для ванни та тіла"
"499913","Adult Hygienic Wipes","Гігієнічні серветки для дорослих"
"2503","Bar Soap","Мило-брусок"
"2522","Bath Additives","Додатки для ванни"
"2876","Bath Brushes","Щітки для ванни"
"2875","Bath Sponges & Loofahs","Губки та луфи для ванної"
"2747","Body Wash","Гель для душу"
"3691","Hand Sanitizers & Wipes","Дезінфікуючі засоби та серветки для рук"
"3208","Liquid Hand Soap","Рідке мило для рук"
"7417","Powdered Hand Soap","Порошкове мило для рук"
"4049","Shower Caps","Шапочки для душу"
"475","Bath & Body Gift Sets","Подарункові набори для ванни та тіла"
"6069","Cosmetic Sets","Набори косметики"
"6331","Cosmetic Tool Cleansers","Засоби для чищення косметичних інструментів"
"2619","Cosmetic Tools","Косметичні інструменти"
"2548","Makeup Tools","Інструменти для макіяжу"
"7356","Double Eyelid Glue & Tape","Клей та стрічка для подвійного повіка"
"6555","Eyebrow Stencils","Шаблони для брів"
"6282","Eyelash Curler Refills","Запасні елементи для завивачки вій"
"2780","Eyelash Curlers","Завивачки для вій"
"476","Face Mirrors","Дзеркала для обличчя"
"4121","Facial Blotting Paper","Бумага для обличчя (для видалення блиску)"
"502996","False Eyelash Accessories","Аксесуари для штучних вій"
"7256","False Eyelash Adhesive","Клей для штучних вій"
"7493","False Eyelash Applicators","Аплікатори для штучних вій"
"502997","False Eyelash Remover","Засіб для видалення штучних вій"
"3025","Makeup Brushes","Косметичні щітки"
"4106","Makeup Sponges","Косметичні губки"
"499822","Refillable Makeup Palettes & Cases","Багаторазові палітри та кейси для макіяжу"
"2975","Nail Tools","Інструменти для догляду за нігтями"
"2739","Cuticle Pushers","Штовхачі для кутикули"
"3037","Cuticle Scissors","Ножиці для кутикули"
"7494","Manicure & Pedicure Spacers","Розпорки для манікюру та педикюру"
"6300","Manicure Tool Sets","Набори інструментів для манікюру"
"6341","Nail Buffers","Бафи для нігтів"
"2828","Nail Clippers","Нігтівниці"
"499698","Nail Drill Accessories","Аксесуари для манікюрних фрезерів"
"7490","Nail Drills","Манікюрні фрезери"
"5880","Nail Dryers","Сушарки для нігтів"
"2734","Nail Files & Emery Boards","Пилочки та пилки для нігтів"
"2958","Skin Care Tools","Інструменти для догляду за шкірою"
"6760","Facial Saunas","Сауни для обличчя"
"7190","Foot Files","Пилки для ніг"
"499926","Lotion & Sunscreen Applicators","Аплікатори для лосьйону та сонцезахисного крему"
"2511","Pumice Stones","Камінь пемза"
"6261","Skin Care Extractors","Екстрактори для догляду за шкірою"
"7018","Skin Care Rollers","Ролики для догляду за шкірою"
"8132","Skin Cleansing Brush Heads","Насадки-щітки для очищення шкіри"
"6260","Skin Cleansing Brushes & Systems","Щітки та системи для очищення шкіри"
"477","Makeup","Макіяж"
"5978","Body Makeup","Макіяж для тіла"
"5981","Body & Hair Glitter","Блиск для тіла та волосся"
"5979","Body Paint & Foundation","Фарба та тональний крем для тіла"
"4779","Costume & Stage Makeup","Театральний грим та аксесуари"
"2779","Eye Makeup","Макіяж для очей"
"8220","Eye Primer","База під макіяж для очей"
"2904","Eye Shadow","Тіні для очей"
"2686","Eyebrow Enhancers","Засоби для корекції брів"
"2807","Eyeliner","Підводка для очей"
"2761","False Eyelashes","Штучні вії"
"6340","Lash & Brow Growth Treatments","Препарати для зростання вій та брів"
"2834","Mascara","Туш для вій"
"8219","Mascara Primer","База під туш для вій"
"2571","Face Makeup","Макіяж для обличчя"
"6305","Blushes & Bronzers","Рум'яна та бронзатори"
"2980","Face Powder","Пудра для обличчя"
"8218","Face Primer","База під макіяж для обличчя"
"2765","Foundations & Concealers","Тональні креми та коректори"
"6304","Highlighters & Luminizers","Маркери та люмінайзери"
"2645","Lip Makeup","Губна косметика"
"6306","Lip & Cheek Stains","Помада-стійка для губ і щік"
"2858","Lip Gloss","Блиск для губ"
"2589","Lip Liner","Контурний олівець для губ"
"8217","Lip Primer","База для губ"
"3021","Lipstick","Помада"
"6072","Makeup Finishing Sprays","Фіксуючі спреї для макіяжу"
"3509","Temporary Tattoos","Тимчасові тату"
"478","Nail Care","Догляд за нігтями"
"3009","Cuticle Cream & Oil","Крем та олія для кутикули"
"4218","False Nails","Штучні нігті"
"6893","Manicure Glue","Клей для манікюру"
"5975","Nail Art Kits & Accessories","Набори та аксесуари для нігтьового арту"
"233419","Nail Polish Drying Drops & Sprays","Краплі та спреї для швидкого сушіння лаку для нігтів"
"2946","Nail Polish Removers","Засоби для видалення лаку для нігтів"
"7445","Nail Polish Thinners","Розріджувачі для лаку для нігтів"
"2683","Nail Polishes","Лаки для нігтів"
"479","Perfume & Cologne","Парфуми та кольони"
"567","Skin Care","Догляд за шкірою"
"481","Acne Treatments & Kits","Засоби та набори для лікування акне"
"7429","Anti-Aging Skin Care Kits","Набори для догляду за шкірою проти старіння"
"6104","Body Oil","Олія для тіла"
"5980","Body Powder","Пудра для тіла"
"8029","Compressed Skin Care Mask Sheets","Компресовані маски-листочки для догляду за шкірою"
"2526","Facial Cleansers","Засоби для очищення обличчя"
"7467","Facial Cleansing Kits","Набори для очищення обличчя"
"6791","Facial Pore Strips","Смужки для очищення пор обличчя"
"482","Lip Balms & Treatments","Бальзами та засоби для догляду за губами"
"543573","Lip Balms","Бальзами для губ"
"543574","Medicated Lip Treatments","Медикаментозне лікування губ"
"2592","Lotion & Moisturizer","Лосьйон та зволожувач"
"6034","Makeup Removers","Засоби для зняття макіяжу"
"6753","Petroleum Jelly","Вазелін"
"6262","Skin Care Masks & Peels","Маски та пілінги для догляду за шкірою"
"5820","Skin Insect Repellent","Засоби від комах для шкіри"
"2844","Sunscreen","Засоби від сонця"
"2740","Tanning Products","Засоби для засмаги"
"5338","Self Tanner","Засоби для самозасмаги"
"5339","Tanning Oil & Lotion","Засоби для засмаги (масло та лосьйон)"
"5976","Toners & Astringents","Тонери та звужувальні засоби"
"543659","Astringents","Стягуючі засоби"
"543658","Toners","Тонери"
"6863","Wart Removers","Засоби для видалення бородавок"
"4929","Cotton Balls","Ватні кульки"
"2934","Cotton Swabs","Ватні палички"
"484","Deodorant & Anti-Perspirant","Дезодорант та антиперспірант"
"543599","Anti-Perspirant","Антиперспіранти"
"543598","Deodorant","Дезодорант"
"506","Ear Care","Догляд за вухами"
"5706","Ear Candles","Вушні свічки"
"6559","Ear Drops","Вушні краплі"
"6560","Ear Dryers","Сушарки для вух"
"500024","Ear Picks & Spoons","Шматочки та ложечки для вух"
"6561","Ear Syringes","Вушні шприци"
"6562","Ear Wax Removal Kits","Набори для видалення вушної сірки"
"7542","Earplug Dispensers","Диспенсери для берушів"
"2596","Earplugs","Беруши"
"7134","Enema Kits & Supplies","Набори та приладдя для клізм"
"485","Feminine Sanitary Supplies","Жіночі гігієнічні засоби"
"6862","Feminine Deodorant","Жіночий дезодорант"
"5821","Feminine Douches & Creams","Жіночі душі та креми"
"2387","Feminine Pads & Protectors","Жіночі прокладки та захисники"
"8122","Menstrual Cups","Менструальні чашки"
"2564","Tampons","Тампони"
"515","Foot Care","Догляд за ногами"
"2992","Bunion Care Supplies","Засоби для догляду за кістками на нозі"
"3022","Corn & Callus Care Supplies","Засоби для догляду за мозолями та натоптюшами"
"3049","Foot Odor Removers","Засоби від запаху ніг"
"2801","Insoles & Inserts","Устілки та вкладиші"
"7495","Toe Spacers","Розпорки для пальців ніг"
"486","Hair Care","Догляд за волоссям"
"8452","Hair Care Kits","Набори для догляду за волоссям"
"2814","Hair Color","Фарба для волосся"
"6053","Hair Color Removers","Засоби для видалення фарби з волосся"
"5977","Hair Coloring Accessories","Аксесуари для фарбування волосся"
"6099","Hair Loss Concealers","Маскувальні засоби від випадання волосся"
"4766","Hair Loss Treatments","Лікування випадання волосся"
"6052","Hair Permanents & Straighteners","Засоби для хімічної завивки та випрямлення волосся"
"3013","Hair Shears","Ножиці для волосся"
"6429","Hair Steamers & Heat Caps","Парові пристрої та термошапки для волосся"
"1901","Hair Styling Products","Засоби для укладання волосся"
"6018","Hair Styling Tool Accessories","Аксесуари для інструментів для укладання волосся"
"5317","Hair Curler Clips & Pins","Заколки та шпильки для завивки волосся"
"4475","Hair Dryer Accessories","Аксесуари для фенів для волосся"
"4569","Hair Iron Accessories","Аксесуари для праски для волосся"
"6019","Hair Styling Tools","Інструменти для укладання волосся"
"487","Combs & Brushes","Гребінці та щітки"
"489","Curling Irons","Плойки для завивки волосся"
"488","Hair Curlers","Бігуді для волосся"
"490","Hair Dryers","Фени для волосся"
"3407","Hair Straighteners","Випрямлювачі волосся"
"499992","Hair Styling Tool Sets","Набори інструментів для укладання волосся"
"2441","Shampoo & Conditioner","Шампунь та кондиціонер"
"543616","Conditioners","Кондиціонери для волосся"
"543615","Shampoo","Шампунь"
"543617","Shampoo & Conditioner Sets","Набори шампуню та кондиціонера"
"5663","Massage & Relaxation","Масаж та релаксація"
"500060","Back Scratchers","Скребки для спини"
"233420","Eye Pillows","Подушечки для очей"
"1442","Massage Chairs","Масажні крісла"
"5664","Massage Oil","Масажна олія"
"8530","Massage Stone Warmers","Підігрівачі для масажних каменів"
"8135","Massage Stones","Масажні камені"
"2074","Massage Tables","Масажні столи"
"471","Massagers","Масажери"
"543596","Electric Massagers","Електричні масажери"
"543597","Manual Massage Tools","Ручні інструменти для масажу"
"543595","Massage Cushions","Масажні подушки"
"526","Oral Care","Догляд за порожниною рота"
"6189","Breath Spray","Спрей для свіжості подиху"
"2620","Dental Floss","Зубна нитка"
"5823","Dental Mouthguards","Зубні капи"
"6455","Dental Water Jet Replacement Tips","Запасні насадки для стоматологічного водяного джету"
"5295","Dental Water Jets","Стоматологічні водяні джети"
"5155","Denture Adhesives","Адгезиви для протезів"
"5824","Denture Cleaners","Засоби для чищення протезів"
"8543","Denture Repair Kits","Набори для ремонту протезів"
"2527","Dentures","Зубні протези"
"2769","Gum Stimulators","Стимулятори ясен"
"3040","Mouthwash","Засоби для полоскання рота"
"505367","Orthodontic Appliance Cases","Кейси для ортодонтичних пристроїв"
"6715","Power Flossers","Електричні зубні нитки"
"3019","Teeth Whiteners","Засоби для відбілювання зубів"
"6441","Tongue Scrapers","Шкребки для язика"
"4775","Toothbrush Accessories","Аксесуари для зубних щіток"
"6920","Toothbrush Covers","Кришки для зубних щіток"
"4776","Toothbrush Replacement Heads","Запасні насадки для зубних щіток"
"4942","Toothbrush Sanitizers","Санітайзери для зубних щіток"
"527","Toothbrushes","Зубні щітки"
"1360","Toothpaste","Зубна паста"
"5154","Toothpaste Squeezers & Dispensers","Віджимачі та дозатори для зубної пасти"
"4316","Toothpicks","Зубочистки"
"777","Personal Lubricants","Особисті змазки"
"528","Shaving & Grooming","Гоління та догляд"
"529","Aftershave","Лосьйон після гоління"
"8214","Body & Facial Hair Bleach","Засоби для відбілювання волосся на тілі та обличчі"
"531","Electric Razor Accessories","Аксесуари для електробритв"
"532","Electric Razors","Електричні бритви"
"6842","Hair Clipper & Trimmer Accessories","Аксесуари для машинок та тримерів для волосся"
"533","Hair Clippers & Trimmers","Машинки та тримери для волосся"
"4507","Hair Removal","Видалення волосся"
"4508","Depilatories","Депілятори"
"4509","Electrolysis Devices","Прилади для електролізу"
"4510","Epilators","Епілятори"
"8136","Hair Removal Wax Warmers","Прилади для розігріву воску для видалення волосся"
"7199","Laser & IPL Hair Removal Devices","Лазерні та IPL пристрої для видалення волосся"
"4511","Waxing Kits & Supplies","Набори та приладдя для воскування"
"534","Razors & Razor Blades","Бритви та бритвені леза"
"8531","Shaving Bowls & Mugs","Чашки та миски для гоління"
"2681","Shaving Brushes","Щітки для гоління"
"2971","Shaving Cream","Крем для гоління"
"5111","Shaving Kits","Набори для гоління"
"2508","Styptic Pencils","Гемостатичні олівці"
"4076","Sleeping Aids","Засоби для сну"
"4313","Eye Masks","Маски для очей"
"6017","Snoring & Sleep Apnea Aids","Засоби від хропу та апної сну"
"4211","Travel Pillows","Подорожні подушки"
"4056","White Noise Machines","Машини для білого шуму"
"6921","Spray Tanning Tents","Намети для спрей-засмаги"
"472","Tanning Beds","Сонячні ліжка"
"2656","Tweezers","Пінцети"
"1380","Vision Care","Догляд за зором"
"3011","Contact Lens Care","Догляд за контактними лінзами"
"7363","Contact Lens Care Kits","Набори для догляду за контактними лінзами"
"6510","Contact Lens Cases","Контейнери для контактних лінз"
"6509","Contact Lens Solution","Розчин для контактних лінз"
"2923","Contact Lenses","Контактні лінзи"
"2922","Eye Drops & Lubricants","Очні краплі та змазки"
"2733","Eyeglass Lenses","Окулярні лінзи"
"524","Eyeglasses","Окуляри"
"2521","Eyewear Accessories","Аксесуари для окулярів"
"5507","Eyewear Cases & Holders","Футляри та тримачі для окулярів"
"352853","Eyewear Lens Cleaning Solutions","Розчини для чищення лінз окулярів"
"543538","Eyewear Replacement Parts","Запасні частини для окулярів"
"8204","Eyewear Straps & Chains","Ремінці та ланцюжки для окулярів"
"6977","Sunglass Lenses","Лінзи для сонцезахисних окулярів"
"536","Home & Garden","Дім та сад"
"574","Bathroom Accessories","Аксесуари для ванної кімнати"
"575","Bath Caddies","Полички для ванни"
"577","Bath Mats & Rugs","Килими та коврики для ванної"
"4366","Bath Pillows","Подушки для ванної"
"7093","Bathroom Accessory Mounts","Кріплення для аксесуарів ванної кімнати"
"6858","Bathroom Accessory Sets","Набори аксесуарів для ванної кімнати"
"579","Facial Tissue Holders","Держачі для серветок для обличчя"
"8016","Hand Dryer Accessories","Аксесуари для сушарок для рук"
"5141","Hand Dryers","Сушарки для рук"
"2418","Medicine Cabinets","Аптечки"
"2034","Robe Hooks","Гачки для халатів"
"8114","Safety Grab Bars","Безпечні поручні"
"578","Shower Curtain Rings","Кільця для душових штор"
"580","Shower Curtains","Душові штори"
"1962","Shower Rods","Душові штанги"
"4971","Soap & Lotion Dispensers","Диспенсери для мила та лосьйону"
"582","Soap Dishes & Holders","Мильниці та тримачі для мила"
"7509","Toilet Brush Replacement Heads","Запасні головки для туалетних щіток"
"583","Toilet Brushes & Holders","Туалетні щітки та їх утримувачі"
"584","Toilet Paper Holders","Утримувачі для туалетного паперу"
"585","Toothbrush Holders","Тримачі для зубних щіток"
"586","Towel Racks & Holders","Полички та підставки для рушників"
"359","Business & Home Security","Безпека бізнесу та дому"
"5491","Dummy Surveillance Cameras","Макети відеокамер спостереження"
"3873","Home Alarm Systems","Домашні системи сигналізації"
"2161","Motion Sensors","Датчики руху"
"500025","Safety & Security Mirrors","Дзеркала для безпеки та охорони"
"363","Security Lights","Охоронні ліхтарі"
"364","Security Monitors & Recorders","Охоронні монітори та реєстратори"
"499865","Security Safe Accessories","Аксесуари для сейфів"
"3819","Security Safes","Охоронні сейфи"
"365","Security System Sensors","Датчики охоронних систем"
"696","Decor","Декор"
"572","Address Signs","Адресні знаки"
"6265","Artificial Flora","Штучна флора"
"6266","Artificial Food","Штучна їжа"
"9","Artwork","Художні твори"
"500045","Decorative Tapestries","Декоративні гобелени"
"500044","Posters, Prints, & Visual Artwork","Плакати, принти та візуальні твори мистецтва"
"11","Sculptures & Statues","Скульптури та статуї"
"4456","Backrest Pillows","Подушки для спинки"
"573","Baskets","Кошики"
"5521","Bird & Wildlife Feeder Accessories","Аксесуари для годівниць для птахів та дикої природи"
"6993","Bird & Wildlife Feeders","Годівниці для птахів та дикої природи"
"698","Bird Feeders","Годівниці для птахів"
"6995","Butterfly Feeders","Годівниці для метеликів"
"6994","Squirrel Feeders","Годівниці для білок"
"230911","Bird & Wildlife House Accessories","Аксесуари для будиночків для птахів та дикої природи"
"500078","Bird & Wildlife Houses","Будиночки для птахів та дикої природи"
"500079","Bat Houses","Будинки для летючих мишей"
"699","Birdhouses","Будиночки для птахів"
"500080","Butterfly Houses","Будинки для метеликів"
"697","Bird Baths","Купіль для птахів"
"587","Bookends","Книжкові упори"
"7380","Cardboard Cutouts","Вирізки з картону"
"4453","Chair & Sofa Cushions","Подушки для стільців та диванів"
"505827","Clock Parts","Деталі для годинників"
"3890","Clocks","Годинники"
"4546","Alarm Clocks","Будильники"
"6912","Desk & Shelf Clocks","Настільні та поличні годинники"
"3696","Floor & Grandfather Clocks","Напівпідлогові та підлогові годинники"
"3840","Wall Clocks","Настінні годинники"
"5708","Coat & Hat Racks","Вішалки для пальт та капелюхів"
"7206","Decorative Bells","Декоративні дзвоники"
"6317","Decorative Bottles","Декоративні пляшки"
"6457","Decorative Bowls","Декоративні миски"
"7113","Decorative Jars","Декоративні банки"
"708","Decorative Plaques","Декоративні плакетки"
"5875","Decorative Plates","Декоративні тарілки"
"6456","Decorative Trays","Декоративні підноси"
"2675","Door Mats","Дверні килимики"
"7172","Dreamcatchers","Ловці снів"
"6936","Dried Flowers","Сушені квіти"
"6935","Ecospheres","Екосфери"
"5609","Figurines","Фігурки"
"7422","Finials","Фініалі"
"7419","Flag & Windsock Accessories","Аксесуари для прапорів та вітромірів"
"7420","Flag & Windsock Pole Lights","Світло для прапорів та вітромірів"
"503010","Flag & Windsock Pole Mounting Hardware & Kits","Кріплення та набори для прапорів та вітромірів"
"7421","Flag & Windsock Poles","Палиці для прапорів та вітромірів"
"701","Flags & Windsocks","Прапори та вітроміри"
"4770","Flameless Candles","Безпламенні свічки"
"702","Fountains & Ponds","Фонтани та ставки"
"2921","Fountain & Pond Accessories","Аксесуари для фонтанів та ставків"
"6763","Fountains & Waterfalls","Фонтани та водоспади"
"2763","Ponds","Ставки"
"704","Garden & Stepping Stones","Декоративні та стежкові камені для саду"
"499693","Growth Charts","Діаграми росту"
"3221","Home Decor Decals","Наклейки для декору дому"
"500121","Home Fragrance Accessories","Аксесуари для домашніх ароматів"
"6336","Candle & Oil Warmers","Підігрівачі для свічок та масла"
"2784","Candle Holders","Підсвічники"
"500122","Candle Snuffers","Заглушки для свічок"
"4741","Incense Holders","Підставки для ладану"
"592","Home Fragrances","Домашні аромати"
"3898","Air Fresheners","Освіжувачі повітря"
"588","Candles","Свічки"
"5847","Fragrance Oil","Ароматичні олії"
"3686","Incense","Ладан"
"4740","Potpourri","Потпурі"
"6767","Wax Tarts","Воскові тарти"
"503000","Hourglasses","Піскові годинники"
"7382","House Numbers & Letters","Номери та букви для будинків"
"6547","Lawn Ornaments & Garden Sculptures","Декор для газону та садові скульптури"
"7436","Mail Slots","Поштові слоти"
"6333","Mailbox Accessories","Аксесуари для поштових скринь"
"7177","Mailbox Covers","Чохли для поштових скринь"
"7052","Mailbox Enclosures","Огорожі для поштових скринь"
"7176","Mailbox Flags","Прапорці для поштових скринь"
"6334","Mailbox Posts","Стовпи для поштових скринь"
"7339","Mailbox Replacement Doors","Замінні дверцята для поштових скринь"
"706","Mailboxes","Поштові скриньки"
"595","Mirrors","Дзеркала"
"3473","Music Boxes","Музичні шкатулки"
"6324","Napkin Rings","Кільця для серветок"
"5885","Novelty Signs","Оригінальні знаки"
"6927","Ottoman Cushions","Подушки для пуфів"
"597","Picture Frames","Фоторамки"
"4295","Piggy Banks & Money Jars","Копілки та грошові банки"
"709","Rain Chains","Дощові ланцюги"
"710","Rain Gauges","Дощеміри"
"5876","Refrigerator Magnets","Магніти на холодильник"
"598","Rugs","Килими"
"596","Seasonal & Holiday Decorations","Сезонні та святкові декорації"
"5359","Advent Calendars","Адвент-календарі"
"5504","Christmas Tree Skirts","Підкладки для ялинки"
"6603","Christmas Tree Stands","Підставки для ялинки"
"499805","Easter Egg Decorating Kits","Набори для прикрашання пасхальних яєць"
"6532","Holiday Ornament Displays & Stands","Стенди та вітрини для святкових прикрас"
"499804","Holiday Ornament Hooks","Гачки для святкових прикрас"
"3144","Holiday Ornaments","Святкові прикраси"
"5990","Holiday Stocking Hangers","Гачки для святкових чоботів"
"5991","Holiday Stockings","Святкові чоботи"
"5930","Japanese Traditional Dolls","Японські традиційні ляльки"
"6531","Nativity Sets","Набори для різдвяного вертепу"
"505809","Seasonal Village Sets & Accessories","Сезонні набори та аксесуари для декорування села"
"5922","Shadow Boxes","Шкатулки для медалей"
"599","Slipcovers","Чохли для меблів"
"6535","Snow Globes","Снігові кулі"
"7173","Suncatchers","Сонячні ловці"
"711","Sundials","Сонячні годинники"
"4454","Throw Pillows","Декоративні подушки"
"4233","Trunks","Сундуки"
"6424","Vase Fillers & Table Scatters","Наповнювачі для ваз та декор для столу"
"602","Vases","Вази"
"2334","Wallpaper","Шпалери"
"712","Weather Vanes & Roof Decor","Погодники та декор для дахів"
"714","Wind Chimes","Вітрові дзвіночки"
"2839","Wind Wheels & Spinners","Вітряки та обертові іграшки"
"6530","Window Magnets","Віконні магніти"
"6254","Window Treatment Accessories","Аксесуари для оформлення вікон"
"6256","Curtain & Drape Rings","Кільця для штор та занавісок"
"6257","Curtain & Drape Rods","Карнизи для штор та занавісок"
"6255","Curtain Holdbacks & Tassels","Затримувачі та китиці для штор"
"8042","Window Treatment Replacement Parts","Запасні частини для оформлення вікон"
"603","Window Treatments","Оформлення вікон"
"2882","Curtains & Drapes","Штори та занавіски"
"6492","Stained Glass Panels","Вітражні панелі"
"2885","Window Blinds & Shades","Жалюзі та ролети для вікон"
"5989","Window Films","Віконні плівки"
"4375","Window Screens","Москітні сітки для вікон"
"2621","Window Valances & Cornices","Ламбрекени та карнизи для вікон"
"3262","World Globes","Глобуси"
"6267","Wreaths & Garlands","Вінки та гірлянди"
"5835","Emergency Preparedness","Підготовка до надзвичайних ситуацій"
"4490","Earthquake Alarms","Сигналізації землетрусу"
"6897","Emergency Blankets","Термоковдри для надзвичайних ситуацій"
"5836","Emergency Food Kits","Набори їжі для надзвичайних ситуацій"
"7058","Emergency Tools & Kits","Інструменти та набори для надзвичайних ситуацій"
"4491","Furniture Anchors","Анкери для меблів"
"2862","Fireplace & Wood Stove Accessories","Аксесуари для камінів та дров'яних пічок"
"2044","Bellows","Міхи"
"6563","Fireplace & Wood Stove Grates","Решітки для камінів та дров'яних пічок"
"7523","Fireplace Andirons","Камінні кочерги"
"7109","Fireplace Reflectors","Відбивачі для камінів"
"2365","Fireplace Screens","Екрани для камінів"
"1530","Fireplace Tools","Інструменти для камінів"
"625","Firewood & Fuel","Дрова та паливо"
"7091","Hearth Pads","Підкладки для каміна"
"7029","Log Rack & Carrier Accessories","Аксесуари для стелажів та носіїв для дров"
"695","Log Racks & Carriers","Стелажі та носії для дров"
"4918","Wood Stove Fans & Blowers","Вентилятори та дувки для дров'яних печей"
"6792","Fireplaces","Каміни"
"1679","Flood, Fire & Gas Safety","Безпека від повеней, пожеж та газу"
"7226","Fire Alarm Control Panels","Панелі управління пожежними сигналізаціями"
"1871","Fire Alarms","Пожежні сигналізації"
"1639","Fire Extinguisher & Equipment Storage","Сховища для вогнегасників та пожежного обладнання"
"1434","Fire Extinguishers","Вогнегасники"
"1934","Fire Sprinklers","Пожежні спринклери"
"7227","Heat Detectors","Детектори тепла"
"499673","Smoke & Carbon Monoxide Detectors","Детектори диму та вуглецю оксиду"
"2164","Carbon Monoxide Detectors","Детектори вуглецевого оксиду"
"1471","Smoke Detectors","Детектори диму"
"1306","Water & Flood Detectors","Детектори води та повені"
"3348","Household Appliance Accessories","Аксесуари для побутової техніки"
"2367","Air Conditioner Accessories","Аксесуари для кондиціонерів"
"5826","Air Conditioner Covers","Чохли для кондиціонерів"
"3573","Air Conditioner Filters","Фільтри для кондиціонерів"
"3410","Air Purifier Accessories","Аксесуари для очищувачів повітря"
"3667","Air Purifier Filters","Фільтри для очищувачів повітря"
"4667","Dehumidifier Accessories","Аксесуари для зневоднювачів"
"5089","Fan Accessories","Аксесуари для вентиляторів"
"4548","Floor & Steam Cleaner Accessories","Аксесуари для парових пилососів та мийок для підлоги"
"6773","Furnace & Boiler Accessories","Аксесуари для печей та котлів"
"7110","Heating Radiator Accessories","Аксесуари для опалювальних радіаторів"
"7111","Heating Radiator Reflectors","Рефлектори для опалювальних радіаторів"
"3862","Humidifier Accessories","Аксесуари для зволожувачів"
"3402","Humidifier Filters","Фільтри для зволожувачів"
"3456","Laundry Appliance Accessories","Аксесуари для пральних машин"
"5158","Garment Steamer Accessories","Аксесуари для парових прасок для одягу"
"5159","Iron Accessories","Аксесуари для праски"
"5160","Steam Press Accessories","Аксесуари для парових пресів"
"500085","Washer & Dryer Accessories","Аксесуари для пральних та сушильних машин"
"4650","Patio Heater Accessories","Аксесуари для обігрівачів відкритих терас"
"4651","Patio Heater Covers","Чохли для обігрівачів відкритих терас"
"618","Vacuum Accessories","Аксесуари для пилососів"
"2751","Water Heater Accessories","Аксесуари для водонагрівачів"
"2310","Anode Rods","Анодні прутки"
"2175","Hot Water Tanks","Баки для гарячої води"
"1744","Water Heater Elements","Елементи водонагрівачів"
"500063","Water Heater Expansion Tanks","Баки розширення для водонагрівачів"
"1835","Water Heater Pans","Піддони для водонагрівачів"
"2221","Water Heater Stacks","Стакани для водонагрівачів"
"1709","Water Heater Vents","Вентиляційні системи для водонагрівачів"
"604","Household Appliances","Побутові прилади"
"1626","Climate Control Appliances","Пристрої для контролю клімату"
"605","Air Conditioners","Кондиціонери повітря"
"606","Air Purifiers","Очищувачі повітря"
"607","Dehumidifiers","Зневоднювачі"
"7328","Duct Heaters","Обігрівачі для вентиляційних каналів"
"6727","Evaporative Coolers","Випаровувачі-охолоджувачі"
"608","Fans","Вентилятори"
"1700","Ceiling Fans","Вентилятори для стелі"
"2535","Desk & Pedestal Fans","Настільні та підставкові вентилятори"
"7527","Powered Hand Fans & Misters","Ручні вентилятори та розпилювачі з живленням від електромережі"
"4485","Ventilation Fans","Вентилятори для вентиляції"
"8090","Wall Mount Fans","Настінні вентилятори"
"3082","Furnaces & Boilers","Печі та котли"
"2060","Heating Radiators","Опалювальні радіатори"
"613","Humidifiers","Зволожувачі"
"6709","Outdoor Misting Systems","Вуличні системи туманоутворення"
"2649","Patio Heaters","Обігрівачі для відкритих терас"
"611","Space Heaters","Обігрівачі приміщень"
"235920","Floor & Carpet Dryers","Сушарки для підлоги та килимів"
"616","Floor & Steam Cleaners","Парові пилососи та мийки для підлоги"
"543601","Carpet Shampooers","Шампуні для килимів"
"543600","Carpet Steamers","Парові очищувачі для килимів"
"543602","Floor Scrubbers","Машини для миття підлоги"
"543603","Steam Mops","Парові швабри"
"5294","Floor Polishers & Buffers","Машини для полірування підлоги"
"4483","Futon Dryers","Сушарки для футонів"
"6741","Garage Door Keypads & Remotes","Клавіатури та пульти для гаражних дверей"
"609","Garage Door Openers","Відкривачі для гаражних дверей"
"2706","Laundry Appliances","Пральні прилади"
"2612","Dryers","Сушарки"
"5138","Garment Steamers","Парові праски для одягу"
"5139","Irons & Ironing Systems","Праски та системи прасування"
"2849","Laundry Combo Units","Комбіновані пральні машини"
"5140","Steam Presses","Парові преси"
"2549","Washing Machines","Пральні машини"
"500081","Ultrasonic Cleaners","Ультразвукові очищувачі"
"619","Vacuums","Пилососи"
"7121","Wallpaper Steamers","Пароочисники для шпалер"
"621","Water Heaters","Водонагрівачі"
"630","Household Supplies","Побутові товари"
"7351","Drawer & Shelf Liners","Вкладиші для шухляд та полиць"
"499674","Floor Protection Films & Runners","Плівка та килимки для захисту підлоги"
"7214","Furniture Floor Protectors","Захисники для підлоги від меблів"
"8522","Garage Floor Mats","Килимики для гаражного підлоги"
"2374","Garbage Bags","Мішки для сміття"
"623","Household Cleaning Supplies","Прилади та засоби для побутового прибирання"
"4671","Broom & Mop Handles","Ручки для мітел та швабр"
"499892","Broom Heads","Насадки для мітел"
"2857","Brooms","Мітли"
"6437","Buckets","Відра"
"4677","Carpet Sweepers","Щітки для чищення килимів"
"5113","Cleaning Gloves","Рукавички для прибирання"
"6263","Duster Refills","Запасні частини для пилососів"
"2250","Dusters","Пилоочисники"
"4515","Dustpans","Смітники"
"6419","Fabric & Upholstery Protectors","Засоби для захисту тканини та оббивки"
"4973","Household Cleaning Products","Побутові засоби для прибирання"
"7330","All-Purpose Cleaners","Універсальні засоби для прибирання"
"4974","Carpet Cleaners","Прилади для чищення килимів"
"500065","Descalers & Decalcifiers","Засоби для видалення накипу та вапна"
"4975","Dish Detergent & Soap","Миючі засоби та мило для посуду"
"7510","Dishwasher Cleaners","Засоби для чищення посудомийних машин"
"8043","Fabric & Upholstery Cleaners","Засоби для чищення тканини та оббивки"
"4977","Floor Cleaners","Засоби для чищення підлоги"
"5825","Furniture Cleaners & Polish","Засоби для чищення та полірування меблів"
"4976","Glass & Surface Cleaners","Засоби для чищення скла та поверхонь"
"543649","Glass Cleaners","Засоби для чищення скла"
"543650","Muti-surface Cleaners","Засоби для чищення різних поверхонь"
"6474","Household Disinfectants","Побутові дезінфекційні засоби"
"4978","Oven & Grill Cleaners","Засоби для чищення духовок та грилів"
"4979","Pet Odor & Stain Removers","Засоби від запаху та плям від домашніх тварин"
"7552","Rinse Aids","Засоби для полоскання"
"7426","Stainless Steel Cleaners & Polishes","Засоби для чищення та полірування нержавіючої сталі"
"4980","Toilet Bowl Cleaners","Засоби для чищення туалетних чаш"
"4981","Tub & Tile Cleaners","Засоби для чищення ванн та плитки"
"7462","Washing Machine Cleaners","Засоби для чищення пральних машин"
"6264","Mop Heads & Refills","Насадки та запасні частини для швабри"
"2713","Mops","Швабри"
"499767","Scrub Brush Heads & Refills","Головки та запасні частини для щіток-скребків"
"4670","Scrub Brushes","Щітки-скребки"
"8071","Shop Towels & General-Purpose Cleaning Cloths","Рушники для майстерні та універсальні тканини для прибирання"
"2796","Sponges & Scouring Pads","Губки та шкребки для миття"
"2610","Squeegees","Скребки"
"2530","Household Paper Products","Побутові паперові вироби"
"624","Facial Tissues","Серветки для обличчя"
"3846","Paper Napkins","Паперові серветки"
"2742","Paper Towels","Паперові рушники"
"629","Toilet Paper","Туалетний папір"
"3355","Household Thermometers","Побутові термометри"
"627","Laundry Supplies","Приладдя для прання"
"4982","Bleach","Відбілювачи"
"5704","Clothespins","Прищепки для білизни"
"7320","Dry Cleaning Kits","Набори для хімчистки"
"2677","Drying Racks & Hangers","Сушарки та вішалки"
"6240","Fabric Refreshers","Освіжувачі для тканини"
"5705","Fabric Shavers","Машинки для видалення катишків"
"2794","Fabric Softeners & Dryer Sheets","Засоби для зм'якшення тканини та аркуші для сушки"
"4657","Fabric Stain Removers","Засоби для видалення плям з тканини"
"6387","Fabric Starch","Крохмаль для тканини"
"7457","Garment Shields","Захисні накладки для одягу"
"499937","Iron Rests","Підставки для праски"
"4656","Ironing Board Pads & Covers","Підкладки та чохли для дошки для прасування"
"499931","Ironing Board Replacement Parts","Запасні частини для дошки для прасування"
"633","Ironing Boards","Дошки для прасування"
"5084","Laundry Balls","Кулі для прання"
"634","Laundry Baskets","Кошики для білизни"
"2754","Laundry Detergent","Пральний порошок"
"5085","Laundry Wash Bags & Frames","Мішки та рамки для прання"
"3080","Lint Rollers","Ролики для видалення ворсу"
"7502","Wrinkle Releasers & Anti-Static Sprays","Засоби проти зморшок та антистатичні спреї"
"7406","Moisture Absorbers","Поглиначі вологи"
"728","Pest Control","Засоби від шкідників"
"4220","Fly Swatters","Мухобійки"
"2631","Pest Control Traps","Пастки від шкідників"
"2869","Pesticides","Пестициди"
"2865","Repellents","Репеленти"
"7137","Animal & Pet Repellents","Засоби відлякування тварин та домашніх тварин"
"512","Household Insect Repellents","Побутові засоби від комах"
"3307","Rug Pads","Підкладки для килимів"
"628","Shoe Care & Tools","Засоби та інструменти для догляду за взуттям"
"5600","Boot Pulls","Витяжки для чобіт"
"2301","Shoe Bags","Сумки для взуття"
"1874","Shoe Brushes","Щітки для взуття"
"8033","Shoe Care Kits","Набори для догляду за взуттям"
"2371","Shoe Dryers","Сушарки для взуття"
"5601","Shoe Horns & Dressing Aids","Штифти для взуття та допоміжні засоби для одягання"
"8032","Shoe Polishers","Полірувальники для взуття"
"1659","Shoe Polishes & Waxes","Полірувальні засоби та воски для взуття"
"8031","Shoe Scrapers","Шкребки для взуття"
"5604","Shoe Treatments & Dyes","Засоби для догляду за взуттям та барвники"
"2431","Shoe Trees & Shapers","Блоки та формувачі для взуття"
"499885","Stair Treads","Сходинки сходів"
"636","Storage & Organization","Зберігання та організація"
"5558","Clothing & Closet Storage","Зберігання одягу та гардеробу"
"3722","Charging Valets","Стійки для зарядки"
"5714","Closet Organizers & Garment Racks","Органайзери для гардеробу та вішалки для одягу"
"5716","Clothes Valets","Вішалки-секретарі"
"631","Hangers","Вішалки"
"7514","Hat Boxes","Шкатулки для капелюхів"
"5559","Shoe Racks & Organizers","Стелажі та органайзери для взуття"
"5128","Flatware Chests","Шухляди для їдального прибору"
"8058","Household Drawer Organizer Inserts","Вставки-органайзери для побутових шухляд"
"3561","Household Storage Bags","Побутові сумки для зберігання"
"6986","Household Storage Caddies","Побутові кошики для зберігання"
"5631","Household Storage Containers","Побутові контейнери для зберігання"
"7255","Household Storage Drawers","Побутові шухляди для зберігання"
"4360","Photo Storage","Зберігання фотографій"
"40","Photo Albums","Фотоальбоми"
"4237","Photo Storage Boxes","Коробки для зберігання фотографій"
"2446","Storage Hooks & Racks","Гачки та стелажі для зберігання"
"499930","Ironing Board Hooks & Racks","Гачки та стійки для дошки для прасування"
"5494","Umbrella Stands & Racks","Підставки та стійки для парасольок"
"5707","Utility Hooks","Універсальні гачки"
"5056","Trash Compactor Accessories","Аксесуари для пресів для сміття"
"4516","Waste Containment","Зберігання відходів"
"500039","Dumpsters","Контейнери для сміття"
"5143","Hazardous Waste Containers","Контейнери для небезпечних відходів"
"4517","Recycling Containers","Контейнери для сортування відходів"
"637","Trash Cans & Wastebaskets","Смітники та кошики для сміття"
"6757","Waste Containment Accessories","Аксесуари для зберігання відходів"
"6765","Waste Container Carts","Візки для контейнерів з відходами"
"6726","Waste Container Enclosures","Огородження для контейнерів з відходами"
"500115","Waste Container Labels & Signs","Етикетки та знаки для контейнерів з відходами"
"4717","Waste Container Lids","Кришки для контейнерів з відходами"
"6758","Waste Container Wheels","Колеса для контейнерів з відходами"
"638","Kitchen & Dining","Кухня та їдальня"
"649","Barware","Барне приладдя"
"7075","Absinthe Fountains","Фонтани для абсенту"
"1817","Beer Dispensers & Taps","Диспенсери та крани для пива"
"7569","Beverage Chilling Cubes & Sticks","Кубики та палички для охолодження напоїв"
"505806","Beverage Tubs & Chillers","Ванни та охолоджувачі для напоїв"
"499990","Bottle Caps","Кришки для пляшок"
"4562","Bottle Stoppers & Savers","Затискачі та зберігачі для пляшок"
"7238","Coaster Holders","Підставки для кухольних подставок"
"2363","Coasters","Підставки для склянок"
"6957","Cocktail & Barware Tool Sets","Набори інструментів для коктейлів та барного приладдя"
"651","Cocktail Shakers & Tools","Шейкери та інструменти для коктейлів"
"4222","Bar Ice Picks","Льодяні шпажки для бару"
"3427","Bottle Openers","Відкривачки для пляшок"
"6956","Cocktail Shakers","Шейкери для коктейлів"
"505327","Cocktail Strainers","Сита для коктейлів"
"503757","Muddlers","Мадлери"
"2976","Corkscrews","Коркові штопори"
"650","Decanters","Декантери"
"7139","Foil Cutters","Ножі для фольги"
"4563","Wine Aerators","Аератори для вина"
"8493","Wine Bottle Holders","Тримачі для пляшок вина"
"7008","Wine Glass Charms","Прикраси для винних келихів"
"6070","Cookware & Bakeware","Посуд для приготування та випічки"
"640","Bakeware","Вироби для випічки"
"4764","Bakeware Sets","Набори для випічки"
"641","Baking & Cookie Sheets","Протвені та листи для печива"
"642","Bread Pans & Molds","Форми для випічки хліба"
"6756","Broiling Pans","Пательні для запікання"
"643","Cake Pans & Molds","Форми для випічки тортів"
"644","Muffin & Pastry Pans","Форми для мафінів та випічки"
"645","Pie & Quiche Pans","Форми для пирогів та кіш"
"2843","Pizza Pans","Пательні для піци"
"646","Pizza Stones","Камені для піци"
"647","Ramekins & Souffle Dishes","Рамекіни та форми для суфле"
"648","Roasting Pans","Жаровні сковорідки"
"4502","Bakeware Accessories","Аксесуари для випічки"
"4503","Baking Mats & Liners","Килимки та підкладки для випічки"
"7131","Baking Weights","Ваги для випічки"
"4726","Roasting Pan Racks","Стійки для жаровних сковорідок"
"654","Cookware","Посуд для приготування їжі"
"655","Casserole Dishes","Гусятниці"
"4721","Cookware Sets","Набори посуду"
"6838","Crêpe & Blini Pans","Сковороди для млинців та блінів"
"656","Double Boilers","Парові каструлі"
"657","Dutch Ovens","Голландські печі"
"6518","Fermentation & Pickling Crocks","Глеки для бродіння та квашення"
"658","Griddles & Grill Pans","Сковороди-гриль та плити для смаження"
"5110","Grill Presses","Преси для грилю"
"4459","Paella Pans","Пательні для паельї"
"660","Pressure Cookers & Canners","Скороварки та пристрої для консервування"
"661","Saucepans","Каструлі"
"4423","Sauté Pans","Пательні для соте"
"662","Skillets & Frying Pans","Сковороди та пательні"
"663","Stock Pots","Каструлі для варіння бульйону"
"659","Stovetop Kettles","Чайники для плити"
"5340","Tagines & Clay Cooking Pots","Таджини та глиняні горщики для приготування їжі"
"664","Woks","Воки"
"6071","Cookware & Bakeware Combo Sets","Набори посуду для приготування та випічки"
"4424","Cookware Accessories","Аксесуари для посуду"
"4661","Pot & Pan Handles","Ручки для каструль та сковорідок"
"4660","Pot & Pan Lids","Кришки для каструль та сковорідок"
"4501","Pressure Cooker & Canner Accessories","Аксесуари для скороварок та консервування"
"4529","Steamer Baskets","Кошики для пароварки"
"4427","Wok Accessories","Аксесуари для вока"
"4663","Wok Brushes","Щітки для вока"
"4662","Wok Rings","Кільця для вока"
"2920","Food & Beverage Carriers","Транспортувальні засоби для їжі та напоїв"
"4722","Airpots","Термоси для напоїв"
"3435","Canteens","Фляги"
"1017","Coolers","Охолоджувачі"
"4520","Drink Sleeves","Термоковзни для напоїв"
"4521","Can & Bottle Sleeves","Чохли для банок та пляшок"
"4522","Cup Sleeves","Терморукави для чашок"
"1444","Flasks","Фляжки"
"2507","Insulated Bags","Термосумки"
"669","Lunch Boxes & Totes","Ланч-бокси та термосумки"
"671","Picnic Baskets","Пікнічні кошики"
"5060","Replacement Drink Lids","Замінні кришки для напоїв"
"3800","Thermoses","Термоси"
"3809","Water Bottles","Пляшки для води"
"6449","Wine Carrier Bags","Сумки-транспортувальники для вина"
"2626","Food Storage","Зберігання їжі"
"3337","Bread Boxes & Bags","Хлібниці та пакети для хліба"
"6534","Candy Buckets","Відра для цукерок"
"2644","Cookie Jars","Банки для печива"
"6481","Food Container Covers","Кришки для їжі"
"3591","Food Storage Bags","Пакети для зберігання їжі"
"667","Food Storage Containers","Контейнери для зберігання їжі"
"3110","Food Wraps","Пакувальна плівка для їжі"
"1496","Foil","Фольга"
"5642","Parchment Paper","Папір для випічки"
"3750","Plastic Wrap","Пластикова плівка"
"3956","Wax Paper","Папір для воскування"
"5134","Honey Jars","Банки для меду"
"6478","Food Storage Accessories","Аксесуари для зберігання їжі"
"499924","Food & Beverage Labels","Етикетки для їжі та напоїв"
"8039","Food Wrap Dispensers","Диспенсери для пакувальної плівки"
"6479","Oxygen Absorbers","Абсорбери кисню"
"5837","Twist Ties & Bag Clips","Крутки для зв'язування та кліпси для пакетів"
"2901","Kitchen Appliance Accessories","Аксесуари для кухонної техніки"
"3489","Breadmaker Accessories","Аксесуари для хлібопічок"
"3988","Coffee Maker & Espresso Machine Accessories","Аксесуари для кавоварок та еспресо-машин"
"6888","Coffee Decanter Warmers","Підігрівачі для кавових графінів"
"3239","Coffee Decanters","Кавові графіни"
"4500","Coffee Filter Baskets","Кошики для кавових фільтрів"
"3450","Coffee Filters","Фільтри для кави"
"4786","Coffee Grinder Accessories","Аксесуари для кавомолок"
"734","Coffee Grinders","Кавомолки"
"503736","Coffee Maker & Espresso Machine Replacement Parts","Запчастини для кавоварок та еспресо-машин"
"5065","Coffee Maker Water Filters","Водяні фільтри для кавоварок"
"5066","Frothing Pitchers","Кувшини для пінки"
"3838","Portafilters","Портафільтри"
"500004","Cooktop, Oven & Range Accessories","Аксесуари для плит, духовок та діапазонів"
"5076","Cotton Candy Machine Accessories","Аксесуари для машинки для виготовлення цукрової вати"
"3954","Deep Fryer Accessories","Аксесуари для фритюрниці"
"3443","Dishwasher Parts & Accessories","Запчастини та аксесуари для посудомийних машин"
"500066","Electric Kettle Accessories","Аксесуари для електричних чайників"
"7355","Electric Skillet & Wok Accessories","Аксесуари для електричних сковорідок та воків"
"6944","Fondue Set Accessories","Аксесуари для наборів фондю"
"503725","Cooking Gel Fuels","Гелеве паливо для приготування їжі"
"6945","Fondue Forks","Виделки для фондю"
"6946","Fondue Pot Stands","Підставки для горщиків фондю"
"4653","Food Dehydrator Accessories","Аксесуари для сушарок для їжі"
"4655","Food Dehydrator Sheets","Листи для сушарок для їжі"
"4654","Food Dehydrator Trays","Тарілки для сушарок для їжі"
"4763","Food Grinder Accessories","Аксесуари для м'ясорубок"
"505765","Food Mixer & Blender Accessories","Аксесуари для кухонних міксерів та блендерів"
"7570","Freezer Accessories","Аксесуари для морозильників"
"6747","Garbage Disposal Accessories","Аксесуари для утилізації сміття"
"4674","Ice Cream Maker Accessories","Аксесуари для машинки для морозива"
"4675","Ice Cream Maker Freezer Bowls","Миски-морозильники для машинки для морозива"
"5042","Ice Crusher & Shaver Accessories","Аксесуари для дробарок та бритв для льоду"
"7187","Ice Maker Accessories","Аксесуари для машинки для льоду"
"4519","Juicer Accessories","Аксесуари для соковижималок"
"1334","Microwave Oven Accessories","Аксесуари для мікрохвильових печей"
"3684","Outdoor Grill Accessories","Аксесуари для вуличного грилю"
"5694","Charcoal Briquettes","Брикети з деревного вугілля"
"7540","Charcoal Chimneys","Димарі для деревного вугілля"
"5670","Outdoor Grill Carts","Візки для вуличного грилю"
"3855","Outdoor Grill Covers","Чохли для вуличного грилю"
"3382","Outdoor Grill Racks & Toppers","Решітки та накладки для вуличного грилю"
"505667","Outdoor Grill Replacement Parts","Запасні частини для вуличного грилю"
"4560","Outdoor Grill Spits & Baskets","Вертела та кошики для вуличного грилю"
"5672","Outdoor Grilling Planks","Дошки для вуличного грилю"
"5671","Smoking Chips & Pellets","Чіпси та гранули для куріння"
"2540","Pasta Maker Accessories","Аксесуари для машинки для пасти"
"5075","Popcorn Maker Accessories","Аксесуари для машинки для попкорну"
"7006","Portable Cooking Stove Accessories","Аксесуари для переносної кухонної плити"
"8087","Range Hood Accessories","Аксесуари для витяжок"
"3848","Refrigerator Accessories","Аксесуари для холодильників"
"502989","Soda Maker Accessories","Аксесуари для приладу для приготування газованої води"
"8051","Steam Table Accessories","Аксесуари для парових столів"
"8052","Steam Table Pan Covers","Кришки для гастроємкостей парових столів"
"8053","Steam Table Pans","Гастроємкості для парових столів"
"7444","Toaster Accessories","Аксесуари для тостерів"
"3523","Vacuum Sealer Accessories","Аксесуари для вакуумних запайщиків"
"3124","Vacuum Sealer Bags","Пакети для вакуумних запайщиків"
"499996","Waffle Iron Accessories","Аксесуари для вафельниць"
"7118","Water Cooler Accessories","Аксесуари для водяних кулерів"
"7119","Water Cooler Bottles","Пляшки для водяного кулера"
"8106","Wine Fridge Accessories","Аксесуари для винних холодильників"
"5570","Yogurt Maker Accessories","Аксесуари для приладу для виготовлення йогурту"
"730","Kitchen Appliances","Кухонна техніка"
"5287","Beverage Warmers","Підігрівачі для напоїв"
"732","Breadmakers","Хлібопічки"
"5090","Chocolate Tempering Machines","Машини для темперування шоколаду"
"736","Coffee Makers & Espresso Machines","Кавоварки та еспресо-машини"
"1388","Drip Coffee Makers","Кавоварки з крапельним фільтром"
"1647","Electric & Stovetop Espresso Pots","Електричні та кавоварки для еспрессо"
"2422","Espresso Machines","Кавоварки для еспресо"
"1557","French Presses","Френч-преси"
"2247","Percolators","Перколятори"
"5286","Vacuum Coffee Makers","Вакуумні кавоварки"
"679","Cooktops","Варочні поверхні"
"3319","Cotton Candy Machines","Машинки для виготовлення цукрової вати"
"738","Deep Fryers","Фритюрниці"
"3181","Deli Slicers","Різачі для делікатесів"
"680","Dishwashers","Посудомийні машини"
"7165","Electric Griddles & Grills","Електричні сковороди та грилі"
"751","Electric Kettles","Електричні чайники"
"4421","Electric Skillets & Woks","Електричні сковорідки та воки"
"4720","Fondue Pots & Sets","Горщики для фондю та набори"
"4532","Food Cookers & Steamers","Кухонні плити та пароварки"
"739","Egg Cookers","Пристрої для варіння яєць"
"760","Food Steamers","Пароварки"
"757","Rice Cookers","Рисоварки"
"737","Slow Cookers","Повільноварки"
"6523","Thermal Cookers","Термічні кухонні прилади"
"6279","Water Ovens","Водяні печі"
"743","Food Dehydrators","Сушарки для продуктів"
"744","Food Grinders & Mills","М'ясорубки та млини для продуктів"
"505666","Food Mixers & Blenders","Кухонні міксери та блендери"
"687","Food Smokers","Коптильні для їжі"
"5103","Food Warmers","Прилади для підігріву їжі"
"6548","Chafing Dishes","Блюда для подачі гарячих страв"
"5349","Food Heat Lamps","Теплові лампи для продуктів"
"504633","Rice Keepers","Контейнери для рису"
"4292","Steam Tables","Парові столи"
"681","Freezers","Морозильники"
"5156","Frozen Drink Makers","Прилади для приготування заморожених напоїв"
"610","Garbage Disposals","Утилізатори відходів"
"6524","Gas Griddles","Газові скалети"
"6543","Hot Drink Makers","Прилади для приготування гарячих напоїв"
"747","Hot Plates","Електричні плитки"
"748","Ice Cream Makers","Машинки для морозива"
"749","Ice Crushers & Shavers","Дробарки та бритви для льоду"
"4161","Ice Makers","Машинки для льоду"
"750","Juicers","Соковижималки"
"752","Knife Sharpeners","Точила для ножів"
"753","Microwave Ovens","Мікрохвильові печі"
"3526","Milk Frothers & Steamers","Пінітелі та парові кавоварки для молока"
"4482","Mochi Makers","Прилади для приготування тістечок моті"
"2985","Outdoor Grills","Вуличні грилі"
"683","Ovens","Духовки"
"755","Pasta Makers","Машинки для пасти"
"756","Popcorn Makers","Машинки для попкорну"
"1015","Portable Cooking Stoves","Переносні кухонні плити"
"684","Range Hoods","Витяжки"
"685","Ranges","Плити"
"686","Refrigerators","Холодильники"
"4495","Roaster Ovens & Rotisseries","Ростерні духовки та вертелі"
"5577","Soda Makers","Прилади для приготування газованої води"
"5057","Soy Milk Makers","Прилади для виготовлення соєвого молока"
"4528","Tea Makers","Чайники"
"5289","Toasters & Grills","Тостери та грилі"
"761","Countertop & Toaster Ovens","Прилади для приготування їжі: міні-духовки та тостери"
"6819","Donut Makers","Машинки для виготовлення пончиків"
"5318","Muffin & Cupcake Makers","Прилади для випічки мафінів та кексів"
"6278","Pizza Makers & Ovens","Пристрої для виготовлення піци та печі"
"5291","Pizzelle Makers","Пристрої для виготовлення піццелле"
"6516","Pretzel Makers","Машинки для виробництва прецелів"
"759","Sandwich Makers","Тостери для сендвічів"
"762","Toasters","Тостери"
"5292","Tortilla & Flatbread Makers","Машинки для виготовлення тортильї та лавашу"
"764","Waffle Irons","Вафельниці"
"688","Trash Compactors","Преси для сміття"
"763","Vacuum Sealers","Вакуумні запайщики"
"3293","Water Coolers","Водяні кулери"
"765","Water Filters","Водяні фільтри"
"4539","Wine Fridges","Винні холодильники"
"766","Yogurt Makers","Прилади для виготовлення йогурту"
"668","Kitchen Tools & Utensils","Кухонні інструменти та приладдя"
"639","Aprons","Фартухи"
"3768","Baking Peels","Лопатки для випічки"
"3347","Basters","Шприци для заправки"
"3430","Basting Brushes","Кулінарні пензлики для заправки"
"7149","Beverage Dispensers","Диспенсери для напоїв"
"4630","Cake Decorating Supplies","Матеріали для декорування тортів"
"6408","Cake Servers","Лопатки для тортів"
"4247","Can Crushers","Дробарі для банок"
"733","Can Openers","Відкривачки для банок"
"5078","Carving Forks","Виделки для нарізання м'яса"
"6522","Channel Knives","Ножі для канавок"
"653","Colanders & Strainers","Друшляки та сита"
"4777","Condiment Dispensers","Дозатори для приправ"
"3850","Cookie Cutters","Формочки для печива"
"6342","Cookie Presses","Преси для печива"
"7331","Cooking Thermometer Accessories","Аксесуари для кулінарних термометрів"
"3091","Cooking Thermometers","Кулінарні термометри"
"3713","Cooking Timers","Таймери для приготування їжі"
"5928","Cooking Torches","Кулінарні горілки"
"3835","Cooling Racks","Решітки для охолодження"
"666","Cutting Boards","Дошки для різання"
"3268","Dish Racks & Drain Boards","Сушарки та піддони для посуду"
"6723","Dough Wheels","Ролики для тіста"
"6411","Electric Knife Accessories","Аксесуари для електричних ножів"
"6412","Electric Knife Replacement Blades","Запасні леза для електричних ножів"
"741","Electric Knives","Електричні ножі"
"5370","Flour Sifters","Сита для борошна"
"505316","Food & Drink Stencils","Трафарети для їжі та напоїв"
"3381","Food Crackers","Галети"
"3586","Lobster & Crab Crackers","Щипці для раків та крабів"
"3685","Nutcrackers","Горіхоколи"
"4214","Decorative Nutcrackers","Декоративні горіхоколи"
"3723","Food Dispensers","Дозатори для продуктів"
"3156","Food Graters & Zesters","Терки та щітки для продуктів"
"3521","Food Peelers & Corers","Очищувачі та видалювачі серцевини для продуктів"
"7329","Food Steaming Bags","Пакети для варіння на пару"
"6554","Food Sticks & Skewers","Палички та шампури для їжі"
"503005","Funnels","Лійки"
"3385","Garlic Presses","Преси для часнику"
"6787","Gelatin Molds","Форми для желатину"
"4746","Ice Cube Trays","Форми для льоду"
"7485","Jerky Guns","Преси для сушеної м'ясної закуски"
"665","Kitchen Knives","Кухонні ножі"
"8006","Kitchen Molds","Кухонні форми"
"2948","Kitchen Organizers","Кухонні органайзери"
"6480","Can Organizers","Органайзери для банок"
"3479","Drinkware Holders","Тримачі для посуду для напоїв"
"6487","Kitchen Cabinet Organizers","Органайзери для кухонних шаф"
"3177","Kitchen Counter & Beverage Station Organizers","Органайзери для кухонного столу та бару"
"8012","Kitchen Utensil Holders & Racks","Стійки та тримачі для кухонних приладдів"
"5157","Knife Blocks & Holders","Блоки та тримачі для ножів"
"3072","Napkin Holders & Dispensers","Підставки та диспенсери для серветок"
"3061","Paper Towel Holders & Dispensers","Тримачі та диспенсери для паперових рушників"
"3845","Pot Racks","Стелажі для горщиків"
"2344","Spice Organizers","Органайзери для спецій"
"5059","Straw Holders & Dispensers","Тримачі та диспенсери для соломинок"
"6415","Sugar Caddies","Цукерниці"
"4322","Toothpick Holders & Dispensers","Підставки та дозатори для зубочисток"
"3831","Utensil & Flatware Trays","Підноси для столових приборів та посуду"
"3256","Kitchen Scrapers","Кухонні шкребки"
"3419","Bench Scrapers","Скребки для верстака"
"3086","Bowl Scrapers","Шкребки для миски"
"3633","Grill Scrapers","Шкребки для грилю"
"5251","Kitchen Shears","Кухонні ножиці"
"3206","Kitchen Slicers","Кухонні різаки"
"4765","Kitchen Utensil Sets","Набори кухонних приладдів"
"3620","Ladles","Черпаки"
"3294","Mashers","Товкачі"
"3475","Measuring Cups & Spoons","Мірні чашки та ложки"
"3248","Meat Tenderizers","М'ясорубки"
"4530","Mixing Bowls","Миски для змішування"
"3999","Mortars & Pestles","Ступки та пестлі"
"6526","Oil & Vinegar Dispensers","Дозатори для олії та оцету"
"4771","Oven Bags","Мішки для запікання"
"670","Oven Mitts & Pot Holders","Рукавички для духовки та тримачі для каструль"
"6749","Pasta Molds & Stamps","Форми та штампи для пасти"
"4332","Pastry Blenders","Блендери для тіста"
"4708","Pastry Cloths","Серветки для випічки"
"7365","Pizza Cutter Accessories","Аксесуари для різака для піци"
"3421","Pizza Cutters","Різаки для піци"
"5109","Ricers","Преси для картоплі"
"4705","Rolling Pin Accessories","Аксесуари для валика для тіста"
"4706","Rolling Pin Covers & Sleeves","Чохли та накладки для валика для тіста"
"4707","Rolling Pin Rings","Кільця для валика для тіста"
"3467","Rolling Pins","Валики для тіста"
"6497","Salad Dressing Mixers & Shakers","Міксери та шейкери для заправки до салату"
"3914","Salad Spinners","Сушарки для салату"
"3175","Scoops","Лопатки"
"3202","Ice Cream Scoops","Ложки для морозива"
"3708","Ice Scoops","Лопатки для льоду"
"3258","Melon Ballers","Ложки для дині"
"502966","Popcorn & French Fry Scoops","Лопатки для попкорну та картоплі фрі"
"6746","Sink Caddies","Органайзери для раковини"
"5080","Sink Mats & Grids","Килимки та решітки для раковини"
"6388","Slotted Spoons","Ложки з отворами"
"3196","Spatulas","Шпателі"
"4788","Spice Grinder Accessories","Аксесуари для млинків для спецій"
"4762","Spice Grinders","Млинки для спецій"
"4334","Spoon Rests","Підставки для ложок"
"6974","Sugar Dispensers","Дозатори для цукру"
"7247","Sushi Mats","Килимки для суші"
"4559","Tea Strainers","Чайні ситечка"
"4005","Tongs","Щипці"
"3597","Whisks","Віники для збивання"
"8161","Prefabricated Kitchens & Kitchenettes","Збірні кухні та міні-кухні"
"672","Tableware","Посуд"
"6740","Coffee & Tea Sets","Набори для кави та чаю"
"652","Coffee Servers & Tea Pots","Кавники та чайники"
"673","Dinnerware","Посуд для вечері"
"3498","Bowls","Миски"
"5537","Dinnerware Sets","Набори посуду для вечері"
"3553","Plates","Тарілки"
"674","Drinkware","Посуд для напоїв"
"7568","Beer Glasses","Пивні склянки"
"6049","Coffee & Tea Cups","Кавові та чайні чашки"
"6051","Coffee & Tea Saucers","Блюдця для кави та чаю"
"6958","Drinkware Sets","Набори посуду для напоїв"
"2169","Mugs","Кружки"
"2694","Shot Glasses","Стопки"
"2712","Stemware","Винні келихи"
"2951","Tumblers","Тамблери"
"675","Flatware","Їдальний прибір"
"6439","Chopstick Accessories","Аксесуари для паличок для їжі"
"3699","Chopsticks","Палички для їжі"
"5647","Flatware Sets","Набори їдального прибору"
"4015","Forks","Виделки"
"3939","Spoons","Ложки"
"3844","Table Knives","Столові ножі"
"676","Salt & Pepper Shakers","Солонки та перечниці"
"4026","Serveware","Посуд для подачі страв"
"6086","Butter Dishes","Масляниці"
"5135","Cake Boards","Підкладки для тортів"
"4372","Cake Stands","Підставки для тортів"
"7550","Egg Cups","Підставки для яєць"
"3703","Gravy Boats","Соусники"
"4735","Punch Bowls","Чаші для пуншу"
"3330","Serving Pitchers & Carafes","Кувшини та графіни для подачі"
"3802","Serving Platters","Підноси для подачі страв"
"4009","Serving Trays","Сервірувальні підноси"
"3373","Sugar Bowls & Creamers","Цукерниці та молочники"
"3941","Tureens","Супниці"
"6425","Serveware Accessories","Аксесуари для посуду для подачі страв"
"6434","Punch Bowl Stands","Підставки для пуншу"
"6427","Tureen Lids","Кришки для супниць"
"6426","Tureen Stands","Підставки для супниць"
"8046","Tablecloth Clips & Weights","Зажими та ваги для скатертини"
"677","Trivets","Підставки під гаряче"
"689","Lawn & Garden","Газон та сад"
"2962","Gardening","Садівництво"
"4085","Composting","Компостування"
"690","Compost","Компост"
"6840","Compost Aerators","Аератори для компосту"
"6436","Composters","Компостери"
"691","Disease Control","Контроль за хворобами"
"113","Fertilizers","Добрива"
"500033","Garden Pot Saucers & Trays","Піддони та тарілки для садових горщиків"
"5632","Gardening Accessories","Аксесуари для садівництва"
"503756","Gardening Scooters, Seats & Kneelers","Садові скутери, сидіння та колінники"
"5633","Gardening Totes","Сумки для садівництва"
"7184","Potting Benches","Садові столи для розсади"
"505326","Gardening Tool Accessories","Аксесуари для садового інструменту"
"505322","Gardening Tool Handles","Ручки для садового інструменту"
"505321","Gardening Tool Heads","Робочі частини садового інструменту"
"4972","Wheelbarrow Parts","Деталі для тачок"
"3173","Gardening Tools","Садовий інструмент"
"7537","Bulb Planting Tools","Інструменти для посадки цибулин"
"4000","Cultivating Tools","Інструменти для обробки ґрунту"
"3071","Gardening Forks","Садові вила"
"505292","Gardening Sickles & Machetes","Садові серпи та мачете"
"3644","Gardening Trowels","Садові лопатки"
"1967","Lawn & Garden Sprayers","Розпилювачі для газону та саду"
"499922","Lawn Rollers","Газонні валики"
"6967","Pruning Saws","Обрізувальні пили"
"3841","Pruning Shears","Обрізувальні ножиці"
"3388","Rakes","Граблі"
"2147","Shovels & Spades","Лопати та саперки"
"3828","Spreaders","Розкидачі"
"3616","Wheelbarrows","Тачки"
"693","Greenhouses","Теплиці"
"3103","Herbicides","Гербіциди"
"6381","Landscape Fabric","Тканина для ландшафтного дизайну"
"6413","Landscape Fabric Accessories","Аксесуари для тканини для ландшафтного дизайну"
"6422","Landscape Fabric Staples & Pins","Скоби та шпильки для тканини для ландшафтного дизайну"
"6421","Landscape Fabric Tape","Стрічка для тканини для ландшафтного дизайну"
"2988","Mulch","Мульча"
"499894","Plant Cages & Supports","Підтримки та клітки для рослин"
"6428","Plant Stands","Підставки для рослин"
"499962","Pot & Planter Liners","Підкладки для горщиків та вазонів"
"721","Pots & Planters","Горщики та вазони"
"6834","Rain Barrels","Бочки для дощової води"
"1794","Sands & Soils","Піски та ґрунти"
"543677","Sand","Пісок"
"543678","Soil","Ґрунт"
"2918","Outdoor Living","Вуличне життя"
"499908","Awning Accessories","Аксесуари для тентів"
"499907","Awnings","Тенти"
"6737","Hammock Parts & Accessories","Деталі та аксесуари для гамаків"
"717","Hammocks","Гамаки"
"5910","Outdoor Blankets","Пледи для вулиці"
"5911","Beach Mats","Пляжні мати"
"5913","Picnic Blankets","Пледи для пікніка"
"5912","Poncho Liners","Підкладки для пончо"
"2613","Outdoor Structures","Вуличні споруди"
"716","Canopies & Gazebos","Навіси та альтанки"
"6105","Canopy & Gazebo Accessories","Аксесуари для навісів та альтанок"
"6107","Canopy & Gazebo Enclosure Kits","Набори для облаштування навісів та альтанок"
"6106","Canopy & Gazebo Frames","Каркаси для навісів та альтанок"
"6108","Canopy & Gazebo Tops","Верхи для навісів та альтанок"
"7423","Canopy Poles","Стовпи для навісів"
"7424","Canopy Weights","Вантаж-баласт для навісів"
"703","Garden Arches, Trellises, Arbors & Pergolas","Садові арки, шпалери, альтанки та перголи"
"700","Garden Bridges","Садові мостики"
"720","Sheds, Garages & Carports","Сарай, гаражі та навіси"
"6751","Outdoor Umbrella & Sunshade Accessories","Аксесуари для садових парасоль і сонцезахисних відбивачів"
"7108","Outdoor Umbrella & Sunshade Fabric","Тканина для садових парасоль і сонцезахисних відбивачів"
"5493","Outdoor Umbrella Bases","Основи для садових парасоль"
"7107","Outdoor Umbrella Covers","Чохли для садових парасоль"
"499948","Outdoor Umbrella Enclosure Kits","Набори для облаштування садових парасоль"
"8020","Outdoor Umbrella Lights","Освітлення для садових парасоль"
"719","Outdoor Umbrellas & Sunshades","Садові парасолі та сонцезахисні відбивачі"
"499955","Porch Swing Accessories","Аксесуари для гойдалок на веранді"
"718","Porch Swings","Гойдалки на веранді"
"3798","Outdoor Power Equipment","Вуличне енергетичне обладнання"
"3610","Chainsaws","Бензопили"
"2218","Grass Edgers","Газонні Тримери"
"3120","Hedge Trimmers","Триммери для живоплоту"
"500034","Lawn Aerators & Dethatchers","Аератори та детатчери для газону"
"694","Lawn Mowers","Газонокосарки"
"3311","Riding Mowers","Трактори для газону"
"6788","Robotic Mowers","Роботизовані газонокосарки"
"6258","Tow-Behind Mowers","Травокосарки з тягачем"
"3730","Walk-Behind Mowers","Газонокосарки з ручним керуванням"
"6789","Lawn Vacuums","Газонні пилососи"
"3340","Leaf Blowers","Дмухавки для листя"
"7332","Outdoor Power Equipment Base Units","Базові одиниці вуличного енергетичного обладнання"
"7245","Outdoor Power Equipment Sets","Набори вуличного енергетичного обладнання"
"500016","Power Sweepers","Підмітально-прибиральні машини"
"2204","Power Tillers & Cultivators","Мотокультиватори та культиватори"
"1226","Pressure Washers","Високотискові мийки"
"1541","Snow Blowers","Снігові пухирі"
"5866","Tractors","Трактори"
"1223","Weed Trimmers","Тримери для бур'яну"
"4564","Outdoor Power Equipment Accessories","Аксесуари для обладнання зовнішнього використання"
"4565","Chainsaw Accessories","Аксесуари для бензопил"
"4647","Chainsaw Bars","Пильні шини для бензопил"
"4646","Chainsaw Chains","Ланцюги для бензопил"
"7563","Grass Edger Accessories","Аксесуари для газонних тримерів"
"7265","Hedge Trimmer Accessories","Аксесуари для триммера для живоплоту"
"4566","Lawn Mower Accessories","Аксесуари для газонокосарок"
"6542","Brush Mower Attachments","Насадки для косарки-тримера"
"4645","Lawn Mower Bags","Сумки для газонокосарок"
"4643","Lawn Mower Belts","Ремені для газонокосарок"
"4641","Lawn Mower Blades","Леза для газонокосарок"
"4642","Lawn Mower Covers","Чохли для газонокосарок"
"499923","Lawn Mower Mulch Kits","Комплекти для мульчування газонокосарками"
"499960","Lawn Mower Mulch Plugs & Plates","Заглушки та пластини для мульчування газонокосарками"
"4644","Lawn Mower Pulleys & Idlers","Ролики та вільні колеса для газонокосарок"
"499872","Lawn Mower Tire Tubes","Камери для шин газонокосарок"
"6095","Lawn Mower Tires","Шини для газонокосарок"
"6094","Lawn Mower Wheels","Колеса для газонокосарок"
"499921","Lawn Striping Kits","Набори для створення смуг на газоні"
"6541","Lawn Sweepers","Газонні граблі"
"7168","Leaf Blower Accessories","Аксесуари для дмухавок для листя"
"7171","Leaf Blower Tubes","Труби для дмухавок для листя"
"8485","Multifunction Outdoor Power Equipment Attachments","Багатофункціональні насадки для садової техніки"
"7564","Grass Edger Attachments","Насадки для газонних тримерів"
"8487","Ground & Leaf Blower Attachments","Насадки для очищення поверхні та видалення листя."
"7334","Hedge Trimmer Attachments","Насадки для триммера для живоплоту"
"8489","Pole Saw Attachments","Насадки-пилки для шеста"
"8488","Tiller & Cultivator Attachments","Насадки для мотоблока та культиватора"
"7335","Weed Trimmer Attachments","Насадки для тримерів"
"7333","Outdoor Power Equipment Batteries","Батареї для вуличного енергетичного обладнання"
"6328","Pressure Washer Accessories","Аксесуари для високотискових мийок"
"4567","Snow Blower Accessories","Аксесуари для снігових пухирів"
"5867","Tractor Parts & Accessories","Запчастини та аксесуари для тракторів"
"499880","Tractor Tires","Шини для тракторів"
"499881","Tractor Wheels","Колеса для тракторів"
"7169","Weed Trimmer Accessories","Аксесуари для тримерів"
"7170","Weed Trimmer Blades & Spools","Леза та шпулі для тримерів"
"8034","Weed Trimmer Spool Covers","Кришки шпулі для тримерів"
"5362","Snow Removal","Видалення снігу"
"5364","Ice Scrapers & Snow Brushes","Скребки для льоду та снігові щітки"
"5363","Snow Shovels","Снігові лопати"
"3568","Watering & Irrigation","Зрошення та ірригація"
"4718","Garden Hose Fittings & Valves","Фітинги та клапани для садових шлангів"
"4201","Garden Hose Spray Nozzles","Розпилювачі для садових шлангів"
"2313","Garden Hoses","Садові шланги"
"3780","Sprinkler Accessories","Аксесуари для спринклерів"
"1302","Sprinkler Controls","Керування спринклерами"
"3491","Sprinkler Valves","Клапани для спринклерів"
"7561","Sprinklers & Sprinkler Heads","Спринклери та головки спринклерів"
"505814","Watering Can Accesssories","Аксесуари для лейки"
"6318","Watering Cans","Лейки"
"230912","Watering Globes & Spikes","Кулі та шипи для зрошення"
"594","Lighting","Освітлення"
"1436","Emergency Lighting","Освітлення для надзвичайних ситуацій"
"500003","Floating & Submersible Lights","Плаваючі та занурювані ліхтарики"
"1546","Flood & Spot Lights","Прожектори та точкові ліхтарі"
"7401","In-Ground Lights","Закопані світлові прилади"
"4636","Lamps","Лампи"
"7400","Landscape Pathway Lighting","Освітлення ландшафтних доріжок"
"2425","Light Bulbs","Лампочки"
"2947","Compact Fluorescent Lamps","Компактні люмінесцентні лампи"
"2690","Fluorescent Tubes","Флуоресцентні трубки"
"2944","Incandescent Light Bulbs","Розжарювальні лампи"
"3329","LED Light Bulbs","LED лампочки"
"2608","Light Ropes & Strings","Світлові мотузки та стрічки"
"3006","Lighting Fixtures","Світильники"
"2809","Cabinet Light Fixtures","Світлові прилади для шаф"
"2524","Ceiling Light Fixtures","Світильники для стелі"
"2249","Chandeliers","Люстри"
"6073","Wall Light Fixtures","Настінні світильники"
"505826","Night Lights & Ambient Lighting","Нічники та атмосферне освітлення"
"2370","Picture Lights","Світло для картин"
"7399","Tiki Torches & Oil Lamps","Тікі-ліхтарі та нафтові лампи"
"6274","Track Lighting","Рейкове освітлення"
"6272","Track Lighting Accessories","Аксесуари для рейкового освітлення"
"4932","Track Lighting Fixtures","Світильники для рейкового освітлення"
"6273","Track Lighting Rails","Рейки для рейкового освітлення"
"2956","Lighting Accessories","Аксесуари для освітлення"
"7338","Lamp Post Bases","Основи для ліхтарних стовпів"
"7447","Lamp Post Mounts","Кріплення для ліхтарних стовпів"
"3185","Lamp Shades","Абажури"
"3522","Lighting Timers","Таймери для освітлення"
"505312","Oil Lamp Fuel","Паливо для нафтових ламп"
"4171","Linens & Bedding","Постільна білизна та текстиль"
"569","Bedding","Постільна білизна"
"505803","Bed Canopies","Балдахіни для ліжка"
"2314","Bed Sheets","Простирадла"
"2974","Bedskirts","Спідниці для ліжка"
"1985","Blankets","Ковдри"
"2541","Duvet Covers","Покривала для дюймовочок"
"4452","Mattress Protectors","Захисні чохли для матраців"
"4420","Mattress Encasements","Наматрацники"
"2991","Mattress Pads","Матрацні підкладки"
"1599","Nap Mats","Килимки для відпочинку"
"2927","Pillowcases & Shams","Наволочки та покривала"
"2700","Pillows","Подушки"
"505287","Quilts & Comforters","Покривала та ковдри"
"505832","Kitchen Linens Sets","Комплекти кухонного текстилю"
"601","Table Linens","Столові скатертини"
"4203","Cloth Napkins","Тканинні серветки"
"4343","Doilies","Ажурні серветки (дойли)"
"2547","Placemats","Підкладки для столового прибору"
"6325","Table Runners","Декоративні бігунці для столу"
"6322","Table Skirts","Скатертини-фартухи для столу"
"4143","Tablecloths","Скатертини"
"4077","Towels","Рушники"
"576","Bath Towels & Washcloths","Рушники та ганчірки для ванної"
"4126","Beach Towels","Пляжні рушники"
"4257","Kitchen Towels","Кухонні рушники"
"4358","Parasols & Rain Umbrellas","Парасольки та дощові парасольки"
"985","Plants","Рослини"
"5590","Aquatic Plants","Водні рослини"
"984","Flowers","Квіти"
"6762","Indoor & Outdoor Plants","Кімнатні та вуличні рослини"
"543559","Bushes & Shrubs","Кущі та чагарники"
"543560","Landscaping & Garden Plants","Ландшафтний дизайн та садові рослини"
"543558","Potted Houseplants","Кімнатні рослини в горщиках"
"505285","Plant & Herb Growing Kits","Набори для вирощування рослин та трав"
"2802","Seeds","Насіння"
"543561","Plant & Flower Bulbs","Цибулини рослин та квітів"
"543562","Seeds & Seed Tape","Насіння та стрічка з насінням"
"1684","Trees","Дерева"
"729","Pool & Spa","Басейни та спа"
"2832","Pool & Spa Accessories","Аксесуари для басейнів та спа"
"2939","Diving Boards","Трампліни для стрибків у воду"
"500042","Pool & Spa Chlorine Generators","Генератори хлору для басейнів та спа"
"2981","Pool & Spa Filters","Фільтри для басейнів та спа"
"505815","Pool & Spa Maintenance Kits","Комплекти для обслуговування басейнів та спа"
"6996","Pool Brushes & Brooms","Щітки та віники для басейну"
"6771","Pool Cleaner Hoses","Шланги для очищення басейну"
"3017","Pool Cleaners & Chemicals","Засоби та хімікати для очищення басейну"
"500050","Pool Cover Accessories","Аксесуари для накриття басейну"
"2994","Pool Covers & Ground Cloths","Накриття для басейнів та підлогові покриття"
"7496","Pool Deck Kits","Комплекти для терас біля басейну"
"2860","Pool Floats & Loungers","Надувні матраци та шезлонги для басейну"
"5654","Pool Heaters","Нагрівачі для басейну"
"6766","Pool Ladders, Steps & Ramps","Драбини, сходинки та пандуси для басейну"
"503751","Pool Liners","Підкладки для басейнів"
"2755","Pool Skimmers","Сачки для басейну"
"2997","Pool Sweeps & Vacuums","Прибиральні машини та пилососи для басейну"
"2672","Pool Toys","Іграшки для басейну"
"5546","Pool Water Slides","Водні гірки для басейну"
"543687","Sauna Accessories","Аксесуари для сауни"
"543633","Sauna Buckets & Ladles","Відра та черпаки для сауни"
"543632","Sauna Heaters","Печі для сауни"
"543631","Sauna Kits","Комплекти для сауни"
"3992","Saunas","Сауни"
"2982","Spas","Спа"
"2810","Swimming Pools","Басейни"
"600","Smoking Accessories","Аксесуари для куріння"
"4082","Ashtrays","Попільнички"
"6882","Cigar Cases","Футляри для сигар"
"6879","Cigar Cutters & Punches","Ножі та проколювачі для сигар"
"6881","Cigarette Cases","Футляри для сигарет"
"500007","Cigarette Holders","Мундштуки для сигарет"
"6880","Humidor Accessories","Аксесуари для гумідорів"
"6878","Humidors","Гумідори"
"6173","Umbrella Sleeves & Cases","Чохли та футляри для парасольок"
"2639","Wood Stoves","Дров'яні печі"
"5181","Luggage & Bags","Багаж та сумки"
"100","Backpacks","Рюкзаки"
"101","Briefcases","Делові сумки"
"108","Cosmetic & Toiletry Bags","Косметички та сумки для туалетних приналежностей"
"549","Diaper Bags","Сумки для підгузків"
"502974","Dry Boxes","Сухі коробки"
"103","Duffel Bags","Сумки-дюффели"
"104","Fanny Packs","Сумки-бананки"
"105","Garment Bags","Сумки для одягу"
"110","Luggage Accessories","Аксесуари для багажу"
"503014","Dry Box Liners & Inserts","Підкладки та вставки для сухих коробок"
"7521","Luggage Covers","Чохли для багажу"
"499691","Luggage Racks & Stands","Стійки та підставки для багажу"
"5652","Luggage Straps","Ремені для багажу"
"5651","Luggage Tags","Бирки для багажу"
"5620","Packing Organizers","Органайзери для пакування"
"6919","Travel Bottles & Containers","Пляшки та контейнери для подорожей"
"5650","Travel Pouches","Подорожні кишені"
"106","Messenger Bags","Сумки-месенджери"
"5608","Shopping Totes","Сумки для покупок"
"107","Suitcases","Валізи"
"6553","Train Cases","Кейси для поїздів"
"772","Mature","Для дорослих"
"773","Erotic","Еротика"
"779","Erotic Books","Еротичні книги"
"774","Erotic Clothing","Еротичний одяг"
"776","Erotic DVDs & Videos","Еротичні DVD та відео"
"5055","Erotic Food & Edibles","Еротичні продукти та їстівні товари"
"6040","Erotic Games","Еротичні ігри"
"4060","Erotic Magazines","Еротичні журнали"
"6536","Pole Dancing Kits","Набори для танців на пілоні"
"778","Sex Toys","Секс-іграшки"
"780","Weapons","Зброя"
"3833","Brass Knuckles","Кастети"
"7567","Clubs & Batons","Булави та дубинки"
"6109","Combat Knives","Бойові ножі"
"2214","Gun Care & Accessories","Догляд за зброєю та аксесуари"
"781","Ammunition","Боєприпаси"
"505762","Ammunition Cases & Holders","Кейси та тримачі для боєприпасів"
"500048","Gun Cases & Range Bags","Кейси та сумки для зброї"
"503021","Gun Cleaning","Чищення зброї"
"499855","Gun Cleaning Cloths & Swabs","Ганчірки та тампони для чищення зброї"
"499856","Gun Cleaning Patches","Патчі для чищення зброї"
"499854","Gun Cleaning Solvents","Розчинники для чищення зброї"
"1806","Gun Grips","Рукоятки зброї"
"1783","Gun Holsters","Піхви для зброї"
"5067","Gun Lights","Ліхтарики для зброї"
"1822","Gun Rails","Направляючі для зброї"
"499853","Gun Slings","Ремені для зброї"
"503026","Reloading Supplies & Equipment","Прилади та обладнання для перезарядки"
"499857","Ammunition Reloading Presses","Преси для перезаряджання боєприпасів"
"782","Guns","Вогнепальна зброя"
"726","Mace & Pepper Spray","Газові балончики та перцевий спрей"
"3092","Nunchucks","Нунчаки"
"7175","Spears","Списи"
"3924","Staff & Stick Weapons","Посохи та паличкова зброя"
"727","Stun Guns & Tasers","Електрошокери та тазери"
"3666","Swords","Мечі"
"3694","Throwing Stars","Метальні зірки"
"3437","Whips","Кнути"
"783","Media","Медіа"
"784","Books","Книги"
"543541","Audiobooks","Аудіокниги"
"543542","E-books","Електронні книги"
"543543","Print Books","Друковані книги"
"499995","Carpentry & Woodworking Project Plans","Плани столярних та деревообробних проектів"
"839","DVDs & Videos","DVD та відео"
"543527","Film & Television DVDs","DVD з фільмами та телепрограмами"
"543529","Film & Television Digital Downloads","Цифрові завантаження фільмів та телепрограм"
"543528","Film & Television VHS Tapes","Відеокасети VHS з фільмами та телепрограмами"
"886","Magazines & Newspapers","Журнали та газети"
"543539","Magazines","Журнали"
"543540","Newspapers","Газети"
"855","Music & Sound Recordings","Музичні та звукові записи"
"543526","Digital Music Downloads","Завантаження цифрової музики"
"543522","Music CDs","Музичні CD"
"543524","Music Cassette Tapes","Музичні касети"
"543523","Records & LPs","Платівки та LP"
"543525","Spoken Word & Field Recordings","Аудіозаписи розмовного жанру та полеві записи"
"5037","Product Manuals","Інструкції до товарів"
"499821","Camera & Optics Manuals","Інструкції до камер та оптики"
"5038","Electronics Manuals","Інструкції до електроніки"
"5861","Exercise & Fitness Equipment Manuals","Інструкції до обладнання для фітнесу та тренувань"
"5039","Household Appliance Manuals","Інструкції до побутових приладів"
"5040","Kitchen Appliance Manuals","Інструкції до кухонної техніки"
"5860","Model & Toys Manuals","Інструкції до моделей та іграшок"
"499866","Office Supply Manuals","Інструкції до канцелярських товарів"
"7516","Power Tool & Equipment Manuals","Посібники з експлуатації електроінструментів та обладнання"
"5041","Vehicle Service Manuals","Сервісні інструкції для автомобілів"
"887","Sheet Music","Ноти"
"922","Office Supplies","Офісні товари"
"6174","Book Accessories","Аксесуари для книг"
"6176","Book Covers","Обкладинки для книг"
"4941","Book Lights","Світлодіодні лампи для книг"
"6175","Book Stands & Rests","Підставки та упори для книг"
"93","Bookmarks","Закладки для книг"
"8078","Desk Pads & Blotters","Підкладки та блютери для столу"
"923","Filing & Organization","Систематизація та організація"
"5997","Address Books","Адресні книжки"
"4312","Binding Supplies","Матеріали для переплету"
"4086","Binder Accessories","Аксесуари для папок"
"4212","Binder Rings","Кільця для папок"
"4183","Index Dividers","Розділювачі індексів"
"2139","Sheet Protectors","Захисні покривала для аркушів"
"4303","Binders","Папки-реєстратори"
"4182","Binding Combs & Spines","Обкладинки та спайки для переплету"
"7080","Binding Machines","Машини для переплету"
"6190","Business Card Books","Книги для візиток"
"6171","Business Card Stands","Підставки для візиток"
"926","CD/DVD Cases & Organizers","Кейси та органайзери для CD/DVD"
"927","Calendars, Organizers & Planners","Календарі, органайзери та планувальники"
"5531","Card Files","Картотеки"
"6177","Card Sleeves","Обкладинки для карток"
"928","Cash Boxes","Касові ящики"
"939","Desk Organizers","Органайзери для столу"
"925","File Boxes","Коробки для документів"
"930","File Folders","Папки для документів"
"6884","Folders & Report Covers","Папки та обкладинки для звітів"
"543663","Pocket Folders","Папки-конверти"
"543662","Report Covers","Обкладинки для звітів"
"5070","Greeting Card Organizers","Органайзери для вітальних карток"
"6962","Mail Sorters","Поштові сортувальники"
"3062","Pen & Pencil Cases","Пенали для ручок і олівців"
"6885","Portfolios & Padfolios","Портфелі та папки-органайзери"
"543641","Padfolios","Папки-портфоліо"
"543640","Portfolios","Портфелі"
"6779","Recipe Card Boxes","Картотеки для рецептів"
"932","General Office Supplies","Загальні офісні приладдя"
"6319","Brass Fasteners","Латунні кріплення"
"2591","Correction Fluids, Pens & Tapes","Коригувальні рідини, ручки та стрічки"
"543618","Correction Fluids","Коригувальні рідини"
"543620","Correction Pens","Коригувальні ручки"
"543619","Correction Tapes","Коригувальні стрічки"
"938","Erasers","Гумки для стирання"
"960","Labels & Tags","Етикетки та бирки"
"4377","Address Labels","Адресні етикетки"
"4154","Folder Tabs","Вкладки для папок"
"4137","Label Clips","Кліпси для етикеток"
"5502","Label Tapes & Refill Rolls","Стрічки для етикеток та запасні рулони"
"4200","Shipping Labels","Етикетки для відправки"
"4117","Shipping Tags","Теги для відправки"
"8015","Laminating Film, Pouches & Sheets","Ламінувальна плівка, кишені та аркуші"
"505805","Mounting Putty","Монтажна липка маса"
"934","Office Tape","Офісна стрічка"
"936","Paper Clips & Clamps","Кліпси та затискачі для паперу"
"543676","Binder Clips","Кліпси для папок"
"543675","Paper Clips","Кліпси для паперу"
"956","Paper Products","Паперові вироби"
"2658","Binder Paper","Папір для папок"
"5264","Blank ID Cards","Пусті ID-картки"
"957","Business Cards","Візитки"
"5918","Business Forms & Receipts","Бізнес-форми та квитанції"
"6930","Checks","Чеки"
"1513","Cover Paper","Обкладинковий папір"
"958","Envelopes","Конверти"
"959","Index Cards","Індексні картки"
"961","Notebooks & Notepads","Зошити та блокноти"
"3871","Post Cards","Поштові листівки"
"962","Printer & Copier Paper","Папір для принтера та копірки"
"5919","Receipt & Adding Machine Paper Rolls","Папір для касових апаратів та додавальних машин"
"3457","Stationery","Канцелярські товари"
"2689","Sticky Notes","Липкі записки"
"944","Rubber Bands","Гумові стрічки"
"948","Staples","Степлерні скоби"
"949","Tacks & Pushpins","Цвяхи та кнопки"
"5829","Impulse Sealers","Імпульсні запаювачі"
"8499","Lap Desks","Підноси для роботи на колінах"
"2435","Name Plates","Таблички з іменами"
"6519","Office & Chair Mats","Килимики для офісу та стільців"
"6462","Anti-Fatigue Mats","Килими проти втоми"
"6521","Chair Mats","Килимики для стільців"
"6520","Office Mats","Офісні килими"
"6373","Office Carts","Офісні візки"
"1996","AV Carts","AV візки"
"6182","Book Carts","Книжкові візки"
"6180","File Carts","Тележки для документів"
"6181","Mail Carts","Поштові візки"
"6179","Utility Carts","Універсальні візки"
"950","Office Equipment","Офісне обладнання"
"499864","Calculator Accessories","Аксесуари для калькуляторів"
"333","Calculators","Калькулятори"
"543518","Basic Calculators","Базові калькулятори"
"543521","Construction Calculators","Будівельні калькулятори"
"543519","Financial Calculators","Фінансові калькулятори"
"543517","Graphing Calculators","Графічні калькулятори"
"543520","Scientific Calculators","Наукові калькулятори"
"337","Electronic Dictionaries & Translators","Електронні словники та перекладачі"
"952","Label Makers","Машинки для створення етикеток"
"1625","Laminators","Ламінатори"
"953","Office Shredders","Офісні шредери"
"1708","Postage Meters","Поштові метри"
"6404","Time & Attendance Clocks","Часові та контрольно-пропускні годинники"
"954","Transcribers & Dictation Systems","Системи для транскрибації та диктування"
"955","Typewriters","Друкарські машинки"
"2986","Office Instruments","Офісні прилади"
"2883","Call Bells","Дзвінки для виклику"
"935","Clipboards","Кліпборди"
"505830","Letter Openers","Відкривачки для листів"
"941","Magnifiers","Лупи"
"4341","Office Rubber Stamps","Офісні штампи"
"943","Pencil Sharpeners","Точилки для олівців"
"4499","Staple Removers","Видалювачі степлерних скоб"
"947","Staplers","Степлери"
"503746","Tape Dispensers","Диспенсери для стрічки"
"4470","Writing & Drawing Instrument Accessories","Аксесуари для письмових та креслярських приладів"
"7117","Marker & Highlighter Ink Refills","Заправки для маркерів та текстовидільників"
"543667","Highlighter Refills","Змінні картриджі для текстових маркерів"
"543666","Marker Refills","Змінні картриджі для маркерів для письма"
"4471","Pen Ink & Refills","Чорнило та заправки для ручок"
"4472","Pencil Lead & Refills","Грифель та заправки для олівців"
"977","Writing & Drawing Instruments","Письмові та креслярські прилади"
"2623","Art Charcoals","Художнє вугілля"
"978","Chalk","Мел"
"979","Crayons","Воскові крейди"
"980","Markers & Highlighters","Маркери та маркери для письма (текстовидільники)"
"543609","Highlighters","Текстові маркери"
"543608","Markers","Маркери для письма"
"6067","Multifunction Writing Instruments","Багатофункціональні письмові прилади"
"4752","Pastels","Пастель"
"6065","Pens & Pencils","Ручки та олівці"
"6066","Pen & Pencil Sets","Набори ручок і олівців"
"6068","Pencils","Олівці"
"3026","Art Pencils","Художні олівці"
"981","Writing Pencils","Письмові олівці"
"543660","Mechanical Pencils","Механічні олівці"
"543661","Wooden Pencils","Дерев'яні олівці"
"982","Pens","Ручки"
"2014","Paper Handling","Обробка паперу"
"6486","Fingertip Grips","Накладки на пальці"
"6467","Hole Punches","Діроколи"
"2207","Paper Folding Machines","Машини для складання паперу"
"1836","Paper Joggers","Вібратори для паперу"
"1803","Paperweights","Преспап'є"
"6178","Pencil Boards","Підкладки для олівців"
"964","Presentation Supplies","Приладдя для презентацій"
"965","Chalkboards","Дошки для мелу"
"966","Display Boards","Демонстраційні дошки"
"7525","Bulletin Board Accessories","Аксесуари для дошки оголошень"
"7526","Bulletin Board Trim","Обрамлення для дошки оголошень"
"543688","Bulletin Board Trim Sets","Набори обрамлень для дошки оголошень"
"2401","Bulletin Boards","Дошки оголошень"
"2263","Foam Boards","Плити з пінопласту"
"1627","Mounting Boards","Монтажні дошки"
"2674","Poster Boards","Плакатні дошки"
"4492","Document Cameras","Камери для документів"
"971","Dry-Erase Boards","Дошки для письма з можливістю стирання"
"967","Easel Pads","Папір для мольбертів"
"968","Easels","Мольберти"
"969","Laser Pointers","Лазерні вказівники"
"970","Lecterns","Кафедри"
"963","Transparencies","Прозорі плівки"
"4465","Wireless Presenters","Бездротові презентери"
"2636","Shipping Supplies","Товари для відправки"
"973","Moving & Shipping Boxes","Коробки для переїзду та відправлення"
"974","Packing Materials","Матеріали для пакування"
"975","Packing Tape","Скотч для пакування"
"5605","Religious & Ceremonial","Релігійні та обрядові предмети"
"5606","Memorial Ceremony Supplies","Товари для пам'ятних церемоній"
"5607","Memorial Urns","Пам'ятні урни"
"97","Religious Items","Релігійні предмети"
"3923","Prayer Beads","Молитовні чотки"
"328060","Prayer Cards","Молитовні картки"
"7120","Religious Altars","Релігійні алтарі"
"1949","Religious Veils","Релігійні вуалі"
"499711","Tarot Cards","Таро картки"
"5455","Wedding Ceremony Supplies","Товари для весільної церемонії"
"503723","Aisle Runners","Доріжки для проходів"
"5456","Flower Girl Baskets","Кошики для дівчаток з квітами"
"5457","Ring Pillows & Holders","Подушечки та тримачі для перснів"
"2092","Software","Програмне забезпечення"
"313","Computer Software","Комп'ютерні програми"
"5299","Antivirus & Security Software","Антивірусне та безпекове програмне забезпечення"
"5300","Business & Productivity Software","Програмне забезпечення для бізнесу та продуктивності"
"315","Compilers & Programming Tools","Компілятори та інструменти для програмування"
"5301","Computer Utilities & Maintenance Software","Програмне забезпечення для утиліт та обслуговування комп'ютера"
"5127","Dictionary & Translation Software","Словники та програми для перекладу"
"317","Educational Software","Навчальне програмне забезпечення"
"5304","Financial, Tax & Accounting Software","Програмне забезпечення для фінансів, податків та бухгалтерії"
"3283","GPS Map Data & Software","Дані та програмне забезпечення для GPS-карт"
"318","Handheld & PDA Software","Програмне забезпечення для кишенькових комп'ютерів та PDA"
"319","Multimedia & Design Software","Мультимедійне та дизайнерське програмне забезпечення"
"6027","3D Modeling Software","Програмне забезпечення для 3D моделювання"
"4950","Animation Editing Software","Програмне забезпечення для редагування анімації"
"4951","Graphic Design & Illustration Software","Програмне забезпечення для графічного дизайну та ілюстрації"
"6029","Home & Interior Design Software","Програмне забезпечення для дизайну дому та інтер'єру"
"4949","Home Publishing Software","Програмне забезпечення для домашнього видавництва"
"6028","Media Viewing Software","Програмне забезпечення для перегляду медіа"
"5096","Music Composition Software","Програмне забезпечення для композиції музики"
"4952","Sound Editing Software","Програмне забезпечення для редагування звуку"
"4953","Video Editing Software","Програмне забезпечення для монтажу відео"
"4954","Web Design Software","Програмне забезпечення для веб-дизайну"
"5302","Network Software","Мережеве програмне забезпечення"
"5303","Office Application Software","Офісні програми"
"321","Operating Systems","Операційні системи"
"7225","Restore Disks","Диски відновлення"
"5032","Digital Goods & Currency","Цифрові товари та валюта"
"5034","Computer Icons","Комп'ютерні іконки"
"5035","Desktop Wallpaper","Шпалери для робочого столу"
"500046","Digital Artwork","Цифрове мистецтво"
"8022","Document Templates","Шаблони документів"
"5036","Fonts","Шрифти"
"2065","Stock Photographs & Video Footage","Стокові фотографії та відеоматеріали"
"5935","Virtual Currency","Віртуальна валюта"
"1279","Video Game Software","Програмне забезпечення для відеоігор"
"988","Sporting Goods","Спортивні товари"
"499713","Athletics","Атлетика"
"1093","American Football","Американський футбол"
"3442","American Football Gloves","Рукавички для американського футболу"
"3492","American Football Goal Posts","Гол-пости для американського футболу"
"3656","American Football Kicking Tees & Holders","Ті і тримачі для ударів у американському футболі"
"1097","American Football Protective Gear","Захисне спорядження для американського футболу"
"3510","American Football Girdles","Пояси для американського футболу"
"3060","American Football Helmet Accessories","Аксесуари для шоломів американського футболу"
"3247","American Football Chin Straps","Ремінці для підборіддя для американського футболу"
"3090","American Football Face Masks","Маски для обличчя для американського футболу"
"3343","American Football Helmet Padding","Накладки на шоломи для американського футболу"
"3063","American Football Helmet Visors","Візори для шоломів американського футболу"
"1098","American Football Helmets","Шоломи для американського футболу"
"3497","American Football Neck Rolls","Накладки на шию для американського футболу"
"499778","American Football Rib Protection Shirts & Vests","Сорочки та жилети для захисту ребер у американському футболі"
"3621","American Football Shoulder Pads","Накладки на плечі для американського футболу"
"3998","American Football Training Equipment","Тренувальне обладнання для американського футболу"
"499779","American Football Dummies & Sleds","Манекени та сани для американського футболу"
"1094","American Footballs","М'ячі для американського футболу"
"1070","Baseball & Softball","Бейсбол та софтбол"
"3544","Baseball & Softball Bases & Plates","Бази та плити для бейсболу та софтболу"
"3747","Baseball & Softball Batting Gloves","Рукавички для удару в бейсболі та софтболі"
"1076","Baseball & Softball Gloves & Mitts","Рукавички та мітенки для бейсболу та софтболу"
"234671","Baseball & Softball Pitching Mats","Килимки для підкидання в бейсболі та софтболі"
"234670","Baseball & Softball Pitching Mounds","Горби для підкидання в бейсболі та софтболі"
"1078","Baseball & Softball Protective Gear","Захисне спорядження для бейсболу та софтболу"
"3668","Baseball & Softball Batting Helmets","Шоломи для удару в бейсболі та софтболі"
"499715","Baseball & Softball Chest Protectors","Захисні жилети для бейсболу та софтболу"
"499718","Baseball & Softball Leg Guards","Наколінники для бейсболу та софтболу"
"499716","Catchers Equipment Sets","Комплекти обладнання для кетчерів"
"499717","Catchers Helmets & Masks","Шоломи та маски для кетчерів"
"3790","Baseball Bats","Бейсбольні бити"
"3783","Baseballs","Бейсбольні м'ячі"
"1077","Pitching Machines","Машини для кидків"
"3679","Softball Bats","Бейсбольні бити для софтболу"
"3671","Softballs","М'ячі для софтболу"
"1081","Basketball","Баскетбол"
"4676","Basketball Hoop Parts & Accessories","Деталі та аксесуари для баскетбольних кілець"
"4089","Basketball Backboards","Баскетбольні щити"
"7251","Basketball Hoop Padding","Накладки на баскетбольні кільця"
"4050","Basketball Hoop Posts","Стовпи для баскетбольних кілець"
"3829","Basketball Nets","Баскетбольні сітки"
"4192","Basketball Rims","Обідки баскетбольних кілець"
"1082","Basketball Hoops","Баскетбольні кільця"
"499751","Basketball Training Aids","Тренувальні засоби для баскетболу"
"1083","Basketballs","Баскетбольні м'ячі"
"499719","Boxing & Martial Arts","Бокс та бойові мистецтва"
"4008","Boxing & Martial Arts Protective Gear","Захисне спорядження для боксу та бойових мистецтв"
"499726","Boxing & MMA Hand Wraps","Бинти для рук для боксу та ММА"
"499725","Boxing & Martial Arts Arm Guards","Накладки на руки для боксу та бойових мистецтв"
"499723","Boxing & Martial Arts Body Protectors","Захисні елементи для тіла для боксу та бойових мистецтв"
"499722","Boxing & Martial Arts Headgear","Захисні шоломи для боксу та бойових мистецтв"
"3235","Boxing Gloves & Mitts","Боксерські рукавички та мітени"
"499724","MMA Shin Guards","Наколінники для MMA"
"499720","Boxing & Martial Arts Training Equipment","Тренувальне обладнання для боксу та бойових мистецтв"
"499769","Boxing & MMA Punch Mitts","Лапи для ударів для боксу та ММА"
"7116","Grappling Dummies","Манекени для тренувань з боротьби"
"7129","Punching & Training Bag Accessories","Аксесуари для боксерських та тренувальних груш"
"3297","Punching & Training Bags","Боксерські та тренувальні груші"
"499721","Strike Shields","Щити для ударів"
"3411","Boxing Ring Parts","Частини боксерського рингу"
"3652","Boxing Rings","Боксерські ринги"
"3717","Martial Arts Belts","Пояси для бойових мистецтв"
"4282","Martial Arts Weapons","Зброя для бойових мистецтв"
"6734","Broomball Equipment","Обладнання для брумболу"
"3354","Cheerleading","Чирлідінг"
"3953","Cheerleading Pom Poms","Помпони для чирлідінгу"
"6739","Coaching & Officiating","Тренування та суддівство"
"499729","Captains Armbands","Капітанські пов'язки"
"505813","Field & Court Boundary Markers","Межові маркери для поля та корту"
"499732","Flip Coins & Discs","Монети та диски для підкидання"
"6731","Linesman Flags","Флажки лайнсмена"
"6729","Penalty Cards & Flags","Карти та прапорці для пенальті"
"499731","Pitch Counters","Лічильники кидків"
"499733","Referee Stands & Chairs","Суддівські трибуни та стільці"
"499727","Referee Wallets","Суддівські гаманці"
"8505","Scoreboards","Табло для підрахунку очок"
"6730","Sport & Safety Whistles","Спортивні та безпекові свистки"
"499730","Umpire Indicators","Індикатори судді"
"1087","Cricket","Крикет"
"3870","Cricket Balls","М'ячі для крикету"
"499737","Cricket Bat Accessories","Аксесуари для біт крикету"
"499738","Cricket Bat Grips","Рукоятки для бейсбольних бит"
"3815","Cricket Bats","Крикетні бити"
"499735","Cricket Equipment Sets","Комплекти обладнання для крикету"
"499736","Cricket Protective Gear","Захисне спорядження для крикету"
"3339","Cricket Gloves","Рукавички для крикету"
"3543","Cricket Helmets","Шоломи для крикету"
"499739","Cricket Leg Guards","Наголінники для крикету"
"499734","Cricket Stumps","Штовхачі для крикету"
"989","Dancing","Танці"
"3269","Ballet Barres","Балетні стрижні"
"1006","Fencing","Огорожі"
"3261","Fencing Protective Gear","Захисне спорядження для фехтування"
"3366","Fencing Gloves & Cuffs","Рукавички та манжети для фехтування"
"499740","Fencing Jackets & Lamés","Куртки та ламе для фехтування"
"3707","Fencing Masks","Маски для фехтування"
"3622","Fencing Weapons","Зброя для фехтування"
"499741","Field Hockey & Lacrosse","Польовий хокей та лакрос"
"499744","Field Hockey & Lacrosse Protective Gear","Захисне спорядження для польового хокею та лакросу"
"499745","Field Hockey & Lacrosse Gloves","Рукавички для польового хокею та лакросу"
"499746","Field Hockey & Lacrosse Helmets","Шоломи для польового хокею та лакросу"
"499747","Field Hockey & Lacrosse Masks & Goggles","Маски та окуляри для польового хокею та лакросу"
"502970","Field Hockey & Lacrosse Pads","Наколінники для польового хокею та лакросу"
"1089","Field Hockey Balls","М'ячі для польового хокею"
"3001","Field Hockey Goals","Ворота для польового хокею"
"1092","Field Hockey Sticks","Клюшки для польового хокею"
"3536","Lacrosse Balls","М'ячі для лакросу"
"499742","Lacrosse Equipment Sets","Набори обладнання для лакросу"
"3970","Lacrosse Goals","Ворота для лакросу"
"3336","Lacrosse Stick Parts","Деталі килимків для лакросу"
"3785","Lacrosse Mesh & String","Сітка та шнур для лакросу"
"3418","Lacrosse Stick Heads","Головки килимків для лакросу"
"3423","Lacrosse Stick Shafts","Рукоятки килимків для лакросу"
"3817","Lacrosse Sticks","Килимки для лакросу"
"3204","Lacrosse Training Aids","Тренувальні допоміжні засоби для лакросу"
"499915","Figure Skating & Hockey","Фігурне катання та хокей"
"6077","Hockey Balls & Pucks","Хокейні м'ячі та шайби"
"6074","Hockey Goals","Хокейні ворота"
"1105","Hockey Protective Gear","Захисне обладнання для хокею"
"499756","Hockey Elbow Pads","Хокейні наколінники"
"6078","Hockey Gloves","Хокейні рукавички"
"499890","Hockey Goalie Equipment Sets","Комплекти обладнання для голкіпера у хокеї"
"6080","Hockey Helmets","Хокейні шоломи"
"3615","Hockey Pants","Хокейні штани"
"499755","Hockey Shin Guards & Leg Pads","Хокейні наколінники та наголінники"
"499757","Hockey Shoulder Pads & Chest Protectors","Хокейні накидки на плечі та захисники грудей"
"499975","Hockey Suspenders & Belts","Хокейні підтяжки та ремені"
"6857","Hockey Sledges","Хокейні санки"
"7012","Hockey Stick Care","Догляд за хокейною клюшкою"
"7011","Hockey Stick Parts","Деталі хокейної клюшки"
"6852","Hockey Stick Blades","Леза хокейних клюшок"
"6942","Hockey Stick Shafts","Рукоятки хокейних клюшок"
"6076","Hockey Sticks","Хокейні клюшки"
"3791","Ice Skate Parts & Accessories","Деталі та аксесуари для ковзанів"
"6708","Figure Skate Boots","Чоботи для фігурного катання"
"7000","Ice Skate Blades","Леза для ковзанів"
"3623","Ice Skate Sharpeners","Заточувачі для ковзанів"
"4019","Skate Blade Guards","Захисні кришки для лез гірських ковзанів"
"3241","Skate Lace Tighteners","Затягувачі для шнурків ковзанів"
"1057","Ice Skates","Ковзани"
"499799","General Purpose Athletic Equipment","Спортивне обладнання загального призначення"
"8222","Altitude Training Masks","Маски для тренувань на висоті"
"499800","Athletic Cups","Атлетичні чаші (захисні)"
"7397","Ball Carrying Bags & Carts","Сумки та візки для перенесення м'ячів"
"7433","Ball Pump Accessories","Аксесуари для насосів для м'ячів"
"7435","Ball Pump Needles","Голки для насосів до м'ячів"
"7434","Ball Pumps","Насоси для м'ячів"
"499903","Exercise & Gym Mat Storage Racks & Carts","Стійки та візки для зберігання килимків для тренувань та спортзалу"
"3971","Grip Spray & Chalk","Спрей та крейда для поліпшення зчеплення"
"499803","Gym Mats","Спортивні мати"
"8077","Practice Nets & Screens","Тренувальні сітки та екрани"
"499802","Speed & Agility Ladders & Hurdles","Сходи та бар'єри для тренування швидкості та спритності"
"8319","Sports & Agility Cones","Спортивні та тренувальні конуси"
"3877","Sports Megaphones","Спортивні мегафони"
"499801","Sports Mouthguards","Спортивні капи"
"6344","Stadium Seats & Cushions","Сидіння та подушки для стадіону"
"1000","Gymnastics","Гімнастика"
"503763","Gymnastics Bars & Balance Beams","Гімнастичні стрижні та балансувальні бруси"
"3808","Gymnastics Protective Gear","Захисне спорядження для гімнастики"
"499781","Gymnastics Grips","Рукоятки для гімнастики"
"3774","Gymnastics Rings","Гімнастичні кільця"
"3123","Gymnastics Springboards","Гімнастичні стрибкові дошки"
"3182","Pommel Horses","Гімнастичні коні"
"3779","Vaulting Horses","Коні для стрибків через козла"
"503752","Racquetball & Squash","Ракетбол та сквош"
"503753","Racquetball & Squash Balls","М'ячі для ракетболу та сквошу"
"3119","Racquetball & Squash Eyewear","Окуляри для ракетболу та сквошу"
"499783","Racquetball & Squash Gloves","Рукавички для ракетболу та сквошу"
"3714","Racquetball Racquets","Ракетки для ракетболу"
"4002","Squash Racquets","Ракетки для сквошу"
"7156","Rounders","Раундерс (вид спорту)"
"7158","Rounders Bats","Бити для раундерсу"
"7157","Rounders Gloves","Рукавички для раундерсу"
"1110","Rugby","Регбі"
"3761","Rugby Balls","М'ячі для регбі"
"3487","Rugby Gloves","Рукавички для регбі"
"3881","Rugby Posts","Стовпи для регбі"
"499782","Rugby Protective Gear","Захисне спорядження для регбі"
"3077","Rugby Headgear","Головні убори для регбі"
"3983","Rugby Training Aids","Тренувальні пристрої для регбі"
"1111","Soccer","Футбол"
"1112","Soccer Balls","Футбольні м'ячі"
"3973","Soccer Corner Flags","Кутові прапори для футболу"
"3141","Soccer Gloves","Футбольні рукавички"
"6055","Soccer Goal Accessories","Аксесуари для футбольних воріт"
"1113","Soccer Goals","Футбольні ворота"
"499784","Soccer Protective Gear","Захисне спорядження для футболу"
"1114","Soccer Shin Guards","Наколінники для футболу"
"1047","Team Handball","Командний гандбол"
"499785","Handballs","М'ячі для гандболу"
"1065","Tennis","Теніс"
"3105","Tennis Ball Hoppers & Carts","Кошики та візки для тенісних м'ячів"
"3985","Tennis Ball Machines","Машини для подачі тенісних м'ячів"
"3565","Tennis Ball Savers","Контейнери для зберігання тенісних м'ячів"
"3113","Tennis Balls","Тенісні м'ячі"
"3961","Tennis Nets","Тенісні сітки"
"3658","Tennis Racquet Accessories","Аксесуари для тенісних ракеток"
"3352","Racquet Vibration Dampeners","Амортизатори вібрації для ракеток"
"3638","Tennis Racquet Bags","Сумки для тенісних ракеток"
"3403","Tennis Racquet Grips & Tape","Гумки та стрічки для ручки тенісної ракетки"
"3295","Tennis Racquet Grommets","Очки для тенісних ракеток"
"3922","Tennis Racquet String","Струни для тенісних ракеток"
"3906","Tennis Racquets","Тенісні ракетки"
"1060","Track & Field","Легка атлетика"
"3478","Discus","Диски"
"3445","High Jump Crossbars","Перекладини для стрибків у висоту"
"3864","High Jump Pits","Сектори для стрибків у висоту"
"3389","Javelins","Метальні списи"
"3987","Pole Vault Pits","Ями для стрибків з жердиною"
"3878","Relay Batons","Естафетні палички"
"3770","Shot Puts","Ядра для метання"
"3997","Starter Pistols","Стартові пістолети"
"3880","Throwing Hammers","Метальні молоти"
"3149","Track Hurdles","Бар'єри для бігу"
"499786","Track Starting Blocks","Стартові блоки"
"4020","Vaulting Poles","Шесті для стрибків з шестом"
"1115","Volleyball","Волейбол"
"1117","Volleyball Nets","Сітки для волейболу"
"499788","Volleyball Protective Gear","Захисне спорядження для волейболу"
"499789","Volleyball Knee Pads","Наколінники для волейболу"
"499787","Volleyball Training Aids","Тренувальні пристрої для волейболу"
"1116","Volleyballs","Волейбольні м'ячі"
"499861","Wallyball Equipment","Обладнання для воліболу"
"1145","Water Polo","Водне поло"
"3794","Water Polo Balls","М'ячі для водного поло"
"3575","Water Polo Caps","Шапочки для водного поло"
"3678","Water Polo Goals","Ворота для водного поло"
"1068","Wrestling","Боротьба"
"3057","Wrestling Protective Gear","Захисне спорядження для боротьби"
"499791","Wrestling Headgear","Головний убір для боротьби"
"499790","Wrestling Knee Pads","Наколінники для боротьби"
"990","Exercise & Fitness","Фітнес та тренування"
"499797","Ab Wheels & Rollers","Тренажери для пресу (абс-ролики)"
"237166","Aerobic Steps","Степи для аеробіки"
"499796","Balance Trainers","Тренажери для тренування рівноваги"
"499792","Cardio","Кардіо"
"4598","Cardio Machine Accessories","Аксесуари для кардіотренажерів"
"499703","Elliptical Trainer Accessories","Аксесуари для еліптичних тренажерів"
"499702","Exercise Bike Accessories","Аксесуари для тренажерного велосипеда"
"499701","Rowing Machine Accessories","Аксесуари для тренажерів-веслувальників"
"499700","Stair Climber & Stepper Accessories","Аксесуари для тренажерів-степерів та сходолазів"
"499699","Treadmill Accessories","Аксесуари для бігових доріжок"
"4589","Cardio Machines","Кардіотренажери"
"992","Elliptical Trainers","Еліптичні тренажери"
"994","Exercise Bikes","Тренажерні велосипеди"
"995","Rowing Machines","Веслувальні тренажери"
"996","Stair Climbers & Steppers","Сходолази та степери"
"543610","Stair Climbers","Сходолази"
"543611","Stair Steppers","Степери для сходів"
"997","Treadmills","Бігові доріжки"
"2614","Jump Ropes","Скакалки"
"993","Exercise Balls","Фітболи"
"5869","Exercise Bands","Еспандери"
"499795","Exercise Benches","Тренажерні лавки"
"4669","Exercise Equipment Mats","Килими для спортивного обладнання"
"499978","Exercise Machine & Equipment Sets","Набори тренажерів та спортивного обладнання"
"8471","Exercise Wedges","Спортивні клини"
"6337","Foam Roller Accessories","Аксесуари для роликів з пінопласту"
"6338","Foam Roller Storage Bags","Сумки для зберігання роликів з пінопласту"
"5319","Foam Rollers","Ролики з пінопласту"
"6867","Hand Exercisers","Тренажери для рук"
"355576","Inversion Tables & Systems","Інверсійні столи та системи"
"3938","Medicine Balls","Медболи"
"499912","Power Towers","Силові тренажери"
"8215","Push Up & Pull Up Bars","Турніки та бруси для віджимань"
"7174","Reaction Balls","М'ячі для розвитку реакції"
"8062","Speed & Resistance Parachutes","Парашути для тренування швидкості та витривалості"
"505302","Sport Safety Lights & Reflectors","Світлові прилади та рефлектори для спортивної безпеки"
"5693","Stopwatches","Секундоміри"
"499798","Suspension Trainers","Тренажери з підвісами"
"8066","Vibration Exercise Machines","Тренажери з вібраційним навантаженням"
"499793","Weight Lifting","Підйом ваги"
"6452","Free Weight Accessories","Аксесуари для вільних ваг"
"8083","Free Weight Storage Racks","Стійки для зберігання вільних ваг"
"499794","Weight Bar Collars","Замки для грифів"
"3271","Weight Bars","Грифи для ваг"
"3164","Free Weights","Вільні ваги"
"3654","Weight Lifting Belts","Ремені для підйому ваги"
"3858","Weight Lifting Gloves & Hand Supports","Рукавички та опори для рук для підйому ваги"
"3217","Weight Lifting Machine & Exercise Bench Accessories","Аксесуари для тренажерів та лавок для підйому ваги"
"3542","Weight Lifting Machines & Racks","Тренажери та стійки для підйому ваги"
"6103","Weighted Clothing","Одяг з вагами"
"999","Yoga & Pilates","Йога та пілатес"
"3810","Pilates Machines","Машини для пілатесу"
"6750","Yoga & Pilates Blocks","Блоки для йоги та пілатесу"
"3640","Yoga & Pilates Mats","Килимики для йоги та пілатесу"
"6743","Yoga & Pilates Towels","Рушники для йоги та пілатесу"
"5107","Yoga Mat Bags & Straps","Сумки та ремені для килимка для йоги"
"1001","Indoor Games","Ігри для приміщень"
"1002","Air Hockey","Аерохокей"
"505330","Air Hockey Equipment","Обладнання для аерохокею"
"3548","Air Hockey Table Parts","Деталі столів для аерохокею"
"3245","Air Hockey Tables","Столи для аерохокею"
"1003","Billiards","Більярд"
"3059","Billiard Ball Racks","Стойки для більярдних куль"
"3135","Billiard Balls","Більярдні кулі"
"3222","Billiard Cue Accessories","Аксесуари для більярдних кийків"
"499993","Billiard Cue Cases","Футляри для більярдних кийків"
"499994","Billiard Cue Chalk","Крейда для більярдних кийків"
"3720","Billiard Cue Racks","Стойки для більярдних кийків"
"3910","Billiard Cues & Bridges","Більярдні кийки та мостики"
"3755","Billiard Gloves","Більярдні рукавички"
"3469","Billiard Table Lights","Світильники для більярдного столу"
"3183","Billiard Table Parts & Accessories","Деталі та аксесуари для більярдного столу"
"3574","Billiard Pockets","Більярдні лузи"
"3754","Billiard Table Brushes","Щітки для більярдного столу"
"3547","Billiard Table Cloth","Сукно для більярдного столу"
"8065","Billiard Table Covers","Покривала для більярдного столу"
"3139","Billiard Tables","Більярдні столи"
"1004","Bowling","Боулінг"
"3698","Bowling Ball Bags","Сумки для куль боулінгу"
"3219","Bowling Balls","Кулі для боулінгу"
"3535","Bowling Gloves","Рукавички для боулінгу"
"3669","Bowling Pins","Кеглі для боулінгу"
"3260","Bowling Wrist Supports","Опори для зап'ястя для боулінгу"
"1007","Foosball","Настільний футбол"
"3641","Foosball Balls","М'ячі для настільного футболу"
"3524","Foosball Table Parts & Accessories","Деталі та аксесуари для столу настільного футболу"
"3847","Foosball Tables","Столи для настільного футболу"
"7010","Multi-Game Tables","Багатофункціональні ігрові столи"
"1008","Ping Pong","Настільний теніс"
"3964","Ping Pong Balls","М'ячі для настільного тенісу"
"3788","Ping Pong Nets & Posts","Сітки та стовпчики для настільного тенісу"
"3900","Ping Pong Paddle Accessories","Аксесуари для ракеток для настільного тенісу"
"3375","Ping Pong Paddles & Sets","Ракетки та набори для настільного тенісу"
"3132","Ping Pong Robot Accessories","Аксесуари для роботів для настільного тенісу"
"3546","Ping Pong Robots","Роботи для настільного тенісу"
"3345","Ping Pong Tables","Столи для настільного тенісу"
"1009","Table Shuffleboard","Столовий шафлборд"
"3148","Shuffleboard Tables","Столи для шафлборду"
"3996","Table Shuffleboard Powder","Порошок для столового шафлборду"
"4021","Table Shuffleboard Pucks","Бітки для столового шафлборду"
"1005","Throwing Darts","Метальні дротики"
"3957","Dart Backboards","Захисні дошки для гри в дартс"
"3327","Dart Parts","Деталі для дартсу"
"3766","Dart Flights","Політки для дартсу"
"3109","Dart Shafts","Вісі для дартсу"
"3250","Dart Tips","Наконечники для дартсу"
"3559","Dartboards","Мішені для дартсу"
"3839","Darts","Дартс"
"1011","Outdoor Recreation","Вуличний відпочинок"
"499811","Boating & Water Sports","Водний спорт та веслування"
"1120","Boating & Rafting","Веслування та рафтинг"
"7449","Boating Gloves","Рукавички для веслування"
"6314","Canoe Accessories","Аксесуари для каное"
"1124","Canoes","Каное"
"6312","Kayak Accessories","Аксесуари для каяків"
"1127","Kayaks","Каяки"
"499964","Paddle Leashes","Ремені для весел"
"1129","Paddles & Oars","Весла та гребці"
"6097","Pedal Boats","Педальні човни"
"3406","Row Boats","Веслові човни"
"3476","Whitewater Rafts","Байдарки для білого водного сплаву"
"499813","Boating & Water Sport Apparel","Одяг для водного спорту та веслування"
"1138","Drysuits","Сухі костюми"
"6496","Life Jacket Accessories","Аксесуари для рятувальних жилетів"
"1128","Life Jackets","Рятувальні жилети"
"3376","Rash Guards & Swim Shirts","Рашгарди та плавальні сорочки"
"499687","Water Sport Helmets","Шоломи для водних видів спорту"
"499814","Wetsuit Pieces","Частини гідрокостюма"
"5400","Wetsuit Bottoms","Нижня частина гідрокостюма"
"5399","Wetsuit Hoods, Gloves & Boots","Капюшони, рукавички та чоботи для гідрокостюма"
"5401","Wetsuit Tops","Верхня частина гідрокостюма"
"1147","Wetsuits","Гідрокостюми"
"1135","Diving & Snorkeling","Дайвінг та снорклінг"
"1136","Buoyancy Compensators","Компенсатори плавучості"
"1137","Dive Computers","Дайвінгові комп'ютери"
"499867","Diving & Snorkeling Equipment Sets","Комплекти спорядження для дайвінгу та снорклінгу"
"1139","Diving & Snorkeling Fins","Ласти для дайвінгу та снорклінгу"
"1140","Diving & Snorkeling Masks","Маски для дайвінгу та снорклінгу"
"6514","Diving Belts","Пояси для дайвінгу"
"5312","Diving Knives & Shears","Ножі та ножиці для дайвінгу"
"1141","Diving Regulators","Регулятори для дайвінгу"
"1142","Snorkels","Трубки для підводного плавання"
"5579","Kitesurfing","Кайтсерфінг"
"5584","Kiteboard Cases","Чохли для кайтбордів"
"5581","Kiteboard Parts","Деталі для кайтбордів"
"5580","Kiteboards","Кайтборди"
"5583","Kitesurfing & Windsurfing Harnesses","Трапеції для кайтсерфінгу та віндсерфінгу"
"5582","Kitesurfing Kites","Кайти для кайтсерфінгу"
"1143","Surfing","Серфінг"
"6287","Bodyboards","Бодіборди"
"6288","Paddleboards","Сапборди"
"6286","Skimboards","Скімборди"
"3649","Surf Leashes","Повідки для серфінгу"
"3579","Surfboard Cases & Bags","Чохли та сумки для серфінгу"
"3525","Surfboard Fins","Плавники для серфінгу"
"3801","Surfboard Wax","Воск для серфінгу"
"3320","Surfboards","Дошки для серфінгу"
"7451","Surfing Gloves","Рукавички для серфінгу"
"3762","Surfing Tail Pads","Хвостові накладки для серфінгу"
"1144","Swimming","Плавання"
"7104","Child Swimming Aids","Плавальні допоміжні засоби для дітей"
"6473","Hand Paddles","Ручні весла"
"2966","Kickboards","Плавальні дошки"
"3595","Pull Buoys","Поплавки та буї"
"6513","Swim Belts","Пояси для плавання"
"3807","Swim Caps","Купальні шапочки"
"3304","Swim Gloves","Купальні рукавички"
"6330","Swim Goggle & Mask Accessories","Аксесуари для купальних окулярів та масок"
"3360","Swim Goggles & Masks","Купальні окуляри та маски"
"6550","Swim Weights","Купальні ваги"
"6511","Swimming Fins","Ласти для плавання"
"6512","Monofins","Моно-плавники"
"2512","Training Fins","Тренувальні ласті"
"3596","Swimming Machines","Тренажери для плавання"
"6515","Swimming Nose Clips","Затискачі для носа для плавання"
"3195","Towed Water Sports","Буксирні водні види спорту"
"3370","Kneeboarding","Кнібординг"
"3101","Kneeboards","Кніборди"
"6301","Towable Rafts & Tubes","Буксирувані плоти та труби"
"7452","Towed Water Sport Gloves","Рукавички для водних видів спорту з буксиром"
"3282","Wakeboarding","Вейкбординг"
"505317","Kiteboard & Wakeboard Bindings","Кріплення для кайтбордів та вейкбордів"
"505291","Wakeboard Parts","Деталі для вейкбордів"
"3353","Wakeboards","Вейкборди"
"1146","Water Skiing","Катання на водних лижах"
"3289","Sit-Down Hydrofoils","Гідрокрила для сидіння"
"6302","Water Ski Bindings","Кріплення для водних лиж"
"6296","Water Ski Cases & Bags","Чохли та сумки для водних лиж"
"3350","Water Skis","Водні лижі"
"3636","Water Sport Tow Cables","Троси для водних видів спорту"
"7178","Watercraft Storage Racks","Стелажі для зберігання водного транспорту"
"8172","Boat Storage Racks","Стелажі для зберігання човнів"
"8173","Water Sport Board Storage Racks","Стелажі для зберігання дошок для водних видів спорту"
"1148","Windsurfing","Віндсерфінг"
"3624","Windsurfing Board Parts","Деталі до дошок для віндсерфінгу"
"3908","Windsurfing Board Fins","Плавники для віндсерфінгу"
"3285","Windsurfing Board Masts","Мачти для віндсерфінгу"
"3894","Windsurfing Boards","Дошки для віндсерфінгу"
"3413","Windsurfing Sails","Вітрила для віндсерфінгу"
"1013","Camping & Hiking","Кемпінг та Похід"
"1014","Camp Furniture","Меблі для кемпінгу"
"4451","Air Mattress & Sleeping Pad Accessories","Аксесуари для повітряних матраців та спальних підкладок"
"3695","Air Mattresses","Повітряні матраци"
"3089","Cots","Дитячі ліжечка"
"1016","Camping Cookware & Dinnerware","Посуд для кемпінгу та столові прибори"
"1019","Camping Lights & Lanterns","Світло та ліхтарі для кемпінгу"
"3937","Camping Tools","Інструменти для кемпінгу"
"3495","Hunting & Survival Knives","Мисливські та виживальні ножі"
"4095","Multifunction Tools & Knives","Багатофункціональні інструменти та ножі"
"3508","Chemical Hand Warmers","Хімічні грілки для рук"
"5636","Compression Sacks","Мішки для компресії"
"7154","Hiking Pole Accessories","Аксесуари для трекінгових палиць"
"3738","Hiking Poles","Трекінгові палиці"
"3538","Mosquito Nets & Insect Screens","Москітні сітки та захисні екрани від комах"
"4785","Navigational Compasses","Навігаційні компаси"
"502993","Portable Toilets & Showers","Переносні туалети та душі"
"502994","Portable Showers & Privacy Enclosures","Переносні душі та кабіни для приватності"
"503009","Portable Toilets & Urination Devices","Переносні туалети та пристрої для сечовипускання"
"1023","Portable Water Filters & Purifiers","Портативні фільтри та очищувачі для води"
"5881","Sleeping Bag Liners","Підкладки для спальних мішків"
"1020","Sleeping Bags","Спальні мішки"
"1021","Sleeping Pads","Спальні килимики"
"5655","Tent Accessories","Аксесуари для наметів"
"499680","Inner Tents","Внутрішні намети"
"5656","Tent Footprints","Підкладки для наметів"
"5658","Tent Poles & Stakes","Стовпчики та коли для наметів"
"5657","Tent Vestibules","Вестибюлі для наметів"
"1022","Tents","Намети"
"8079","Windbreaks","Вітрозахисні екрани"
"7059","Climbing","Альпінізм"
"3363","Belay Devices","Блокувальні пристрої"
"3746","Carabiners","Карабіни"
"499815","Climbing Apparel & Accessories","Одяг та аксесуари для альпінізму"
"499816","Climbing Gloves","Рукавички для альпінізму"
"3314","Climbing Helmets","Шоломи для альпінізму"
"5394","Crampons","Кішені"
"3454","Climbing Ascenders & Descenders","Пристрої для підйому та спуску в альпінізмі"
"3211","Climbing Chalk Bags","Сумки для мелу в альпінізмі"
"3322","Climbing Crash Pads","Захисні матраци для альпінізму"
"3218","Climbing Harnesses","Страхувальні системи для альпінізму"
"3266","Climbing Protection Devices","Засоби захисту для альпінізму"
"3825","Climbing Rope","Альпіністські мотузки"
"3201","Climbing Rope Bags","Сумки для альпіністських мотузок"
"3369","Climbing Webbing","Альпіністські стропи"
"7060","Ice Climbing Tools","Інструменти для льодового альпінізму"
"7061","Ice Screws","Льодові гвинти"
"3518","Indoor Climbing Holds","Устаткування для внутрішнього альпінізму"
"3849","Quickdraws","Карабіни з експрес-слингом"
"1025","Cycling","Велоспорт"
"3214","Bicycle Accessories","Аксесуари для велосипедів"
"3778","Bicycle Bags & Panniers","Велосипедні сумки та багажники"
"3341","Bicycle Baskets","Велосипедні кошики"
"3879","Bicycle Bells & Horns","Велосипедні дзвоники та гудки"
"4145","Bicycle Cages","Велосипедні тримачі для пляшок"
"500067","Bicycle Child Seat Accessories","Аксесуари для дитячих велосипедних сидінь"
"5842","Bicycle Child Seats","Дитячі велосипедні сидіння"
"5540","Bicycle Computer Accessories","Аксесуари для велосипедних комп'ютерів"
"3243","Bicycle Computers","Велосипедні комп'ютери"
"6442","Bicycle Covers","Велосипедні чохли"
"3719","Bicycle Fenders","Велосипедні крила"
"1028","Bicycle Front & Rear Racks","Передні та задні багажники для велосипедів"
"500092","Bicycle Handlebar Grips & Decor","Гумки та декор для керма велосипеда"
"1027","Bicycle Locks","Велосипедні замки"
"3368","Bicycle Mirrors","Велосипедні дзеркала"
"3827","Bicycle Pumps","Насоси для велосипедів"
"6445","Bicycle Saddle Pads & Seat Covers","Накладки та чохли для велосипедних сідл"
"6506","Bicycle Shock Pumps","Насоси для амортизаторів велосипедів"
"7448","Bicycle Spoke Beads","Бусини для велосипедних спиць"
"3428","Bicycle Stands & Storage","Стійки та місця для зберігання велосипедів"
"499694","Bicycle Tire Repair Supplies & Kits","Матеріали та набори для ремонту велосипедних шин"
"7223","Bicycle Toe Straps & Clips","Велосипедні петлі та затискачі для пальців"
"505668","Bicycle Tools","Велосипедні інструменти"
"3811","Bicycle Trailers","Велосипедні причепи"
"3868","Bicycle Trainers","Велосипедні тренажери"
"3631","Bicycle Training Wheels","Велосипедні допоміжні колеса"
"3558","Bicycle Transport Bags & Cases","Сумки та чохли для транспортування велосипедів"
"6048","Bicycle Water Sport Board Racks","Велосипедні кріплення для дошок водного спорту"
"500109","Electric Bicycle Conversion Kits","Комплекти для переобладнання велосипедів в електричні"
"3618","Bicycle Parts","Деталі для велосипедів"
"3740","Bicycle Brake Parts","Деталі гальм велосипедів"
"4574","Bicycle Brake Calipers","Гальмівні етрьови велосипедів"
"4575","Bicycle Brake Levers","Ручки гальм велосипедів"
"4576","Bicycle Brake Rotors","Гальмівні диски велосипедів"
"4577","Bicycle Brake Sets","Гальмівні системи велосипедів"
"499684","Bicycle Cable Housings","Втулки для тросів велосипедів"
"499685","Bicycle Cables","Троси велосипедів"
"4585","Bicycle Drivetrain Parts","Деталі трансмісії велосипеда"
"4590","Bicycle Bottom Brackets","Каретки велосипедів"
"4586","Bicycle Cassettes & Freewheels","Велосипедні касети та вільні колеса"
"4591","Bicycle Chainrings","Велосипедні зірки"
"4587","Bicycle Chains","Велосипедні ланцюги"
"4592","Bicycle Cranks","Велосипедні шатуни"
"4588","Bicycle Derailleurs","Велосипедні перемикачі передач (перекидки)"
"4593","Bicycle Pedals","Педалі для велосипедів"
"4594","Bicycle Shifters","Велосипедні перемикачі передач (манетки)"
"4603","Bicycle Forks","Велосипедні вилки"
"3639","Bicycle Frames","Рами для велосипедів"
"499868","Bicycle Groupsets","Велосипедні групсети"
"6960","Bicycle Handlebar Extensions","Насадки на кермо велосипеда"
"4582","Bicycle Handlebars","Велосипедні керма"
"7478","Bicycle Headset Parts","Деталі велосипедної рульової колонки"
"7480","Bicycle Headset Bearings","Підшипники велосипедної рульової колонки"
"7479","Bicycle Headset Spacers","Проставки для велосипедної рульової колонки"
"7477","Bicycle Headsets","Велосипедні рульові колонки"
"8239","Bicycle Kickstands","Велосипедні підніжки"
"3292","Bicycle Saddles","Велосипедні сідла"
"4595","Bicycle Seatpost Clamps","Зажими для велосипедних підсідельних штирів"
"4194","Bicycle Seatposts","Підсідельні штирі для велосипедів"
"4596","Bicycle Small Parts","Малі деталі для велосипедів"
"4583","Bicycle Stems","Виноси велосипедів"
"499871","Bicycle Tire Valve Adapters","Адаптери для вентилів велосипедних шин"
"499869","Bicycle Tire Valve Caps","Ковпачки для вентилів велосипедних шин"
"499870","Bicycle Tire Valves","Вентилі велосипедних шин"
"4571","Bicycle Tires","Велосипедні шини"
"4572","Bicycle Tubes","Велосипедні камери"
"4597","Bicycle Wheel Parts","Деталі велосипедних коліс"
"7538","Bicycle Foot Pegs","Велосипедні педалі"
"500053","Bicycle Hub Parts","Деталі велосипедних втулок"
"4599","Bicycle Hubs","Велосипедні втулки"
"499875","Bicycle Rim Strips","Ободні стрічки для велосипедів"
"4600","Bicycle Spokes","Велосипедні спиці"
"8528","Bicycle Wheel Axles & Skewers","Вісі та ексцентрики велосипедних коліс"
"4601","Bicycle Wheel Nipples","Спицеві гайки велосипедних коліс"
"4602","Bicycle Wheel Rims","Ободи велосипедних коліс"
"3216","Bicycle Wheels","Велосипедні колеса"
"1026","Bicycles","Велосипеди"
"3982","Cycling Apparel & Accessories","Одяг та аксесуари для велоспорту"
"7474","Bicycle Cleat Accessories","Аксесуари для велосипедних шипів"
"7476","Bicycle Cleat Bolts","Болти для велосипедних шипів"
"7453","Bicycle Cleat Covers","Чохли для велосипедних шипів"
"7475","Bicycle Cleat Shims & Wedges","Прокладки та клинці для велосипедних шипів"
"3118","Bicycle Cleats","Велосипедні шипи"
"3246","Bicycle Gloves","Велосипедні рукавички"
"500028","Bicycle Helmet Parts & Accessories","Деталі та аксесуари для велосипедного шолома"
"1029","Bicycle Helmets","Велосипедні шоломи"
"8061","Bicycle Protective Pads","Захисні накладки для велосипедів"
"3272","Bicycle Shoe Covers","Чохли для велосипедного взуття"
"3634","Tricycle Accessories","Аксесуари для трьохколісних велосипедів"
"3531","Tricycles","Трьохколісні велосипеди"
"3070","Unicycle Accessories","Аксесуари для моноколес"
"1030","Unicycles","Моноколеса"
"1031","Equestrian","Кінний спорт"
"3257","Horse Care","Догляд за конями"
"6898","Horse Blankets & Sheets","Конячі покривала та пледи"
"5569","Horse Boots & Leg Wraps","Конячі чоботи та бинти"
"7482","Horse Feed","Корм для коней"
"499817","Horse Fly Masks","Маски від мух для коней"
"5025","Horse Grooming","Вигрібання коней"
"6386","Horse Clippers & Trimmers","Машинки та тримери для стрижки коней"
"499818","Horse Grooming Combs, Brushes & Mitts","Гребені, щітки та рукавички для вигрібання коней"
"7481","Horse Treats","Ласощі для коней"
"7459","Horse Vitamins & Supplements","Вітаміни та добавки для коней"
"499819","Horse Wormers","Протигельмінтні засоби для коней"
"5593","Horse Tack","Коняче сідло"
"4018","Bridle Bits","Вустя для вуздечок"
"3426","Bridles","Вуздечки"
"1491","Cinches","Стяжки"
"499710","Horse Halters","Конячі намордники"
"2756","Horse Harnesses","Конячі упряжки"
"499709","Horse Leads","Поводири для коней"
"1754","Reins","Вожжі"
"2210","Saddles","Сідла"
"8109","Stirrups","Стремена"
"7215","Horse Tack Accessories","Аксесуари для конячого сідла"
"499820","Horse Tack Boxes","Ящики для кінського спорядження"
"8107","Saddle Accessories","Аксесуари для сідел"
"326122","Saddle Bags & Panniers","Сумки для сідла та багажники"
"499959","Saddle Covers & Cases","Чохли та кейси для сідла"
"8108","Saddle Pads & Blankets","Підкладки та покривала для сідла"
"7216","Saddle Racks","Стійки для сідла"
"5594","Riding Apparel & Accessories","Одяг та аксесуари для верхової їзди"
"3084","Equestrian Gloves","Рукавички для верхової їзди"
"3821","Equestrian Helmets","Каски для верхової їзди"
"3265","Riding Crops & Whips","Верхові батоги та хорти"
"6914","Riding Pants","Верхові штани"
"3334","Fishing","Риболовля"
"8064","Bite Alarms","Сигналізатори покльовки"
"5406","Fishing & Hunting Waders","Рибальські та мисливські чоботи-вейдерси"
"6495","Fishing Bait & Chum Containers","Контейнери для рибальської наживки та прикормки"
"7342","Fishing Gaffs","Рибальські гафи"
"7344","Fishing Hook Removal Tools","Інструменти для видалення рибальських гачків"
"1037","Fishing Lines & Leaders","Рибальські вудки та поводки"
"3614","Fishing Nets","Рибальські сіті"
"8092","Fishing Reel Accessories","Аксесуари для рибальських котушок"
"8273","Fishing Reel Bags & Cases","Сумки та чохли для рибальських котушок"
"8094","Fishing Reel Lubricants","Змащувальні матеріали для рибальських котушок"
"8208","Fishing Reel Replacement Spools","Запасні шпулі для рибальських котушок"
"4926","Fishing Reels","Рибальські котушки"
"8093","Fishing Rod Accessories","Аксесуари для вудки"
"8272","Fishing Rod Bags & Cases","Сумки та чохли для вудок"
"499942","Fishing Rod Holders & Storage Racks","Тримачі та стійки для зберігання вудок"
"4927","Fishing Rods","Вудки"
"7343","Fishing Spears","Риболовні списи"
"499823","Fishing Tackle","Риболовні снасті"
"3603","Fishing Baits & Lures","Рибальські наживки та приманки"
"3859","Fishing Floats","Рибальські поплавки"
"3359","Fishing Hooks","Рибальські гачки"
"3651","Fishing Sinkers","Грузила для риболовлі"
"7222","Fishing Snaps & Swivels","Застібки та вертлюги для риболовлі"
"7221","Fishing Traps","Риболовні сітки"
"7217","Fly Tying Materials","Матеріали для в'язання мух"
"7125","Fishing Beads","Рибальські намистини"
"6440","Fishing Yarn","Риболовна нитка"
"3096","Live Bait","Жива наживка"
"1041","Tackle Bags & Boxes","Сумки та коробки для риболовного спорядження"
"1043","Golf","Гольф"
"8044","Divot Tools","Інструмент відновлення дерену"
"7314","Golf Accessory Sets","Набори аксесуарів для гольфу"
"4605","Golf Bag Accessories","Аксесуари для гольф-сумок"
"4537","Golf Bag Carts","Візки для гольф-сумок"
"4525","Golf Bag Covers & Cases","Чохли та кейси для гольф-сумок"
"1044","Golf Bags","Гольф-сумки"
"6864","Golf Ball Markers","Маркери для гольф-м'ячів"
"1045","Golf Balls","Гольф-м'ячі"
"3642","Golf Club Parts & Accessories","Деталі та аксесуари для гольф-клубів"
"4254","Golf Club Grips","Рукоятки для гольф-клубів"
"4043","Golf Club Headcovers","Чохли для головок гольф-клубів"
"499780","Golf Club Shafts","Втулки для гольф-клубів"
"1046","Golf Clubs","Гольф-клуби"
"3578","Golf Flags","Гольф-прапори"
"4466","Golf Gloves","Гольф-рукавички"
"3106","Golf Tees","Гольф-ті"
"4467","Golf Towels","Гольф-рушники"
"3772","Golf Training Aids","Тренувальні пристрої для гольфу"
"3789","Hang Gliding & Skydiving","Дельтапланеризм та парашутний спорт"
"5877","Air Suits","Костюми для стрибків з парашутом"
"4327","Hang Gliders","Дельтаплани"
"4023","Parachutes","Парашути"
"499824","Hunting & Shooting","Мисливство та стрілянина"
"1033","Archery","Стрільба з лука"
"3773","Archery Armguards","Захисні нарукавники для стрільби з лука"
"499833","Archery Gloves & Releases","Рукавички та випускачі для стрільби з лука"
"3883","Archery Targets","Мішені для стрільби з лука"
"3291","Arrow Parts & Accessories","Деталі та аксесуари для стріл"
"499831","Arrow Fletchings","Оперення стріл"
"499832","Arrow Nocks","Защіпки стріл"
"499830","Broadheads & Field Points","Оперення та полювальні наконечники"
"3533","Arrows & Bolts","Стріли для луку та арбалету"
"499826","Bow & Crossbow Accessories","Аксесуари для лука та арбалета"
"499825","Bows & Crossbows","Луки та арбалети"
"3332","Compound Bows","Блочні луки"
"3505","Crossbows","Арбалети"
"3715","Recurve & Longbows","Блокові та довгі луки"
"3757","Quivers","Колчани"
"3125","Clay Pigeon Shooting","Стрільба по глиняним голубам"
"3305","Clay Pigeon Throwers","Машинки для запуску глиняних голубів"
"3528","Clay Pigeons","Глиняні голуби"
"3136","Hunting","Мисливство"
"3674","Animal Traps","Пастки для тварин"
"7373","Hearing Enhancers","Пристрої для покращення слуху"
"1034","Hunting Blinds & Screens","Мисливські засідки та екрани"
"5917","Hunting Dog Equipment","Спорядження для мисливських собак"
"3748","Tree Stands","Підставки для дерев"
"6992","Wild Game Feeders","Кормушки для дикої звірини"
"8011","Wildlife Attractants","Приваблювачі дикої фауни"
"8080","Cover Scents & Scent Attractants","Покривні аромати та привабливі запахи"
"3756","Hunting & Wildlife Calls","Мисливські сигнали та птахівництво"
"3583","Hunting & Wildlife Decoys","Мисливські манекени та приманки"
"8081","Wildlife Bait, Feed & Minerals","Приманка, корм та мінерали для дикої фауни"
"7460","Hunting & Shooting Protective Gear","Захисне спорядження для мисливства та стрілянини"
"7461","Hunting & Shooting Gloves","Мисливські та стрілецькі рукавички"
"7518","Hunting & Shooting Jackets","Мисливські та стрілецькі куртки"
"499834","Paintball & Airsoft","Пейнтбол та ейрсофт"
"2443","Airsoft","Ейрсофт"
"3116","Airsoft Gun Parts & Accessories","Запчастини та аксесуари для ейрсофт гармат"
"8005","Airsoft Gun Batteries","Батареї для ейрсофт гармат"
"3093","Airsoft Guns","Ейрсофт гармати"
"3925","Airsoft Pellets","Ейрсофтні кульки"
"1049","Paintball","Пейнтбол"
"6748","Paintball Grenade Launchers","Гранатомети для пейнтболу"
"3408","Paintball Grenades","Гранати для пейнтболу"
"3187","Paintball Gun Parts & Accessories","Запчастини та аксесуари для пейнтбольної рушниці"
"3244","Paintball Air Tanks","Пневматичні балони для пейнтболу"
"3690","Paintball Gun Barrels","Стволи для пейнтбольної рушниці"
"8514","Paintball Gun Drop Forwards","Передні рукоятки для пейнбольних рушниць"
"3152","Paintball Hoppers","Подавачі для пейнтболу"
"3234","Paintball Guns","Рушниці для пейнтболу"
"6781","Paintball Harnesses & Packs","Пояси та рюкзаки для пейнтболу"
"3438","Paintballs","Кулі для пейнтболу"
"499835","Paintball & Airsoft Protective Gear","Захисне спорядження для пейнтболу та страйкболу"
"499836","Paintball & Airsoft Gloves","Рукавички для пейнтболу та ейрсофту"
"499838","Paintball & Airsoft Goggles & Masks","Окуляри та маски для пейнтболу та ейрсофту"
"499839","Paintball & Airsoft Pads","Наколінники та налікотники для пейнтболу та ейрсофту"
"499837","Paintball & Airsoft Vests","Жилети для пейнтболу та страйкболу"
"499840","Shooting & Range Accessories","Аксесуари для стрільби та полігону"
"499842","Shooting Rests","Підставки для стрільби"
"499841","Shooting Sticks & Bipods","Палиці та двоноги для стрільби"
"3170","Shooting Targets","Мішені для стрільби"
"5998","Hydration System Accessories","Аксесуари для системи зволоження"
"5635","Hydration Systems","Системи зволоження"
"499761","Inline & Roller Skating","Інлайн ковзання та роликовий спорт"
"499771","Inline & Roller Skating Protective Gear","Захисне спорядження для інлайн ковзання та роликового спорту"
"499775","Roller Skating Pads","Захисні накладки для роликового ковзання"
"499759","Inline Skate Parts","Деталі для інлайн ковзанів"
"1058","Inline Skates","Інлайн ковзани"
"499760","Roller Skate Parts","Запчастини для роликових ковзанів"
"2837","Roller Skates","Роликові ковзани"
"500029","Roller Skis","Ролерські"
"7375","Kite Buggying","Катання на баггі з паперовим змієм"
"7376","Kite Buggies","Баггі для паперових зміїв"
"7377","Kite Buggy Accessories","Аксесуари для баггі для паперових зміїв"
"499846","Outdoor Games","Вуличні ігри"
"1062","Badminton","Бадмінтон"
"3107","Badminton Nets","Сітки для бадмінтону"
"3950","Badminton Racquets & Sets","Ракетки та набори для бадмінтону"
"3907","Shuttlecocks","Воланчики"
"3787","Deck Shuffleboard","Шафлборд для тераси"
"3689","Deck Shuffleboard Cues","Кії для шафлборду на терасі"
"3190","Deck Shuffleboard Pucks","Шайби для шафлборду на терасі"
"3484","Disc Golf","Диск-гольф"
"3993","Disc Golf Bags","Сумки для диск-гольфу"
"3227","Disc Golf Baskets","Кошики для диск-гольфу"
"3405","Lawn Games","Ігри на газоні"
"7430","Paddle Ball Sets","Набори для гри в падл-бол"
"3390","Pickleball","Піклбол"
"499848","Pickleball Paddles","Ракетки для піклболу"
"499847","Pickleballs","М'ячі для піклболу"
"499904","Platform & Paddle Tennis","Теніс на платформі та з ракетками"
"499850","Platform & Paddle Tennis Paddles","Ракетки для тенісу на платформі та з ракетками"
"499849","Platform Tennis Balls","М'ячі для тенісу на платформі"
"3126","Tetherball","Тетербол (гра з м'ячем на тросі)"
"499882","Tetherball Poles","Стовпи для тетерболу"
"499883","Tetherball Sets","Набори для гри в тетербол"
"499884","Tetherballs","М'ячі для тезерболу"
"5879","Riding Scooters","Самокати для їзди"
"3276","Skateboarding","Скейтбординг"
"3127","Skate Rails","Рейки для скейтбордінгу"
"3626","Skate Ramps","Скейтборд-рампи"
"3670","Skateboard Parts","Деталі для скейтбордів"
"3869","Skateboard Decks","Деки для скейтбордів"
"505817","Skateboard Small Parts","Малі деталі для скейтбордів"
"3192","Skateboard Trucks","Підвіски для скейтбордів"
"3637","Skateboard Wheels","Колеса для скейтбордів"
"3067","Skateboarding Protective Gear","Захисне спорядження для скейтбордингу"
"499776","Skate Helmets","Шоломи для ковзанів"
"7789","Skateboarding Gloves","Рукавички для скейтбордингу"
"3488","Skateboarding Pads","Наколінники для скейтбордингу"
"1059","Skateboards","Скейтборди"
"499844","Winter Sports & Activities","Зимові види спорту та активності"
"499951","Avalanche Safety","Лавинна безпека"
"499952","Avalanche Probes","Лавинні зонди"
"499877","Avalanche Safety Airbags","Повітряні подушки для лавинної безпеки"
"499845","Skiing & Snowboarding","Лижний спорт та сноубординг"
"7224","Ski & Snowboard Bags","Сумки для лиж та сноубордів"
"8203","Ski & Snowboard Goggle Accessories","Аксесуари для лижних та сноубордних окулярів"
"5050","Ski & Snowboard Goggle Lenses","Лінзи для лижних та сноубордних окулярів"
"3550","Ski & Snowboard Goggles","Лижні та сноубордні окуляри"
"1161","Ski & Snowboard Helmets","Шоломи для лиж та сноубордів"
"499681","Ski & Snowboard Leashes","Поводки для лиж та сноубордів"
"7558","Ski & Snowboard Storage Racks","Стійки для зберігання лиж та сноубордів"
"505772","Ski & Snowboard Tuning Tools","Інструменти для налаштування лиж та сноубордів"
"8074","Ski & Snowboard Wax","Віск для лиж та сноубордів"
"505296","Ski Binding Parts","Деталі кріплень для лиж"
"6063","Ski Bindings","Кріплення для лиж"
"6062","Ski Boots","Лижні черевики"
"1157","Ski Poles","Лижні палиці"
"6064","Skis","Лижі"
"3331","Cross-Country Skis","Гірськолижні лижі"
"1158","Downhill Skis","Гірські лижі"
"5088","Snowboard Binding Parts","Деталі кріплень для сноуборда"
"1162","Snowboard Bindings","Кріплення для сноуборда"
"1163","Snowboard Boots","Чоботи для сноуборду"
"1164","Snowboards","Сноуборди"
"7539","Sleds","Санчата"
"1166","Snowshoeing","Прогулянка на снігоступах"
"3073","Snowshoe Bindings","Кріплення для снігоступів"
"3064","Snowshoes","Снігоступи"
"1239","Toys & Games","Іграшки та ігри"
"4648","Game Timers","Ігрові таймери"
"3793","Games","Ігри"
"6794","Battle Top Accessories","Аксесуари для бойових вертелів"
"6329","Battle Tops","Бойові вертелі"
"3749","Bingo Sets","Набори для бінго"
"7411","Blackjack & Craps Sets","Набори для гри в блекджек і крепс"
"1246","Board Games","Настільні ігри"
"6853","Card Game Accessories","Аксесуари для карткових ігор"
"1247","Card Games","Карткові ігри"
"6054","Dexterity Games","Ігри на спритність"
"6037","Dice Sets & Games","Набори кубиків та ігри"
"7383","Poker Chip Accessories","Аксесуари для фішок покеру"
"7384","Poker Chip Carriers & Trays","Контейнери та піддони для фішок покеру"
"5403","Poker Chips & Sets","Фішки та набори для покеру"
"4554","Portable Electronic Games","Переносні електронні ігри"
"7412","Roulette Wheels & Sets","Колеса та набори для рулетки"
"8472","Slot Machines","Ігрові автомати"
"6038","Tile Games","Ігри з плитками"
"1249","Outdoor Play Equipment","Вуличне ігрове обладнання"
"7219","Inflatable Bouncer Accessories","Аксесуари для надувних батутів"
"6396","Inflatable Bouncers","Надувні батути"
"6270","Play Swings","Дитячі гойдалки"
"6397","Play Tents & Tunnels","Дитячі намети та тунелі для гри"
"1251","Playhouses","Дитячі будиночки для гри"
"1863","Pogo Sticks","Палиці-підпригувачі"
"2743","Sandboxes","Пісочниці"
"6450","See Saws","Гойдалки"
"2867","Slides","Слайди"
"3948","Stilts","Щогли"
"6269","Swing Set & Playset Accessories","Аксесуари для гойдалок та ігрових комплектів"
"6271","Swing Sets & Playsets","Гойдалки та ігрові комплекти"
"5524","Trampoline Accessories","Аксесуари для батутів"
"1738","Trampolines","Батути"
"6464","Water Play Equipment","Обладнання для водних ігор"
"6465","Play Sprinkers","Дитячі бризкалки для гри"
"500095","Water Parks & Slides","Аквапарки та гірки"
"3556","Water Tables","Водні столи"
"3867","Puzzles","Головоломки"
"7081","Jigsaw Puzzle Accessories","Аксесуари для пазлів"
"2618","Jigsaw Puzzles","Пазли"
"4011","Mechanical Puzzles","Механічні головоломки"
"6725","Wooden & Pegged Puzzles","Дерев'яні та штифтові пазли"
"1253","Toys","Іграшки"
"4352","Activity Toys","Іграшки для розвитку активності"
"7519","Ball & Cup Games","Ігри з м'ячем та чашкою"
"3733","Bouncy Balls","М'ячі-стрибунці"
"3212","Bubble Blowing Solution","Розчин для пузирів"
"3874","Bubble Blowing Toys","Іграшки для пускання пузирів"
"4177","Coiled Spring Toys","Іграшки зі спіральними пружинами"
"3534","Marbles","Кульки"
"7425","Paddle Ball Toys","Іграшки для гри в падл-бол"
"7473","Ribbon & Streamer Toys","Іграшки з стрічками та стрічками-стрічками"
"3466","Spinning Tops","Іграшки-підкрутки"
"4216","Toy Jacks","Іграшкові домкрати"
"7148","Yo-Yo Parts & Accessories","Запчастини та аксесуари для йо-йо"
"3929","Yo-Yos","Йо-йо"
"3731","Art & Drawing Toys","Іграшки для малювання та творчості"
"505818","Play Dough & Putty","Ліпильна маса та пластилін"
"3079","Toy Drawing Tablets","Іграшкові малювальні планшети"
"7311","Ball Pit Accessories","Аксесуари для ігрових басейнів з м'ячами"
"7312","Ball Pit Balls","М'ячі для ігрових басейнів"
"3207","Ball Pits","Ігрові басейни з м'ячами"
"3911","Bath Toys","Іграшки для ванної"
"1268","Beach & Sand Toys","Пляжні та піщані іграшки"
"1254","Building Toys","Конструктори"
"3805","Construction Set Toys","Іграшки-конструктори"
"3172","Foam Blocks","Блоки з пінопласту"
"3287","Interlocking Blocks","Блоки з замками"
"3163","Marble Track Sets","Набори для гри в кульки (треки)"
"3617","Wooden Blocks","Дерев'яні блоки"
"1255","Dolls, Playsets & Toy Figures","Ляльки, ігрові набори та іграшкові фігурки"
"6058","Action & Toy Figures","Іграшкові фігурки"
"7114","Bobblehead Figures","Фігурки-боблхеди"
"3584","Doll & Action Figure Accessories","Аксесуари для ляльок та фігурок"
"2497","Dollhouse Accessories","Аксесуари для лялькових будиночків"
"2499","Dollhouses","Лялькові будиночки"
"1257","Dolls","Ляльки"
"8021","Paper & Magnetic Dolls","Паперові та магнітні ляльки"
"6056","Puppet & Puppet Theater Accessories","Аксесуари для ляльок та лялькового театру"
"6057","Puppet Theaters","Лялькові театри"
"1258","Puppets & Marionettes","Ляльки та маріонетки"
"1259","Stuffed Animals","М'які іграшки"
"3166","Toy Playsets","Іграшкові набори для гри"
"1262","Educational Toys","Навчальні іграшки"
"3088","Ant Farms","Ферми мурах"
"499938","Astronomy Toys & Models","Іграшки та моделі для вивчення астрономії"
"3928","Bug Collecting Kits","Набори для збирання комах"
"500015","Educational Flash Cards","Навчальні картки"
"5529","Reading Toys","Іграшки для читання"
"3500","Science & Exploration Sets","Набори для наукових досліджень"
"6466","Toy Abacuses","Дитячі абакуси"
"3074","Executive Toys","Іграшки для керівників"
"5872","Magnet Toys","Магнітні іграшки"
"7366","Flying Toy Accessories","Аксесуари для літаючих іграшок"
"7368","Kite Accessories","Аксесуари для паперових зміїв"
"7371","Kite Line Reels & Winders","Котушки та намотувачі для ліній паперових зміїв"
"1261","Flying Toys","Літаючі іграшки"
"3966","Air & Water Rockets","Повітряно-водяні ракети"
"3460","Kites","Паперові змії"
"3378","Toy Gliders","Іграшкові планери"
"3263","Toy Parachutes","Іграшкові парашути"
"1264","Musical Toys","Музичні іграшки"
"3252","Toy Instruments","Іграшкові музичні інструменти"
"5970","Play Vehicle Accessories","Аксесуари для іграшкових транспортних засобів"
"5971","Toy Race Car & Track Accessories","Аксесуари для іграшкових автомобілів та треків"
"5153","Toy Train Accessories","Аксесуари для іграшкового потяга"
"2505","Play Vehicles","Іграшкові транспортні засоби"
"3444","Toy Airplanes","Іграшкові літаки"
"3792","Toy Boats","Іграшкові човни"
"3551","Toy Cars","Іграшкові машинки"
"3506","Toy Helicopters","Іграшкові вертольоти"
"3590","Toy Motorcycles","Іграшкові мотоцикли"
"3474","Toy Race Car & Track Sets","Набори іграшкових автомобілів та треків"
"3589","Toy Spaceships","Іграшкові космічні кораблі"
"5152","Toy Trains & Train Sets","Іграшкові поїзди та набори залізниць"
"3296","Toy Trucks & Construction Vehicles","Іграшкові вантажівки та будівельна техніка"
"3229","Pretend Play","Рольові ігри"
"3680","Play Money & Banking","Ігрові гроші та банкінг"
"3659","Pretend Electronics","Іграшкова електроніка"
"4004","Pretend Housekeeping","Іграшкове прибирання"
"3288","Pretend Lawn & Garden","Іграшковий газон та сад"
"3129","Pretend Professions & Role Playing","Імітація професій та рольові ігри"
"8295","Pretend Shopping & Grocery","Іграшковий магазин та продукти"
"3298","Toy Kitchens & Play Food","Іграшкові кухні та продукти для гри"
"543624","Play Food","Ігрові продукти"
"543690","Toy Cookware","Іграшкові кухонні прилади"
"543622","Toy Kitchens","Іграшкові кухні"
"543623","Toy Tableware","Іграшкові столові прибори"
"3751","Toy Tools","Іграшковий інструмент"
"2778","Remote Control Toy Accessories","Аксесуари для іграшок на радіокеруванні"
"2546","Remote Control Toys","Іграшки на радіокеруванні"
"7090","Remote Control Airships & Blimps","Дирижаблі та повітряні кулі з дистанційним керуванням"
"3532","Remote Control Boats & Watercraft","Човни та водний транспорт з дистанційним керуванням"
"3601","Remote Control Cars & Trucks","Автомобілі та вантажівки з дистанційним керуванням"
"3554","Remote Control Helicopters","Гелікоптери з дистанційним керуванням"
"5968","Remote Control Motorcycles","Мотоцикли на радіокеруванні"
"3677","Remote Control Planes","Літаки на радіокеруванні"
"6059","Remote Control Robots","Роботи на радіокеруванні"
"5969","Remote Control Tanks","Танки на радіокеруванні"
"7202","Riding Toy Accessories","Аксесуари для іграшок для їзди"
"2799","Riding Toys","Іграшки для їзди"
"2753","Electric Riding Vehicles","Електричні транспортні засоби"
"6407","Hobby Horses","Коники-гойдалки"
"2724","Push & Pedal Riding Vehicles","Транспортні засоби для штовхання та їзди на педалях"
"3441","Rocking & Spring Riding Toys","Качалки та пружинні іграшки для їзди"
"6379","Wagons","Візки"
"3625","Robotic Toys","Роботизовані іграшки"
"8127","Sports Toy Accessories","Аксесуари до спортивних іграшок"
"8129","Fitness Toy Accessories","Аксесуари для фітнес-іграшок"
"8128","Hula Hoop Accessories","Аксесуари для хула-хупа"
"1266","Sports Toys","Спортивні іграшки"
"3371","American Football Toys","Іграшки для американського футболу"
"3776","Baseball Toys","Бейсбольні іграшки"
"3552","Basketball Toys","Баскетбольні іграшки"
"3675","Boomerangs","Бумеранги"
"3665","Bowling Toys","Іграшки для боулінгу"
"500113","Fingerboards & Fingerboard Sets","Грифи та набори грифів"
"8529","Fishing Toys","Іграшки для риболовлі"
"3199","Fitness Toys","Фітнес-іграшки"
"3215","Hula Hoops","Хула-хупи"
"4167","Flying Discs","Літаючі диски"
"3909","Footbags","М'ячі для футбагу"
"3226","Golf Toys","Гольф-іграшки"
"3943","Hockey Toys","Хокейні іграшки"
"499965","Playground Balls","М'ячі для ігор на вулиці"
"505284","Racquet Sport Toys","Іграшки для ракеткових видів спорту"
"499712","Toy Gift Baskets","Подарункові кошики з іграшками"
"500005","Toy Weapon & Gadget Accessories","Аксесуари до іграшкової зброї та пристроїв"
"3627","Toy Weapons & Gadgets","Іграшкова зброя та пристрої"
"3562","Visual Toys","Візуальні іграшки"
"3301","Kaleidoscopes","Калейдоскопи"
"3782","Prisms","Призми"
"2953","Wind-Up Toys","Механічні іграшки"
"888","Vehicles & Parts","Транспортні засоби та запчастини"
"5613","Vehicle Parts & Accessories","Запчастини та аксесуари для автомобілів"
"3977","Aircraft Parts & Accessories","Запчастини та аксесуари для літальних апаратів"
"8526","Motor Vehicle Electronics","Електроніка для автомобіля"
"505766","Motor Vehicle A/V Players & In-Dash Systems","Автомобільні аудіо/відео програвачі та вбудовані системи"
"891","Motor Vehicle Amplifiers","Автомобільні підсилювачі"
"5525","Motor Vehicle Cassette Adapters","Адаптери касет для автомобіля"
"5438","Motor Vehicle Cassette Players","Автомобільні касетні програвачі"
"894","Motor Vehicle Equalizers & Crossovers","Автомобільні еквалайзери та кросовери"
"6968","Motor Vehicle Parking Cameras","Камери паркування автомобіля"
"5572","Motor Vehicle Speakerphones","Автомобільні гучномовці"
"895","Motor Vehicle Speakers","Динаміки автомобіля"
"2833","Motor Vehicle Subwoofers","Автомобільні сабвуфери"
"8483","Motor Vehicle Video Monitor Mounts","Кріплення для відеомоніторів автомобіля"
"899","Motor Vehicle Parts","Деталі автомобіля"
"2977","Motor Vehicle Braking","Гальмівна система автомобіля"
"8232","Motor Vehicle Carpet & Upholstery","Автомобільний килим та оббивка"
"2805","Motor Vehicle Climate Control","Клімат-контроль автомобіля"
"8235","Motor Vehicle Controls","Керування автомобілем"
"2550","Motor Vehicle Engine Oil Circulation","Циркуляція моторної оливи в автомобілі"
"2820","Motor Vehicle Engine Parts","Деталі двигуна автомобіля"
"8137","Motor Vehicle Engines","Двигуни автомобілів"
"908","Motor Vehicle Exhaust","Вихлопні системи автомобілів"
"8227","Motor Vehicle Frame & Body Parts","Рама та кузовні деталі автомобіля"
"2727","Motor Vehicle Fuel Systems","Паливні системи автомобілів"
"8233","Motor Vehicle Interior Fittings","Внутрішнє обладнання автомобіля"
"3318","Motor Vehicle Lighting","Освітлення автомобіля"
"2642","Motor Vehicle Mirrors","Дзеркала автомобіля"
"8231","Motor Vehicle Power & Electrical Systems","Електричні та енергетичні системи автомобіля"
"8238","Motor Vehicle Seating","Сидіння автомобіля"
"8234","Motor Vehicle Sensors & Gauges","Датчики та прилади автомобіля"
"2935","Motor Vehicle Suspension Parts","Деталі підвіски автомобіля"
"8228","Motor Vehicle Towing","Буксирування автомобілів"
"2641","Motor Vehicle Transmission & Drivetrain Parts","Деталі трансмісії та трансмісійного механізму автомобіля"
"3020","Motor Vehicle Wheel Systems","Системи коліс автомобіля"
"2932","Motor Vehicle Rims & Wheels","Диски та колеса автомобіля"
"6090","Automotive Rims & Wheels","Автомобільні диски та колеса"
"6088","Motorcycle Rims & Wheels","Ободи та колеса для мотоциклів"
"7253","Off-Road and All-Terrain Vehicle Rims & Wheels","Диски та колеса для бездоріжжевих та повнопривідних транспортних засобів"
"2989","Motor Vehicle Tire Accessories","Аксесуари для автомобільних шин"
"911","Motor Vehicle Tires","Шини для транспортних засобів"
"6093","Automotive Tires","Автомобільні шини"
"6091","Motorcycle Tires","Мотоциклетні шини"
"7252","Off-Road and All-Terrain Vehicle Tires","Шини для бездоріжжевих та повнопривідних транспортних засобів"
"2556","Motor Vehicle Wheel Parts","Деталі коліс автомобіля"
"2534","Motor Vehicle Window Parts & Accessories","Деталі та аксесуари для автомобільних вікон"
"913","Vehicle Maintenance, Care & Decor","Обслуговування, догляд та декор автомобілів"
"8534","Portable Fuel Cans","Переносні каністри для палива"
"2895","Vehicle Cleaning","Чищення автомобілів"
"2894","Car Wash Brushes","Щітки для мийки автомобілів"
"2590","Car Wash Solutions","Засоби для мийки автомобілів"
"2704","Vehicle Carpet & Upholstery Cleaners","Засоби для чищення автомобільних килимків та оббивки"
"499766","Vehicle Fuel Injection Cleaning Kits","Набори для очищення паливної системи автомобілів"
"2846","Vehicle Glass Cleaners","Засоби для чищення скла автомобілів"
"2643","Vehicle Waxes, Polishes & Protectants","Воски, полірувальні засоби та захисні засоби для автомобіля"
"3436","Vehicle Covers","Автомобільні чохли"
"8306","Golf Cart Enclosures","Накриття для гольф-візків"
"8316","Motor Vehicle Windshield Covers","Накриття для автомобільних вітрових скель"
"8308","Tonneau Covers","Кришки тонно"
"2494","Vehicle Hardtops","Жорсткі верхи автомобілів"
"7031","Vehicle Soft Tops","М'які верхи для автомобілів"
"8309","Vehicle Storage Covers","Чохли для зберігання автомобіля"
"8310","Automotive Storage Covers","Автомобільні чохли для зберігання"
"8314","Golf Cart Storage Covers","Чохли для зберігання гольф-візків"
"8313","Motorcycle Storage Covers","Чохли для зберігання мотоциклів"
"8311","Recreational Vehicle Storage Covers","Чохли для зберігання автодомів"
"8312","Watercraft Storage Covers","Чохли для зберігання водного транспорту"
"2495","Vehicle Decor","Декор для автомобілів"
"2667","Bumper Stickers","Наклейки на бампер"
"2789","Vehicle Air Fresheners","Освіжувачі повітря для автомобілів"
"2588","Vehicle Antenna Balls","Кульки на автомобільну антену"
"2582","Vehicle Dashboard Accessories","Аксесуари для автомобільної приладової панелі"
"2722","Vehicle Decals","Декали для автомобілів"
"8469","Vehicle Decor Accessory Sets","Набори аксесуарів для декору автомобілів"
"2652","Vehicle Display Flags","Прапори для відображення на автомобілях"
"5995","Vehicle Emblems & Hood Ornaments","Емблеми автомобілів та прикраси капоту"
"8145","Vehicle Hitch Covers","Кришки автомобільних важелів"
"7022","Vehicle License Plate Covers","Кришки для автомобільних номерних знаків"
"5994","Vehicle License Plate Frames","Рамки для автомобільних номерних знаків"
"8298","Vehicle License Plate Mounts & Holders","Кріплення та тримачі для автомобільних номерних знаків"
"2248","Vehicle License Plates","Автомобільні номерні знаки"
"7532","Vehicle Magnets","Автомобільні магніти"
"8478","Vehicle Rear View Mirror Ornaments","Прикраси на дзеркало заднього виду автомобіля"
"8463","Vehicle Shift Boots","Манжети перемикача передач автомобіля"
"8142","Vehicle Shift Knobs","Ручки перемикача передач автомобіля"
"8464","Vehicle Steering Wheel Covers","Чохли для керма автомобіля"
"8202","Vehicle Wraps","Плівка для оклейки транспортних засобів"
"2788","Vehicle Fluids","Автомобільні рідини"
"2635","Vehicle Antifreeze","Антифриз для автомобілів"
"3051","Vehicle Brake Fluid","Гальмівна рідина для автомобілів"
"2517","Vehicle Cooling System Additives","Додатки до системи охолодження автомобілів"
"2881","Vehicle Engine Degreasers","Засоби для видалення жиру з двигунів автомобілів"
"2719","Vehicle Fuel System Cleaners","Засоби для очищення паливної системи автомобілів"
"2735","Vehicle Greases","Автомобільні смазки"
"2916","Vehicle Hydraulic Clutch Fluid","Гідравлічна рідина для зчеплення автомобілів"
"3044","Vehicle Motor Oil","Моторна олива для автомобілів"
"2770","Vehicle Performance Additives","Додатки для підвищення продуктивності автомобіля"
"2513","Vehicle Power Steering Fluid","Рідина для гідропідсилювача керма автомобіля"
"2688","Vehicle Transmission Fluid","Трансмісійна рідина для автомобіля"
"2943","Vehicle Windshield Fluid","Рідина для скломийки транспортних засобів"
"3812","Vehicle Paint","Автомобільна фарба"
"8450","Motor Vehicle Body Paint","Автомобільна лакофарбова продукція"
"8144","Motor Vehicle Brake Caliper Paint","Фарба для тормозних супортів автомобіля"
"8236","Vehicle Repair & Specialty Tools","Інструменти для ремонту та спеціальні інструменти для автомобілів"
"8260","Motor Vehicle Brake Service Kits","Набори для обслуговування гальм автомобіля"
"8259","Motor Vehicle Clutch Alignment & Removal Tools","Інструменти для вирівнювання та демонтажу зчеплення автомобіля"
"7414","Vehicle Battery Chargers","Зарядні пристрої для автомобільних батарей"
"499929","Vehicle Battery Testers","Тестери автомобільних батарей"
"499774","Vehicle Body Filler","Шпатлівка для автомобільного кузова"
"6482","Vehicle Diagnostic Scanners","Сканери для діагностики автомобілів"
"5068","Vehicle Jump Starters","Пристрої для аварійного запуску автомобілів"
"3326","Vehicle Jumper Cables","Автомобільні проводи для розряду"
"8261","Vehicle Tire Repair & Tire Changing Tools","Інструменти для ремонту та заміни шин автомобіля"
"2647","Windshield Repair Kits","Набори для ремонту автомобільних склопакетів"
"8301","Vehicle Safety & Security","Безпека та захист автомобілів"
"5547","Motorcycle Protective Gear","Захисне спорядження для мотоциклістів"
"5959","Motorcycle Chest & Back Protectors","Захисники грудей та спини для мотоциклістів"
"5963","Motorcycle Elbow & Wrist Guards","Захисники для ліктів та зап'ясток для мотоциклістів"
"5908","Motorcycle Gloves","Рукавички для мотоциклістів"
"5106","Motorcycle Goggles","Окуляри для мотоциклістів"
"8507","Motorcycle Hand Guards","Захисники для рук мотоциклістів"
"6493","Motorcycle Helmet Parts & Accessories","Деталі та аксесуари для мотоциклетних шоломів"
"2110","Motorcycle Helmets","Мотоциклетні шоломи"
"5960","Motorcycle Kidney Belts","Мотоциклетні пояси для захисту нирок"
"5962","Motorcycle Knee & Shin Guards","Мотоциклетні наколінники та захисти для гомілок"
"5961","Motorcycle Neck Braces","Мотоциклетні ортопедичні ошийники"
"362737","Off-Road & All-Terrain Vehicle Protective Gear","Захисне спорядження для бездоріжжевих та повнопривідних транспортних засобів"
"362738","ATV & UTV Bar Pads","Захисні накладки для керма квадроциклів та баггі"
"2768","Vehicle Alarms & Locks","Автомобільні сигналізації та замки"
"6084","Automotive Alarm Accessories","Аксесуари для автомобільних сигналізацій"
"1802","Automotive Alarm Systems","Системи автомобільних сигналізацій"
"6083","Motorcycle Alarms & Locks","Сигналізації та замки для мотоциклів"
"8302","Vehicle Door Locks & Parts","Замки дверей автомобілів та запчастини"
"8305","Vehicle Door Lock Actuators","Актуатори замків дверей автомобілів"
"8304","Vehicle Door Lock Knobs","Ручки замків дверей автомобілів"
"8303","Vehicle Door Locks & Locking Systems","Замки та системи блокування дверей автомобілів"
"235921","Vehicle Hitch Locks","Замки автомобільних важелів"
"3024","Vehicle Immobilizers","Іммобілайзери автомобілів"
"2699","Vehicle Remote Keyless Systems","Безключові системи дистанційного управління автомобілем"
"2750","Vehicle Steering Wheel Locks","Замки для керма автомобіля"
"500077","Vehicle Wheel Clamps","Замки для коліс транспортних засобів"
"2879","Vehicle Safety Equipment","Обладнання для безпеки автомобілів"
"8447","Car Window Nets","Сітки на вікна автомобілів"
"8445","Emergency Road Flares","Дорожні сигнальні ракети"
"8448","Motor Vehicle Airbag Parts","Деталі подушок безпеки автомобіля"
"8446","Motor Vehicle Roll Cages & Bars","Безпекові рами та бруси автомобіля"
"8477","Vehicle Seat Belt Buckles","Пряжки безпеки автомобільних ременів"
"326120","Vehicle Seat Belt Covers","Чохли для автомобільних ременів безпеки"
"8476","Vehicle Seat Belt Straps","Ремені безпеки для автомобілів"
"8449","Vehicle Seat Belts","Автомобільні ремені безпеки"
"6966","Vehicle Warning Whips","Сигнальні прапорці для автомобіля"
"8506","Vehicle Wheel Chocks","Упори для коліс автомобіля"
"8237","Vehicle Storage & Cargo","Зберігання та вантажі для автомобіля"
"6744","Motor Vehicle Cargo Nets","Вантажні сітки для автомобіля"
"6454","Motor Vehicle Carrying Rack Accessories","Аксесуари для автомобільних багажників"
"7122","Vehicle Bicycle Rack Accessories","Аксесуари для автомобільних велобагажників"
"8086","Vehicle Ski & Snowboard Rack Accessories","Аксесуари для автомобільних кріплень для лиж та сноубордів"
"3472","Motor Vehicle Carrying Racks","Автомобільні багажники"
"6041","Vehicle Base Rack Systems","Базові системи багажників для автомобілів"
"2836","Vehicle Bicycle Racks","Велобагажники для автомобілів"
"6047","Vehicle Boat Racks","Багажники для човнів для автомобілів"
"4240","Vehicle Cargo Racks","Багажники для вантажів для автомобілів"
"6046","Vehicle Fishing Rod Racks","Автомобільні стійки для вудилищ"
"7115","Vehicle Gun Racks","Автомобільні стійки для зброї"
"6044","Vehicle Motorcycle & Scooter Racks","Багажники для мотоциклів та скутерів"
"6043","Vehicle Ski & Snowboard Racks","Автомобільні кріплення для лиж та сноубордів"
"6042","Vehicle Water Sport Board Racks","Автомобільні кріплення для дошок водного спорту"
"8147","Motor Vehicle Loading Ramps","Пандуси для завантаження автомобілів"
"4027","Motor Vehicle Trailers","Автомобільні причепи"
"1133","Boat Trailers","Трейлери для човнів"
"4037","Horse & Livestock Trailers","Причепи для транспортування коней та худоби"
"4243","Travel Trailers","Подорожні трейлери"
"4044","Utility & Cargo Trailers","Причепи для вантажів та універсальні причепи"
"5512","Motorcycle Bags & Panniers","Сумки та кофри для мотоциклів"
"8378","Truck Bed Storage Boxes & Organizers","Коробки та органайзери для вантажного відсіку вантажівки"
"8475","Vehicle Headrest Hangers & Hooks","Вішалки та гачки для підголівників автомобілів"
"2290","Vehicle Organizers","Органайзери для автомобіля"
"3391","Watercraft Parts & Accessories","Деталі та аксесуари для водного транспорту"
"3315","Docking & Anchoring","Швартування та якорювання"
"3452","Anchor Chains","Якірні ланцюги"
"3362","Anchor Lines & Ropes","Якірні троси та канати"
"3480","Anchor Windlasses","Якірні лебідки"
"3189","Anchors","Якорі"
"3655","Boat Hooks","Гаки для човнів"
"3718","Boat Ladders","Сходи для човнів"
"3572","Dock Cleats","Швартові утки"
"3899","Dock Steps","Сходинки для причалу"
"1132","Sailboat Parts","Деталі для яхт"
"1122","Watercraft Care","Догляд за водним транспортом"
"3866","Watercraft Cleaners","Засоби для чищення водного транспорту"
"3955","Watercraft Polishes","Полірувальні засоби для водного транспорту"
"3606","Watercraft Engine Parts","Частини двигунів для водного транспорту"
"3143","Watercraft Alternators","Генератори для водного транспорту"
"3463","Watercraft Carburetors & Parts","Карбюратори та їх частини для водного транспорту"
"3321","Watercraft Engine Controls","Керування двигунами водного транспорту"
"3743","Watercraft Ignition Parts","Частини системи запалювання для водного транспорту"
"3097","Watercraft Impellers","Імпелери для водного транспорту"
"3507","Watercraft Motor Locks","Замки для моторів водного транспорту"
"3566","Watercraft Motor Mounts","Кріплення для моторів водного транспорту"
"3277","Watercraft Pistons & Parts","Поршні та деталі для водного транспорту"
"3806","Watercraft Propellers","Пропелери для водного транспорту"
"1125","Watercraft Engines & Motors","Двигуни та мотори для водного транспорту"
"3619","Watercraft Exhaust Parts","Вихлопні системи для водного транспорту"
"3232","Watercraft Manifolds","Колектори для водного транспорту"
"3309","Watercraft Mufflers & Parts","Глушники та деталі для водного транспорту"
"3400","Watercraft Fuel Systems","Паливні системи для водного транспорту"
"3415","Watercraft Fuel Lines & Parts","Паливні лінії та їх частини для водного транспорту"
"3968","Watercraft Fuel Meters","Паливні лічильники для водного транспорту"
"3892","Watercraft Fuel Pumps & Parts","Паливні насоси та їх частини для водного транспорту"
"3648","Watercraft Fuel Tanks & Parts","Паливні баки та їх частини для водного транспорту"
"6293","Watercraft Lighting","Освітлення для водного транспорту"
"3995","Watercraft Steering Parts","Рульові деталі для водного транспорту"
"3308","Watercraft Steering Cables","Рульові троси для водного транспорту"
"3663","Watercraft Steering Wheels","Рульові колеса для водного транспорту"
"5614","Vehicles","Транспортні засоби"
"3395","Aircraft","Літальні апарати"
"1267","Motor Vehicles","Автомобілі"
"916","Cars, Trucks & Vans","Автомобілі, вантажівки та мікроавтобуси"
"3931","Golf Carts","Гольф-візки"
"919","Motorcycles & Scooters","Мотоцикли та скутери"
"503031","Off-Road and All-Terrain Vehicles","Бездоріжжеві та повнопривідні транспортні засоби"
"3018","ATVs & UTVs","Квадроцикли та баггі"
"2528","Go Karts & Dune Buggies","Го-карти та дюнні багі"
"920","Recreational Vehicles","Автодоми"
"3549","Snowmobiles","Снігоходи"
"3540","Watercraft","Водний транспорт"
"3095","Motor Boats","Моторні човни"
"1130","Personal Watercraft","Гідроцикли"
"3087","Sailboats","Вітрильники"
"5644","Yachts","Яхти"
